week,US_2Y,US_5Y,US_10Y,US_20Y,US_30Y,EA_2Y,EA_5Y,EA_10Y,EA_20Y,EA_30Y,JP_2Y,JP_5Y,JP_10Y,JP_20Y,JP_30Y
2006-02-10,4.69,4.59,4.59,4.76,4.55,2.899166888197689,3.1667170521264763,3.477819559040464,3.782726057654603,3.896764712464691,0.361,1.041,1.597,2.061,2.341
2006-02-17,4.66,4.55,4.54,4.71,4.51,2.906978759500724,3.190393312445882,3.511069402314086,3.8161258465165537,3.929369455472111,0.422,1.042,1.53,1.946,2.171
2006-02-24,4.74,4.64,4.58,4.71,4.52,2.978978408168474,3.230855487787795,3.51777990255246,3.801778805236932,3.907625705068235,0.479,1.122,1.6,2.009,2.248
2006-03-03,4.76,4.71,4.68,4.84,4.66,3.1000800515074425,3.368341599619039,3.634949593980572,3.875505085624,3.96254271182987,0.492,1.098,1.603,2.009,2.264
2006-03-10,4.74,4.77,4.76,4.93,4.74,3.1359604814217734,3.4219207017124313,3.718534928125541,4.0105627375093285,4.119535568166769,0.471,1.106,1.644,2.035,2.275
2006-03-17,4.65,4.62,4.68,4.89,4.72,3.201195862342806,3.4610218518845532,3.721005227202689,3.985044753244625,4.083769416958414,0.547,1.184,1.702,2.087,2.311
2006-03-24,4.72,4.66,4.67,4.87,4.7,3.1667129252767334,3.4135867751777207,3.692213784397044,3.946501592687965,4.03802628730997,0.588,1.23,1.718,2.04,2.253
2006-03-31,4.82,4.82,4.86,5.07,4.9,3.2874252253495104,3.540729555310844,3.816313660640099,4.0661909424582365,4.155874685168114,0.667,1.303,1.754,2.048,2.247
2006-04-07,4.89,4.89,4.97,5.2,5.04,3.250239726776218,3.59387670150083,3.9571510190392702,4.287514859756946,4.407854693301937,0.667,1.385,1.867,2.201,2.425
2006-04-14,4.96,4.97,5.05,5.28,5.11,3.3101854321320747,3.661704504654199,3.995930420501137,4.286718504025032,4.391408043215956,0.67,1.409,1.952,2.318,2.571
2006-04-21,4.9,4.92,5.01,5.25,5.1,3.2860644201869107,3.6325225005018953,3.971849926452136,4.271492447582734,4.37988340860929,0.625,1.364,1.9,2.26,2.468
2006-04-28,4.87,4.92,5.07,5.31,5.17,3.403920792471516,3.712129218038744,4.024394161122969,4.310092412502534,4.413623730028816,0.649,1.375,1.913,2.237,2.452
2006-05-05,4.94,4.99,5.12,5.35,5.2,3.394948819236376,3.697664890646804,4.032311334857877,4.354261993615067,4.472660838144053,0.641,1.354,1.912,2.238,2.457
2006-05-12,5.01,5.08,5.19,5.44,5.29,3.4167989572958284,3.7352367250610143,4.091683486506838,4.424296662765224,4.545716332232944,0.794,1.504,1.988,2.29,2.461
2006-05-19,4.96,4.96,5.05,5.28,5.14,3.32716219623145,3.6297090146057336,4.032610546060451,4.398445857160805,4.530417871772868,0.759,1.414,1.918,2.237,2.426
2006-05-26,4.96,4.95,5.06,5.3,5.16,3.2883552376029015,3.536722064400469,3.905775815818103,4.292443320081148,4.437892818638017,0.845,1.385,1.867,2.176,2.389
2006-06-02,4.92,4.9,5.0,5.24,5.1,3.385286703474568,3.618379371284977,3.96758734387259,4.334990427837913,4.472645326497937,0.848,1.416,1.902,2.234,2.44
2006-06-09,5.01,4.95,4.98,5.17,5.03,3.358282177152609,3.6128318800947414,3.96671930578203,4.337802754331658,4.477519161711465,0.73,1.3,1.837,2.228,2.451
2006-06-16,5.16,5.1,5.13,5.31,5.17,3.3820184797619164,3.6263469137915143,3.968542192016923,4.334721475658267,4.473388222387312,0.754,1.285,1.812,2.24,2.484
2006-06-23,5.27,5.21,5.23,5.4,5.26,3.5155192922177214,3.7669309177862553,4.109568173922918,4.451508859565497,4.57746381837551,0.797,1.358,1.873,2.261,2.493
2006-06-30,5.16,5.1,5.15,5.31,5.19,3.57084967935433,3.795822233105339,4.103100162212514,4.407537111368251,4.518821694168538,0.825,1.411,1.914,2.291,2.52
2006-07-07,5.17,5.1,5.14,5.29,5.18,3.5974609075146806,3.794906772178821,4.1025328050233725,4.40330080898337,4.512383869987204,0.894,1.494,1.958,2.315,2.568
2006-07-14,5.08,5.02,5.07,5.23,5.11,3.5239366304586537,3.700656029119047,4.024573664054681,4.367456521748417,4.494753233315472,0.78,1.353,1.851,2.251,2.487
2006-07-21,5.08,4.99,5.05,5.21,5.1,3.521432152542792,3.683528196125476,3.9820674018163738,4.325882018821226,4.4569200001886875,0.75,1.328,1.829,2.255,2.498
2006-07-28,4.98,4.92,5.0,5.17,5.07,3.505157584531682,3.6534357816317273,3.958014007523051,4.297910877049527,4.425798330056939,0.807,1.405,1.932,2.333,2.56
2006-08-04,4.91,4.84,4.91,5.09,5.0,3.537674753148999,3.665812687281191,3.9589871182738663,4.24469641396202,4.3475226728976,0.804,1.384,1.882,2.266,2.492
2006-08-11,4.96,4.91,4.97,5.18,5.09,3.597022749905972,3.732981630189912,4.017111423580159,4.299299992647287,4.401461348282234,0.789,1.374,1.851,2.249,2.465
2006-08-18,4.87,4.78,4.84,5.05,4.97,3.619290685832912,3.70129477777632,3.9623793395345337,4.230498762063804,4.327741014787866,0.796,1.379,1.857,2.262,2.474
2006-08-25,4.86,4.76,4.79,5.01,4.93,3.5008688260510343,3.5742034504214115,3.867714516911711,4.153464181609813,4.256039809536669,0.656,1.198,1.717,2.134,2.377
2006-09-01,4.77,4.68,4.73,4.95,4.87,3.515111597415419,3.554978077645625,3.802232925323531,4.109624143656079,4.232341460246962,0.628,1.122,1.663,2.142,2.407
2006-09-08,4.8,4.71,4.78,4.99,4.92,3.5732439827480635,3.6048924126714263,3.820756292257264,4.091599826675508,4.199979631405115,0.689,1.209,1.716,2.156,2.401
2006-09-15,4.87,4.76,4.8,5.0,4.92,3.6014949808789662,3.619743180615707,3.7948338270527855,4.044543729673566,4.149772934626365,0.64,1.135,1.658,2.14,2.382
2006-09-22,4.67,4.55,4.6,4.82,4.74,3.5308493676333987,3.544532155746728,3.7363794277307782,3.98190100967887,4.080517288803804,0.617,1.094,1.628,2.128,2.381
2006-09-29,4.71,4.59,4.64,4.84,4.77,3.53955348853889,3.555172944166574,3.7240407716270054,3.9398301116722134,4.026570736018521,0.635,1.133,1.671,2.172,2.445
2006-10-06,4.74,4.64,4.7,4.92,4.84,3.4969822463626716,3.5246925339409754,3.722488783991276,3.9427381332503,4.026848878489859,0.658,1.158,1.701,2.215,2.495
2006-10-13,4.87,4.77,4.81,5.02,4.94,3.5715999702573953,3.618855600880815,3.797179680180416,3.982049011668412,4.051276622334036,0.703,1.235,1.763,2.238,2.508
2006-10-20,4.87,4.76,4.79,4.99,4.91,3.5883825906004216,3.6367266673008545,3.8114822436905342,3.996335178003374,4.066097686148073,0.783,1.3,1.798,2.254,2.5
2006-10-27,4.76,4.64,4.68,4.88,4.8,3.607706988449532,3.6372873938698302,3.7822044438141393,3.9363316917896647,3.994400111557398,0.742,1.234,1.74,2.194,2.454
2006-11-03,4.82,4.7,4.72,4.9,4.81,3.6463569010669583,3.641371057621575,3.779689792313909,3.965945048250241,4.0417777992125465,0.731,1.206,1.716,2.166,2.422
2006-11-10,4.73,4.57,4.59,4.78,4.69,3.642128115651413,3.617095224638775,3.747943852134608,3.9156379329410855,3.981619630767717,0.755,1.205,1.702,2.161,2.419
2006-11-17,4.76,4.6,4.61,4.79,4.69,3.655568560552316,3.6465586284072105,3.7648785171631385,3.9176487320218674,3.9785168139127456,0.806,1.259,1.73,2.188,2.43
2006-11-24,4.73,4.55,4.55,4.74,4.63,3.6162567856491448,3.5983849528328395,3.732886933462967,3.906159002619203,3.974827780735835,0.803,1.219,1.68,2.137,2.369
2006-12-01,4.52,4.39,4.43,4.64,4.54,3.6003114144568507,3.5859896651124497,3.721258266435187,3.902938177061139,3.976497844626993,0.79,1.18,1.627,2.06,2.29
2006-12-08,4.68,4.53,4.56,4.76,4.66,3.628208441850583,3.6167807748023346,3.723115232358285,3.880571580451226,3.9470190750329186,0.839,1.273,1.689,2.085,2.284
2006-12-15,4.73,4.57,4.6,4.81,4.72,3.7055393576485782,3.7049182813084687,3.8011118784439266,3.952899464402666,4.019237031584189,0.815,1.244,1.662,2.08,2.297
2006-12-22,4.71,4.59,4.63,4.85,4.76,3.789682500695624,3.7979386933132417,3.904081883654092,4.0639833578585804,4.1328803605378885,0.75,1.172,1.598,2.014,2.24
2006-12-29,4.82,4.7,4.71,4.91,4.81,3.831611784932937,3.849839823055916,3.976019190668191,4.130758612256039,4.191024877367026,0.78,1.242,1.678,2.067,2.299
2007-01-05,4.76,4.65,4.65,4.84,4.74,3.839848526892406,3.8700985624734496,3.99911038990196,4.154330014408502,4.215696060955154,0.816,1.284,1.712,2.092,2.324
2007-01-12,4.88,4.76,4.77,4.96,4.86,3.858053403235262,3.909805747921167,4.070193384606637,4.238122393437427,4.30136549024793,0.812,1.3,1.738,2.149,2.374
2007-01-19,4.93,4.78,4.78,4.96,4.87,3.879044439012054,3.9233381918789703,4.052389888706415,4.193893292568639,4.24816123946424,0.757,1.195,1.666,2.117,2.342
2007-01-26,4.99,4.87,4.88,5.07,4.98,3.921930034693319,3.985611686220248,4.116143054093354,4.250980555247563,4.301904215009377,0.723,1.182,1.691,2.139,2.379
2007-02-02,4.94,4.82,4.83,5.02,4.93,3.869474080716426,3.939052558460363,4.092115833642842,4.248081636166346,4.306678078480431,0.74,1.238,1.728,2.146,2.374
2007-02-09,4.92,4.78,4.79,4.98,4.87,3.9113932629604977,3.9431486818955226,4.067013087249921,4.2312555199966075,4.299029430270949,0.735,1.207,1.702,2.138,2.363
2007-02-16,4.83,4.68,4.69,4.9,4.79,3.88821584658418,3.9070739047970497,4.037843743553326,4.206652539918,4.274987463369858,0.775,1.241,1.714,2.151,2.376
2007-02-23,4.82,4.67,4.68,4.89,4.79,3.917139869287981,3.927082510201188,4.038795687898644,4.199686519759289,4.267688577828694,0.839,1.245,1.684,2.086,2.316
2007-03-02,4.56,4.46,4.52,4.75,4.65,3.79401816641687,3.8041382848158585,3.9542622838821657,4.143434019878076,4.218919716376078,0.814,1.216,1.665,2.087,2.309
2007-03-09,4.66,4.55,4.59,4.81,4.72,3.859088807032376,3.8295248840632343,3.965410671611614,4.163013155619489,4.245058726889199,0.788,1.169,1.61,2.035,2.269
2007-03-16,4.58,4.47,4.55,4.79,4.7,3.855602962561507,3.8172147215812,3.9347742514660538,4.120272578127037,4.199471507712478,0.775,1.132,1.584,2.049,2.294
2007-03-23,4.6,4.52,4.62,4.88,4.8,3.897126473715222,3.8719146476277015,4.011703572415588,4.2295007516925605,4.322939337714988,0.804,1.172,1.611,2.047,2.281
2007-03-30,4.58,4.54,4.65,4.92,4.84,3.9559781505490648,3.9350134967460617,4.062165172725573,4.274416567379676,4.368396116719903,0.807,1.189,1.655,2.088,2.338
2007-04-06,4.75,4.67,4.76,5.0,4.92,3.9747041003235775,3.9572114214105314,4.091480555348951,4.312679123503198,4.410346254613852,0.799,1.212,1.671,2.105,2.354
2007-04-13,4.76,4.68,4.76,5.01,4.93,4.059361239954506,4.0715797142321986,4.216793680003958,4.438491041822827,4.53475546707122,0.81,1.204,1.667,2.117,2.363
2007-04-20,4.64,4.57,4.68,4.93,4.85,4.075175946649001,4.0822922241005575,4.2087169860069995,4.414643683831321,4.5064889247110935,0.852,1.259,1.692,2.118,2.343
2007-04-27,4.67,4.59,4.71,4.96,4.89,4.102011360233913,4.112555989996623,4.223735386103576,4.416490452650059,4.505251635107085,0.847,1.215,1.631,2.064,2.298
2007-05-04,4.68,4.55,4.65,4.88,4.8,4.085116175081597,4.075941419819903,4.190978951857871,4.398347441557594,4.493925292767442,0.842,1.2,1.637,2.069,2.302
2007-05-11,4.71,4.58,4.67,4.92,4.85,4.085984912456537,4.074113708994124,4.187630032316847,4.392287650945214,4.486473806903364,0.865,1.242,1.654,2.091,2.324
2007-05-18,4.82,4.74,4.81,5.03,4.96,4.21235772520126,4.20804440682797,4.308590563698758,4.493107104970062,4.578798785362534,0.875,1.234,1.649,2.079,2.302
2007-05-25,4.85,4.8,4.86,5.09,5.01,4.267146957422903,4.268233579930691,4.361210363483306,4.540680437100623,4.6253465144812,0.918,1.317,1.728,2.136,2.356
2007-06-01,4.97,4.92,4.95,5.15,5.06,4.342369321491171,4.34285834100913,4.424028403598252,4.595303488036975,4.678133938631524,0.977,1.387,1.78,2.152,2.356
2007-06-08,5.01,5.06,5.12,5.3,5.22,4.371442394463335,4.424842532565018,4.548621477248104,4.74479964511936,4.8301005845028415,1.037,1.515,1.883,2.213,2.41
2007-06-15,5.05,5.1,5.16,5.34,5.26,4.423224981921527,4.511466720044298,4.655183902434621,4.871735784717672,4.965849886276817,1.03,1.515,1.927,2.317,2.516
2007-06-22,4.92,5.02,5.14,5.34,5.25,4.420492722181151,4.513614974804229,4.657915185804869,4.851277973356062,4.931023283202464,1.013,1.496,1.888,2.278,2.495
2007-06-29,4.87,4.92,5.03,5.21,5.12,4.396084301655447,4.433862794828279,4.5534561576328985,4.73559515339131,4.8124403636173785,1.01,1.474,1.866,2.245,2.463
2007-07-06,4.99,5.1,5.19,5.36,5.28,4.483857430967105,4.5575980339678255,4.675795801546323,4.8334797305725425,4.897980312143345,1.058,1.539,1.929,2.305,2.514
2007-07-13,4.94,5.01,5.11,5.27,5.19,4.452523810267321,4.499673709836487,4.6101650710118385,4.783229195773502,4.859453597718655,1.051,1.533,1.931,2.328,2.541
2007-07-20,4.79,4.85,4.96,5.14,5.07,4.391404277571851,4.387098966448354,4.483598995011362,4.637076003250553,4.700776220412641,1.033,1.491,1.883,2.293,2.507
2007-07-27,4.56,4.6,4.8,5.03,4.95,4.275945468785493,4.27830101383438,4.408173432699021,4.583466140496681,4.654874527080003,0.978,1.383,1.791,2.194,2.421
2007-08-03,4.46,4.52,4.71,4.96,4.87,4.282434716626056,4.284369201481067,4.401976980038434,4.573656512834337,4.645619889369399,0.978,1.359,1.78,2.203,2.43
2007-08-10,4.47,4.59,4.81,5.11,5.03,4.209833135464244,4.267999869991288,4.426498173986629,4.62735757601178,4.70864655559221,0.944,1.302,1.722,2.159,2.39
2007-08-17,4.18,4.35,4.68,5.06,5.0,3.961181496682963,4.0999073938910575,4.360017933500872,4.62055980228964,4.719680380203905,0.818,1.112,1.589,2.088,2.369
2007-08-24,4.3,4.42,4.63,4.95,4.88,4.026924941649247,4.103395765413433,4.349225510796545,4.604845591235656,4.700074390999849,0.884,1.181,1.603,2.095,2.342
2007-08-31,4.15,4.25,4.54,4.87,4.83,4.061322577308545,4.165467983116905,4.395376102088411,4.653323703397424,4.75288192453972,0.87,1.183,1.616,2.121,2.361
2007-09-07,3.9,4.03,4.38,4.73,4.7,3.922282045348325,4.047136206920967,4.314491993328362,4.591724074303794,4.697900431415274,0.817,1.146,1.59,2.092,2.346
2007-09-14,4.05,4.18,4.47,4.77,4.72,3.967622390592785,4.047515200018045,4.264738652271828,4.540268517862254,4.652412048546434,0.793,1.102,1.549,2.094,2.359
2007-09-21,4.06,4.31,4.64,4.95,4.89,4.0473439649150205,4.190830818868397,4.438759155786913,4.728921047181423,4.845257092438425,0.843,1.208,1.679,2.203,2.454
2007-09-28,3.97,4.23,4.59,4.89,4.83,4.055976718998763,4.189252378271562,4.432242976562636,4.707841097675838,4.815242356361347,0.856,1.195,1.679,2.18,2.433
2007-10-05,4.08,4.33,4.65,4.94,4.87,4.0130290700908775,4.164322091179214,4.421339003583746,4.696483779986109,4.802186931494348,0.861,1.237,1.697,2.197,2.441
2007-10-12,4.23,4.42,4.7,4.98,4.91,4.149848591282969,4.271663616326691,4.47037182826557,4.725504154954117,4.82912131403549,0.873,1.238,1.704,2.218,2.462
2007-10-19,3.8,4.03,4.41,4.74,4.68,4.027266766770353,4.118943852385145,4.361784584693035,4.647109102773642,4.75798412872385,0.799,1.134,1.614,2.172,2.43
2007-10-26,3.77,4.04,4.41,4.73,4.68,3.96733387778356,4.045460194506121,4.278154656337583,4.565849511576024,4.680251888851181,0.783,1.121,1.627,2.188,2.457
2007-11-02,3.66,3.93,4.31,4.65,4.61,3.988952203123119,4.033993212274165,4.267606459097897,4.5470931217837025,4.654706265251317,0.772,1.102,1.597,2.146,2.403
2007-11-09,3.42,3.77,4.23,4.64,4.61,3.869620720735123,3.9235698173286058,4.2203030114945745,4.541254017376423,4.661433954124311,0.766,1.071,1.547,2.112,2.368
2007-11-16,3.33,3.68,4.15,4.56,4.52,3.8752072608679944,3.930694528663867,4.2388220391420655,4.559606594223344,4.67814082042625,0.739,1.044,1.491,2.059,2.312
2007-11-23,3.07,3.42,4.01,4.46,4.43,3.788195125652032,3.859968329205501,4.219307657098181,4.6028850255872,4.7469427580327705,0.73,1.017,1.445,2.012,2.258
2007-11-30,3.04,3.41,3.97,4.44,4.4,3.8600038538372377,3.96062552037192,4.283520360716197,4.653819238881609,4.798356598351349,0.757,1.038,1.499,2.062,2.332
2007-12-07,3.12,3.51,4.12,4.62,4.58,3.925813367386922,4.001863494333419,4.3275922835192135,4.675587825541694,4.805521322301071,0.738,1.091,1.559,2.134,2.4
2007-12-14,3.31,3.63,4.24,4.71,4.66,4.0481021900687955,4.108357352624497,4.395178172664849,4.688100369650301,4.795266995178244,0.734,1.059,1.541,2.146,2.4
2007-12-21,3.19,3.58,4.18,4.62,4.58,4.023925537884804,4.117456808963667,4.401574939705345,4.6841829280569565,4.7872353641177625,0.715,1.047,1.548,2.131,2.396
2007-12-28,3.12,3.52,4.11,4.56,4.51,4.049993729571913,4.150219889488355,4.428518367475358,4.711662090090813,4.815715523277161,0.705,1.009,1.502,2.093,2.36
2008-01-04,2.74,3.18,3.88,4.4,4.36,3.8382722675327026,3.910824121463845,4.275757131697025,4.625244985106486,4.751565338326287,0.685,0.973,1.47,2.066,2.339
2008-01-11,2.59,3.06,3.82,4.4,4.39,3.823298877911034,3.878474491820224,4.245318606491357,4.6352827857341055,4.780848510653457,0.607,0.895,1.43,2.084,2.379
2008-01-18,2.36,2.86,3.66,4.3,4.28,3.587578468783339,3.695114566701686,4.150170625880458,4.585866372284362,4.744531635499138,0.579,0.863,1.404,2.056,2.347
2008-01-25,2.23,2.81,3.61,4.3,4.28,3.6331751991966215,3.787036704165876,4.2113405510268285,4.66492629236126,4.842418936854003,0.564,0.919,1.487,2.142,2.426
2008-02-01,2.09,2.75,3.62,4.31,4.32,3.4815307403006592,3.6446106533190656,4.120599300671268,4.584969336451362,4.758597148367691,0.55,0.89,1.436,2.078,2.356
2008-02-08,1.93,2.69,3.64,4.41,4.43,3.201999594822051,3.4623419579342714,4.069265523274307,4.572077517012843,4.750911100785945,0.549,0.894,1.431,2.086,2.373
2008-02-15,1.91,2.76,3.76,4.55,4.58,3.263995150815158,3.5141347865264647,4.176047011001562,4.674932529003642,4.819456244423024,0.581,0.939,1.462,2.095,2.368
2008-02-22,1.98,2.81,3.79,4.55,4.58,3.4555899422948135,3.6565311504947737,4.217679846031004,4.700511805787403,4.8588118827498805,0.582,0.944,1.464,2.096,2.363
2008-02-29,1.65,2.5,3.53,4.37,4.41,3.267689634600046,3.5045403458726243,4.158472883218506,4.699611720221317,4.884789135358703,0.553,0.847,1.373,2.018,2.291
2008-03-07,1.53,2.45,3.56,4.49,4.55,3.4091647382771075,3.5373125306693747,4.179493277786327,4.777715784437876,4.883007872014554,0.509,0.761,1.351,2.065,2.375
2008-03-14,1.47,2.37,3.44,4.3,4.35,3.4371436451366604,3.5249591319298537,4.118695654418377,4.744946991377635,4.886671056364464,0.565,0.741,1.271,2.088,2.437
2008-03-21,1.59,2.36,3.34,4.15,4.17,3.5741298932762575,3.653895223536068,4.098285665915635,4.63177727183393,4.809402603914865,0.57,0.776,1.277,2.052,2.367
2008-03-28,1.67,2.51,3.47,4.32,4.33,3.688902087669136,3.793875723841314,4.237432383769228,4.783543628341025,4.895449921683943,0.572,0.747,1.278,2.071,2.376
2008-04-04,1.83,2.63,3.5,4.32,4.32,3.689563493501829,3.7880967223556503,4.218431343256176,4.711326670469822,4.776428275466237,0.559,0.806,1.334,2.081,2.395
2008-04-11,1.76,2.57,3.49,4.28,4.3,3.644176163222019,3.7362933957651743,4.202430214967772,4.696308642247426,4.72723579590042,0.605,0.853,1.378,2.124,2.443
2008-04-18,2.19,2.95,3.77,4.52,4.51,3.9317448694105313,4.074978703740276,4.408419401647138,4.879188624859052,5.006648000139323,0.646,0.923,1.4,2.163,2.439
2008-04-25,2.44,3.2,3.91,4.61,4.61,3.948504176558006,4.082087110993543,4.422589001846402,4.897748348127724,4.994755823161498,0.818,1.215,1.585,2.245,2.491
2008-05-02,2.47,3.18,3.89,4.57,4.57,3.9351141735785258,4.088911388464114,4.444126089889675,4.85921311536212,4.856889947911245,0.753,1.161,1.624,2.233,2.495
2008-05-09,2.25,2.98,3.77,4.52,4.53,3.793742886202616,3.8808015648667022,4.2948784539743325,4.771548833181211,4.717061812333872,0.724,1.124,1.575,2.191,2.444
2008-05-16,2.47,3.12,3.85,4.57,4.58,4.018212285541914,4.1491431077870535,4.433383521491571,4.8519658735831355,4.973209704197176,0.837,1.297,1.703,2.257,2.492
2008-05-23,2.46,3.15,3.85,4.56,4.57,4.13638663735626,4.2595861287005725,4.488188397036007,4.846504849871334,5.007382673693915,0.837,1.316,1.746,2.338,2.546
2008-05-30,2.66,3.41,4.06,4.74,4.72,4.202609932441576,4.374521481300757,4.616890861741921,4.93689911739745,5.084548266415046,0.9,1.34,1.758,2.291,2.488
2008-06-06,2.4,3.2,3.94,4.67,4.65,4.627292862518794,4.500866444145554,4.649539845581699,4.890326862252754,4.9799422815061485,0.874,1.379,1.782,2.344,2.533
2008-06-13,3.05,3.73,4.27,4.86,4.79,4.656697930504463,4.721869330726256,4.8638437491923145,5.040945705118169,5.1061836304038195,1.009,1.531,1.858,2.381,2.547
2008-06-20,2.88,3.57,4.16,4.76,4.71,4.6724675253821015,4.719947782550224,4.815993052193496,4.924471572332496,4.963114795247135,0.881,1.357,1.759,2.323,2.514
2008-06-27,2.65,3.36,3.99,4.58,4.53,4.549445518693019,4.591814498470185,4.787722230771426,5.060842332208106,5.166205984509004,0.781,1.191,1.624,2.206,2.417
2008-07-04,2.54,3.28,3.99,4.58,4.53,4.527561052310735,4.567772508038915,4.782358325078669,5.06287742638181,5.169420427687943,0.823,1.241,1.647,2.227,2.422
2008-07-11,2.59,3.27,3.96,4.57,4.52,4.463989716271953,4.475039090349837,4.649144902886148,4.955313332300112,5.082402114763626,0.773,1.151,1.606,2.215,2.42
2008-07-18,2.66,3.42,4.11,4.71,4.66,4.548612310418536,4.63362142369323,4.804776601462358,5.045671412177017,5.140864238992943,0.759,1.118,1.581,2.232,2.446
2008-07-25,2.7,3.45,4.13,4.75,4.69,4.50617514726437,4.599528794657334,4.7888910391202355,5.036448720000722,5.133595890864288,0.78,1.153,1.588,2.224,2.44
2008-08-01,2.51,3.23,3.97,4.61,4.57,4.3672336401835015,4.380549173299042,4.617613687760531,4.901941176632679,5.007619389277665,0.751,1.091,1.528,2.19,2.421
2008-08-08,2.51,3.21,3.94,4.58,4.55,4.163773344985717,4.189349623627921,4.5060943448522295,4.898642910191481,5.050264243744896,0.696,1.026,1.48,2.124,2.339
2008-08-15,2.4,3.11,3.84,4.5,4.47,4.128236876138632,4.1489769932385,4.470844194973703,4.864880014734581,5.0169408556186,0.689,1.037,1.468,2.112,2.31
2008-08-22,2.42,3.14,3.87,4.5,4.46,4.2162485782836185,4.228567840358206,4.499043956198096,4.869909752726599,5.017494851756481,0.691,1.029,1.457,2.139,2.367
2008-08-29,2.36,3.1,3.83,4.47,4.43,4.210671579340267,4.23753464133887,4.486536825286634,4.792131486685078,4.9092384188823255,0.709,0.986,1.421,2.088,2.321
2008-09-05,2.23,2.91,3.66,4.31,4.27,4.051360408584751,3.9978256450864142,4.351364148235112,4.781050238301866,4.942982919534502,0.72,1.044,1.46,2.082,2.297
2008-09-12,2.23,2.97,3.74,4.36,4.32,4.082540297633479,4.107328058460633,4.468119564211031,4.9100842690994435,5.082466954566671,0.738,1.102,1.522,2.128,2.33
2008-09-19,2.16,3.01,3.78,4.42,4.36,4.107293528074349,4.215203956050383,4.595130861270521,5.050890837341468,5.234908729628424,0.789,1.114,1.482,2.138,2.318
2008-09-26,2.11,3.05,3.85,4.44,4.36,3.940712350166084,4.1645652633288455,4.572386817020289,5.002424520464871,5.1745298545342795,0.807,1.094,1.464,2.092,2.272
2008-10-03,1.6,2.64,3.63,4.26,4.11,3.468982598642044,3.945529088225979,4.36121130507363,4.5981083394560835,4.677346433457955,0.726,0.986,1.45,2.087,2.326
2008-10-10,1.62,2.77,3.89,4.41,4.15,3.2212104724314132,4.007535792630956,4.454347731005429,4.682608956366023,4.758700381778434,0.843,1.104,1.518,2.004,2.158
2008-10-17,1.64,2.83,3.98,4.66,4.32,3.210214036677452,3.87577511476232,4.42355101502564,4.86320018839655,5.029446864959035,0.786,1.151,1.576,2.14,2.335
2008-10-24,1.57,2.64,3.76,4.44,4.11,3.0721556790037203,3.74256545013614,4.292429443616345,4.649938356908731,4.772953822975194,0.717,1.042,1.496,2.168,2.269
2008-10-31,1.56,2.8,4.01,4.74,4.35,3.015149929355428,3.7598295823921615,4.459830304507656,4.9157077837732155,5.070920373960465,0.539,0.879,1.473,2.12,2.251
2008-11-07,1.33,2.56,3.83,4.57,4.25,2.8973399730470892,3.6213850258391833,4.328190039281442,4.7978649089468774,4.958321174392756,0.568,0.939,1.515,2.159,2.275
2008-11-14,1.22,2.33,3.72,4.43,4.22,2.8240669006111783,3.551784914152056,4.283235607338987,4.886904325492596,5.108451671365978,0.549,0.899,1.5,2.141,2.229
2008-11-21,1.09,2.02,3.2,3.93,3.7,2.7013804767825356,3.4708191063293956,4.118433994701491,4.609191568646412,4.785459203999777,0.556,0.875,1.411,2.09,2.243
2008-11-28,1.0,1.93,2.93,3.71,3.45,2.717781898061411,3.433485685245837,4.002676744750938,4.397103870261739,4.534392708633542,0.586,0.88,1.419,2.092,2.212
2008-12-05,0.93,1.67,2.67,3.41,3.11,2.7326675236764624,3.4082712822798,3.888943696249889,4.222469749827244,4.339940957925922,0.564,0.89,1.367,2.056,2.196
2008-12-12,0.78,1.55,2.6,3.36,3.07,2.7574967115684097,3.5223698202053964,4.036402638303439,4.381216017768182,4.502935003134398,0.534,0.846,1.386,2.111,2.256
2008-12-19,0.74,1.35,2.13,2.89,2.55,2.467067808363972,3.2215374274416404,3.911740530786222,4.295249081396304,4.0814423750928706,0.414,0.757,1.235,1.939,2.092
2008-12-26,0.89,1.51,2.16,2.91,2.61,2.423231819690352,3.1952396440856936,3.902843469003744,4.290101242599183,4.067397344111758,0.403,0.738,1.213,1.795,1.886
2009-01-02,0.88,1.72,2.46,3.22,2.83,2.3898698111604344,3.214084895261145,3.9339601921734886,4.2661834652106,3.9815606120827858,0.37,0.685,1.177,1.74,1.825
2009-01-09,0.75,1.51,2.43,3.39,3.04,2.147370673122797,3.148202981451759,3.970769669796175,4.492526460459163,4.371671918562208,0.369,0.744,1.293,1.883,1.995
2009-01-16,0.73,1.47,2.36,3.22,2.89,2.1613671482411583,3.2000740329451873,4.0454687405052026,4.666307230025005,4.652737555803826,0.364,0.698,1.232,1.836,1.969
2009-01-23,0.83,1.64,2.65,3.65,3.32,1.965907599963006,3.350759086117855,4.29901129078624,4.895390757615498,5.101056958461033,0.364,0.671,1.247,1.896,1.995
2009-01-30,0.94,1.85,2.87,3.86,3.58,2.0247683038402196,3.3922626440418107,4.211254320035176,4.670874156679309,4.825456858617719,0.403,0.746,1.303,1.899,2.005
2009-02-06,0.99,1.97,3.05,3.94,3.7,1.876294943131049,3.2705063845414046,4.185304669774895,4.718446351875753,4.8987697617343375,0.41,0.783,1.345,1.924,2.035
2009-02-13,0.97,1.88,2.89,3.91,3.68,1.838526807336466,3.2027616418677343,4.088967302804001,4.60956372133355,4.785759067839036,0.389,0.727,1.276,1.865,1.967
2009-02-20,0.96,1.81,2.78,3.82,3.56,1.8719032065420655,3.113665847985537,4.134156310536201,4.714612223755927,4.529449483796002,0.381,0.723,1.301,1.909,1.995
2009-02-27,1.0,1.99,3.02,3.98,3.71,1.8883841716319016,3.155094338633803,4.143665135177411,4.695986441910719,4.4899691063072105,0.392,0.711,1.295,1.903,2.026
2009-03-06,0.91,1.83,2.83,3.74,3.5,1.8457106069615945,3.0875291325038825,4.076014289371619,4.674459512909253,4.50042638225467,0.399,0.752,1.289,1.889,2.024
2009-03-13,0.98,1.87,2.89,3.84,3.66,1.9383748747703968,3.177249943893727,4.146995737289107,4.790445978087265,4.695041709200211,0.41,0.761,1.312,1.901,2.036
2009-03-20,0.89,1.66,2.65,3.67,3.65,1.8130982278636696,3.005587121605356,3.9543725910925063,4.665446123488597,4.675820200024206,0.396,0.713,1.263,1.91,2.074
2009-03-27,0.9,1.79,2.78,3.66,3.62,1.8467647316993512,3.1053838947569683,4.103219774734734,4.667145460896922,4.454340418823191,0.409,0.781,1.323,1.923,2.081
2009-04-03,0.96,1.87,2.91,3.77,3.7,1.964701996592586,3.181082509455956,4.157812593063258,4.732168801803767,4.533969489746753,0.396,0.821,1.411,2.013,2.128
2009-04-10,0.96,1.9,2.96,3.85,3.76,1.9221828775229557,3.171540766929678,4.21857311672455,4.825796931896143,4.602435246721722,0.454,0.873,1.446,2.082,2.216
2009-04-17,0.99,1.91,2.98,3.91,3.79,1.899647102132067,3.1213472408948615,4.166457997693464,4.773937760299853,4.550089502953821,0.401,0.846,1.442,2.092,2.238
2009-04-24,0.99,1.96,3.03,3.99,3.89,1.840331275768788,3.079720672251594,4.123791611075899,4.671283310590364,4.391470776264708,0.406,0.842,1.426,2.068,2.241
2009-05-01,0.92,2.03,3.21,4.14,4.09,1.769588609455317,3.0177224548388857,4.078550468131889,4.6027995430247906,4.290244815507263,0.371,0.807,1.398,2.005,2.151
2009-05-08,1.0,2.15,3.29,4.25,4.28,1.6529734728286811,2.990885101191917,4.146510205515375,4.7809748095524816,4.519990724973102,0.394,0.855,1.446,2.045,2.191
2009-05-15,0.88,2.01,3.14,4.07,4.09,1.6405527312106234,3.0098184853834145,4.160746273530586,4.795008108279241,4.546719998111782,0.37,0.822,1.443,2.086,2.209
2009-05-22,0.92,2.23,3.45,4.36,4.38,1.6557668799367828,3.0973712270567972,4.261165194448058,4.84386040005279,4.695390287209119,0.352,0.808,1.448,2.108,2.23
2009-05-29,0.92,2.34,3.47,4.34,4.34,1.713019071815875,3.225499945296308,4.412529304829344,4.95306626360168,4.704169448126739,0.344,0.838,1.496,2.14,2.253
2009-06-05,1.32,2.85,3.84,4.64,4.63,1.91661233223798,3.351086636904716,4.4457780685232,4.942105763239751,4.738833072864279,0.337,0.813,1.487,2.138,2.266
2009-06-12,1.3,2.81,3.81,4.63,4.65,1.907255712255911,3.327163370984154,4.404144055855314,4.905683849088511,4.717828773623303,0.374,0.858,1.509,2.161,2.285
2009-06-19,1.25,2.82,3.79,4.54,4.52,1.7713708581183232,3.222369608247222,4.323074473214061,4.957207649707332,5.015213247182749,0.356,0.783,1.445,2.109,2.244
2009-06-26,1.1,2.53,3.52,4.28,4.3,1.5811174454965995,3.01179308168865,4.234508839565691,4.886644615002023,4.702187726471411,0.303,0.726,1.403,2.088,2.238
2009-07-03,0.98,2.43,3.51,4.28,4.32,1.5107515289989166,2.927845060022814,4.157119298203464,4.809442318466133,4.512311473420251,0.255,0.679,1.329,2.027,2.188
2009-07-10,0.91,2.22,3.32,4.16,4.2,1.5098258703179883,2.912356777235259,4.141108651311399,4.793475085226755,4.493749850751198,0.24,0.672,1.307,2.019,2.172
2009-07-17,1.02,2.52,3.67,4.51,4.53,1.5410200199979942,2.951908088290137,4.1784982790677825,4.82334872406636,4.51698050653162,0.265,0.677,1.329,2.053,2.197
2009-07-24,1.05,2.57,3.7,4.53,4.55,1.5774418236983456,2.9292190811747925,4.128244015505825,4.826191208203867,4.58602380829221,0.271,0.69,1.383,2.141,2.307
2009-07-31,1.13,2.53,3.52,4.29,4.31,1.532420562791462,2.804561108704135,3.937787401137209,4.636827559591019,4.449268671758993,0.275,0.72,1.421,2.137,2.32
2009-08-07,1.32,2.84,3.89,4.59,4.61,1.7886623202199012,2.9795919823630963,3.9871103404143673,4.629023841574606,4.484075369392751,0.265,0.737,1.442,2.143,2.316
2009-08-14,1.07,2.51,3.55,4.33,4.41,1.6002768774072789,2.8421594483925054,3.933332724554393,4.622052035754761,4.462510922609212,0.265,0.715,1.392,2.116,2.285
2009-08-21,1.13,2.58,3.56,4.32,4.36,1.6389384569886176,2.850963265637509,3.8825693700920847,4.553606008155328,4.434169703490208,0.245,0.651,1.331,2.093,2.268
2009-08-28,1.01,2.46,3.46,4.17,4.21,1.5942030727902736,2.8102930979763667,3.855820624674269,4.567809651798841,4.485297064677167,0.242,0.638,1.332,2.078,2.235
2009-09-04,0.94,2.36,3.45,4.21,4.27,1.489607495536334,2.799300523527796,3.926824711890741,4.637650868116324,4.49559024743903,0.231,0.632,1.319,2.053,2.203
2009-09-11,0.9,2.29,3.34,4.1,4.18,1.398832294384957,2.7237556029307126,3.908648909079772,4.68140460106752,4.5600691705137235,0.204,0.573,1.302,2.059,2.209
2009-09-18,1.03,2.49,3.49,4.2,4.24,1.4968284527782243,2.7949137827255273,3.9408372736525816,4.699394678774067,4.594819166936432,0.225,0.621,1.341,2.057,2.218
2009-09-25,0.98,2.36,3.34,4.07,4.1,1.427472320763514,2.7091903156055475,3.8577010468664983,4.596733618304902,4.466716373260622,0.211,0.584,1.316,2.035,2.19
2009-10-02,0.88,2.22,3.24,3.98,4.01,1.4298103577409174,2.685118041109245,3.8146373170223176,4.5341048603458765,4.3961289119223474,0.23,0.561,1.263,2.028,2.196
2009-10-09,0.98,2.36,3.4,4.2,4.22,1.553459637533135,2.75370584297874,3.865683505831833,4.567695421888672,4.395299034035631,0.252,0.614,1.288,2.028,2.171
2009-10-16,0.97,2.37,3.43,4.22,4.24,1.5771012397687851,2.8040560339616625,3.9439007338693752,4.648374611781737,4.451410677574064,0.24,0.625,1.333,2.101,2.242
2009-10-23,1.04,2.46,3.51,4.27,4.29,1.592895637178408,2.804528191141768,3.935764205203512,4.692068631069038,4.554550594888935,0.273,0.667,1.368,2.111,2.252
2009-10-30,0.9,2.31,3.41,4.19,4.23,1.5110146898488104,2.7420187492574972,3.891305779307443,4.593618143840505,4.391797246060677,0.25,0.684,1.411,2.128,2.257
2009-11-06,0.86,2.3,3.54,4.35,4.4,1.5225070022792764,2.768572698773966,3.931730424021653,4.694130181049574,4.549516963425584,0.267,0.718,1.45,2.14,2.246
2009-11-13,0.82,2.28,3.43,4.29,4.36,1.4245770760587904,2.704782635761696,3.905554783503783,4.6283194688448335,4.412606570209059,0.249,0.631,1.355,2.1,2.227
2009-11-20,0.75,2.2,3.36,4.2,4.3,1.4899260469206428,2.7285123917840592,3.872847582378325,4.5491654222231555,4.331815401415397,0.246,0.608,1.326,2.047,2.185
2009-11-27,0.68,2.03,3.21,4.07,4.21,1.4420778160140046,2.6407018523614667,3.8054670916552102,4.559801940103654,4.403269356374234,0.225,0.558,1.277,2.019,2.154
2009-12-04,0.84,2.24,3.48,4.31,4.4,1.5161864400896052,2.7016526996584815,3.821970993954975,4.541877242524455,4.383535226078953,0.169,0.511,1.281,2.058,2.187
2009-12-11,0.83,2.26,3.55,4.39,4.49,1.466983126631336,2.6643918698064666,3.829387608515542,4.578971981439452,4.415341834143061,0.169,0.502,1.278,2.067,2.231
2009-12-18,0.82,2.3,3.55,4.36,4.46,1.3972647122895108,2.5895061138958892,3.739543578075579,4.456900600665013,4.271479909174204,0.159,0.453,1.23,2.069,2.228
2009-12-25,1.0,2.57,3.82,4.6,4.68,1.418507113104273,2.6553502905412434,3.849964488822482,4.5734978802597315,4.364514809821498,0.155,0.471,1.274,2.092,2.259
2010-01-01,1.14,2.69,3.85,4.58,4.63,1.5607593263566528,2.7696494367505013,3.901928668207691,4.623764756891931,4.461756726172703,0.136,0.469,1.289,2.096,2.255
2010-01-08,0.96,2.57,3.83,4.61,4.7,1.472770309382522,2.7114371312865173,3.868927512944518,4.6143242901764285,4.462370226274623,0.164,0.521,1.359,2.147,2.297
2010-01-15,0.89,2.44,3.7,4.48,4.58,1.3908911177397725,2.6723785431977123,3.878124308416198,4.6187407327931025,4.427805915689212,0.155,0.524,1.329,2.12,2.265
2010-01-22,0.84,2.37,3.62,4.38,4.5,1.424997790705201,2.674566854467435,3.8597510556121457,4.619119722803633,4.4591728200454,0.161,0.522,1.331,2.123,2.281
2010-01-29,0.82,2.34,3.63,4.38,4.51,1.5527264864376145,2.7571454097497083,3.872030414689332,4.555599948574945,4.3653426007988765,0.155,0.505,1.33,2.116,2.274
2010-02-05,0.77,2.23,3.59,4.36,4.51,1.5225944293581284,2.7217531380399396,3.842887175287337,4.511195996629631,4.292858330734005,0.155,0.546,1.376,2.147,2.301
2010-02-12,0.84,2.35,3.69,4.52,4.66,1.3609233306896775,2.64211489530489,3.866302079477666,4.5429435339721245,4.266740407680301,0.154,0.537,1.342,2.145,2.294
2010-02-19,0.95,2.48,3.78,4.58,4.71,1.334286406594126,2.653010393063727,3.934639413561764,4.6205367468079075,4.312202192247144,0.155,0.53,1.351,2.166,2.318
2010-02-26,0.81,2.3,3.61,4.4,4.55,1.2320292413401024,2.533651899948843,3.8264065779266176,4.455909858168774,4.253759358581043,0.155,0.522,1.318,2.137,2.28
2010-03-05,0.91,2.35,3.69,4.49,4.64,1.2315111157214644,2.561924578786869,3.849774262675056,4.47743698977258,4.395489522970202,0.14,0.495,1.305,2.143,2.297
2010-03-12,0.97,2.42,3.71,4.47,4.62,1.2628404625237324,2.5862417152963877,3.847746790558397,4.4793959809668085,4.444433161832794,0.14,0.514,1.341,2.149,2.285
2010-03-19,1.02,2.48,3.7,4.41,4.58,1.221711103305987,2.528568111796801,3.8210988577729017,4.471208966735999,4.386720422100941,0.145,0.52,1.364,2.166,2.293
2010-03-26,1.04,2.59,3.86,4.6,4.75,1.2063391409190125,2.5342915127710937,3.8296102788420736,4.430217420452952,4.3462837162513175,0.157,0.545,1.378,2.139,2.267
2010-04-02,1.11,2.67,3.96,4.65,4.81,1.1862001308550698,2.4966786924281963,3.781651429402076,4.3471284641393115,4.272813289897704,0.163,0.531,1.36,2.128,2.238
2010-04-09,1.08,2.65,3.9,4.58,4.74,1.2274980937186326,2.5353882869426165,3.83848638304858,4.427954312076522,4.284043159126739,0.155,0.549,1.389,2.119,2.23
2010-04-16,0.98,2.49,3.79,4.5,4.67,1.1532649262231958,2.4399015320222537,3.7910573621732535,4.43922480868637,4.303816863822679,0.165,0.52,1.355,2.119,2.229
2010-04-23,1.1,2.61,3.84,4.51,4.67,1.210418248157453,2.502900183780998,3.8359086727509495,4.4694775961985895,4.278043939158593,0.16,0.491,1.329,2.088,2.196
2010-04-30,0.97,2.43,3.69,4.36,4.53,1.2334222197429736,2.444680869162415,3.7638456159890215,4.448774631476831,4.107595402545746,0.16,0.475,1.301,2.052,2.15
2010-05-07,0.83,2.17,3.45,4.11,4.28,1.419164476963459,2.638835211046543,3.863080878211097,4.475564143759196,4.082254553702074,0.16,0.473,1.298,2.058,2.157
2010-05-14,0.79,2.16,3.44,4.13,4.32,1.1661472164276625,2.3452099652474003,3.674615077443495,4.418643047103526,4.163158318853531,0.16,0.477,1.316,2.094,2.191
2010-05-21,0.76,2.02,3.2,3.91,4.07,1.157297171828877,2.301177512949153,3.60219223123894,4.300779005703031,4.002877660077837,0.155,0.437,1.262,2.019,2.119
2010-05-28,0.76,2.1,3.31,4.05,4.22,1.2699068498923525,2.427381855078324,3.676322208668524,4.361601976155983,4.056384835469159,0.16,0.458,1.278,2.022,2.103
2010-06-04,0.72,1.98,3.2,3.95,4.13,1.3702558363566104,2.585570463796098,3.8145196945409623,4.461341608331003,4.175871457877444,0.145,0.411,1.262,2.025,2.12
2010-06-11,0.75,2.03,3.24,3.97,4.15,1.324632148445744,2.5255462991990334,3.754844193432651,4.407434626055945,4.113179203982781,0.15,0.418,1.229,1.993,2.086
2010-06-18,0.74,2.04,3.24,3.97,4.15,1.342141976487635,2.5912162298356978,3.872211090447486,4.484797904034103,4.109900826637302,0.155,0.396,1.201,1.974,2.085
2010-06-25,0.65,1.9,3.12,3.89,4.07,1.3919320119031044,2.5932580082197316,3.85405495507368,4.468032545027606,4.090255841089618,0.15,0.383,1.15,1.891,1.989
2010-07-02,0.63,1.82,3.0,3.77,3.94,1.444848003429931,2.5831480208133364,3.732703531060849,4.344017305868979,4.023737416807675,0.14,0.334,1.106,1.789,1.89
2010-07-09,0.63,1.85,3.07,3.85,4.04,1.398517939091581,2.5255761121194187,3.74900957782435,4.340640664348825,3.9649771153462954,0.14,0.377,1.16,1.901,2.012
2010-07-16,0.61,1.7,2.96,3.74,3.95,1.359862222192033,2.490793357478234,3.772286313085151,4.34882515167655,3.829768226918884,0.14,0.355,1.095,1.811,1.916
2010-07-23,0.6,1.75,3.02,3.81,4.01,1.3358438134394106,2.483082980550922,3.7721327322722384,4.327560302941354,3.8590052896973344,0.144,0.361,1.079,1.793,1.893
2010-07-30,0.55,1.6,2.94,3.74,3.98,1.343723496662422,2.447668192488022,3.6837261649359583,4.29393948918263,3.908384515999341,0.145,0.361,1.081,1.753,1.852
2010-08-06,0.5,1.51,2.86,3.71,4.0,1.2641163519237313,2.332524981935827,3.544733180048188,4.100362703043595,3.752407033549625,0.14,0.358,1.072,1.721,1.813
2010-08-13,0.54,1.47,2.68,3.56,3.87,1.213294251776015,2.3365594781562375,3.580786069112963,4.141121394979659,3.928352194262904,0.131,0.298,1.003,1.634,1.725
2010-08-20,0.49,1.47,2.62,3.38,3.67,1.155647980382731,2.2297562935657766,3.4374642928292807,3.963363164081725,3.6930330587280342,0.114,0.269,0.953,1.585,1.68
2010-08-27,0.56,1.49,2.66,3.41,3.69,1.1812305131839376,2.205364851578455,3.348936557177879,3.778548255021852,3.4035437684814345,0.129,0.296,1.029,1.691,1.799
2010-09-03,0.52,1.49,2.72,3.49,3.79,1.1916677303872958,2.2548604797709384,3.458329192147329,3.975377493838587,3.7090193825597626,0.129,0.331,1.123,1.841,1.976
2010-09-10,0.58,1.59,2.81,3.58,3.88,1.3141067118014085,2.3775178658221816,3.5294711303334982,4.075393119561959,3.844773821698217,0.144,0.376,1.14,1.885,2.016
2010-09-17,0.48,1.46,2.75,3.6,3.9,1.341864677666599,2.429630582637108,3.604100018401485,4.147483319160574,3.9498637475804976,0.125,0.3,1.066,1.847,1.974
2010-09-24,0.45,1.37,2.62,3.5,3.79,1.297200755704694,2.3535797210894245,3.5330302782173364,4.113178905777282,3.9744798570658126,0.131,0.286,0.997,1.746,1.874
2010-10-01,0.42,1.26,2.54,3.4,3.71,1.425409387316122,2.3629052112157742,3.455397602674007,4.394912725288455,4.7348097354079774,0.128,0.254,0.962,1.72,1.861
2010-10-08,0.35,1.11,2.41,3.39,3.75,1.3266335977793404,2.2929829173479384,3.434657362700018,4.321039385084546,4.609363400728593,0.119,0.228,0.87,1.726,1.912
2010-10-15,0.37,1.2,2.59,3.62,3.98,1.2735407345584937,2.2654176826219725,3.4798978126520015,3.984037509297223,3.7176944703411454,0.125,0.26,0.883,1.765,1.958
2010-10-22,0.35,1.17,2.59,3.59,3.94,1.4595515763436355,2.4239638188719055,3.505957002227708,4.081550817753353,3.9927826339993335,0.136,0.29,0.894,1.763,1.951
2010-10-29,0.34,1.17,2.63,3.64,3.99,1.5104128068687277,2.46151593998899,3.514598366547795,4.121604316336024,4.0820330713046555,0.137,0.301,0.937,1.819,1.979
2010-11-05,0.38,1.1,2.58,3.69,4.12,1.570522388236618,2.5012033192655014,3.5209090109259007,4.154432871926834,4.136397568074585,0.135,0.311,0.941,1.825,1.99
2010-11-12,0.51,1.35,2.76,3.88,4.26,1.6205319949831454,2.635868072040371,3.7081800248544,4.281312761069523,4.197296572966252,0.149,0.352,1.01,1.887,2.027
2010-11-19,0.52,1.54,2.88,3.91,4.25,1.7171588838554368,2.7477839120539627,3.776857880874309,4.3921300027953425,4.390530201608101,0.156,0.39,1.071,1.906,2.06
2010-11-26,0.51,1.53,2.87,3.88,4.21,1.8064664791917329,2.9024278383599427,3.9236933286308906,4.431950508340471,4.432633912874567,0.189,0.478,1.187,1.942,2.065
2010-12-03,0.49,1.64,3.03,4.01,4.32,1.8153873233051967,2.9126845609672447,3.956478566940943,4.486047905972299,4.5404013818465625,0.184,0.45,1.2,2.017,2.118
2010-12-10,0.64,1.98,3.32,4.19,4.43,1.9604486278177424,3.073413466012652,4.022532501254215,4.544795266521096,4.637539777094578,0.219,0.518,1.195,2.057,2.167
2010-12-17,0.61,1.97,3.33,4.19,4.41,1.983243542809594,3.1500836754220387,4.097176050021011,4.659337424164583,4.792455106110751,0.2,0.471,1.191,1.987,2.092
2010-12-24,0.67,2.09,3.41,4.26,4.47,1.9301492456402631,3.084429885980506,4.077888996588818,4.623311153590835,4.692941062757179,0.214,0.483,1.154,1.917,2.047
2010-12-31,0.61,2.01,3.3,4.13,4.34,1.9497988628397231,3.115940021278371,4.124373841818674,4.678387420186954,4.7112500483948025,0.167,0.399,1.127,1.881,1.994
2011-01-07,0.6,1.96,3.34,4.25,4.48,1.9349653731739933,3.1519934430973,4.171672386511586,4.692339562031899,4.693667912810186,0.173,0.47,1.2,1.961,2.075
2011-01-14,0.59,1.95,3.35,4.27,4.53,1.9659137822874655,3.169843927968781,4.0839422617463015,4.621283045003945,4.773895049411546,0.185,0.492,1.203,2.023,2.129
2011-01-21,0.63,2.04,3.44,4.33,4.57,1.998685249521808,3.2194716761150435,4.208759129775652,4.702726865411108,4.720081355219651,0.186,0.494,1.217,1.994,2.12
2011-01-28,0.54,1.92,3.36,4.26,4.53,2.120614114445221,3.337330060580913,4.254272470840586,4.739344274189733,4.840396364385388,0.195,0.489,1.224,1.981,2.108
2011-02-04,0.77,2.27,3.68,4.51,4.73,2.0029937207113537,3.209903364893955,4.205451600384106,4.722141469998482,4.748630122522798,0.208,0.563,1.288,2.007,2.143
2011-02-11,0.85,2.38,3.64,4.49,4.71,2.084140708022601,3.3411597055672004,4.3104586015001845,4.825354314123168,4.921239508236971,0.238,0.604,1.312,2.042,2.143
2011-02-18,0.78,2.3,3.59,4.46,4.7,2.1453074997879584,3.1604596121185313,4.161302373252155,4.835431786393903,5.064063130765819,0.226,0.594,1.311,2.057,2.158
2011-02-25,0.72,2.16,3.42,4.26,4.51,2.26217844405657,3.2485570364186547,4.1984328786090614,4.812656846930643,5.019790498657599,0.235,0.564,1.255,2.0,2.12
2011-03-04,0.68,2.17,3.49,4.34,4.6,2.3465990694532524,3.413788251500056,4.2937310524709,4.826476541225082,5.005262387496984,0.229,0.57,1.291,2.049,2.171
2011-03-11,0.64,2.06,3.4,4.29,4.54,2.2556724613444645,3.3139881404239153,4.27282520593696,4.88708091238227,5.09430699229619,0.214,0.539,1.247,2.025,2.149
2011-03-18,0.61,1.96,3.28,4.17,4.43,2.1265088361053337,3.211977192839409,4.182517969636338,4.780234104313717,4.981035455996156,0.21,0.483,1.21,2.035,2.172
2011-03-25,0.79,2.2,3.46,4.28,4.51,2.2299363351979267,3.323016822587451,4.274263928264164,4.852945456023191,5.047168827229418,0.2,0.469,1.221,2.026,2.157
2011-04-01,0.8,2.24,3.46,4.27,4.48,2.3494168337691583,3.4616027950501205,4.381175466515558,4.939415140435358,5.1268397702463515,0.205,0.51,1.28,2.057,2.179
2011-04-08,0.83,2.31,3.59,4.41,4.63,2.423672526972072,3.4857933365237597,4.351920559851946,4.904355276945145,5.091045252597912,0.199,0.554,1.321,2.106,2.249
2011-04-15,0.71,2.14,3.43,4.25,4.47,2.4597843032145317,3.5337202636699914,4.337958646412328,4.8110470432958445,4.969579269412446,0.205,0.535,1.289,2.071,2.212
2011-04-22,0.68,2.14,3.42,4.24,4.47,2.4748506748452437,3.523912314755099,4.3562135904344395,4.8421934577361485,5.004849909639627,0.201,0.497,1.225,2.005,2.124
2011-04-29,0.61,1.97,3.32,4.15,4.4,2.4190247366707585,3.550241154173858,4.420373221076881,4.903203589583483,5.064386429131507,0.189,0.479,1.217,2.019,2.141
2011-05-06,0.57,1.87,3.19,4.03,4.29,2.4302634626371624,3.4939222298529327,4.281575370929401,4.733346524230564,4.884460552348917,0.179,0.431,1.158,1.967,2.09
2011-05-13,0.57,1.86,3.18,4.03,4.32,2.395154781545549,3.436863421886983,4.235893481258007,4.693460886526313,4.846455218356829,0.18,0.434,1.132,1.905,2.033
2011-05-20,0.55,1.82,3.15,4.0,4.3,2.455327433487928,3.507202159768973,4.305571449430395,4.754142260557703,4.903969176771919,0.18,0.443,1.144,1.931,2.057
2011-05-27,0.48,1.71,3.07,3.94,4.24,2.3474655098686386,3.3370817985110945,4.162361680301801,4.659094091474473,4.82571332303755,0.18,0.426,1.135,1.894,2.024
2011-06-03,0.42,1.6,2.99,3.9,4.22,2.29031127359829,3.3023852703077585,4.138670906864265,4.6284531768426325,4.792404390628904,0.155,0.418,1.129,1.901,2.04
2011-06-10,0.41,1.58,2.99,3.87,4.18,2.2979377837914283,3.3298017274751177,4.195635016878526,4.7058575712154305,4.876729818603598,0.17,0.414,1.13,1.923,2.083
2011-06-17,0.38,1.53,2.94,3.86,4.19,2.329814885308088,3.3331964219786308,4.23420179141462,4.7734853984377645,4.954207907067101,0.17,0.414,1.119,1.909,2.069
2011-06-24,0.35,1.4,2.88,3.83,4.17,2.375122033561712,3.309286141266047,4.184976766208186,4.744398216851705,4.93301676584203,0.155,0.397,1.111,1.878,2.029
2011-07-01,0.5,1.8,3.22,4.12,4.4,2.366951038684957,3.452602125071438,4.311307588869244,4.783150338204759,4.940604752129263,0.163,0.43,1.145,1.888,2.04
2011-07-08,0.4,1.57,3.03,3.97,4.27,2.416655879913275,3.2451389030726245,4.1649079547307934,4.812410313296477,5.033055478053534,0.16,0.45,1.178,1.936,2.109
2011-07-15,0.37,1.46,2.94,3.92,4.26,2.554924721360792,3.5274874143770547,4.407606766981763,4.9072937212182355,5.0741849991940695,0.15,0.38,1.099,1.878,2.038
2011-07-22,0.4,1.53,2.99,3.93,4.26,2.492769682798791,3.538490727866254,4.4082782416881106,4.878120655761413,5.034814829598535,0.161,0.398,1.111,1.866,2.032
2011-07-29,0.36,1.35,2.82,3.77,4.12,2.6736840532710566,3.5543033802095216,4.429685924475814,4.927745969813311,5.094033170989546,0.155,0.381,1.095,1.863,2.031
2011-08-05,0.28,1.23,2.58,3.49,3.82,2.680052596935731,3.536042062323368,4.3704467121774195,4.867409096789286,5.0336774801184125,0.137,0.348,1.019,1.775,1.945
2011-08-12,0.2,0.96,2.24,3.24,3.72,2.169805724840945,3.1483719688047547,4.151380842391675,4.74912423264676,4.949135182154066,0.145,0.355,1.065,1.861,2.023
2011-08-19,0.2,0.9,2.07,2.97,3.39,2.133915395639381,2.985295693869288,3.907495950821681,4.472166662954125,4.6613475525428205,0.14,0.32,1.01,1.804,1.979
2011-08-26,0.2,0.94,2.19,3.13,3.54,2.194588223648857,2.940016547514441,3.916025537548763,4.547209563749245,4.759291490490838,0.134,0.348,1.066,1.855,2.023
2011-09-02,0.2,0.88,2.02,2.92,3.32,2.2243518070970403,2.9707428361849537,3.9915106954648776,4.693063004032056,4.930086265796295,0.142,0.364,1.056,1.844,2.041
2011-09-09,0.17,0.81,1.93,2.86,3.26,2.262376470097866,2.927585914248647,3.951461690010932,4.688566602888474,4.938607886578756,0.138,0.35,1.001,1.781,1.97
2011-09-16,0.18,0.94,2.08,2.96,3.34,2.371905083917536,3.009137084645152,3.9838905241363927,4.6587762224246045,4.886656658446547,0.135,0.351,1.008,1.752,1.933
2011-09-23,0.23,0.89,1.84,2.59,2.89,2.3427479585125504,2.9942695056782043,4.0051691715598405,4.6843345958124605,4.91301472522455,0.125,0.346,0.986,1.69,1.87
2011-09-30,0.25,0.96,1.92,2.66,2.9,2.345124886246243,2.9949972062279215,3.989589237554074,4.640729513558313,4.859518198902938,0.137,0.374,1.032,1.731,1.925
2011-10-07,0.3,1.08,2.1,2.78,3.02,2.349473102412553,3.0277092616743673,4.041074888627958,4.717934787963783,4.945776785935998,0.137,0.351,0.986,1.709,1.913
2011-10-14,0.28,1.12,2.26,2.97,3.22,2.491692504729393,3.251281518055002,4.273153810734852,4.934426988259708,5.156566413365759,0.135,0.381,1.022,1.735,1.939
2011-10-21,0.3,1.08,2.23,2.98,3.26,2.6242382019351,3.2537967900859,4.28667876835777,4.967010121413983,5.1956145548400166,0.146,0.378,1.014,1.77,1.976
2011-10-28,0.28,1.13,2.34,3.09,3.36,2.627921361263713,3.287697288810284,4.363435607512018,5.030915793644372,5.254371876753282,0.143,0.385,1.05,1.78,1.98
2011-11-04,0.22,0.88,2.06,2.81,3.09,2.7415118466613286,3.285982329970823,4.412776341454661,5.150437721657147,5.398052474780911,0.136,0.357,1.0,1.737,1.944
2011-11-11,0.24,0.9,2.04,2.8,3.12,3.010623266875939,3.4847924059620645,4.5475699619226475,5.282575553861539,5.53034316388172,0.125,0.354,0.979,1.719,1.919
2011-11-18,0.29,0.94,2.01,2.69,2.99,3.430961233250052,3.764392769991208,4.773076108482337,5.48822259794762,5.729422163178064,0.12,0.32,0.961,1.718,1.94
2011-11-25,0.28,0.93,1.97,2.62,2.92,3.928475785787306,4.217061375461084,5.068630100217079,5.64445914171111,5.837934933003865,0.14,0.371,1.043,1.771,1.961
2011-12-02,0.25,0.92,2.05,2.74,3.03,3.254402960061565,3.6967202453389394,4.589772073972197,5.150626163569109,5.338400096117724,0.13,0.375,1.063,1.787,1.977
2011-12-09,0.22,0.89,2.07,2.79,3.1,3.13355571252659,3.64051550831719,4.548474087991622,5.145737964970975,5.346332926194668,0.13,0.363,1.012,1.755,1.937
2011-12-16,0.24,0.81,1.86,2.54,2.86,2.692030467605708,3.3650969063046983,4.413311346902405,5.090374866927061,5.3176331543987265,0.13,0.345,0.984,1.744,1.939
2011-12-23,0.28,0.97,2.03,2.73,3.05,2.614534190242938,3.327631065993117,4.309526120938899,4.9606319630041655,5.179724780271759,0.13,0.346,0.982,1.739,1.937
2011-12-30,0.25,0.83,1.89,2.57,2.89,2.5149250136287336,3.289216405162369,4.276587973947042,4.919954373114454,5.136256562782622,0.131,0.343,0.987,1.74,1.921
2012-01-06,0.25,0.86,1.98,2.7,3.02,2.6647417921544374,3.486962136738343,4.512698221462147,5.210797218535646,5.446508159242058,0.127,0.34,0.989,1.748,1.937
2012-01-13,0.24,0.8,1.89,2.59,2.91,2.0556527355141583,3.1650911618360453,4.345932257824896,5.08016899557745,5.326557101119681,0.129,0.342,0.955,1.729,1.938
2012-01-20,0.26,0.91,2.05,2.78,3.1,2.039454666620074,3.0347513286480954,4.254067895705079,5.026926371050166,5.2864155836662885,0.126,0.346,0.99,1.754,1.946
2012-01-27,0.22,0.75,1.93,2.71,3.07,1.812050142944674,2.8354945887048384,4.021043897171164,4.746561843341647,4.989622522030346,0.127,0.338,0.977,1.738,1.931
2012-02-03,0.23,0.78,1.97,2.76,3.13,1.603042274970619,2.7924610724746195,3.908020797653243,4.662595347895378,4.898729697240025,0.128,0.333,0.962,1.724,1.907
2012-02-10,0.27,0.81,1.96,2.75,3.11,1.5973914348127654,2.78909509460831,3.908216294935339,4.661744970763287,4.894822334945717,0.124,0.354,0.992,1.75,1.943
2012-02-17,0.29,0.88,2.01,2.8,3.16,1.7153270345728764,2.785322251824873,3.90217419249222,4.5719538723266,4.7961649700289115,0.105,0.309,0.966,1.733,1.923
2012-02-24,0.31,0.89,1.98,2.75,3.1,1.84743326879482,2.6715351135331247,3.797237114307413,4.572494270981053,4.834688826227894,0.104,0.323,0.992,1.764,1.952
2012-03-02,0.28,0.84,1.99,2.77,3.11,1.1917511192895454,2.4784833547283647,3.676648893784901,4.389404683511016,4.628130399147635,0.11,0.318,0.986,1.764,1.955
2012-03-09,0.33,0.9,2.04,2.83,3.19,1.2704881017519725,2.5177400730760446,3.6644308537528634,4.35191340563997,4.582335062237766,0.113,0.299,0.984,1.774,1.961
2012-03-16,0.37,1.13,2.31,3.08,3.41,1.2623012030300735,2.617659213508301,3.776157521390595,4.44282378729503,4.665721063555406,0.11,0.364,1.046,1.805,1.975
2012-03-23,0.37,1.1,2.25,2.99,3.31,1.3083793344392554,2.6203360211856186,3.788251547106647,4.4652841718403185,4.691689007474614,0.111,0.341,1.025,1.775,1.954
2012-03-30,0.33,1.04,2.23,3.0,3.35,1.437450055593402,2.676299988537213,3.7903319056854263,4.445342581985385,4.6645587428352355,0.115,0.323,0.988,1.752,1.938
2012-04-06,0.32,0.89,2.07,2.85,3.21,1.56825701626083,2.7648616497186076,3.8971992617864295,4.5658296458852385,4.789577539664723,0.113,0.318,0.992,1.771,1.963
2012-04-13,0.27,0.86,2.02,2.77,3.14,1.7909167423403147,2.7623141493285104,3.857450028420306,4.5282744364951135,4.753044067913454,0.115,0.298,0.95,1.731,1.913
2012-04-20,0.29,0.86,1.99,2.75,3.12,1.8408784991695055,2.819179868276322,3.909265475609145,4.585149774551934,4.8118266222871,0.105,0.29,0.945,1.735,1.922
2012-04-27,0.26,0.82,1.96,2.73,3.12,1.7703038820188617,2.7775554211580253,3.881498799016793,4.555266688269845,4.781007494433637,0.109,0.266,0.902,1.7,1.901
2012-05-04,0.27,0.78,1.91,2.67,3.07,1.5470085978201524,2.6419115888493927,3.759326083099486,4.42543356880627,4.648372144733895,0.108,0.272,0.903,1.683,1.884
2012-05-11,0.27,0.75,1.84,2.59,3.02,1.6185469725067456,2.6391834044266425,3.749226965742636,4.416339431460693,4.6396457141309275,0.109,0.254,0.865,1.661,1.855
2012-05-18,0.32,0.75,1.71,2.4,2.8,1.921621167403643,2.772423092616938,3.789351155552601,4.4148906436727176,4.624454608491645,0.1,0.236,0.847,1.601,1.778
2012-05-25,0.3,0.76,1.75,2.44,2.85,1.891236519696939,2.6946124219387553,3.680871504263858,4.284459531855055,4.486577453735165,0.1,0.249,0.899,1.684,1.87
2012-06-01,0.25,0.62,1.47,2.13,2.53,2.107580916317776,2.7090435563758533,3.5712332041316,4.099558640511165,4.276364392199184,0.1,0.218,0.836,1.624,1.81
2012-06-08,0.28,0.71,1.65,2.36,2.77,1.9821177364340417,2.744524091937004,3.6913857534470713,4.252712001491124,4.440349345551144,0.1,0.22,0.849,1.66,1.858
2012-06-15,0.29,0.68,1.6,2.3,2.7,2.287276410543999,2.9088200903167944,3.935116068282112,4.578592633126627,4.794130943339345,0.1,0.229,0.85,1.668,1.891
2012-06-22,0.31,0.76,1.69,2.37,2.75,2.065052481230282,2.866387905073104,3.863116331568284,4.454878538723527,4.652703244818095,0.1,0.217,0.828,1.661,1.892
2012-06-29,0.33,0.72,1.67,2.38,2.76,2.06947697607211,2.8722902607437497,3.9259149815659793,4.545968844013208,4.753153519828019,0.1,0.218,0.839,1.665,1.902
2012-07-06,0.27,0.64,1.57,2.28,2.66,1.9769966167950417,2.643657730096482,3.819410829751228,4.6135575833215565,4.881008259420831,0.1,0.199,0.805,1.635,1.891
2012-07-13,0.25,0.63,1.52,2.2,2.58,1.8776351067718515,2.662145228571923,3.619726775193496,4.245583152622034,4.456232846019904,0.1,0.186,0.774,1.596,1.823
2012-07-20,0.22,0.59,1.49,2.17,2.55,2.121825782904949,2.704020781935288,3.695505424443377,4.424930683235862,4.672764614273705,0.1,0.187,0.752,1.561,1.781
2012-07-27,0.25,0.65,1.58,2.27,2.63,2.0270977385007214,2.650699400097082,3.725176108367698,4.457074907762814,4.70373760850795,0.1,0.189,0.753,1.562,1.806
2012-08-03,0.24,0.67,1.6,2.3,2.65,1.735892340589995,2.5588535319165153,3.675465962987997,4.416649819374795,4.66635852175882,0.092,0.177,0.744,1.562,1.816
2012-08-10,0.27,0.71,1.65,2.37,2.74,1.743575568716107,2.517647019449754,3.582723089551129,4.270364687808214,4.5014063397941655,0.091,0.204,0.809,1.611,1.864
2012-08-17,0.29,0.81,1.81,2.55,2.93,1.5818284463062326,2.536906248305666,3.654171541067262,4.346387037699932,4.578489876588877,0.1,0.246,0.845,1.641,1.878
2012-08-24,0.28,0.72,1.68,2.41,2.79,1.567561163875066,2.4708121762280406,3.5388592518434505,4.213972185924686,4.440678988289938,0.1,0.222,0.825,1.662,1.907
2012-08-31,0.22,0.59,1.57,2.29,2.68,1.4441973240495187,2.547010429966244,3.638646308926772,4.2854488093520136,4.5018858535915545,0.097,0.224,0.817,1.655,1.909
2012-09-07,0.25,0.64,1.67,2.42,2.81,1.2167798486100594,2.4110695670825137,3.5639829907099374,4.219042123161742,4.437799907458195,0.096,0.224,0.811,1.655,1.899
2012-09-14,0.27,0.72,1.88,2.68,3.09,1.2944038360931032,2.3921980198867647,3.487963118236812,4.127240602375481,4.340965672146236,0.1,0.205,0.794,1.66,1.9
2012-09-21,0.27,0.68,1.77,2.57,2.95,1.317076626702594,2.339947210705578,3.4088524655641805,4.060503047240635,4.278935746243405,0.1,0.206,0.8,1.67,1.917
2012-09-28,0.23,0.62,1.65,2.42,2.82,1.4132625621966035,2.369996194959846,3.405677666394378,4.026129215280835,4.2337877484478526,0.1,0.198,0.774,1.648,1.892
2012-10-05,0.27,0.67,1.75,2.55,2.96,1.3260790507491684,2.2458416752978856,3.374779111616757,4.080144659623404,4.316770760226446,0.1,0.199,0.78,1.667,1.918
2012-10-12,0.27,0.67,1.69,2.44,2.83,1.2965047825902865,2.194805883147108,3.247633104654268,3.903662765429896,4.123753228595241,0.1,0.2,0.769,1.658,1.918
2012-10-19,0.3,0.77,1.79,2.55,2.94,1.301053052777501,2.0680080887565424,3.2262824086248463,4.024483605784144,4.294374851921242,0.1,0.206,0.79,1.68,1.927
2012-10-26,0.3,0.76,1.78,2.53,2.92,1.4026516136950633,2.088349275536391,3.244807773809467,4.061612451363552,4.338240970394589,0.098,0.193,0.772,1.676,1.926
2012-11-02,0.28,0.73,1.75,2.51,2.91,1.3377555003281856,2.074573626572928,3.2218972331677502,4.006119188999986,4.270933681226394,0.097,0.208,0.789,1.685,1.935
2012-11-09,0.27,0.65,1.61,2.34,2.75,1.2922945575619376,2.0987912284549983,3.226491489168098,3.972016588585395,4.223506867749256,0.096,0.201,0.748,1.661,1.912
2012-11-16,0.24,0.62,1.58,2.31,2.73,1.2962435042326028,2.066323082151172,3.212631505716619,3.995709180867253,4.260253988948042,0.1,0.186,0.745,1.689,1.945
2012-11-23,0.29,0.7,1.7,2.42,2.83,1.2296584552457048,2.0400517879998183,3.2038090882187547,3.9946283106979177,4.261763066855158,0.1,0.194,0.758,1.694,1.945
2012-11-30,0.25,0.61,1.62,2.37,2.81,1.0285173416890387,1.9682644766653576,3.065501961106346,3.823621137393042,4.081351955986403,0.097,0.18,0.73,1.681,1.937
2012-12-07,0.25,0.63,1.64,2.39,2.81,1.062282177610804,1.984252298528592,3.0816444351422145,3.868288953482333,4.137345163595367,0.096,0.165,0.701,1.66,1.896
2012-12-14,0.24,0.7,1.72,2.46,2.87,1.075123896817729,2.0112368576402986,3.0549670306239136,3.765839214356224,4.00715280534377,0.1,0.175,0.729,1.708,1.944
2012-12-21,0.26,0.75,1.77,2.52,2.93,0.9959306396484776,1.9464922861069347,3.03229052771721,3.7479294645534784,3.989613484293333,0.1,0.172,0.759,1.709,1.933
2012-12-28,0.27,0.72,1.73,2.47,2.88,1.1234512263923406,1.919621544662508,3.006845270171679,3.712135832384962,3.94933920811686,0.098,0.187,0.794,1.754,1.967
2013-01-04,0.27,0.82,1.93,2.7,3.1,0.9827026983538224,1.9768737570332515,3.0887491560592055,3.8033347907748296,4.044012796368823,0.097,0.203,0.835,1.777,1.984
2013-01-11,0.26,0.78,1.89,2.65,3.05,0.8830381495000239,1.855217324658467,3.0310128944523873,3.8123394030387296,4.076336841058634,0.08,0.173,0.816,1.782,2.001
2013-01-18,0.26,0.77,1.87,2.63,3.03,0.9782997986361864,1.97416791473181,3.0850946482316983,3.787933533994859,4.024254131643213,0.075,0.155,0.759,1.761,1.989
2013-01-25,0.28,0.87,1.98,2.75,3.14,1.0174829673387151,1.9969170415829216,3.0922492135096036,3.790262146685666,4.025118711954821,0.079,0.151,0.733,1.766,1.985
2013-02-01,0.27,0.88,2.04,2.83,3.21,1.0934614628786328,2.0336167583107017,3.117178531641919,3.821279241891888,4.058580247497089,0.067,0.153,0.783,1.771,1.977
2013-02-08,0.25,0.84,1.99,2.79,3.17,1.1315547237256602,2.0611199154468007,3.148779378962306,3.88661602301245,4.1366306610769445,0.032,0.143,0.769,1.771,1.982
2013-02-15,0.29,0.87,2.01,2.8,3.18,1.0316250712360855,1.9591825221294812,3.101975473887345,3.885759629472372,4.151592949596575,0.045,0.151,0.761,1.74,1.936
2013-02-22,0.27,0.84,1.97,2.77,3.15,1.0349236345673525,1.9704682686746793,3.108418014437275,3.875026316198254,4.13443861252971,0.045,0.138,0.744,1.736,1.92
2013-03-01,0.25,0.75,1.86,2.68,3.06,1.055285946197074,2.0543330883961666,3.1730427906783154,3.876599428449345,4.11299303835874,0.045,0.124,0.678,1.603,1.794
2013-03-08,0.27,0.9,2.06,2.89,3.25,1.02289679988227,1.9892561364234889,3.1021482962051072,3.8173105777239686,4.0580703697170275,0.04,0.111,0.647,1.625,1.762
2013-03-15,0.25,0.84,2.01,2.85,3.22,1.037157662143036,1.9996601896594228,3.098135636058431,3.8192296985268106,4.062628822989767,0.045,0.12,0.615,1.606,1.771
2013-03-22,0.26,0.8,1.93,2.75,3.13,1.0287213687962584,1.9600874751229345,3.0406192004734383,3.7383250938378687,3.973299423322463,0.045,0.12,0.562,1.497,1.651
2013-03-29,0.25,0.77,1.87,2.71,3.1,1.0420508786427458,2.0753581130934915,3.1344326857864404,3.7719030825663777,3.985444154811879,0.057,0.131,0.564,1.406,1.555
2013-04-05,0.24,0.68,1.72,2.5,2.87,0.8414966527807124,1.886093075928784,2.9694560162648296,3.636422183266533,3.860285812879513,0.082,0.18,0.534,1.17,1.279
2013-04-12,0.22,0.7,1.75,2.54,2.92,0.8836254465412097,1.8902685808188464,2.9457143531679977,3.620767358321012,3.848257690707509,0.129,0.256,0.623,1.476,1.584
2013-04-19,0.24,0.72,1.73,2.5,2.88,0.8435721397902203,1.8258674911216757,2.818333548539047,3.459394113850931,3.675897441167455,0.125,0.224,0.584,1.442,1.581
2013-04-26,0.22,0.68,1.7,2.47,2.87,0.7617389437562778,1.749011364114445,2.7957252728676645,3.4484856544638087,3.667817586902122,0.124,0.248,0.594,1.483,1.631
2013-05-03,0.22,0.73,1.78,2.58,2.96,0.5972877441350999,1.5368627229158012,2.6395528794985292,3.3626887737854547,3.606831395857402,0.111,0.217,0.563,1.458,1.611
2013-05-10,0.26,0.82,1.9,2.7,3.1,0.6657549661796356,1.6547781031801794,2.7811506457719437,3.501086381470306,3.7434592995770064,0.113,0.287,0.7,1.563,1.725
2013-05-17,0.26,0.84,1.95,2.77,3.17,0.6488735544821544,1.6005086581512664,2.730365041044066,3.4862890250535643,3.7421564848210815,0.13,0.377,0.806,1.652,1.793
2013-05-24,0.26,0.9,2.01,2.8,3.18,0.8196325238594788,1.813043913664716,2.8737395630501528,3.543429638352652,3.76871699692958,0.125,0.377,0.842,1.668,1.835
2013-05-31,0.3,1.05,2.16,2.95,3.3,0.8038169156052923,1.8265528890668357,2.9347067210479283,3.631913022047364,3.8663341810043272,0.139,0.369,0.865,1.626,1.76
2013-06-07,0.32,1.1,2.17,2.98,3.33,0.9144469963326608,2.0027137295392023,3.031049557294474,3.636674798141177,3.839356947830475,0.12,0.305,0.846,1.632,1.801
2013-06-14,0.29,1.04,2.14,2.95,3.28,0.9305526613927296,2.046206961588698,3.0381145790062725,3.5981278946675923,3.785148447610425,0.13,0.33,0.814,1.667,1.811
2013-06-21,0.38,1.42,2.52,3.26,3.56,1.1115735029977252,2.1898880564952137,3.2136813643222455,3.815502756087757,4.016860745777501,0.134,0.356,0.872,1.749,1.883
2013-06-28,0.36,1.41,2.52,3.22,3.52,1.1169782844350171,2.185050889078754,3.230945788382317,3.8468138117681865,4.052857485522938,0.137,0.309,0.845,1.696,1.837
2013-07-05,0.4,1.6,2.73,3.41,3.68,0.8867266872207562,2.03901821470399,3.102207585327962,3.715163221318646,3.920054850268837,0.133,0.32,0.855,1.728,1.863
2013-07-12,0.37,1.43,2.61,3.34,3.64,0.959466968544394,1.9179634189929988,2.9913540295391856,3.679113740615606,3.910666881679592,0.125,0.3,0.818,1.715,1.854
2013-07-19,0.32,1.31,2.5,3.25,3.56,0.915245737553958,1.844095585791152,2.984126964500068,3.736140735426463,3.98990689786823,0.13,0.29,0.804,1.716,1.846
2013-07-26,0.31,1.36,2.58,3.31,3.61,0.8936889844051343,1.9418990805239744,3.0827890408263636,3.779808694508482,4.013493899940087,0.129,0.29,0.792,1.708,1.839
2013-08-02,0.3,1.36,2.63,3.39,3.69,0.863534325152953,2.0047661191471917,3.133651418474705,3.7882014147377863,4.00700006716021,0.119,0.308,0.811,1.712,1.834
2013-08-09,0.32,1.36,2.57,3.36,3.63,0.8664409765285903,1.8553511890074272,2.986375546651886,3.712446998427423,3.9569283843590046,0.109,0.288,0.759,1.681,1.808
2013-08-16,0.36,1.6,2.84,3.61,3.86,0.8674506859786106,1.998242951895831,3.118951418858077,3.7796400407496344,4.00070787550466,0.11,0.286,0.767,1.692,1.825
2013-08-23,0.4,1.66,2.82,3.55,3.8,0.9750812946630792,2.0204757372175166,3.1532549484271017,3.872483084185583,4.11450694823096,0.111,0.309,0.774,1.704,1.83
2013-08-30,0.39,1.62,2.78,3.46,3.7,0.9676601090269424,2.0023134016563926,3.1560850527902096,3.866019111452915,4.10412401171341,0.115,0.267,0.735,1.652,1.779
2013-09-06,0.46,1.77,2.94,3.62,3.87,1.0053415779017385,2.0328249017313897,3.184671748592038,3.9008283632968306,4.141212590215867,0.117,0.299,0.784,1.713,1.843
2013-09-13,0.45,1.71,2.9,3.59,3.84,1.0201370935533447,2.0308186291163377,3.2014964228925455,3.9427422566187302,4.191896738903914,0.119,0.265,0.722,1.668,1.8
2013-09-20,0.34,1.5,2.75,3.5,3.77,0.9237623368364734,1.905971884149933,3.1050462519323947,3.902177775450712,4.171478901994981,0.1,0.256,0.694,1.607,1.746
2013-09-27,0.34,1.4,2.64,3.4,3.68,0.9339557838387478,1.8590548684883077,3.0216803868256656,3.807051702520594,4.072793900179276,0.1,0.236,0.685,1.585,1.715
2013-10-04,0.33,1.41,2.66,3.43,3.73,0.8380498593508712,1.7983998955372495,2.9880673588274904,3.815238066313928,4.096563093153529,0.097,0.222,0.657,1.522,1.651
2013-10-11,0.35,1.42,2.7,3.45,3.74,0.8615783553622709,1.8359390303448,3.0184147097604415,3.82221699700439,4.094699479620865,0.091,0.233,0.658,1.532,1.664
2013-10-18,0.33,1.35,2.6,3.36,3.65,0.7803743529805995,1.765865650315236,2.9903580164933112,3.825133155516197,4.108171641959036,0.1,0.213,0.625,1.506,1.639
2013-10-25,0.32,1.3,2.53,3.3,3.6,0.7770349236370411,1.731764845052826,2.949342097788942,3.7620050585562015,4.0365762337367705,0.102,0.209,0.621,1.507,1.651
2013-11-01,0.33,1.37,2.65,3.4,3.69,0.6771637947935965,1.5935796698883775,2.8076954871001956,3.6804832446049662,3.9787670556610792,0.097,0.195,0.603,1.526,1.666
2013-11-08,0.32,1.42,2.77,3.55,3.84,0.6432532531197097,1.6138637867571075,2.875388865812078,3.7632763675712417,4.065752410676337,0.091,0.201,0.594,1.487,1.634
2013-11-15,0.31,1.36,2.71,3.5,3.8,0.624460367071956,1.5664332028064276,2.845031609639369,3.7377667867301247,4.0411723065602025,0.095,0.212,0.639,1.529,1.674
2013-11-22,0.31,1.37,2.75,3.54,3.84,0.6139898537504944,1.585685472019783,2.874645568318262,3.753270813795003,4.050915921963291,0.095,0.201,0.636,1.53,1.682
2013-11-29,0.28,1.37,2.75,3.54,3.82,0.625155858074864,1.5686820856921937,2.847933782483408,3.727813135389971,4.026150184611554,0.083,0.185,0.611,1.509,1.661
2013-12-06,0.3,1.51,2.88,3.63,3.9,0.7265042805149413,1.6949963376731887,2.9529380860302616,3.787570965135268,4.069308176369272,0.086,0.21,0.667,1.544,1.7
2013-12-13,0.34,1.55,2.88,3.61,3.88,0.7331474604984276,1.664698384676429,2.909209464287863,3.728903845502259,4.005250458428408,0.095,0.209,0.682,1.574,1.73
2013-12-20,0.37,1.66,2.89,3.57,3.82,0.7159536706414436,1.75088161422668,2.989939987366274,3.755350926155112,4.012055090898629,0.1,0.21,0.678,1.542,1.683
2013-12-27,0.4,1.74,3.02,3.7,3.94,0.7900170804513476,1.8401825988964229,3.055805963823655,3.8129343671584737,4.0671164021182005,0.098,0.221,0.708,1.566,1.709
2014-01-03,0.41,1.73,3.01,3.69,3.93,0.6386223671854374,1.6677777002359129,2.9558170170120928,3.791218284112135,4.072638297517114,0.098,0.238,0.736,1.584,1.726
2014-01-10,0.39,1.64,2.88,3.54,3.8,0.5986464338263211,1.6201725669461222,2.9133700163084537,3.740770213061654,4.01905705545046,0.091,0.214,0.696,1.541,1.693
2014-01-17,0.4,1.64,2.84,3.5,3.75,0.6131362225706294,1.5419339251919553,2.813058553974954,3.637349099600834,3.9147469652279137,0.09,0.21,0.674,1.551,1.701
2014-01-24,0.37,1.58,2.75,3.4,3.64,0.6101331600869564,1.603369770279011,2.8336984096351827,3.595427688981991,3.8508913157489766,0.091,0.199,0.636,1.476,1.633
2014-01-31,0.34,1.49,2.67,3.35,3.61,0.5417622752428137,1.425548366042266,2.675394195570269,3.496636962215496,3.7733215027323994,0.085,0.198,0.627,1.482,1.646
2014-02-07,0.3,1.47,2.71,3.39,3.67,0.5319983886990567,1.4182059968440122,2.665641526725156,3.499233579882701,3.7806511604037585,0.076,0.2,0.622,1.478,1.633
2014-02-14,0.32,1.53,2.75,3.41,3.69,0.5437606405829651,1.4371322499348853,2.6701045896565594,3.495959942610809,3.7749185694677703,0.075,0.185,0.595,1.464,1.621
2014-02-21,0.33,1.56,2.73,3.41,3.69,0.5114726873361963,1.4023967939356936,2.6468161644630657,3.4832821341398437,3.765905727839036,0.08,0.187,0.608,1.49,1.656
2014-02-28,0.33,1.51,2.66,3.31,3.59,0.4957284166003788,1.3887563334905746,2.614862453600682,3.4201578325148265,3.691551141227445,0.073,0.182,0.594,1.465,1.652
2014-03-07,0.38,1.65,2.8,3.45,3.72,0.4832698477261345,1.3556305663676778,2.5797846143672665,3.3861039190347273,3.657876938776947,0.072,0.189,0.617,1.484,1.674
2014-03-14,0.36,1.55,2.65,3.3,3.59,0.4763920221642781,1.2850159552416829,2.4999556159720413,3.32891357563471,3.6092863846157615,0.08,0.195,0.619,1.504,1.7
2014-03-21,0.45,1.73,2.75,3.34,3.61,0.4909230098525405,1.4050289006654406,2.6054025033268635,3.3552316794777326,3.606802151432731,0.075,0.186,0.595,1.469,1.675
2014-03-28,0.45,1.74,2.73,3.29,3.55,0.4302061683070608,1.3212826542126663,2.5427384005054856,3.3082606790385345,3.5651060894115405,0.088,0.197,0.626,1.493,1.696
2014-04-04,0.43,1.71,2.74,3.33,3.59,0.3883149698214012,1.2487480986223662,2.510740465839554,3.315927482831465,3.5863807534245593,0.082,0.198,0.642,1.494,1.684
2014-04-11,0.37,1.58,2.63,3.22,3.48,0.4170886049855333,1.2575429100743154,2.491869884999689,3.2797606354166,3.544405277246466,0.081,0.188,0.605,1.491,1.692
2014-04-18,0.43,1.75,2.73,3.27,3.52,0.4416037252353071,1.245549102632637,2.440313287780856,3.2198452412502796,3.48218458721467,0.09,0.189,0.602,1.47,1.683
2014-04-25,0.43,1.72,2.68,3.2,3.45,0.4356376670633697,1.236433864015245,2.4134108638094904,3.161629474252496,3.4128518820546017,0.088,0.196,0.628,1.489,1.697
2014-05-02,0.42,1.67,2.6,3.12,3.37,0.4396305746454985,1.1922385037563732,2.3877202587791606,3.1829164695231547,3.4509109609428616,0.085,0.19,0.614,1.481,1.706
2014-05-09,0.4,1.63,2.62,3.18,3.47,0.4080353930756946,1.108424802846354,2.3256625519157312,3.155735883848807,3.4360488809270624,0.081,0.191,0.611,1.479,1.703
2014-05-16,0.38,1.56,2.52,3.07,3.34,0.3986709624782545,1.1009254915883364,2.312643852910967,3.144767629368918,3.4260216174276055,0.085,0.188,0.593,1.475,1.69
2014-05-23,0.37,1.55,2.54,3.12,3.4,0.4700017526030819,1.1902868013040404,2.358959896570184,3.165874259297965,3.4389330754938277,0.085,0.189,0.6,1.462,1.692
2014-05-30,0.37,1.54,2.48,3.05,3.33,0.391583977098719,1.082645528696318,2.2613298134851183,3.0987612366866273,3.3831220528197283,0.088,0.179,0.589,1.456,1.685
2014-06-06,0.41,1.66,2.6,3.17,3.44,0.2142712194701772,0.8806091678758659,2.1416002374445195,3.042833258960264,3.348835640450654,0.086,0.178,0.592,1.465,1.7
2014-06-13,0.45,1.7,2.6,3.14,3.41,0.2366716064710861,0.9361660729732684,2.18326109633864,3.116132530928133,3.435526177495918,0.081,0.185,0.599,1.467,1.684
2014-06-20,0.5,1.71,2.63,3.18,3.44,0.3194703531692511,0.978476991521827,2.1778708080304954,3.12461609936961,3.4520332253720247,0.085,0.172,0.576,1.46,1.708
2014-06-27,0.45,1.64,2.54,3.1,3.36,0.2558201595520923,0.9051225200933236,2.081665953765465,2.973965229072927,3.2801143621433555,0.075,0.162,0.558,1.421,1.682
2014-07-04,0.52,1.74,2.65,3.21,3.47,0.1874559144380665,0.8524064077624534,2.0869655339531477,3.0136053108746217,3.3308602382858985,0.072,0.163,0.565,1.436,1.697
2014-07-11,0.48,1.65,2.53,3.07,3.34,0.2165598240190753,0.8854914780087721,2.100723023999717,3.0030417282930046,3.3114607600010046,0.061,0.15,0.536,1.419,1.71
2014-07-18,0.51,1.69,2.5,3.03,3.29,0.1872048102614218,0.8330735144826917,2.0082991563089063,2.8753201318143846,3.171353190772587,0.065,0.154,0.543,1.411,1.669
2014-07-25,0.53,1.69,2.48,2.99,3.24,0.1770891749912202,0.7880054776988032,1.946361988833864,2.8341746460221855,3.1392092375069947,0.07,0.149,0.536,1.4,1.664
2014-08-01,0.47,1.67,2.52,3.03,3.29,0.195505539404353,0.8395594622099907,1.9748762495587335,2.829832801937873,3.1230117398986943,0.067,0.149,0.543,1.411,1.685
2014-08-08,0.45,1.62,2.44,2.97,3.23,0.1821070510357465,0.8224190310326627,1.91088643462745,2.7431187490845184,3.0296689420164102,0.066,0.15,0.519,1.385,1.68
2014-08-15,0.42,1.55,2.34,2.86,3.13,0.1249780655456742,0.7109732177272736,1.7988309621542298,2.652884867540062,2.9480316717308908,0.07,0.15,0.516,1.386,1.673
2014-08-22,0.53,1.68,2.4,2.9,3.16,0.1032312715617678,0.7116216160209419,1.799360830912839,2.600743519393401,2.8744521524501327,0.081,0.162,0.522,1.377,1.661
2014-08-29,0.48,1.63,2.35,2.83,3.09,0.1391795346196112,0.6453864335234805,1.651336938327856,2.471573151417251,2.756934598105133,0.073,0.162,0.508,1.35,1.637
2014-09-05,0.52,1.69,2.46,2.97,3.23,0.0539702627150244,0.5230735157367441,1.6007509709942287,2.5601990678018236,2.9007369969520265,0.076,0.167,0.531,1.371,1.671
2014-09-12,0.58,1.83,2.62,3.1,3.35,0.1459286324674806,0.7041482870192795,1.8078645161736988,2.75383938362846,3.087487338596272,0.075,0.181,0.567,1.415,1.692
2014-09-19,0.59,1.83,2.59,3.05,3.29,0.1222370539137092,0.6219900147721926,1.7102266518121825,2.6798586810211837,3.0245403829012214,0.07,0.176,0.554,1.409,1.696
2014-09-26,0.59,1.8,2.54,2.99,3.22,0.1131823623491552,0.6119279266956958,1.7008931274265464,2.624198695879953,2.9477765608995616,0.064,0.166,0.517,1.352,1.632
2014-10-03,0.57,1.73,2.45,2.89,3.13,0.120547943669182,0.6067640969126007,1.6661255355219555,2.5742358826209935,2.8934121852173225,0.06,0.147,0.519,1.362,1.65
2014-10-10,0.45,1.55,2.31,2.77,3.03,0.1420351072268548,0.5939329569472651,1.6316851958559797,2.5387080127927413,2.858554883592322,0.049,0.149,0.502,1.35,1.651
2014-10-17,0.39,1.44,2.22,2.7,2.98,0.2138531111213026,0.673724732244958,1.7093314204565138,2.609372704845342,2.9262173719325957,0.015,0.129,0.472,1.324,1.634
2014-10-24,0.41,1.52,2.29,2.77,3.05,0.2178926431365901,0.6798570018031089,1.7286217998115945,2.6265371794658097,2.941307734769381,0.019,0.115,0.473,1.321,1.625
2014-10-31,0.5,1.62,2.35,2.81,3.07,0.2159119180011579,0.6123770263933714,1.6014564115480736,2.5094998258841548,2.833005416222816,0.03,0.13,0.466,1.289,1.591
2014-11-07,0.51,1.6,2.32,2.76,3.04,0.2102324446132684,0.6373739067969346,1.6184232412828248,2.5442284901463887,2.878121289744612,0.03,0.131,0.482,1.271,1.548
2014-11-14,0.54,1.62,2.32,2.77,3.04,0.2001931059422297,0.6132192349538279,1.5772290292832043,2.5094396271755564,2.848297315250729,0.02,0.141,0.486,1.272,1.473
2014-11-21,0.53,1.63,2.31,2.75,3.02,0.1907142633441889,0.5676697200148411,1.5260285724412128,2.479371851712597,2.8280036642006174,0.009,0.118,0.471,1.259,1.459
2014-11-28,0.47,1.49,2.18,2.62,2.89,0.191474264499508,0.5078287628051452,1.376586902066176,2.311031295072832,2.661657040487756,0.01,0.105,0.431,1.211,1.428
2014-12-05,0.65,1.69,2.31,2.69,2.97,0.1929535026525553,0.502933549881984,1.3780534850280546,2.2974155785806767,2.638606671745233,-0.003,0.076,0.417,1.213,1.457
2014-12-12,0.56,1.53,2.1,2.45,2.75,0.2474764562568587,0.5466395912701305,1.3440416052063604,2.199365480052875,2.519604254126252,0.005,0.081,0.395,1.19,1.404
2014-12-19,0.67,1.66,2.17,2.48,2.77,0.2111796289715268,0.5057733245954221,1.2950843941224015,2.1544673369110425,2.478571026040545,-0.035,0.032,0.353,1.118,1.343
2014-12-26,0.73,1.75,2.25,2.54,2.81,0.1804456601205313,0.4854242697809514,1.2738054147929088,2.129490215333348,2.452984504546662,-0.028,0.042,0.329,1.077,1.295
2015-01-02,0.66,1.61,2.12,2.41,2.69,0.1168762378386905,0.3969635145388306,1.1582995708316766,2.0248783878810386,2.3595843975487516,-0.028,0.026,0.325,1.065,1.269
2015-01-09,0.59,1.45,1.98,2.29,2.55,0.1351210384941961,0.4864550299809345,1.2357332455038534,2.0577076334488114,2.3767967388777427,-0.029,0.012,0.279,0.97,1.191
2015-01-16,0.49,1.29,1.83,2.17,2.44,0.0707451958563627,0.363356115854577,1.0362699360029597,1.8621924015103,2.2042076983369694,-0.025,0.018,0.241,0.929,1.13
2015-01-23,0.52,1.33,1.81,2.12,2.38,0.0338270010243988,0.325641147112762,0.937251579978609,1.6436230696585596,1.931266783526336,-0.015,0.018,0.244,1.068,1.331
2015-01-30,0.47,1.18,1.68,2.04,2.25,0.0616521644436787,0.3401581125866855,0.9420221949494092,1.6063747231964522,1.8661739574033347,0.01,0.046,0.288,1.054,1.299
2015-02-06,0.65,1.48,1.95,2.28,2.51,0.0186061708967795,0.3303032795002352,0.9490991374439012,1.5663652544881734,1.798315177370855,0.035,0.085,0.343,1.106,1.338
2015-02-13,0.66,1.53,2.02,2.39,2.63,0.0243710550030726,0.3415336288197643,0.9800620377449468,1.591545145422932,1.816395324913786,0.04,0.138,0.423,1.244,1.467
2015-02-20,0.67,1.61,2.13,2.5,2.73,0.005800169907701,0.3322886629913757,1.0109640020818018,1.631635603072381,1.8552518497063737,0.034,0.112,0.393,1.217,1.456
2015-02-27,0.63,1.5,2.0,2.38,2.6,-0.0379168459757348,0.2413451206528609,0.868160405488374,1.52786834132649,1.7803970703326986,0.015,0.071,0.349,1.166,1.434
2015-03-06,0.73,1.7,2.24,2.63,2.83,-0.0559145904994213,0.2309644009412856,0.863666877215314,1.492112056585627,1.7263069015522967,0.007,0.089,0.376,1.18,1.441
2015-03-13,0.68,1.6,2.13,2.48,2.7,-0.0647660037293178,0.204382972097612,0.7327719667463448,1.2382451335738098,1.4259237695640656,0.016,0.13,0.408,1.231,1.483
2015-03-20,0.6,1.42,1.93,2.29,2.5,-0.0554018584916926,0.2225872457946938,0.7429429371737308,1.2578543569151726,1.4544561042363569,0.01,0.076,0.322,1.104,1.321
2015-03-27,0.58,1.42,1.95,2.29,2.53,-0.0598665608153812,0.2689962274812121,0.8197796753490314,1.3278946180106153,1.5179589684319,0.035,0.121,0.373,1.142,1.383
2015-04-03,0.49,1.26,1.85,2.24,2.49,-0.080273298125963,0.2297815635826943,0.7639959207381857,1.263182973250966,1.4511998152160404,0.015,0.097,0.354,1.129,1.383
2015-04-10,0.57,1.41,1.96,2.33,2.58,-0.0980699154485655,0.199215023628362,0.7536734138060828,1.3017616985976446,1.513222936390028,0.006,0.097,0.341,1.126,1.382
2015-04-17,0.51,1.31,1.87,2.26,2.51,-0.0731956081399634,0.240170836217608,0.7893418353287887,1.3148354382118843,1.5149813693671934,0.005,0.073,0.307,1.062,1.309
2015-04-24,0.54,1.34,1.93,2.36,2.62,-0.0601324850847824,0.2232399529307489,0.7999680762724495,1.3710794296522997,1.5831349564096668,-0.016,0.053,0.294,1.068,1.323
2015-05-01,0.6,1.5,2.12,2.57,2.82,-0.0315484019863632,0.3277099860291148,0.960610762073669,1.577398097690808,1.808404119197653,0.002,0.096,0.37,1.134,1.384
2015-05-08,0.59,1.5,2.16,2.63,2.9,-0.0375327266264058,0.4351406556193531,1.1877155561951582,1.844620196695474,2.0444884957644716,0.006,0.109,0.421,1.191,1.446
2015-05-15,0.55,1.46,2.14,2.66,2.93,-0.0420326963516881,0.4683209078196579,1.2893545082126217,1.9944834368187976,2.2022216239507975,-0.01,0.102,0.402,1.173,1.438
2015-05-22,0.64,1.57,2.21,2.73,2.99,-0.0528431867364922,0.4699719632181391,1.2935984403967709,1.983141937331565,2.185911610479108,-0.006,0.113,0.423,1.217,1.473
2015-05-29,0.61,1.49,2.12,2.63,2.88,-0.0426486869792306,0.4635537185404388,1.2533338264230256,1.9143402730046617,2.119510939858192,-0.008,0.095,0.406,1.199,1.473
2015-06-05,0.73,1.75,2.41,2.87,3.11,0.0054539058625717,0.6754197139789451,1.6284482390985513,2.3086433380718,2.4684714191985684,-0.005,0.119,0.475,1.274,1.532
2015-06-12,0.74,1.75,2.39,2.84,3.1,0.0693784236905381,0.7354956441199274,1.7193511543092068,2.4459752227086486,2.557845421294937,-0.004,0.128,0.497,1.267,1.51
2015-06-19,0.65,1.59,2.26,2.76,3.05,0.0772575587759876,0.7267015364034837,1.673672323092923,2.36797144515805,2.479841777271674,0.005,0.106,0.415,1.188,1.461
2015-06-26,0.72,1.75,2.49,2.98,3.25,0.0238666095450401,0.6638252209533047,1.6949896577031025,2.478677402888108,2.5638789359501857,-0.002,0.121,0.47,1.229,1.475
2015-07-03,0.64,1.64,2.4,2.9,3.19,0.0494777673528856,0.703053311499076,1.7244879808104798,2.5113675270178852,2.599763094920469,0.01,0.118,0.482,1.239,1.484
2015-07-10,0.65,1.68,2.42,2.91,3.2,0.0251843466076406,0.6678266590310589,1.688379022461497,2.4508500550930528,2.5061280843041054,0.005,0.101,0.434,1.208,1.462
2015-07-17,0.68,1.67,2.34,2.77,3.08,-0.0350182355893311,0.5230674529562354,1.4591968475372197,2.247410679847487,2.3880449467985176,0.005,0.108,0.426,1.208,1.468
2015-07-24,0.7,1.64,2.27,2.67,2.96,-0.051741642683873,0.4775302336407474,1.385337718558528,2.1459944850267743,2.2761483409212415,0.004,0.103,0.412,1.178,1.424
2015-07-31,0.67,1.54,2.2,2.61,2.92,-0.0665786890924469,0.4502641285888238,1.3511724279277093,2.0856933460391485,2.1834830616976646,0.005,0.096,0.414,1.175,1.433
2015-08-07,0.73,1.59,2.18,2.52,2.83,-0.0804761313302337,0.4455325138847552,1.3941621958321964,2.1765586806845914,2.253523304508187,0.005,0.097,0.425,1.2,1.458
2015-08-14,0.73,1.61,2.2,2.54,2.84,-0.0780859510287603,0.4435329874595908,1.3723772394330975,2.113324406309806,2.168707322980656,0.0,0.081,0.388,1.173,1.433
2015-08-21,0.64,1.44,2.05,2.44,2.74,-0.0489157696126492,0.4724160436548725,1.3621170655469292,2.088350417717926,2.166317732666159,0.004,0.073,0.364,1.143,1.399
2015-08-28,0.72,1.52,2.19,2.61,2.92,-0.020756209830604,0.5251061449060437,1.4353959351478398,2.1891807935767673,2.2775320456296635,0.008,0.078,0.396,1.167,1.421
2015-09-04,0.71,1.47,2.13,2.58,2.89,-0.0582209374465483,0.4882971297476093,1.441601358192969,2.2167444610335316,2.29181009388624,0.012,0.072,0.362,1.147,1.408
2015-09-11,0.71,1.52,2.2,2.63,2.95,-0.0541597113139991,0.4764566279939224,1.414037963039812,2.2119100595723076,2.352601844934375,0.01,0.056,0.344,1.148,1.412
2015-09-18,0.69,1.45,2.13,2.58,2.93,-0.0508229797087489,0.4527541661169376,1.3405543787820893,2.145541292116512,2.3331469190928473,0.014,0.056,0.331,1.117,1.374
2015-09-25,0.7,1.48,2.17,2.6,2.96,-0.0452701424879933,0.4684793757295011,1.3666486124583894,2.172145122189683,2.3534391801832024,0.009,0.052,0.323,1.105,1.362
2015-10-02,0.58,1.29,1.99,2.44,2.82,-0.0890144652041797,0.3586066696482,1.1935231481919235,1.9993899583749908,2.1982774672238072,0.002,0.046,0.319,1.097,1.365
2015-10-09,0.65,1.41,2.12,2.55,2.94,-0.0764828946756859,0.4152145559361724,1.2890941650075245,2.092494406438977,2.28705843663909,0.005,0.062,0.326,1.094,1.349
2015-10-16,0.61,1.36,2.04,2.46,2.87,-0.0879436617582225,0.3782108076318593,1.2329870885505638,2.042092874775234,2.248148503656754,0.01,0.057,0.323,1.09,1.35
2015-10-23,0.66,1.43,2.09,2.54,2.9,-0.1372417435974586,0.2761873428214159,1.1543618839525864,1.906808425076183,2.171329822099113,0.009,0.049,0.309,1.082,1.346
2015-10-30,0.75,1.52,2.16,2.57,2.93,-0.1278404658842475,0.2786816444221216,1.1472851889809172,1.915164784611664,2.187488482078941,0.002,0.039,0.306,1.08,1.35
2015-11-06,0.9,1.73,2.34,2.76,3.09,-0.0975363023331237,0.3696914375533744,1.3067651012949533,2.1440425668002527,2.4429198104049097,0.0,0.043,0.327,1.1,1.377
2015-11-13,0.86,1.67,2.28,2.72,3.06,-0.1546256208908154,0.2447604967720575,1.1765862915981868,2.0546366328707117,2.3713903644586884,-0.005,0.039,0.314,1.095,1.394
2015-11-20,0.93,1.7,2.26,2.68,3.02,-0.1758547774880305,0.2023938809350642,1.0822176014763771,1.8977331878793509,2.190319649289642,-0.026,0.039,0.325,1.099,1.399
2015-11-27,0.92,1.64,2.22,2.64,3.0,-0.2065986030545943,0.1444336097375949,1.0297051498816714,1.8879539364289588,2.199606071773714,-0.008,0.04,0.316,1.081,1.381
2015-12-04,0.96,1.71,2.28,2.65,3.01,-0.1037371204995274,0.338625936550315,1.2502728105662593,2.096188417488402,2.4018306097662485,-0.025,0.045,0.323,1.092,1.404
2015-12-11,0.88,1.56,2.13,2.49,2.87,-0.1344764755748375,0.235647578888603,1.1209934428457444,1.9670187434005928,2.2734027285501615,-0.03,0.046,0.308,1.063,1.365
2015-12-18,0.97,1.67,2.19,2.54,2.9,-0.1246920126181407,0.2733168399709829,1.1702191910076527,1.9713515103097483,2.2554034649893473,-0.05,0.036,0.265,0.995,1.291
2015-12-25,1.03,1.73,2.25,2.61,2.96,-0.1238032628315455,0.3310151521672289,1.2563864704406609,2.0844390085664974,2.3795965326486757,-0.039,0.042,0.277,1.01,1.282
2016-01-01,1.06,1.76,2.27,2.67,3.01,-0.140507695655021,0.3096479103449816,1.2600313810178436,2.1139969055987677,2.4181947173934333,-0.033,0.032,0.267,0.997,1.282
2016-01-08,0.94,1.57,2.13,2.55,2.91,-0.1761909189884978,0.2406834307312824,1.174616809955534,2.038110132083381,2.3476813243464676,-0.031,0.016,0.23,0.939,1.22
2016-01-15,0.85,1.46,2.03,2.44,2.81,-0.1813656670947985,0.2492631431720209,1.1495708630184245,1.948393429057236,2.232280891865088,-0.03,0.017,0.221,0.956,1.252
2016-01-22,0.88,1.49,2.07,2.46,2.83,-0.2037660904590907,0.2096744801149501,1.1338135125845108,1.9502900000997363,2.239395341909497,-0.021,0.017,0.237,0.932,1.208
2016-01-29,0.76,1.33,1.94,2.36,2.75,-0.2361495337811661,0.1120929627668001,0.979923622251718,1.779366668174719,2.065053610563872,-0.083,-0.071,0.104,0.833,1.103
2016-02-05,0.74,1.25,1.86,2.27,2.68,-0.2435600465609066,0.1337730020449665,1.0002142317212055,1.79424298501997,2.0786092178727005,-0.193,-0.186,0.036,0.785,1.11
2016-02-12,0.71,1.2,1.74,2.15,2.6,-0.215567879610429,0.1773917697180511,1.0150876929954098,1.7769635924481877,2.050117257321833,-0.164,-0.147,0.086,0.824,1.177
2016-02-19,0.76,1.24,1.76,2.17,2.61,-0.22450099108433,0.1377555687812091,0.9565233734026002,1.7161660875110485,1.9896507008572224,-0.212,-0.169,0.016,0.738,1.062
2016-02-26,0.8,1.23,1.76,2.2,2.63,-0.2523311948787228,0.0885263648033518,0.8982718064686992,1.6738428064000583,1.9561284189391135,-0.236,-0.218,-0.055,0.58,0.907
2016-03-04,0.88,1.38,1.88,2.29,2.7,-0.274134494442201,0.0649826628399878,0.9374603378385188,1.755810999693603,2.049503594952535,-0.203,-0.184,-0.042,0.467,0.777
2016-03-11,0.97,1.49,1.98,2.34,2.75,-0.2368115739329628,0.0704304880549706,0.9073375009317796,1.7172298034831934,2.0098942844216947,-0.163,-0.149,-0.016,0.557,0.791
2016-03-18,0.84,1.34,1.88,2.26,2.68,-0.2340110265008448,0.0415385371334444,0.8396589781767716,1.6072090602913565,1.883012484124198,-0.22,-0.22,-0.101,0.347,0.475
2016-03-25,0.89,1.39,1.91,2.28,2.67,-0.2334733183244477,0.0537190312266542,0.8345738132046883,1.5950324044740012,1.8702287346721111,-0.224,-0.237,-0.1,0.391,0.523
2016-04-01,0.76,1.24,1.79,2.2,2.62,-0.2588263722311481,0.0190923336214314,0.762825757500317,1.507474588254365,1.7800587708374636,-0.214,-0.214,-0.065,0.373,0.43
2016-04-08,0.7,1.16,1.72,2.13,2.55,-0.2623693881256699,0.0357210882268717,0.783408078467347,1.529220199241609,1.803092256129488,-0.241,-0.232,-0.083,0.329,0.44
2016-04-15,0.74,1.22,1.76,2.14,2.56,-0.2644702227539479,0.0413038492833273,0.8148727590493321,1.5724310680734366,1.84793083197616,-0.254,-0.231,-0.113,0.311,0.41
2016-04-22,0.84,1.37,1.89,2.3,2.7,-0.2474931552575778,0.0855385778885864,0.91941680245679,1.7145527337490902,2.000866860177876,-0.28,-0.272,-0.123,0.297,0.354
2016-04-29,0.77,1.28,1.83,2.26,2.66,-0.2596803183772564,0.1153292018308231,0.9702500759210206,1.7733749095867828,2.0626568604524658,-0.244,-0.206,-0.082,0.297,0.349
2016-05-06,0.74,1.23,1.79,2.2,2.62,-0.2968028910612847,0.0710738320064745,0.8849418555366633,1.6830247218597765,1.9759547601354488,-0.247,-0.238,-0.117,0.234,0.288
2016-05-13,0.76,1.22,1.71,2.14,2.55,-0.3042453975338546,0.0528974434733058,0.8619475871648206,1.6724619966550618,1.9719252339430056,-0.253,-0.235,-0.11,0.276,0.365
2016-05-20,0.89,1.38,1.85,2.24,2.63,-0.2930857128493649,0.0757583761717253,0.874776900988782,1.6792505708433092,1.977877026553436,-0.236,-0.225,-0.102,0.269,0.344
2016-05-27,0.9,1.39,1.85,2.25,2.65,-0.3189551872262033,0.020540264849302,0.7969654019679115,1.61025958457442,1.916751663398372,-0.24,-0.236,-0.113,0.249,0.326
2016-06-03,0.78,1.23,1.71,2.09,2.52,-0.3162408519923811,0.0132423319649248,0.7695369475810931,1.5375404681692828,1.8224079070017432,-0.24,-0.231,-0.108,0.254,0.33
2016-06-10,0.73,1.17,1.64,2.02,2.44,-0.3101644269890755,0.0129020576045526,0.7146414447605292,1.395298350506613,1.644733396853387,-0.271,-0.269,-0.158,0.195,0.271
2016-06-17,0.7,1.13,1.62,1.99,2.43,-0.2945522297198621,0.042207024156184,0.7629350546835676,1.4484311680627475,1.6989285457885193,-0.255,-0.249,-0.157,0.174,0.232
2016-06-24,0.64,1.08,1.57,1.96,2.42,-0.2982878038795693,0.0022373580878571,0.7241769881500426,1.388081646564939,1.6251879138635847,-0.289,-0.29,-0.201,0.112,0.133
2016-07-01,0.59,1.0,1.46,1.81,2.24,-0.4104308389298801,-0.1460081201129348,0.5094976287805739,1.1549762058596738,1.3907236067171245,-0.329,-0.361,-0.262,0.043,0.103
2016-07-08,0.61,0.95,1.37,1.69,2.11,-0.4071536362353747,-0.1759133195108457,0.4646318268068681,1.0937820241267735,1.3219817959511668,-0.354,-0.374,-0.293,0.043,0.088
2016-07-15,0.71,1.15,1.6,1.9,2.3,-0.372774841150532,-0.1337411560950432,0.5415692170359483,1.194716047065299,1.4301166427240388,-0.333,-0.317,-0.234,0.134,0.188
2016-07-22,0.71,1.13,1.57,1.9,2.29,-0.3618549894596228,-0.128766242741241,0.5492888613816049,1.1792544996800491,1.4032424628727882,-0.333,-0.338,-0.229,0.179,0.257
2016-07-29,0.67,1.03,1.46,1.78,2.18,-0.3765862025904329,-0.1618360889681103,0.4686271878214212,1.0580460206793898,1.268197512024024,-0.251,-0.261,-0.178,0.184,0.263
2016-08-05,0.72,1.13,1.59,1.91,2.32,-0.4023697538393822,-0.1625911538024667,0.4684976092179669,1.0886208068538732,1.3144475297986662,-0.193,-0.19,-0.096,0.285,0.383
2016-08-12,0.71,1.1,1.51,1.85,2.23,-0.4091034306321646,-0.2004547978740252,0.4074558036147317,1.0343201561149602,1.265456876571807,-0.197,-0.185,-0.106,0.25,0.35
2016-08-19,0.76,1.17,1.58,1.93,2.29,-0.3993577439743028,-0.1722032746172139,0.4494360117543472,1.0701518884876435,1.296740695278253,-0.206,-0.184,-0.084,0.269,0.323
2016-08-26,0.84,1.23,1.62,1.96,2.29,-0.3982282635626593,-0.179485937536926,0.4602678565600495,1.0632541052786535,1.2785560240528988,-0.178,-0.174,-0.068,0.274,0.343
2016-09-02,0.8,1.2,1.6,1.95,2.28,-0.3916588177528854,-0.1470507225550861,0.5048683299104804,1.1403911042564232,1.370581725499826,-0.187,-0.156,-0.027,0.396,0.494
2016-09-09,0.79,1.23,1.67,2.05,2.39,-0.3779190731964679,-0.1357185995973395,0.5412066889950706,1.23440162263862,1.4893358583481198,-0.204,-0.16,-0.02,0.431,0.509
2016-09-16,0.77,1.21,1.7,2.1,2.44,-0.3838780727260982,-0.1222256980525244,0.5830809391695047,1.2931975492760692,1.5531873251111783,-0.269,-0.206,-0.04,0.452,0.551
2016-09-23,0.77,1.16,1.62,2.02,2.34,-0.4028819521333755,-0.1804219306276824,0.4827423989014399,1.131453113131585,1.365633650123876,-0.222,-0.189,-0.054,0.375,0.467
2016-09-30,0.77,1.14,1.6,1.99,2.32,-0.4212131176631981,-0.2142261614622747,0.4399811713366484,1.090837942542612,1.3261669634183495,-0.289,-0.249,-0.084,0.361,0.457
2016-10-07,0.83,1.26,1.73,2.14,2.46,-0.4176214917530565,-0.1224228642304474,0.5742003250015513,1.267528329021084,1.5222517139274738,-0.28,-0.221,-0.068,0.391,0.505
2016-10-14,0.84,1.28,1.8,2.22,2.55,-0.3917703573671716,-0.0931970160965693,0.6072366749748488,1.3143463351194071,1.5753728160809204,-0.273,-0.21,-0.056,0.387,0.496
2016-10-21,0.84,1.25,1.74,2.15,2.48,-0.4035793136321324,-0.1155238176918178,0.569813484165822,1.2469127469254864,1.4934314339175532,-0.256,-0.205,-0.056,0.387,0.496
2016-10-28,0.86,1.33,1.86,2.27,2.62,-0.3345862874026224,0.0214582769755811,0.7642293772268021,1.4762070163708896,1.7346925290624324,-0.248,-0.189,-0.045,0.394,0.516
2016-11-04,0.8,1.24,1.79,2.22,2.56,-0.3717338430343702,0.005190685224516,0.7541929654056396,1.4460520796119178,1.69502978892338,-0.264,-0.209,-0.059,0.369,0.487
2016-11-11,0.92,1.56,2.15,2.58,2.94,-0.2985642532129695,0.1774091091721796,1.0122285587190003,1.7497512404244002,2.0131340629772168,-0.248,-0.174,-0.027,0.405,0.526
2016-11-18,1.07,1.8,2.34,2.7,3.01,-0.3090967534004001,0.1965805006822272,1.024687102970768,1.7260289710706749,1.9741780822681876,-0.166,-0.09,0.044,0.483,0.594
2016-11-25,1.12,1.83,2.36,2.71,3.01,-0.3197059795631389,0.2110713956225218,1.068407898759812,1.792563730776538,2.049062632785617,-0.142,-0.081,0.039,0.483,0.599
2016-12-02,1.11,1.84,2.4,2.78,3.08,-0.3242909579579116,0.1902027410257343,1.0536492052556363,1.8116023504130945,2.0831970138463816,-0.179,-0.1,0.034,0.485,0.589
2016-12-09,1.15,1.89,2.47,2.87,3.16,-0.4040932238296477,0.127735813038095,1.076002502978881,1.8834216715655367,2.1690136621684575,-0.189,-0.086,0.05,0.567,0.691
2016-12-16,1.28,2.07,2.6,2.91,3.19,-0.4200731584975443,0.0457807092902893,1.004413670008126,1.7676934632191768,2.031209654167374,-0.18,-0.063,0.076,0.571,0.66
2016-12-23,1.22,2.04,2.55,2.86,3.12,-0.4573563448790541,0.0225546779921295,0.9322015579970762,1.671786364304416,1.9291327337690651,-0.181,-0.09,0.051,0.567,0.664
2016-12-30,1.2,1.93,2.45,2.79,3.06,-0.4594093714081282,0.0079036014766344,0.9320327216642204,1.6909919717177448,1.9553794874052288,-0.187,-0.114,0.043,0.573,0.701
2017-01-06,1.22,1.92,2.42,2.73,3.0,-0.3942074664961215,0.1026469644115941,1.0752500083268686,1.8557167662145089,2.1261219214962317,-0.213,-0.125,0.053,0.592,0.724
2017-01-13,1.21,1.9,2.4,2.71,2.99,-0.4009305566371051,0.0657224608547206,1.0243060859283757,1.859480352299922,2.154755229128684,-0.224,-0.132,0.049,0.593,0.719
2017-01-20,1.2,1.95,2.48,2.79,3.05,-0.3629666013838708,0.1064709275588917,1.1270261783568696,1.9810744410148249,2.27920134370317,-0.235,-0.126,0.065,0.633,0.778
2017-01-27,1.22,1.94,2.49,2.8,3.06,-0.3340727880501077,0.2290867208137683,1.2491807027819872,2.0482893704196083,2.32445142478853,-0.2,-0.101,0.08,0.653,0.814
2017-02-03,1.21,1.93,2.49,2.82,3.11,-0.379167447423935,0.2197573278404867,1.2760387471701191,2.1083759320821054,2.396836007167848,-0.231,-0.096,0.102,0.686,0.84
2017-02-10,1.2,1.89,2.41,2.75,3.01,-0.4058342735496936,0.2320673139381472,1.2392121640781104,2.067131267732309,2.3597661738747338,-0.214,-0.088,0.086,0.667,0.827
2017-02-17,1.21,1.92,2.42,2.78,3.03,-0.3948879140669916,0.2007053326834178,1.1935873997532171,2.0143333418342517,2.303016814330773,-0.244,-0.097,0.093,0.705,0.886
2017-02-24,1.12,1.8,2.31,2.69,2.95,-0.3951241128081459,0.1715874452487913,1.1487042803602645,1.9577174624933744,2.2419345879950727,-0.265,-0.131,0.067,0.65,0.823
2017-03-03,1.32,2.02,2.49,2.83,3.08,-0.405710654497124,0.1861255756922464,1.187390250036687,1.9742194335063563,2.246891356843389,-0.291,-0.149,0.068,0.661,0.828
2017-03-10,1.36,2.11,2.58,2.94,3.16,-0.353854659483293,0.3059222498451586,1.3255037756960544,2.161361083669197,2.4553829410391814,-0.264,-0.119,0.085,0.681,0.858
2017-03-17,1.33,2.03,2.5,2.86,3.11,-0.3149267303076666,0.3380012987052332,1.3570543399500394,2.119084333956155,2.3805062712182665,-0.265,-0.135,0.071,0.653,0.832
2017-03-24,1.26,1.93,2.4,2.74,3.0,-0.3359352667547881,0.2700946951978853,1.2724635875379704,2.03332967779504,2.2947614353544026,-0.264,-0.155,0.061,0.644,0.832
2017-03-31,1.27,1.93,2.4,2.76,3.02,-0.322063713558542,0.2284823705941878,1.1904304577001232,1.9826570261000525,2.2598184949348803,-0.204,-0.124,0.067,0.635,0.841
2017-04-07,1.29,1.92,2.38,2.74,3.0,-0.3886814744592133,0.136159576607671,1.0931122590195184,1.900760989771482,2.1853469924923035,-0.219,-0.152,0.048,0.621,0.828
2017-04-14,1.21,1.77,2.24,2.62,2.89,-0.3496685258218956,0.185009107958523,1.1091061063896976,1.8896208922605375,2.16526432353939,-0.224,-0.165,0.013,0.569,0.765
2017-04-21,1.2,1.77,2.24,2.61,2.89,-0.3301431442887388,0.2189226212537889,1.124478398191484,1.900634640913537,2.1770962489869374,-0.222,-0.173,0.014,0.555,0.761
2017-04-28,1.28,1.81,2.29,2.67,2.96,-0.3534830867089837,0.1917644576633819,1.11686758459318,1.932285907202404,2.2251253597317864,-0.207,-0.162,0.016,0.562,0.78
2017-05-05,1.32,1.89,2.36,2.73,2.99,-0.3626452359259939,0.2039342665117054,1.112571134325334,1.9329191887343289,2.2325751088471955,-0.202,-0.156,0.022,0.572,0.794
2017-05-12,1.29,1.85,2.33,2.74,2.98,-0.3604176853924379,0.217628338859452,1.15693180337123,1.98874472461463,2.289836768744509,-0.178,-0.12,0.046,0.612,0.836
2017-05-19,1.28,1.79,2.23,2.63,2.9,-0.3788694426940058,0.151553618086492,1.0863883546275384,1.9509929371728516,2.2666760429008783,-0.161,-0.121,0.043,0.569,0.794
2017-05-26,1.3,1.79,2.25,2.65,2.92,-0.3749874617512532,0.1383319569724186,1.045441306534971,1.8929579906690028,2.203658465057074,-0.168,-0.123,0.044,0.566,0.795
2017-06-02,1.28,1.71,2.15,2.53,2.8,-0.3662940687351543,0.1767968260775614,1.1157947273728164,1.9467630449321924,2.2450240701036934,-0.155,-0.108,0.047,0.581,0.809
2017-06-09,1.35,1.77,2.21,2.59,2.86,-0.4101407041170564,0.0890866732650792,0.9894125745531976,1.9042478565634724,2.2551105986624966,-0.108,-0.08,0.05,0.576,0.818
2017-06-16,1.32,1.75,2.16,2.52,2.78,-0.3912166754942241,0.1091392995408,0.9797367463741616,1.8004254150292294,2.10292493448988,-0.12,-0.08,0.05,0.562,0.805
2017-06-23,1.34,1.77,2.15,2.48,2.71,-0.3993970125913222,0.0770197310858051,0.9304507437244584,1.7442591432845838,2.044695190426484,-0.103,-0.08,0.051,0.563,0.796
2017-06-30,1.38,1.89,2.31,2.61,2.84,-0.3362906842498461,0.2541033477695062,1.161612132570772,1.9403805310275295,2.219118726669927,-0.115,-0.068,0.086,0.592,0.842
2017-07-07,1.4,1.95,2.39,2.71,2.93,-0.3289805064321385,0.3599017804406816,1.2990807366426873,2.060356597115825,2.3309712651841243,-0.102,-0.042,0.088,0.616,0.878
2017-07-14,1.35,1.87,2.33,2.67,2.91,-0.3305533698451324,0.2986669697504229,1.2082622716567588,2.02588137378239,2.3284519986150105,-0.109,-0.049,0.078,0.599,0.861
2017-07-21,1.36,1.81,2.24,2.57,2.81,-0.3577562699586796,0.2253588309690393,1.1167267161394872,1.9097563957846164,2.199036601601421,-0.116,-0.063,0.068,0.591,0.857
2017-07-28,1.34,1.83,2.3,2.65,2.89,-0.3793841663561004,0.2455900799391219,1.1831778615456194,1.9716692237571631,2.2531369103636907,-0.117,-0.064,0.074,0.588,0.857
2017-08-04,1.36,1.82,2.27,2.61,2.84,-0.385495923870085,0.1985692478661231,1.1003198441484183,1.8642320352833863,2.136471428096637,-0.113,-0.062,0.065,0.578,0.862
2017-08-11,1.3,1.74,2.19,2.55,2.79,-0.3988407534697415,0.1735239270938127,1.0617078984075814,1.8493310189510384,2.1358853458063245,-0.114,-0.066,0.06,0.569,0.843
2017-08-18,1.33,1.77,2.19,2.54,2.78,-0.3973222603155033,0.1695535635082077,1.0784772728367011,1.8603132772337196,2.1397299427302836,-0.131,-0.096,0.043,0.571,0.848
2017-08-25,1.35,1.77,2.17,2.51,2.75,-0.3819912013749817,0.2109883235364122,1.1259254916093635,1.9088244967052803,2.189027140898216,-0.157,-0.131,0.018,0.552,0.83
2017-09-01,1.35,1.73,2.16,2.51,2.77,-0.402456035992234,0.1660528958249525,1.0876507688989232,1.9033769094400244,2.1983652308834056,-0.165,-0.146,0.005,0.544,0.822
2017-09-08,1.27,1.64,2.06,2.41,2.67,-0.426157540295085,0.1290980468605553,1.037355249857871,1.813491963655386,2.0899288272960974,-0.162,-0.155,-0.012,0.535,0.804
2017-09-15,1.39,1.81,2.2,2.52,2.77,-0.3926889253840979,0.199249513801897,1.119880161784666,1.934490254662504,2.230917504672897,-0.15,-0.125,0.015,0.547,0.823
2017-09-22,1.46,1.88,2.26,2.57,2.8,-0.3923240814444568,0.2321262026349551,1.195680589550471,1.9395765347540752,2.1971133425227034,-0.137,-0.116,0.021,0.543,0.814
2017-09-29,1.47,1.92,2.33,2.63,2.86,-0.4016274485324285,0.2312412025084711,1.215866700524808,1.9670200783026504,2.226191673567814,-0.12,-0.078,0.062,0.578,0.855
2017-10-06,1.54,1.97,2.37,2.68,2.91,-0.3740333750198292,0.2853925731806477,1.2643178910489796,2.0230315159209984,2.286448064852796,-0.14,-0.099,0.053,0.593,0.873
2017-10-13,1.51,1.91,2.28,2.58,2.81,-0.4008093696274368,0.2045620116858746,1.135466878357116,1.8913696846921584,2.1569597837558496,-0.144,-0.089,0.063,0.594,0.865
2017-10-20,1.6,2.03,2.39,2.67,2.89,-0.4089887790353259,0.2120872648115721,1.1627758717226753,1.937267702394331,2.210002047070712,-0.136,-0.084,0.074,0.604,0.879
2017-10-27,1.59,2.03,2.42,2.71,2.93,-0.433007885101663,0.1546928242466165,1.1199573775687304,1.9130340478941783,2.1915538813013717,-0.149,-0.091,0.07,0.601,0.865
2017-11-03,1.63,1.99,2.34,2.59,2.82,-0.4520954004197985,0.0945969597627218,1.0120778489173317,1.7987145870665833,2.078555352534715,-0.163,-0.097,0.055,0.592,0.843
2017-11-10,1.67,2.06,2.4,2.67,2.88,-0.4543292789536632,0.1172305506344244,1.0787047775361636,1.8742400898032423,2.153779800171242,-0.179,-0.113,0.042,0.578,0.803
2017-11-17,1.73,2.06,2.35,2.59,2.78,-0.4601448031685677,0.1061653063049465,1.062065438083888,1.855940867479985,2.1351374885002494,-0.195,-0.121,0.038,0.58,0.823
2017-11-24,1.75,2.07,2.34,2.58,2.76,-0.4507880866877976,0.1209646185436277,1.0450837619952082,1.802612662892484,2.06868717782265,-0.188,-0.132,0.035,0.576,0.826
2017-12-01,1.78,2.13,2.37,2.58,2.76,-0.4624135539064546,0.084161672812062,0.9740924517317184,1.738315912875127,2.0109436001147447,-0.16,-0.119,0.04,0.581,0.831
2017-12-08,1.8,2.14,2.38,2.59,2.77,-0.5002420095770823,0.0322879839514023,0.9471742825617486,1.714176681114948,1.9846221380938025,-0.153,-0.113,0.044,0.575,0.813
2017-12-15,1.84,2.16,2.35,2.52,2.68,-0.4570551963708045,0.100073702802625,0.9913085314420922,1.7390981621038657,2.003565511778655,-0.155,-0.115,0.04,0.567,0.805
2017-12-22,1.91,2.26,2.48,2.68,2.83,-0.4185113389809967,0.1756233387944572,1.0729777203385744,1.8190210909332976,2.082912809449694,-0.147,-0.108,0.046,0.568,0.814
2017-12-29,1.89,2.2,2.4,2.58,2.74,-0.3789410619645021,0.2477550710644465,1.1345026380946894,1.89252139765623,2.165932190730387,-0.14,-0.104,0.047,0.568,0.805
2018-01-05,1.96,2.29,2.47,2.64,2.81,-0.3831090821218854,0.2193084326690435,1.1260652419143344,1.873982924465301,2.1382726630454822,-0.138,-0.099,0.057,0.577,0.815
2018-01-12,1.99,2.35,2.55,2.71,2.85,-0.3347684502888182,0.2957147051650484,1.1837130131960762,1.9072282063697965,2.1637177173770157,-0.134,-0.083,0.073,0.589,0.828
2018-01-19,2.06,2.45,2.64,2.78,2.91,-0.3501530904375123,0.2754804808746076,1.160148912141672,1.8961385505630697,2.1589533131008225,-0.136,-0.083,0.079,0.594,0.824
2018-01-26,2.13,2.47,2.66,2.79,2.91,-0.3221909358722179,0.3374460481326533,1.1820807746933628,1.8636025725111784,2.107231205173722,-0.132,-0.085,0.074,0.582,0.811
2018-02-02,2.15,2.58,2.84,2.97,3.08,-0.3161266602089725,0.4032119168624195,1.2687958282402594,1.9100520566468644,2.1329241807783736,-0.131,-0.078,0.085,0.592,0.816
2018-02-09,2.05,2.52,2.83,3.02,3.14,-0.3362076348418412,0.4066675509555377,1.2881236136186347,1.9105033762457708,2.123930797616688,-0.149,-0.086,0.071,0.586,0.807
2018-02-16,2.21,2.63,2.87,3.02,3.13,-0.3304981731095875,0.3956054205132755,1.2828506059155522,1.9282885250274344,2.1509044616297968,-0.16,-0.102,0.062,0.568,0.789
2018-02-23,2.25,2.62,2.88,3.04,3.16,-0.3241239973057652,0.388363488860513,1.2591332321456186,1.9268032912789408,2.161801661416231,-0.153,-0.107,0.053,0.554,0.758
2018-03-02,2.25,2.63,2.86,3.02,3.14,-0.3492599004143226,0.3560293111443293,1.2063268777749876,1.848264067301535,2.073349466668697,-0.155,-0.099,0.063,0.565,0.767
2018-03-09,2.27,2.65,2.9,3.04,3.16,-0.3388967031274514,0.3522117324339149,1.1910271154838838,1.859168489423399,2.0987834089124724,-0.157,-0.115,0.044,0.547,0.759
2018-03-16,2.31,2.65,2.85,2.96,3.08,-0.3543289971108176,0.3114573336462261,1.1301619949378097,1.7941860531196934,2.0339521736637973,-0.15,-0.115,0.031,0.533,0.759
2018-03-23,2.28,2.61,2.82,2.94,3.06,-0.3851931489872999,0.266197668089438,1.0844906408534758,1.7334196206074326,1.9652115971524955,-0.157,-0.125,0.016,0.515,0.741
2018-03-30,2.27,2.56,2.74,2.85,2.97,-0.4077455355399095,0.2049411957350813,1.0196917262231526,1.6954426838049663,1.9401219952725155,-0.137,-0.108,0.043,0.525,0.741
2018-04-06,2.27,2.58,2.77,2.89,3.01,-0.3917195505098281,0.2237277072925501,1.044045252163638,1.7189429940334149,1.9586186308861635,-0.143,-0.115,0.038,0.522,0.746
2018-04-13,2.37,2.67,2.82,2.91,3.03,-0.3729880567515753,0.2361034247567879,1.0655177138955327,1.7445891585724826,1.9688358134810588,-0.159,-0.113,0.033,0.504,0.705
2018-04-20,2.46,2.8,2.96,3.04,3.14,-0.357515863398099,0.2715723947666149,1.1101674945856068,1.7813465572194156,2.0038019956251913,-0.131,-0.093,0.059,0.533,0.733
2018-04-27,2.49,2.8,2.96,3.03,3.13,-0.3750147627686395,0.2467776883465475,1.071904244640466,1.7445859740847762,1.9829193657954545,-0.137,-0.102,0.055,0.533,0.747
2018-05-04,2.51,2.78,2.95,3.02,3.12,-0.371932184047079,0.2403031033776397,1.0781649098473505,1.7680604850735646,2.0062048387230984,-0.138,-0.109,0.045,0.52,0.733
2018-05-11,2.54,2.84,2.97,3.03,3.1,-0.3443104664624172,0.274284140060784,1.09467761658766,1.7901505628966063,2.044385834864752,-0.138,-0.108,0.047,0.525,0.743
2018-05-18,2.55,2.9,3.06,3.14,3.2,-0.2616654688402224,0.3723182447703497,1.189927820865881,1.9081702544005337,2.177249153139215,-0.135,-0.101,0.062,0.545,0.766
2018-05-25,2.48,2.76,2.93,3.01,3.09,-0.1311968471791154,0.4250546258587793,1.1485170261734616,1.8846679302173968,2.1832065173685007,-0.143,-0.116,0.043,0.522,0.748
2018-06-01,2.47,2.74,2.89,2.96,3.04,-0.0553945693891044,0.4880374479835705,1.1467927324007068,1.830864115070674,2.122052302837118,-0.145,-0.108,0.05,0.517,0.725
2018-06-08,2.5,2.77,2.93,3.0,3.08,0.121868856991953,0.6393867564966644,1.156191358704584,1.834805699597572,2.277864143822807,-0.127,-0.096,0.051,0.518,0.722
2018-06-15,2.55,2.81,2.93,2.98,3.05,-0.1246216904640951,0.3648190963879347,1.0177033690755,1.8241808209479,2.2407854827768148,-0.138,-0.108,0.041,0.509,0.721
2018-06-22,2.56,2.77,2.9,2.97,3.04,-0.0949518951935992,0.4065781975262705,1.04837073599254,1.8342189698303544,2.248375049256583,-0.136,-0.114,0.039,0.504,0.716
2018-06-29,2.52,2.73,2.85,2.91,2.98,-0.1027619481779051,0.3915874787493276,1.0248257219705152,1.8081508390354113,2.211228573480964,-0.129,-0.112,0.04,0.505,0.718
2018-07-06,2.53,2.71,2.82,2.87,2.94,-0.0867605241181648,0.4032928652668879,1.0002227763659928,1.7347370226859429,2.115073793411428,-0.132,-0.116,0.027,0.486,0.681
2018-07-13,2.59,2.73,2.83,2.87,2.94,-0.1275625146251275,0.3627648996223467,1.0021870118316,1.778619348529446,2.1663783913947254,-0.133,-0.109,0.038,0.488,0.683
2018-07-20,2.6,2.77,2.89,2.96,3.03,-0.1111857504086124,0.3578364792433799,0.988334631881452,1.769625078825845,2.1378635111259756,-0.127,-0.107,0.034,0.479,0.683
2018-07-27,2.67,2.84,2.96,3.03,3.09,-0.07636517814288,0.3935350031660771,0.9922979943112828,1.7791046797794552,2.1947348960490016,-0.118,-0.091,0.101,0.586,0.802
2018-08-03,2.63,2.82,2.95,3.03,3.09,-0.0206627280253126,0.459115629756571,1.103311401139372,1.881125452658682,2.2316884741620813,-0.11,-0.074,0.11,0.618,0.833
2018-08-10,2.61,2.75,2.87,2.96,3.03,0.0047209762900948,0.5156260750724098,1.1313859819710803,1.8222401535124533,2.13206565211829,-0.117,-0.075,0.105,0.609,0.829
2018-08-17,2.61,2.75,2.87,2.95,3.03,0.0512269331639796,0.5629700950593204,1.1692993552152782,1.855756256518215,2.1659191863241887,-0.129,-0.085,0.099,0.615,0.834
2018-08-24,2.63,2.72,2.82,2.89,2.97,0.0245778225748622,0.5306517709453598,1.1492726233823856,1.87079499347782,2.186701258102969,-0.116,-0.076,0.106,0.61,0.826
2018-08-31,2.62,2.74,2.86,2.95,3.02,0.1221796146092284,0.6412312610995272,1.2125636785656582,1.865093221638758,2.1756817206565833,-0.119,-0.073,0.11,0.62,0.834
2018-09-07,2.71,2.82,2.94,3.03,3.11,0.0123573731631356,0.5532241286746533,1.152257789592101,1.7969469404679792,2.087572708526926,-0.112,-0.07,0.116,0.613,0.83
2018-09-14,2.78,2.9,2.99,3.07,3.13,0.0037815837303174,0.564063725914318,1.204245291774134,1.8585310461824172,2.1414439189357335,-0.113,-0.064,0.117,0.615,0.826
2018-09-21,2.81,2.95,3.07,3.14,3.2,-0.0322342681039984,0.5628292559110495,1.2365118332350598,1.8077314396750284,2.0211949658586073,-0.104,-0.053,0.14,0.646,0.871
2018-09-28,2.81,2.94,3.05,3.13,3.19,0.1351407803775615,0.6939616806473516,1.257266484995906,1.8481308062458135,2.1236405347105007,-0.114,-0.065,0.134,0.656,0.89
2018-10-05,2.88,3.07,3.23,3.34,3.4,0.192082612875609,0.8058602143706661,1.3581866562939613,1.931481206935049,2.2049782332329873,-0.121,-0.058,0.148,0.675,0.922
2018-10-12,2.85,3.0,3.15,3.25,3.32,0.2377620730574099,0.8476770908148996,1.365796893300697,1.935638582639136,2.233378723605302,-0.117,-0.056,0.149,0.673,0.906
2018-10-19,2.92,3.05,3.2,3.31,3.38,0.2430387823713617,0.8555820216594032,1.3802515892920333,1.952084226869533,2.245803699777519,-0.119,-0.055,0.15,0.684,0.91
2018-10-26,2.81,2.91,3.08,3.23,3.32,0.1093139042006434,0.7069695902026361,1.293685455536112,1.85433355591492,2.105596195325485,-0.124,-0.082,0.115,0.638,0.866
2018-11-02,2.91,3.04,3.22,3.37,3.46,0.0965026937837176,0.7403189719893977,1.2940409732235718,1.7703003767471277,1.983636575423172,-0.13,-0.077,0.132,0.662,0.879
2018-11-09,2.94,3.05,3.19,3.32,3.4,0.0976217005175232,0.732849580785043,1.275805445849894,1.829750108265939,2.114429565385416,-0.137,-0.082,0.129,0.669,0.889
2018-11-16,2.81,2.9,3.08,3.23,3.33,0.119622409409728,0.7667381587395372,1.3270036240300715,1.8898550979159197,2.1734183264691547,-0.144,-0.09,0.11,0.641,0.862
2018-11-23,2.81,2.88,3.05,3.21,3.31,0.0726476009387973,0.7043961699908294,1.2905319903878691,1.8760327233426208,2.1599581953579134,-0.142,-0.1,0.102,0.617,0.83
2018-11-30,2.8,2.84,3.01,3.19,3.3,-0.0074789852494934,0.5810967000711287,1.2110969455821152,1.8517721931783333,2.1442646778652117,-0.135,-0.102,0.097,0.6,0.821
2018-12-07,2.72,2.7,2.85,3.01,3.14,-0.0080114721215887,0.5506424060527308,1.194368932169981,1.8872601384726264,2.2120659015847055,-0.141,-0.124,0.068,0.594,0.817
2018-12-14,2.73,2.73,2.89,3.03,3.14,-0.0212432546682528,0.5054421260664377,1.1452231999657825,1.876840459937748,2.1976132411693503,-0.153,-0.132,0.043,0.564,0.794
2018-12-21,2.63,2.64,2.79,2.92,3.03,-0.0838858449880994,0.4628491258023679,1.140843799047042,1.829888753523389,2.104360750335524,-0.143,-0.124,0.053,0.55,0.757
2018-12-28,2.52,2.56,2.72,2.89,3.04,-0.1050328296166704,0.4617534496940489,1.1653486888195177,1.8452772066754448,2.117908487357127,-0.139,-0.152,0.013,0.507,0.724
2019-01-04,2.5,2.49,2.67,2.83,2.98,-0.0837660671131526,0.4766140684434914,1.1877258873681962,1.86783879489611,2.1383327016044356,-0.176,-0.188,-0.023,0.463,0.677
2019-01-11,2.55,2.52,2.71,2.9,3.04,-0.0582649050304322,0.4162221986805958,1.041574056872118,1.8029654025156023,2.163978441016513,-0.153,-0.15,0.014,0.488,0.696
2019-01-18,2.62,2.62,2.79,2.95,3.09,-0.1288845860138994,0.3616604279825934,1.0406377828117577,1.821122260993856,2.1789194244956684,-0.17,-0.159,0.01,0.486,0.692
2019-01-25,2.6,2.59,2.76,2.92,3.06,-0.1296522746078836,0.3000203391319678,0.9192617012615752,1.7151472737110725,2.110218084014356,-0.168,-0.164,-0.001,0.46,0.66
2019-02-01,2.52,2.51,2.7,2.88,3.03,-0.0826322482683097,0.3262233400947152,0.8998624170752554,1.672033822844957,2.0712749043987992,-0.179,-0.179,-0.019,0.417,0.604
2019-02-08,2.45,2.44,2.63,2.82,2.97,0.0107540837451396,0.4019954698083543,0.9148204355619338,1.70972643131432,2.1498914532273705,-0.166,-0.169,-0.024,0.413,0.589
2019-02-15,2.52,2.49,2.66,2.84,3.0,-0.0512454146832426,0.3422883158682324,0.8972032536617811,1.7122401454359184,2.147283246070943,-0.169,-0.17,-0.016,0.42,0.6
2019-02-22,2.48,2.47,2.65,2.86,3.02,-0.0484230601935156,0.3357234176253616,0.8706629287759995,1.679883333741893,2.119946544467975,-0.178,-0.182,-0.037,0.406,0.586
2019-03-01,2.55,2.56,2.76,2.97,3.13,-0.0645399309009175,0.3755586344602326,1.0029913481417283,1.7926469855550295,2.15977463636787,-0.15,-0.154,-0.004,0.439,0.628
2019-03-08,2.45,2.42,2.62,2.83,3.0,-0.1530040663393768,0.2199124223032331,0.7958079014387489,1.613141974696176,2.0245008131752575,-0.147,-0.154,-0.028,0.405,0.591
2019-03-15,2.43,2.4,2.59,2.83,3.02,-0.1252895502508031,0.2410051275061904,0.7800412326065795,1.6260372325694052,2.0994836626181423,-0.165,-0.171,-0.028,0.407,0.582
2019-03-22,2.31,2.24,2.44,2.69,2.88,-0.1299344423524338,0.2187182534563709,0.7291765445292357,1.561019054501655,2.038259716017431,-0.178,-0.188,-0.061,0.363,0.535
2019-03-29,2.27,2.23,2.41,2.63,2.81,-0.1425397072315375,0.2150556937919696,0.7476090398766826,1.5175418171007546,1.9139780555922332,-0.183,-0.202,-0.082,0.344,0.513
2019-04-05,2.35,2.31,2.5,2.72,2.91,-0.1157759703137273,0.2254590914081573,0.7143763912229364,1.5111522945894116,1.958931895571454,-0.156,-0.158,-0.032,0.385,0.542
2019-04-12,2.4,2.38,2.56,2.78,2.97,-0.1313371163911432,0.1998709903809534,0.6881172398672128,1.5072150399809612,1.9903503685664097,-0.169,-0.174,-0.051,0.365,0.515
2019-04-19,2.38,2.38,2.57,2.78,2.96,-0.1137488222731351,0.2410924144146,0.7282651731948273,1.4485571970617457,1.8847536526678457,-0.151,-0.155,-0.026,0.393,0.578
2019-04-26,2.28,2.29,2.51,2.74,2.92,-0.0972965318112422,0.246240532603672,0.7179165532596574,1.4372287549971865,1.8858478127887184,-0.153,-0.17,-0.045,0.374,0.557
2019-05-10,2.26,2.26,2.47,2.7,2.89,-0.1167368830507982,0.1971134686841131,0.6513653841005285,1.4457183535608764,1.9191948239305796,-0.158,-0.17,-0.044,0.37,0.535
2019-05-17,2.2,2.17,2.39,2.63,2.82,-0.1393154140966088,0.163166107295007,0.6051612915093352,1.339996384896864,1.7631877997051315,-0.164,-0.169,-0.053,0.356,0.525
2019-05-24,2.16,2.12,2.32,2.57,2.75,-0.1720762849964381,0.1194616388500326,0.5886486344395712,1.37575156967319,1.8202571508978136,-0.155,-0.174,-0.068,0.336,0.502
2019-05-31,1.95,1.93,2.14,2.39,2.58,-0.1238451402078855,0.1200239978375483,0.4993722319905411,1.25327914842413,1.7143721488682744,-0.179,-0.201,-0.092,0.298,0.456
2019-06-07,1.85,1.85,2.09,2.36,2.57,-0.1713671626856419,-0.0048284306945305,0.2941478092954135,1.0617083038087611,1.5871028913928011,-0.197,-0.229,-0.112,0.268,0.403
2019-06-14,1.84,1.85,2.09,2.38,2.59,-0.1677373691892696,-0.0057969502692651,0.3397385037249254,1.1619835627333908,1.6724748094817503,-0.206,-0.235,-0.122,0.248,0.371
2019-06-21,1.77,1.8,2.07,2.37,2.59,-0.217919982011717,-0.0631116946082217,0.2817903730523063,1.074344373632525,1.5529712131229916,-0.239,-0.277,-0.162,0.203,0.329
2019-06-28,1.75,1.76,2.0,2.31,2.52,-0.2311718384440735,-0.0966015585656236,0.2332534689047389,1.034359319761457,1.5206254824330296,-0.222,-0.262,-0.156,0.229,0.363
2019-07-05,1.87,1.84,2.04,2.34,2.54,-0.3029811420173112,-0.1740191438508196,0.1631815012749715,0.9370102792660616,1.4006145367755407,-0.211,-0.26,-0.17,0.205,0.334
2019-07-12,1.84,1.86,2.12,2.42,2.64,-0.300701811977254,-0.1203476563958863,0.2947917223480729,1.0837898856861576,1.5142417047362593,-0.184,-0.21,-0.118,0.256,0.386
2019-07-19,1.8,1.8,2.05,2.35,2.57,-0.3517519301518432,-0.2569325879390156,0.1281364790985026,0.9724968936050288,1.4373976323467534,-0.203,-0.236,-0.138,0.234,0.372
2019-07-26,1.86,1.85,2.08,2.38,2.59,-0.3775767735845425,-0.2752892175303496,0.111825854368158,0.9125523237121892,1.351144926679933,-0.212,-0.241,-0.153,0.214,0.358
2019-08-02,1.72,1.66,1.86,2.16,2.39,-0.3708978895359731,-0.3227662913975226,-0.0127004025823258,0.77610111048826,1.2299297935279614,-0.205,-0.258,-0.167,0.185,0.328
2019-08-09,1.63,1.57,1.74,2.03,2.26,-0.3313435361242103,-0.2757025978717542,-0.0519427679333741,0.6354701902690048,1.1089115074658709,-0.273,-0.309,-0.22,0.099,0.222
2019-08-16,1.48,1.42,1.55,1.82,2.01,-0.4169904879556463,-0.3946207333354343,-0.2167987555745174,0.3988164277713255,0.822383026482814,-0.279,-0.326,-0.236,0.085,0.186
2019-08-23,1.51,1.4,1.52,1.82,2.02,-0.4287429508126448,-0.3338491584426974,-0.0953621575812091,0.5186141677574314,0.9697828701006276,-0.301,-0.335,-0.235,0.104,0.211
2019-08-30,1.5,1.39,1.5,1.78,1.96,-0.5367709541018837,-0.4287643795035794,-0.1095066509231914,0.4467815524487442,0.7515923168595233,-0.307,-0.362,-0.275,0.05,0.146
2019-09-06,1.53,1.42,1.55,1.83,2.02,-0.5515957080458955,-0.4180712046219921,-0.0631740614372247,0.5294259267782433,0.8301334775069704,-0.302,-0.347,-0.243,0.107,0.206
2019-09-13,1.79,1.75,1.9,2.17,2.37,-0.4490518346353975,-0.3155259418535481,0.0479611545737519,0.6973551514275469,1.078907035358395,-0.251,-0.264,-0.15,0.206,0.341
2019-09-20,1.69,1.61,1.74,1.99,2.17,-0.4299820250510984,-0.3082257877633152,0.0252065467875759,0.6514780056771459,0.9858032160289454,-0.31,-0.345,-0.209,0.193,0.355
2019-09-27,1.63,1.56,1.69,1.95,2.13,-0.4700381650709215,-0.3552823002919876,-0.0360461052758118,0.5526131687241294,0.8785549600898843,-0.321,-0.368,-0.224,0.175,0.326
2019-10-04,1.4,1.34,1.52,1.81,2.01,-0.4882080261883081,-0.3746556471328981,-0.0413543431908642,0.571963835438948,0.9037479221369256,-0.335,-0.376,-0.215,0.187,0.353
2019-10-11,1.63,1.59,1.76,2.04,2.22,-0.4325299875402382,-0.2852407631803242,0.0650018771937492,0.6996545585327443,1.046211191579741,-0.295,-0.319,-0.183,0.218,0.386
2019-10-18,1.58,1.56,1.76,2.06,2.25,-0.4268956069402168,-0.2558737525584984,0.1168760714077006,0.7322085136440366,1.086828375376462,-0.244,-0.271,-0.151,0.239,0.401
2019-10-25,1.63,1.62,1.8,2.1,2.29,-0.4027406944692338,-0.2340798030345769,0.1213490006196398,0.7380182923080838,1.0973779211079069,-0.243,-0.271,-0.145,0.249,0.392
2019-11-01,1.56,1.55,1.73,2.03,2.21,-0.4049854318523462,-0.2443457996151101,0.1086750829400893,0.7331308237097938,1.0832587228126336,-0.274,-0.313,-0.179,0.194,0.343
2019-11-08,1.68,1.74,1.94,2.27,2.43,-0.3810551546847343,-0.1776705699660024,0.1959304814939271,0.868027871993442,1.2781113918780869,-0.177,-0.185,-0.058,0.299,0.444
2019-11-15,1.61,1.65,1.84,2.16,2.31,-0.3807412329025474,-0.1803564899954652,0.1987835817205701,0.848663081521277,1.234598262784398,-0.2,-0.188,-0.066,0.302,0.451
2019-11-22,1.61,1.62,1.77,2.08,2.22,-0.4030821608047148,-0.1971088074816904,0.1914907221711113,0.8211263745067443,1.1952383426027255,-0.191,-0.192,-0.077,0.278,0.425
2019-11-29,1.61,1.62,1.78,2.07,2.21,-0.4072058993131682,-0.1890411797547075,0.2097917419262742,0.8354960153740727,1.1993377178508378,-0.179,-0.187,-0.075,0.255,0.406
2019-12-06,1.61,1.67,1.84,2.14,2.29,-0.3874198944660274,-0.1513793835210828,0.2380685792741825,0.8934218531168527,1.2888459477326952,-0.132,-0.121,-0.009,0.293,0.434
2019-12-13,1.61,1.66,1.82,2.11,2.26,-0.4177581183806458,-0.1792945963286216,0.2372579212819729,0.8758227761132558,1.247759623513882,-0.13,-0.131,-0.014,0.293,0.425
2019-12-20,1.63,1.73,1.92,2.21,2.34,-0.3934118034511269,-0.1496303764615714,0.2672909328765414,0.9162056904298764,1.3036446508173616,-0.103,-0.08,0.014,0.312,0.439
2019-12-27,1.59,1.68,1.88,2.18,2.32,-0.408298049010793,-0.1660095500721361,0.2615748445947945,0.9208478904096512,1.307741194027022,-0.124,-0.12,-0.007,0.293,0.426
2020-01-03,1.53,1.59,1.8,2.11,2.26,-0.4096653874848701,-0.17706157318884,0.2322311005432888,0.8869647994266057,1.2928210372838072,-0.134,-0.13,-0.015,0.279,0.41
2020-01-10,1.56,1.63,1.83,2.14,2.28,-0.3915924882479293,-0.1475423603151053,0.2578085352212964,0.9174401197412924,1.3458287212484676,-0.137,-0.109,-0.003,0.296,0.438
2020-01-17,1.58,1.63,1.84,2.16,2.29,-0.353892360473405,-0.1271091956883943,0.2471570116440835,0.9097084093089024,1.3804083143266572,-0.135,-0.104,-0.002,0.308,0.453
2020-01-24,1.49,1.51,1.7,2.0,2.14,-0.3789908749835917,-0.215359749359302,0.1196876496946535,0.7952957402167953,1.265897415490282,-0.133,-0.125,-0.022,0.267,0.406
2020-01-31,1.33,1.32,1.51,1.83,1.99,-0.4562115573890923,-0.3284668197176099,-0.0092208977494312,0.6417687937385272,1.06305868368821,-0.159,-0.167,-0.061,0.233,0.368
2020-02-07,1.41,1.41,1.59,1.89,2.05,-0.4502075754977945,-0.2936110674808843,0.0368420895826231,0.6606246561836215,1.0846471705896716,-0.147,-0.141,-0.035,0.253,0.392
2020-02-14,1.42,1.42,1.59,1.89,2.04,-0.4678984358557947,-0.3105375212458812,0.0146037366252658,0.6322378683453476,1.06673269820683,-0.144,-0.132,-0.03,0.258,0.387
2020-02-21,1.34,1.3,1.46,1.75,1.9,-0.4637175788865997,-0.3251869149931057,-0.0227563068847711,0.5619317833868314,0.9682242754368549,-0.165,-0.167,-0.06,0.224,0.343
2020-02-28,0.86,0.89,1.13,1.46,1.65,-0.460476009041093,-0.3150071060002775,-0.0231861951753824,0.552337208743956,1.002649313631894,-0.258,-0.268,-0.153,0.157,0.286
2020-03-06,0.49,0.58,0.74,1.09,1.25,-0.484339221876832,-0.3497921857287256,-0.0849991411671013,0.4043303238945435,0.7539149367740436,-0.287,-0.281,-0.128,0.185,0.314
2020-03-13,0.49,0.7,0.94,1.31,1.56,-0.2815227137728322,-0.0465708929595409,0.3119770147691496,0.6994603792172887,0.8627890516354961,-0.205,-0.134,0.007,0.29,0.325
2020-03-20,0.37,0.52,0.92,1.35,1.55,-0.146662483011017,0.077374676136249,0.4636389605817081,0.835749722562127,0.9718759991197412,-0.165,-0.049,0.104,0.332,0.437
2020-03-27,0.25,0.41,0.72,1.09,1.29,-0.30665533770261,-0.1244399497288513,0.3014584523403574,0.7895473663485879,0.9793863177378928,-0.177,-0.101,0.024,0.298,0.419
2020-04-03,0.23,0.39,0.62,1.05,1.24,-0.1698468233486267,0.0240890916110076,0.4519407574603038,0.9280164087154984,1.10997346639573,-0.14,-0.122,-0.011,0.278,0.391
2020-04-10,0.23,0.41,0.73,1.15,1.35,-0.1082570419993613,0.1227803078735561,0.4872508802180735,0.9843977379155624,1.235318177127624,-0.177,-0.13,-0.001,0.324,0.438
2020-04-17,0.2,0.36,0.65,1.08,1.27,-0.0664456515797677,0.1232426739487237,0.521231844722251,0.9740264957744532,1.1506491556523275,-0.146,-0.105,0.013,0.361,0.489
2020-04-24,0.22,0.36,0.6,0.98,1.17,-0.0515066482820438,0.1707033985682482,0.5951529670513942,1.0440455289850246,1.213303163322853,-0.168,-0.154,-0.02,0.307,0.417
2020-05-01,0.2,0.36,0.64,1.04,1.27,-0.2024695451751765,0.0367140414109439,0.3905456714136246,0.8832964249803736,1.164537655387487,-0.164,-0.144,-0.024,0.314,0.429
2020-05-08,0.16,0.33,0.69,1.12,1.39,-0.2534707874403041,0.0230367271759224,0.5059409804701365,1.030230935103246,1.121840522839259,-0.172,-0.133,0.002,0.339,0.454
2020-05-15,0.16,0.31,0.64,1.05,1.32,-0.2372966007213242,-0.0251563390234532,0.3397344908126332,0.8564172011944184,1.133443816798261,-0.169,-0.118,0.001,0.347,0.471
2020-05-22,0.17,0.34,0.66,1.12,1.37,-0.2905071185484922,-0.0740571198693378,0.2949470179851938,0.8513511030437328,1.151821584534727,-0.181,-0.143,-0.001,0.32,0.442
2020-05-29,0.16,0.3,0.65,1.18,1.41,-0.3407828127293379,-0.1800142234387491,0.1889278305914952,0.7697881781770204,1.0582122221876156,-0.164,-0.128,0.009,0.354,0.495
2020-06-05,0.22,0.47,0.91,1.46,1.68,-0.3391348805824288,-0.1644496106523418,0.2465420853806588,0.8745836316058022,1.1675014551473926,-0.151,-0.083,0.049,0.4,0.551
2020-06-12,0.19,0.33,0.71,1.24,1.45,-0.3520411998142392,-0.1928321696510995,0.1839113692820957,0.7733918307302889,1.0573016943556242,-0.158,-0.106,0.021,0.376,0.523
2020-06-19,0.19,0.33,0.7,1.23,1.47,-0.4050432843079912,-0.242181083256654,0.1097672839353003,0.6878858289452954,1.003335569284392,-0.161,-0.107,0.022,0.397,0.555
2020-06-26,0.17,0.3,0.64,1.15,1.37,-0.4420511809680076,-0.297311885936387,0.0580790488645996,0.6400225129471733,0.9395649956998218,-0.142,-0.106,0.02,0.398,0.574
2020-07-03,0.16,0.29,0.68,1.2,1.43,-0.4107825691137949,-0.2631791068674052,0.0756161124137837,0.6508524851198207,0.9564516869511556,-0.145,-0.099,0.022,0.425,0.606
2020-07-10,0.16,0.3,0.65,1.12,1.33,-0.4027334008340975,-0.2878450524347418,0.0120282541939982,0.5741195049515695,0.8753708968463643,-0.143,-0.113,0.018,0.403,0.563
2020-07-17,0.14,0.29,0.64,1.11,1.33,-0.438258647805787,-0.3310913680390914,-0.0156747030214146,0.601310664717009,0.952511542079771,-0.15,-0.124,0.014,0.413,0.582
2020-07-24,0.14,0.27,0.59,1.03,1.23,-0.4625317861675204,-0.3568315729432747,0.0003702534790046,0.5591386148425166,0.8151106693190313,-0.136,-0.125,0.016,0.407,0.573
2020-07-31,0.11,0.21,0.55,0.98,1.2,-0.4674508394423924,-0.3851920997613183,-0.0447205833722201,0.5162439978295794,0.7765479101495301,-0.144,-0.129,0.018,0.383,0.529
2020-08-07,0.13,0.23,0.57,1.01,1.23,-0.4870695938196399,-0.399572152018504,-0.0990459204965521,0.462173893236566,0.7613415383469964,-0.126,-0.106,0.014,0.384,0.549
2020-08-14,0.14,0.29,0.71,1.21,1.45,-0.4588744058578389,-0.3271206003913427,0.0066912258407239,0.5505058203708264,0.8266237883555001,-0.117,-0.071,0.054,0.437,0.615
2020-08-21,0.16,0.27,0.64,1.13,1.35,-0.5044733290271464,-0.4008663331771656,-0.0564746270590319,0.4862887761673686,0.7424329952905115,-0.115,-0.08,0.039,0.433,0.615
2020-08-28,0.14,0.28,0.74,1.29,1.52,-0.4846533209076735,-0.3186638770262102,0.0424311703686846,0.5721349175994399,0.830900963208445,-0.115,-0.067,0.065,0.439,0.619
2020-09-04,0.14,0.3,0.72,1.25,1.46,-0.4952057754508689,-0.3545113892756353,-0.0259854001950565,0.5026085697367431,0.771687418661716,-0.125,-0.081,0.045,0.425,0.607
2020-09-11,0.13,0.26,0.67,1.21,1.42,-0.4853507748768788,-0.347046615944639,-0.0225590634283241,0.5413106979940636,0.857188094252556,-0.142,-0.094,0.029,0.398,0.578
2020-09-18,0.14,0.29,0.7,1.24,1.45,-0.5203315958302617,-0.3841626805094393,-0.0512232441820423,0.4860337950194631,0.7786900323257024,-0.144,-0.116,0.023,0.396,0.588
2020-09-25,0.12,0.26,0.66,1.19,1.4,-0.5128256406019289,-0.3872467472837928,-0.0749041414146058,0.4336830142460957,0.7118673005658889,-0.156,-0.118,0.02,0.398,0.606
2020-10-02,0.13,0.28,0.7,1.25,1.48,-0.5362530402639849,-0.4143610255550269,-0.0771408931190116,0.4349783047836699,0.6761482794050284,-0.14,-0.114,0.017,0.398,0.606
2020-10-09,0.16,0.34,0.79,1.34,1.58,-0.5662190521915067,-0.4486561071724169,-0.1128311978831373,0.3991042731285954,0.6376130133135376,-0.127,-0.099,0.032,0.409,0.629
2020-10-16,0.14,0.32,0.76,1.3,1.52,-0.5911505589018682,-0.4975227704071576,-0.1806952092492988,0.3248419319277351,0.5618659459709368,-0.145,-0.113,0.024,0.411,0.619
2020-10-23,0.18,0.37,0.85,1.41,1.64,-0.5766123752562407,-0.4431726088121954,-0.0846966724384432,0.4157227912599841,0.6337587916391302,-0.131,-0.097,0.04,0.412,0.639
2020-10-30,0.14,0.38,0.88,1.43,1.65,-0.6121937157409163,-0.4979296590966999,-0.1443576470086602,0.3411665928095422,0.5494320565413744,-0.125,-0.098,0.041,0.417,0.64
2020-11-06,0.16,0.36,0.83,1.37,1.6,-0.6298732688643016,-0.513058902516788,-0.1677265665857885,0.3214927709510931,0.5434580559097362,-0.146,-0.118,0.022,0.394,0.626
2020-11-13,0.17,0.41,0.89,1.43,1.65,-0.6105709247992803,-0.4785086028952725,-0.1347857171386723,0.3574613523666348,0.5900802324436945,-0.149,-0.11,0.027,0.41,0.654
2020-11-20,0.16,0.38,0.83,1.33,1.53,-0.6158274630609057,-0.512442134294615,-0.1865128796269672,0.3212721423144651,0.5636781714618395,-0.151,-0.127,0.018,0.38,0.625
2020-11-27,0.16,0.37,0.84,1.36,1.57,-0.6280480977996552,-0.5266615028353603,-0.1975287296575945,0.3133417085196648,0.555326414323867,-0.13,-0.105,0.035,0.401,0.651
2020-12-04,0.16,0.42,0.97,1.53,1.73,-0.6096490601364211,-0.4958827465752242,-0.1764926477796256,0.3468253306328319,0.6016822738905534,-0.131,-0.105,0.029,0.398,0.651
2020-12-11,0.11,0.37,0.9,1.42,1.63,-0.6442132655569919,-0.5623956833831865,-0.2639582789177197,0.2603127097540427,0.5211569200419219,-0.142,-0.125,0.022,0.382,0.614
2020-12-18,0.13,0.39,0.95,1.49,1.7,-0.6415317557720437,-0.5388734566191089,-0.1975540243950129,0.3309051217315719,0.5773288481660159,-0.139,-0.124,0.017,0.387,0.624
2020-12-25,0.13,0.37,0.94,1.46,1.66,-0.6177558807811783,-0.4942944914658769,-0.1455957836979236,0.372159584221186,0.6068175940415246,-0.13,-0.109,0.027,0.4,0.637
2021-01-01,0.13,0.36,0.93,1.45,1.65,-0.6273567250141578,-0.5246811811724879,-0.1944065404900583,0.3060261766212004,0.5302265110587991,-0.125,-0.102,0.035,0.402,0.647
2021-01-08,0.14,0.49,1.13,1.67,1.87,-0.6039204825521756,-0.5284356936251995,-0.2327369787894144,0.2950525183201362,0.5653720682078729,-0.122,-0.106,0.038,0.423,0.65
2021-01-15,0.13,0.46,1.11,1.66,1.85,-0.5734809323143071,-0.5084376455777289,-0.2139967145742862,0.3360842822780758,0.6218797575569863,-0.129,-0.104,0.033,0.425,0.65
2021-01-22,0.13,0.44,1.1,1.66,1.85,-0.5472792983207613,-0.4547347369747547,-0.1217691866592298,0.4087980397645401,0.6568198432634194,-0.137,-0.114,0.04,0.45,0.655
2021-01-29,0.11,0.45,1.11,1.68,1.87,-0.5811884269127068,-0.4989469204450176,-0.1555583426867888,0.4074264349073218,0.6742220837759341,-0.129,-0.113,0.056,0.459,0.66
2021-02-05,0.09,0.47,1.19,1.79,1.97,-0.5866461312863647,-0.4665846554475292,-0.1053285616060777,0.4593394774547252,0.737149319844949,-0.131,-0.106,0.061,0.45,0.656
2021-02-12,0.11,0.5,1.2,1.83,2.01,-0.591302328502612,-0.4480704465758025,-0.0556000739647188,0.5130380252431004,0.781185735291645,-0.133,-0.11,0.067,0.466,0.67
2021-02-19,0.11,0.59,1.34,1.98,2.14,-0.5515335220394562,-0.3644229253416231,0.0774344251682506,0.6568139857651254,0.9165309569054838,-0.12,-0.076,0.108,0.499,0.68
2021-02-26,0.14,0.75,1.44,2.08,2.17,-0.507452655137514,-0.3018819183354342,0.157210355294262,0.7103943611070924,0.938929961524817,-0.114,-0.047,0.168,0.557,0.751
2021-03-05,0.14,0.79,1.56,2.18,2.28,-0.5412808452229461,-0.3502173665549519,0.1109516985996355,0.7215847095017103,0.9886569362736772,-0.131,-0.088,0.095,0.476,0.673
2021-03-12,0.14,0.85,1.64,2.31,2.4,-0.5530889315843677,-0.3887157702090253,0.0635563773309626,0.6928581577991049,0.971489416121734,-0.128,-0.075,0.121,0.496,0.669
2021-03-19,0.16,0.9,1.74,2.36,2.45,-0.5731607499995892,-0.3817616127986256,0.1045724956052671,0.7461130326997492,1.024513845271626,-0.136,-0.079,0.123,0.511,0.674
2021-03-26,0.14,0.85,1.67,2.27,2.37,-0.5907585059606528,-0.4267669837322243,0.0376610735212197,0.6832766780889534,0.9703376585568908,-0.138,-0.096,0.088,0.463,0.656
2021-04-02,0.19,0.97,1.72,2.27,2.35,-0.5767282521373946,-0.4092521846636239,0.0619030118920691,0.693755568888931,0.9632357629897144,-0.125,-0.072,0.117,0.498,0.697
2021-04-09,0.16,0.87,1.67,2.23,2.34,-0.5662331795861943,-0.3608703559087436,0.1094778631921351,0.7447554673696499,1.0308107651761884,-0.126,-0.092,0.102,0.477,0.678
2021-04-16,0.16,0.84,1.59,2.15,2.26,-0.552797626893107,-0.3454578476432965,0.1277513188852501,0.7645147704302462,1.0494111334977934,-0.133,-0.102,0.089,0.458,0.655
2021-04-23,0.16,0.83,1.58,2.14,2.25,-0.5612589391256653,-0.3420524580177124,0.1306296431251552,0.732308870550529,0.9940685625687564,-0.135,-0.106,0.07,0.434,0.641
2021-04-30,0.16,0.86,1.65,2.19,2.3,-0.5462587101906979,-0.2994799244529349,0.2020310274361376,0.8463597522000708,1.1366854742511752,-0.13,-0.092,0.095,0.459,0.66
2021-05-07,0.14,0.77,1.6,2.17,2.28,-0.5471944095782415,-0.2885114407806068,0.2340824088562443,0.8819009261202315,1.163957698692672,-0.131,-0.095,0.086,0.454,0.655
2021-05-14,0.16,0.82,1.63,2.25,2.35,-0.5139614172768157,-0.2165265494902093,0.3180092588057341,0.9521648053764438,1.2244224331570348,-0.128,-0.096,0.087,0.446,0.655
2021-05-21,0.17,0.84,1.63,2.24,2.33,-0.5322638648188867,-0.2452636558744423,0.3141943921707337,0.926982937631603,1.1687493067378063,-0.129,-0.089,0.086,0.456,0.678
2021-05-28,0.14,0.79,1.58,2.18,2.26,-0.5556987074548561,-0.2982344186054502,0.245294229053008,0.8725878319553753,1.126744381469716,-0.136,-0.089,0.089,0.457,0.675
2021-06-04,0.14,0.78,1.56,2.16,2.24,-0.5739931323166936,-0.335510151735829,0.2158290759903778,0.8451165798512243,1.094067489127956,-0.12,-0.092,0.092,0.463,0.692
2021-06-11,0.16,0.76,1.47,2.08,2.15,-0.5931552038453229,-0.3878665392369376,0.1473009592582972,0.7754458895314278,1.024729163410719,-0.126,-0.115,0.04,0.419,0.661
2021-06-18,0.26,0.89,1.45,1.97,2.01,-0.557233104129421,-0.3180356610942767,0.2180924835541688,0.8218375598525909,1.0586941472682243,-0.123,-0.099,0.066,0.441,0.677
2021-06-25,0.28,0.92,1.54,2.09,2.16,-0.545673593300839,-0.2894991989530568,0.2441557999698389,0.8638133676336459,1.1142647022506218,-0.116,-0.1,0.059,0.438,0.682
2021-07-02,0.24,0.86,1.44,1.98,2.05,-0.5940884449271773,-0.3721229691055976,0.1590621601814752,0.7764879564492457,1.0242633117880258,-0.12,-0.107,0.042,0.427,0.672
2021-07-09,0.23,0.79,1.37,1.91,1.99,-0.584372838338505,-0.4021941501986856,0.1201549646396598,0.725546501679518,0.9620235604851028,-0.117,-0.119,0.029,0.426,0.669
2021-07-16,0.25,0.79,1.31,1.86,1.93,-0.5998599016640211,-0.4553483705613828,0.0417124142492359,0.6565591568285392,0.9016949028040302,-0.128,-0.123,0.019,0.397,0.646
2021-07-23,0.22,0.72,1.3,1.85,1.92,-0.6220084251735409,-0.4707071393715121,-0.0041782938041476,0.5911773082860092,0.8353002651415383,-0.134,-0.134,0.015,0.402,0.661
2021-07-30,0.19,0.69,1.24,1.81,1.89,-0.6395784653579393,-0.4903582601320644,-0.0200024684082462,0.5791127291714686,0.8254857465517641,-0.125,-0.123,0.022,0.393,0.642
2021-08-06,0.21,0.77,1.31,1.85,1.94,-0.6433038035529295,-0.5006782258876981,-0.0495100107865851,0.5437366607004626,0.7912734989697746,-0.136,-0.128,0.017,0.394,0.643
2021-08-13,0.23,0.79,1.29,1.85,1.94,-0.6350045231013084,-0.4947047775599151,-0.055765851904348,0.5232222197719336,0.764662253850175,-0.136,-0.124,0.029,0.409,0.653
2021-08-20,0.23,0.8,1.26,1.79,1.87,-0.6589475510157718,-0.5245376150404653,-0.0823868040520965,0.5009018297434278,0.7452864280425423,-0.142,-0.129,0.013,0.4,0.652
2021-08-27,0.22,0.79,1.31,1.84,1.91,-0.6334265562303505,-0.458483290358572,0.0178809611438377,0.6166193434700462,0.8648115154941038,-0.133,-0.115,0.029,0.412,0.648
2021-09-03,0.21,0.78,1.33,1.87,1.94,-0.626401826161133,-0.440584322246806,0.0549576899751991,0.6786388406235151,0.9371760892615404,-0.125,-0.104,0.046,0.418,0.654
2021-09-10,0.23,0.82,1.35,1.86,1.94,-0.6219199030187248,-0.4208930691442729,0.0390792135368838,0.6686177065934464,0.9592234165013592,-0.125,-0.101,0.051,0.431,0.657
2021-09-17,0.23,0.88,1.37,1.85,1.91,-0.6111821922995115,-0.3917370186276496,0.0981570875353119,0.7417572385518412,1.0235203603834928,-0.127,-0.095,0.057,0.436,0.657
2021-09-24,0.29,0.97,1.47,1.94,1.99,-0.5996048672754788,-0.3664445943948449,0.1446494371046167,0.783062922330332,1.0520142935320635,-0.128,-0.091,0.063,0.446,0.676
2021-10-01,0.27,0.93,1.48,1.99,2.04,-0.5964273814134042,-0.3798714133884955,0.1331799721748483,0.7821788908961449,1.0518093941320226,-0.125,-0.095,0.064,0.433,0.663
2021-10-08,0.32,1.05,1.61,2.11,2.16,-0.6003637293763098,-0.3445078769963441,0.1982953294619438,0.8523751844305507,1.1212814540397464,-0.116,-0.079,0.083,0.465,0.69
2021-10-15,0.41,1.13,1.59,2.02,2.05,-0.579491490983354,-0.3161459577369077,0.2126259266063936,0.8190847704655566,1.062464685905713,-0.117,-0.083,0.079,0.468,0.688
2021-10-22,0.48,1.22,1.66,2.06,2.08,-0.5464004585191999,-0.2352956056169075,0.2829140196575417,0.8280430348845182,1.0426469043786952,-0.114,-0.067,0.095,0.488,0.702
2021-10-29,0.48,1.18,1.55,1.98,1.93,-0.4844982254960013,-0.1074370070052506,0.3893441080928008,0.8437206451197645,1.017583896844119,-0.105,-0.073,0.101,0.474,0.674
2021-11-05,0.39,1.04,1.45,1.88,1.87,-0.6334535841048066,-0.3518015555293399,0.1635921764858636,0.7026292427922125,0.911771368546922,-0.11,-0.098,0.067,0.445,0.679
2021-11-12,0.53,1.24,1.58,1.99,1.95,-0.6331194768140893,-0.2944828014005862,0.2225288237525848,0.7380935099009838,0.9393319527678892,-0.116,-0.079,0.078,0.47,0.679
2021-11-19,0.52,1.22,1.54,1.95,1.91,-0.664590098810649,-0.3550419846121322,0.1614773441656156,0.6899383528716658,0.8936814536986131,-0.129,-0.078,0.083,0.465,0.675
2021-11-26,0.5,1.16,1.48,1.89,1.83,-0.6499439175977368,-0.3393132941355574,0.1799446851642239,0.7371960902958912,0.958180458335446,-0.132,-0.081,0.079,0.471,0.678
2021-12-03,0.6,1.13,1.35,1.77,1.69,-0.5974965122456855,-0.333089965082384,0.1372528245438333,0.6652220515098026,0.8733654531415778,-0.115,-0.099,0.063,0.458,0.67
2021-12-10,0.67,1.25,1.48,1.91,1.88,-0.5863904618925337,-0.3470727897027901,0.111995073131081,0.652935571577149,0.8718302960687934,-0.107,-0.087,0.063,0.463,0.675
2021-12-17,0.66,1.18,1.41,1.87,1.82,-0.6053791188400419,-0.35938675295571,0.1089485654777346,0.6460877935197571,0.8620342482615813,-0.112,-0.101,0.06,0.453,0.659
2021-12-24,0.71,1.25,1.5,1.94,1.91,-0.5631534385668227,-0.2562661777169603,0.2547656169191032,0.8181927304411327,1.0475487254890483,-0.099,-0.088,0.079,0.477,0.679
2021-12-31,0.73,1.26,1.52,1.94,1.9,-0.5299111509765284,-0.1932923103328541,0.3189072792286369,0.8701590753681385,1.0947236106421534,-0.095,-0.075,0.089,0.48,0.693
2022-01-07,0.87,1.5,1.76,2.15,2.11,-0.4730552446235938,-0.1358408695020765,0.3637910459492008,0.9452422573789424,1.2060288926729394,-0.076,-0.037,0.133,0.525,0.709
2022-01-14,0.99,1.55,1.78,2.18,2.12,-0.470874612973124,-0.1326837024225406,0.3571238297935988,0.9055919299489084,1.1474607584391348,-0.073,-0.016,0.15,0.535,0.719
2022-01-21,1.01,1.54,1.75,2.13,2.07,-0.5064541573995998,-0.1424824166373461,0.3861490033843351,0.9173142920437468,1.126114952053055,-0.076,-0.032,0.135,0.525,0.709
2022-01-28,1.15,1.61,1.78,2.14,2.07,-0.4648744331994376,-0.076563237231814,0.4418018514975121,0.9620201309002288,1.1717727204241382,-0.055,-0.017,0.172,0.55,0.751
2022-02-04,1.31,1.78,1.93,2.29,2.23,-0.1453451376968522,0.2950198124800982,0.7298767561619453,1.1152146624559327,1.263503327555042,-0.045,0.008,0.203,0.597,0.792
2022-02-11,1.5,1.84,1.92,2.3,2.24,-0.1441917514571684,0.3726361722438674,0.8604221081960711,1.2782822960851046,1.4368753673975672,-0.031,0.035,0.233,0.65,0.854
2022-02-18,1.47,1.82,1.92,2.3,2.24,-0.2741878101745788,0.2655138370413616,0.8169163401443428,1.2972967771269317,1.4806186691601777,-0.008,0.054,0.223,0.689,0.911
2022-02-25,1.55,1.86,1.97,2.37,2.29,-0.2162434442112203,0.3096303352431708,0.8393992949852149,1.294375432057668,1.465613697063891,-0.025,0.035,0.214,0.678,0.898
2022-03-04,1.5,1.65,1.74,2.23,2.16,-0.4484237933788725,0.0673172889728636,0.6336805566410835,1.1174236045467405,1.2988713183082494,-0.04,0.003,0.164,0.617,0.823
2022-03-11,1.75,1.96,2.0,2.45,2.36,-0.1977282279464091,0.4050710131857792,0.939680632756646,1.3514810533959571,1.502031223565898,-0.03,0.019,0.193,0.656,0.859
2022-03-18,1.97,2.14,2.14,2.53,2.42,-0.197635102212252,0.427246059810881,0.9883140727944564,1.4202550436021786,1.576791644123677,-0.018,0.04,0.218,0.671,0.873
2022-03-25,2.3,2.55,2.48,2.74,2.6,-0.0293282852946421,0.6207554441146405,1.1434682815049877,1.5523632979013855,1.70400256616559,-0.023,0.056,0.248,0.728,0.938
2022-04-01,2.44,2.55,2.39,2.6,2.44,0.1152752147114455,0.7589836193328773,1.2201876010857724,1.564567342590595,1.6922136359899855,-0.04,0.026,0.226,0.701,0.918
2022-04-08,2.53,2.76,2.72,2.94,2.76,0.2397837070036877,0.9065951548718136,1.371971642239162,1.7172130723927732,1.843823240869934,-0.08,0.024,0.227,0.738,0.969
2022-04-15,2.47,2.79,2.83,3.09,2.92,0.2299325726781695,0.9183175081578188,1.4425266889245592,1.8442191026202048,1.9914546324307276,-0.061,0.029,0.242,0.731,0.938
2022-04-22,2.72,2.94,2.9,3.14,2.95,0.4293008045956908,1.116279446521349,1.594797689108009,1.9498295322710455,2.0796054941116897,-0.057,0.021,0.25,0.798,1.015
2022-04-29,2.7,2.92,2.89,3.14,2.96,0.4479264432252201,1.117580656023308,1.5992777034296384,1.967417534313647,2.1033624716497608,-0.06,0.005,0.22,0.748,0.974
2022-05-06,2.72,3.06,3.12,3.43,3.23,0.5810879554004591,1.3420017777502828,1.8385133982596928,2.174310539347939,2.292941462636997,-0.045,0.024,0.247,0.777,1.012
2022-05-13,2.61,2.89,2.93,3.32,3.1,0.361081772565109,1.094421240956971,1.6651322953771048,2.0827741397076687,2.2336444044376007,-0.057,0.012,0.247,0.753,0.998
2022-05-20,2.6,2.8,2.78,3.17,2.99,0.4952488124192314,1.216119362588773,1.7457686560556571,2.13821035501354,2.2832011650393818,-0.056,0.018,0.243,0.744,0.989
2022-05-27,2.47,2.71,2.74,3.16,2.97,0.4371789813776915,1.1754185537425168,1.7458772060801049,2.162839555683637,2.3149851760612763,-0.067,0.004,0.236,0.741,0.989
2022-06-03,2.66,2.95,2.96,3.33,3.11,0.7875454103505,1.5546755117938358,2.0941531202926105,2.5094525659002223,2.66720608840535,-0.07,-0.001,0.241,0.756,1.025
2022-06-10,3.06,3.25,3.15,3.45,3.2,1.0576896619644445,1.8756420125661104,2.326718609405785,2.6091963045104207,2.709475540567019,-0.081,0.007,0.261,0.798,1.079
2022-06-17,3.17,3.34,3.25,3.55,3.3,1.2098553097031697,2.0120757434006435,2.4947252743925104,2.816570157171124,2.8877896220160237,-0.071,0.062,0.239,0.886,1.152
2022-06-24,3.04,3.18,3.13,3.51,3.26,1.0688630604504223,1.710000169836876,2.290976939124995,2.688890792038274,2.7639018859692,-0.079,0.049,0.24,0.897,1.211
2022-07-01,2.84,2.88,2.88,3.35,3.11,0.7691985474697469,1.4149000015266058,2.0918653399756386,2.5488556183060247,2.6316020697406772,-0.07,0.026,0.229,0.873,1.205
2022-07-08,3.12,3.13,3.09,3.53,3.27,0.7751911760293483,1.4334860598083194,2.1382053316812484,2.611316032395485,2.6642729166356403,-0.07,0.035,0.248,0.928,1.249
2022-07-15,3.13,3.05,2.93,3.34,3.1,0.8288039748030717,1.392169422660233,2.0182015498753296,2.446761788418795,2.4943425329135165,-0.061,0.032,0.235,0.875,1.213
2022-07-22,2.98,2.87,2.77,3.23,3.0,0.7808132004260402,1.3277410346049587,1.905231926803977,2.338086022800001,2.3923070260565473,-0.077,0.01,0.222,0.866,1.237
2022-07-29,2.89,2.7,2.67,3.2,3.0,0.6225710775318318,1.113850655894289,1.6943698748464957,2.182122947155344,2.288558476957566,-0.09,-0.025,0.185,0.847,1.204
2022-08-05,3.24,2.97,2.83,3.27,3.06,0.709736749562162,1.162536788588464,1.676217552539206,2.1221374760617495,2.2244058080505447,-0.1,-0.033,0.172,0.811,1.17
2022-08-12,3.25,2.97,2.84,3.34,3.12,0.7364543606984086,1.2027126744829606,1.7453856210119307,2.2325037368697505,2.347862668336707,-0.086,-0.003,0.197,0.792,1.12
2022-08-19,3.25,3.11,2.98,3.44,3.22,1.0135739767813745,1.4713493613763482,1.995948719822308,2.4569918494196386,2.538054702355277,-0.086,0.005,0.208,0.779,1.098
2022-08-26,3.37,3.2,3.04,3.44,3.21,1.192852362960625,1.68439347895221,2.253352446674969,2.6463991729616065,2.6450767354861684,-0.087,0.023,0.23,0.847,1.168
2022-09-02,3.4,3.3,3.2,3.61,3.35,1.3533074830908278,1.7875050633773069,2.3512466742194458,2.7683363713497875,2.775607294907011,-0.085,0.038,0.25,0.914,1.273
2022-09-09,3.56,3.45,3.33,3.71,3.47,1.6580504243153666,2.006960434680427,2.5585874011607572,2.927061455834305,2.9275748593932205,-0.081,0.063,0.265,0.957,1.316
2022-09-16,3.85,3.62,3.45,3.79,3.52,1.9223063095649724,2.1824221178980583,2.608226976230276,2.8853317584187463,2.8700691519731776,-0.071,0.069,0.273,0.958,1.293
2022-09-23,4.2,3.96,3.69,3.87,3.61,2.236385622450025,2.491026112776246,2.832024323764762,2.9642895708040657,2.9101173503468245,-0.066,0.064,0.27,0.957,1.312
2022-09-30,4.22,4.06,3.83,4.08,3.79,2.17903984043791,2.5013857985595407,2.996374441888309,3.231606617962108,3.1710389924957134,-0.05,0.088,0.277,1.01,1.391
2022-10-07,4.3,4.14,3.89,4.13,3.86,2.291789117964562,2.61030595866791,3.111615050181978,3.337312012656464,3.2470695200552435,-0.065,0.066,0.25,0.976,1.369
2022-10-14,4.48,4.25,4.0,4.26,3.99,2.3011866754256136,2.628474074490163,3.1953005438757147,3.5068351915960254,3.432988887652074,-0.05,0.086,0.253,1.066,1.456
2022-10-21,4.49,4.34,4.21,4.54,4.33,2.48259512454416,2.817495700080189,3.366586576511579,3.616351864650223,3.494885649896485,-0.003,0.142,0.261,1.191,1.558
2022-10-28,4.41,4.19,4.02,4.38,4.15,2.230266462539893,2.501098816561363,2.981512596808771,3.2048929290303834,3.126531186687203,-0.049,0.077,0.254,1.087,1.438
2022-11-04,4.66,4.33,4.17,4.49,4.27,2.410251125531257,2.672433755519095,3.1641565688461832,3.343408770573019,3.220987647511552,-0.04,0.094,0.263,1.151,1.54
2022-11-11,4.34,3.95,3.82,4.24,4.03,2.3778002643279574,2.574223884038194,3.0313926455962585,3.233057504818693,3.1381110643996237,-0.056,0.054,0.252,1.06,1.437
2022-11-18,4.51,3.99,3.82,4.13,3.92,2.25539400513797,2.440633508252004,2.864561285165854,3.0253057382850654,2.9459492892522894,-0.019,0.091,0.267,1.056,1.41
2022-11-25,4.42,3.85,3.68,3.97,3.74,2.323928505445833,2.466981276783678,2.807270050760339,2.9025463821599056,2.820763312984493,-0.018,0.104,0.275,1.1,1.474
2022-12-02,4.28,3.67,3.51,3.79,3.56,2.186957687372836,2.316971163091039,2.673402582238914,2.80466646193613,2.6847573543995717,-0.025,0.116,0.279,1.104,1.482
2022-12-09,4.33,3.75,3.57,3.82,3.56,2.3048570901705827,2.402912427444953,2.7052440356958094,2.8224648441239397,2.724844590245497,-0.015,0.126,0.277,1.076,1.401
2022-12-16,4.17,3.61,3.48,3.73,3.53,2.6468356898293166,2.76176534118639,3.061439635396665,3.1306530260085172,3.017295056461526,-0.019,0.139,0.28,1.142,1.466
2022-12-23,4.31,3.86,3.75,3.99,3.82,2.7733513303899504,2.941703217447011,3.265487489576278,3.377962281202237,3.2397098917226064,0.014,0.217,0.424,1.216,1.495
2022-12-30,4.41,3.99,3.88,4.14,3.97,2.875466083815468,3.029163729242756,3.3920425904923475,3.558007215194467,3.4172292435527134,0.03,0.253,0.454,1.29,1.578
2023-01-06,4.24,3.69,3.55,3.84,3.67,2.786159707289469,2.8162298798351895,3.1099114324624613,3.276823062777749,3.1729642345394753,0.011,0.23,0.508,1.282,1.573
2023-01-13,4.22,3.6,3.49,3.79,3.61,2.6426707810012005,2.637375567893542,2.888347486274376,3.1082372884198484,3.091069218773217,0.032,0.328,0.508,1.365,1.61
2023-01-20,4.14,3.56,3.48,3.77,3.66,2.644632329832642,2.6346973425820868,2.88362603922468,3.1093909942215725,3.099439694245788,-0.004,0.198,0.418,1.294,1.56
2023-01-27,4.19,3.62,3.52,3.77,3.64,2.693473254383973,2.7395983941514324,3.007381609366969,3.2258581663351777,3.188864044536619,0.001,0.2,0.497,1.377,1.574
2023-02-03,4.3,3.67,3.53,3.77,3.63,2.619841012064455,2.645452267062691,2.905182042881543,3.166627940935256,3.1834216934895325,-0.03,0.167,0.503,1.296,1.531
2023-02-10,4.5,3.93,3.74,3.96,3.83,2.8420105924400056,2.850896309132719,3.089971493950271,3.2925835591207533,3.249262682663765,-0.045,0.215,0.514,1.346,1.562
2023-02-17,4.6,4.03,3.82,4.01,3.88,2.9735668326576183,2.9976523919604467,3.2249506170860776,3.4067454736159237,3.350399412516516,-0.047,0.227,0.528,1.324,1.503
2023-02-24,4.78,4.19,3.95,4.11,3.93,3.1522056541664503,3.1415220786902407,3.3499506247800945,3.510241609818514,3.431721814616144,-0.029,0.238,0.53,1.293,1.464
2023-03-03,4.86,4.26,3.97,4.12,3.9,3.3120394821643453,3.295397320306511,3.4889383479079203,3.6393027985544086,3.5550260384263392,-0.04,0.213,0.527,1.25,1.443
2023-03-10,4.6,3.96,3.7,3.9,3.7,3.163788688298757,3.0771625347710017,3.2398944527828686,3.415856639255135,3.39218762813598,-0.03,0.212,0.428,1.229,1.423
2023-03-17,3.81,3.44,3.39,3.76,3.6,2.656198609422149,2.7430471753774013,2.965049232713707,3.188755235356455,3.212423325977071,-0.075,0.116,0.317,1.095,1.33
2023-03-24,3.76,3.41,3.38,3.77,3.64,2.6683966290093117,2.7258492424605607,2.90544852430529,3.1765350522085876,3.3253485144331223,-0.067,0.077,0.321,1.089,1.357
2023-03-31,4.06,3.6,3.48,3.81,3.67,2.834767581120062,2.8800052903509465,3.146232886822822,3.3973058407462444,3.258951505971077,-0.061,0.104,0.389,1.044,1.274
2023-04-07,3.97,3.49,3.39,3.73,3.61,2.698365104284921,2.694501294021979,2.9945464935597172,3.2707929230000587,3.1129588836929702,-0.06,0.168,0.462,1.092,1.318
2023-04-14,4.08,3.6,3.52,3.85,3.74,2.9420715888355944,2.9883662578228822,3.21323608071682,3.471504743361999,3.387948535368017,-0.04,0.156,0.465,1.096,1.313
2023-04-21,4.17,3.66,3.57,3.9,3.78,3.031955727499758,3.0488016075422433,3.293889808164531,3.5647469604775743,3.448645161896499,-0.035,0.162,0.47,1.121,1.344
2023-04-28,4.04,3.51,3.44,3.8,3.67,2.907590299687314,2.897035480288003,3.15106426115066,3.473381313138164,3.3830115310344757,-0.045,0.109,0.403,1.003,1.247
2023-05-05,3.92,3.41,3.44,3.85,3.76,2.7982721396249373,2.7734753638568517,3.1412690286173213,3.5187486855052965,3.357045862494479,-0.035,0.13,0.428,1.041,1.292
2023-05-12,3.98,3.45,3.46,3.87,3.78,2.8150335320728974,2.7587849518146657,3.098326501292309,3.4767372159639507,3.3285018772518473,-0.055,0.11,0.396,1.02,1.262
2023-05-19,4.28,3.76,3.7,4.07,3.95,2.9906883596,2.9904760653,3.3186855121,3.6750574346,3.5245684559,-0.061,0.112,0.415,1.005,1.256
2023-05-26,4.54,3.92,3.8,4.13,3.96,3.067418572,3.0710159464,3.3659882827,3.6942594481,3.5534008842,-0.066,0.115,0.432,1.025,1.265
2023-06-02,4.5,3.84,3.69,4.03,3.88,2.9322765209,2.843656844,3.1007025807,3.458099654,3.3605277133,-0.075,0.088,0.43,1.036,1.286
2023-06-09,4.59,3.92,3.75,4.05,3.89,3.0414583247,2.951068597,3.1906028929,3.521419998,3.4110814244,-0.065,0.098,0.451,1.03,1.278
2023-06-16,4.7,3.99,3.77,4.05,3.86,3.2294989469,3.0056558682,3.21299918,3.4308494506,3.3603829057,-0.065,0.093,0.422,1.008,1.252
2023-06-23,4.71,3.99,3.74,4.01,3.82,3.2302339362,2.9428369825,3.1145364748,3.315941216,3.2496249663,-0.074,0.073,0.39,0.986,1.235
2023-06-30,4.87,4.13,3.81,4.06,3.85,3.364024007,3.0728069835,3.2201384118,3.3912378082,3.3043339054,-0.075,0.08,0.426,1.014,1.262
2023-07-07,4.94,4.35,4.06,4.27,4.05,3.4287467565,3.2220816845,3.4112375836,3.5815187514,3.4718397687,-0.039,0.123,0.439,1.043,1.266
2023-07-14,4.74,4.04,3.83,4.11,3.93,3.319303922,3.0710515067,3.2509663997,3.4480699927,3.3834066719,-0.038,0.133,0.48,1.12,1.365
2023-07-21,4.82,4.09,3.84,4.1,3.91,3.2906658396,3.0236967389,3.1955057007,3.3996740768,3.348876886,-0.026,0.128,0.481,1.107,1.34
2023-07-28,4.87,4.18,3.96,4.22,4.03,3.2377375123,3.0228660821,3.2323010581,3.4708294274,3.4366391646,-0.015,0.162,0.551,1.127,1.356
2023-08-04,4.78,4.15,4.05,4.36,4.21,3.228724274,3.0759104512,3.3312181314,3.5724669147,3.5082486553,0.021,0.226,0.643,1.317,1.553
2023-08-11,4.89,4.31,4.16,4.45,4.27,3.2460386499,3.1004281029,3.3729921574,3.614174072,3.5282253314,0.012,0.199,0.591,1.252,1.495
2023-08-18,4.92,4.38,4.26,4.55,4.38,3.2544335024,3.1326087293,3.4039129072,3.6514523815,3.5861389007,0.022,0.227,0.632,1.327,1.565
2023-08-25,5.03,4.44,4.25,4.5,4.3,3.226909731,3.0796421488,3.3289546895,3.5426047993,3.4547353333,0.01,0.248,0.663,1.358,1.589
2023-09-01,4.87,4.29,4.18,4.48,4.29,3.1880941229,3.0421796815,3.300196696,3.5441104792,3.4853915673,0.02,0.222,0.636,1.325,1.569
2023-09-08,4.98,4.39,4.26,4.52,4.33,3.2721488803,3.1153712845,3.3761044033,3.6151839189,3.5416267619,0.007,0.234,0.658,1.373,1.593
2023-09-15,5.02,4.45,4.33,4.59,4.42,3.3882660045,3.208969028,3.4705258394,3.7190072574,3.6470663814,0.03,0.29,0.715,1.399,1.598
2023-09-22,5.1,4.57,4.44,4.7,4.53,3.4241251583,3.2721684768,3.5544888898,3.8095365344,3.7259024121,0.035,0.324,0.754,1.428,1.611
2023-09-29,5.03,4.6,4.59,4.92,4.73,3.4360095696,3.3334150416,3.6656801678,3.943669164,3.8426821097,0.044,0.341,0.774,1.456,1.649
2023-10-06,5.08,4.75,4.78,5.13,4.95,3.4316487393,3.4271721302,3.7963002163,4.1115636203,4.0365960298,0.061,0.358,0.802,1.547,1.75
2023-10-13,5.04,4.65,4.63,4.97,4.78,3.4119726446,3.3154504802,3.6359704339,3.9533237591,3.9032686658,0.044,0.322,0.765,1.492,1.699
2023-10-20,5.07,4.86,4.93,5.27,5.09,3.4256848347,3.4107306599,3.7628393637,4.0573235644,3.9738151577,0.075,0.366,0.841,1.616,1.817
2023-10-27,4.99,4.76,4.84,5.19,5.03,3.3440792755,3.3293817355,3.6959077048,4.0520802442,4.0275034481,0.094,0.386,0.875,1.647,1.831
2023-11-03,4.83,4.49,4.57,4.93,4.77,3.2133879514,3.1420761974,3.4667137403,3.8259523233,3.8414070566,0.135,0.46,0.92,1.672,1.851
2023-11-10,5.04,4.65,4.61,4.93,4.73,3.2950514686,3.2224476189,3.5222146566,3.8598366498,3.8737894295,0.108,0.427,0.859,1.555,1.743
2023-11-17,4.88,4.45,4.44,4.8,4.59,3.1774801014,3.0538402939,3.3679917548,3.7455224274,3.785992463,0.046,0.33,0.765,1.484,1.694
2023-11-24,4.92,4.49,4.47,4.79,4.6,3.2557321053,3.1362459108,3.3927923493,3.7107661778,3.7348742438,0.068,0.367,0.786,1.498,1.699
2023-12-01,4.56,4.14,4.22,4.58,4.4,2.9510800885,2.8121258651,3.1800651796,3.6040382538,3.6634428048,0.04,0.281,0.72,1.449,1.683
2023-12-08,4.71,4.24,4.23,4.49,4.31,2.9229976555,2.7392409872,3.0591756768,3.436740097,3.5032659394,0.092,0.372,0.791,1.544,1.759
2023-12-15,4.44,3.91,3.91,4.19,4.0,2.7601436708,2.5059066533,2.7962262458,3.1485979919,3.2243454616,0.087,0.327,0.728,1.443,1.652
2023-12-22,4.31,3.87,3.9,4.21,4.05,2.5753636526,2.3472738627,2.6854990093,3.0465769022,3.1362676247,0.046,0.268,0.651,1.384,1.619
2023-12-29,4.23,3.84,3.88,4.2,4.03,2.5865498097,2.4156295853,2.7881387554,3.1566725436,3.2431356516,0.048,0.233,0.647,1.404,1.662
2024-01-05,4.4,4.02,4.05,4.37,4.21,2.7938099917,2.6225204,2.9585101494,3.3155495055,3.3890507945,0.035,0.217,0.634,1.383,1.64
2024-01-12,4.14,3.84,3.96,4.32,4.2,2.7040027329,2.5328604043,2.8951236361,3.2682438983,3.3511908759,0.005,0.196,0.591,1.336,1.61
2024-01-19,4.39,4.08,4.15,4.47,4.36,2.8390656383,2.7126669904,3.0452799757,3.3756445294,3.4386090808,0.031,0.256,0.671,1.454,1.745
2024-01-26,4.34,4.04,4.15,4.49,4.38,2.7574743842,2.6407482149,3.0155981976,3.3739293534,3.4431011314,0.052,0.3,0.721,1.506,1.782
2024-02-02,4.36,3.99,4.03,4.33,4.22,2.7823250037,2.5869582343,2.9327674991,3.3046468132,3.383286766,0.1,0.282,0.667,1.441,1.723
2024-02-09,4.48,4.14,4.17,4.48,4.37,2.9438019537,2.7871188298,3.0987233482,3.4371068318,3.4896808849,0.116,0.332,0.731,1.49,1.758
2024-02-16,4.64,4.29,4.3,4.58,4.45,3.0035518576,2.8043835496,3.0718638107,3.3907300775,3.4411926516,0.143,0.354,0.737,1.491,1.75
2024-02-23,4.67,4.28,4.26,4.51,4.37,3.0121497758,2.7903900282,3.0246819885,3.3244467352,3.3782750072,0.158,0.366,0.727,1.443,1.699
2024-03-01,4.54,4.17,4.19,4.46,4.33,3.0798914992,2.8831294146,3.1151899736,3.4169471889,3.4737634551,0.18,0.377,0.728,1.444,1.722
2024-03-08,4.48,4.06,4.09,4.36,4.26,2.8908320199,2.637801038,2.8830491352,3.1944741189,3.2595476913,0.202,0.388,0.746,1.483,1.759
2024-03-15,4.72,4.33,4.31,4.55,4.43,3.0319142649,2.8159771181,3.0398715775,3.3204638285,3.3659176092,0.193,0.393,0.802,1.542,1.812
2024-03-22,4.59,4.2,4.22,4.47,4.39,2.9414077715,2.7137788677,2.9583689377,3.2648099264,3.3219808195,0.206,0.41,0.762,1.492,1.786
2024-03-29,4.59,4.21,4.2,4.45,4.34,2.9489160904,2.7194966275,2.948681538,3.245694812,3.3029323584,0.189,0.372,0.75,1.484,1.789
2024-04-05,4.73,4.38,4.39,4.65,4.54,2.9848019156,2.7623313131,3.0138474737,3.3454911954,3.4061017325,0.211,0.404,0.771,1.52,1.806
2024-04-12,4.88,4.54,4.5,4.73,4.61,2.9617241468,2.7342919284,2.9597278803,3.2574085594,3.3154070625,0.281,0.496,0.864,1.635,1.894
2024-04-19,4.97,4.66,4.62,4.83,4.72,3.0975302168,2.9241909149,3.1333435429,3.4058283669,3.448420241,0.263,0.457,0.837,1.595,1.869
2024-04-26,4.96,4.68,4.67,4.89,4.78,3.1076103943,2.9451002373,3.1622188332,3.4432808982,3.4853548106,0.298,0.514,0.925,1.681,1.936
2024-05-03,4.81,4.48,4.5,4.75,4.66,3.0389489334,2.8594569835,3.0761342696,3.3618228381,3.4070585583,0.29,0.494,0.908,1.682,1.952
2024-05-10,4.87,4.52,4.5,4.74,4.64,3.0833366238,2.9006789061,3.105705856,3.3903594459,3.4335697119,0.319,0.526,0.917,1.691,1.965
2024-05-17,4.83,4.44,4.42,4.66,4.56,3.0850015285,2.9005604,3.1035526063,3.388065375,3.4260136586,0.337,0.555,0.957,1.744,2.011
2024-05-24,4.93,4.53,4.46,4.65,4.57,3.2022094954,3.0080930623,3.1782713257,3.4560081116,3.4908211261,0.345,0.596,1.016,1.835,2.104
2024-05-31,4.89,4.52,4.51,4.73,4.65,3.1620918494,3.0205753505,3.2246748269,3.5016928488,3.524290477,0.399,0.647,1.08,1.85,2.155
2024-06-07,4.87,4.46,4.43,4.64,4.55,3.1876687733,3.0342410255,3.2121612209,3.4808521298,3.504799611,0.351,0.559,0.986,1.761,2.043
2024-06-14,4.67,4.22,4.2,4.46,4.34,3.0370419196,2.868369248,3.1019501265,3.4334688107,3.4737632939,0.302,0.527,0.95,1.732,2.044
2024-06-21,4.7,4.26,4.25,4.49,4.39,3.0333727924,2.8730123638,3.1211353016,3.472007635,3.5156934214,0.313,0.557,0.999,1.792,2.086
2024-06-28,4.71,4.33,4.36,4.61,4.51,3.0658210849,2.9352537853,3.1980257738,3.5470134612,3.5785416906,0.353,0.602,1.062,1.848,2.153
2024-07-05,4.6,4.22,4.28,4.57,4.47,3.0781465718,2.9358179388,3.1859950724,3.53920525,3.5672262384,0.346,0.598,1.072,1.902,2.2
2024-07-12,4.45,4.1,4.18,4.5,4.39,2.9877346444,2.8259111714,3.0877276842,3.4698283075,3.5157803964,0.333,0.586,1.055,1.873,2.177
2024-07-19,4.49,4.16,4.25,4.55,4.45,2.932124142,2.7821723761,3.0667261173,3.4484871349,3.4929654427,0.352,0.598,1.053,1.843,2.148
2024-07-26,4.36,4.06,4.2,4.53,4.45,2.8791459172,2.7025192131,3.0204544987,3.4696009582,3.5382336321,0.408,0.631,1.068,1.835,2.154
2024-08-02,3.88,3.62,3.8,4.19,4.11,2.6525534231,2.5087121071,2.8603951548,3.2930877626,3.3501600653,0.41,0.583,0.974,1.746,2.098
2024-08-09,4.05,3.8,3.94,4.33,4.23,2.6082721967,2.528198399,2.9761258388,3.2839434491,3.1646511879,0.301,0.445,0.881,1.722,2.081
2024-08-16,4.06,3.77,3.89,4.26,4.15,2.6291174498,2.5471172249,2.9732923691,3.2758101779,3.1584814625,0.357,0.494,0.898,1.719,2.068
2024-08-23,3.9,3.65,3.81,4.18,4.1,2.6109664266,2.5366694499,2.9742803361,3.2810133731,3.1501853054,0.372,0.507,0.919,1.733,2.086
2024-08-30,3.91,3.71,3.91,4.28,4.2,2.586247576,2.5565983734,3.0148731308,3.328230187,3.2170039915,0.363,0.502,0.922,1.742,2.111
2024-09-06,3.66,3.5,3.72,4.1,4.03,2.4787110148,2.4727603508,2.9369450467,3.2497406186,3.1677724035,0.38,0.499,0.88,1.694,2.045
2024-09-13,3.57,3.43,3.66,4.05,3.98,2.3804562148,2.3902232815,2.8695611784,3.2138176395,3.173560926,0.392,0.503,0.878,1.676,2.045
2024-09-20,3.55,3.48,3.73,4.1,4.07,2.3986478746,2.4551428146,2.9553549237,3.2871311411,3.2207296934,0.395,0.515,0.898,1.732,2.103
2024-09-27,3.55,3.5,3.75,4.15,4.1,2.2156224836,2.346129048,2.8633776592,3.2157641794,3.1860355615,0.323,0.449,0.849,1.708,2.122
2024-10-04,3.93,3.81,3.98,4.33,4.26,2.2605514734,2.4290516077,2.9071828415,3.2412283378,3.2228670056,0.37,0.506,0.886,1.701,2.1
2024-10-11,3.95,3.88,4.08,4.44,4.39,2.3901722836,2.5148030714,3.0000972466,3.3315599314,3.2823872999,0.412,0.579,0.95,1.775,2.154
2024-10-18,3.95,3.88,4.08,4.44,4.38,2.2164667109,2.3439830339,2.8490825154,3.2127624286,3.1888246269,0.438,0.589,0.972,1.79,2.139
2024-10-25,4.11,4.07,4.25,4.58,4.51,2.2556336905,2.4620587853,2.9502264232,3.305423867,3.2830302741,0.449,0.58,0.955,1.789,2.159
2024-11-01,4.21,4.22,4.37,4.68,4.57,2.3913556861,2.6053882748,3.04627582,3.3613198607,3.3119834933,0.465,0.585,0.952,1.786,2.189
2024-11-08,4.26,4.2,4.3,4.58,4.47,2.3682691773,2.5918902314,3.0618081827,3.3737175806,3.3030749859,0.501,0.644,1.011,1.835,2.218
2024-11-15,4.31,4.3,4.43,4.7,4.6,2.2771947401,2.5537120507,3.0027914395,3.2963532645,3.2302886278,0.552,0.712,1.082,1.884,2.264
2024-11-22,4.37,4.3,4.41,4.67,4.6,2.1653418746,2.457736309,2.9350218642,3.2568087921,3.201720615,0.59,0.745,1.092,1.89,2.255
2024-11-29,4.13,4.05,4.18,4.45,4.36,2.0961530815,2.3213534203,2.7677911076,3.0774398499,3.0417856218,0.599,0.728,1.064,1.855,2.252
2024-12-06,4.1,4.03,4.15,4.42,4.34,2.0970885273,2.283719705,2.7056138353,3.0036111765,2.9684944871,0.59,0.725,1.068,1.861,2.236
2024-12-13,4.25,4.25,4.4,4.69,4.61,2.141461046,2.3756297743,2.8536636312,3.1793320183,3.1169766479,0.564,0.697,1.055,1.848,2.22
2024-12-20,4.3,4.37,4.52,4.79,4.72,2.1346188715,2.4299967076,2.9343072962,3.2711838661,3.2040964089,0.576,0.706,1.07,1.855,2.229
2024-12-27,4.31,4.45,4.62,4.89,4.82,2.1636265588,2.5050901415,2.9846335277,3.3162453132,3.2641204659,0.602,0.76,1.119,1.898,2.259
2025-01-03,4.28,4.41,4.6,4.88,4.82,2.260976176,2.5822296123,3.0379149473,3.3940161133,3.370721016,0.599,0.743,1.111,1.89,2.252
2025-01-10,4.4,4.59,4.77,5.04,4.96,2.3724782306,2.7130299281,3.2094728418,3.5428056772,3.4538145995,0.649,0.832,1.202,1.959,2.301
2025-01-17,4.27,4.42,4.61,4.91,4.84,2.3127841877,2.6322148368,3.1202365843,3.4716782927,3.4095359346,0.693,0.865,1.207,1.925,2.29
2025-01-24,4.27,4.43,4.63,4.91,4.85,2.3835420963,2.6889843401,3.1723047694,3.5132641236,3.4322193879,0.718,0.91,1.238,1.921,2.277
2025-01-31,4.22,4.36,4.58,4.88,4.83,2.2135941524,2.5389798409,3.0481418497,3.4227204237,3.3708887758,0.729,0.909,1.25,1.953,2.29
2025-02-07,4.29,4.34,4.49,4.75,4.69,2.1721858907,2.484551593,2.9583070096,3.3306459623,3.3025962533,0.798,0.987,1.307,1.98,2.29
2025-02-14,4.26,4.33,4.47,4.75,4.69,2.1950310215,2.5085203729,2.9990532146,3.3742010903,3.3298347783,0.794,1.013,1.357,2.011,2.31
2025-02-21,4.19,4.26,4.42,4.69,4.67,2.1770296167,2.5420905943,3.0600925978,3.439598081,3.3838714294,0.818,1.063,1.427,2.054,2.335
2025-02-28,3.99,4.03,4.24,4.55,4.51,2.1079811613,2.4588541671,2.9826251435,3.3971154185,3.3706058016,0.806,1.007,1.378,2.032,2.35
2025-03-07,3.99,4.09,4.32,4.66,4.62,2.3014027839,2.7505278701,3.3718488689,3.7740554331,3.6556336698,0.848,1.127,1.523,2.217,2.496
2025-03-14,4.02,4.09,4.31,4.65,4.62,2.2748899469,2.7671636654,3.4213100217,3.8784243275,3.7894827838,0.84,1.131,1.522,2.236,2.535
2025-03-21,3.94,4.0,4.25,4.6,4.59,2.2302342987,2.6698824986,3.3440476443,3.7946058642,3.6830910499,0.854,1.134,1.527,2.238,2.539
2025-03-28,3.89,3.98,4.27,4.65,4.64,2.1363691655,2.6049879112,3.3164268146,3.7817403166,3.6707771893,0.877,1.167,1.551,2.225,2.486
2025-04-04,3.68,3.72,4.01,4.44,4.41,1.9656236539,2.4307148091,3.203611148,3.7004089856,3.5946815981,0.612,0.797,1.176,1.946,2.303
2025-04-11,3.96,4.15,4.48,4.91,4.85,1.9389563321,2.4493253327,3.2011184324,3.6516682649,3.52783005,0.611,0.844,1.357,2.325,2.661
2025-04-18,3.81,3.95,4.34,4.82,4.8,1.8486736483,2.3839932517,3.1318872874,3.6360043907,3.5819564482,0.636,0.844,1.302,2.27,2.65
2025-04-25,3.74,3.88,4.29,4.75,4.74,1.8417843491,2.3522621738,3.1067879174,3.6026663826,3.5270089954,0.689,0.903,1.347,2.248,2.639
2025-05-02,3.83,3.92,4.33,4.81,4.79,1.8598384444,2.3679159439,3.1291064941,3.6428501928,3.5693681233,0.609,0.83,1.283,2.243,2.693
2025-05-09,3.88,4.0,4.37,4.86,4.83,1.8749322627,2.4156558812,3.1896447612,3.7181593797,3.6432689758,0.634,0.891,1.37,2.356,2.802
2025-05-16,3.98,4.06,4.43,4.92,4.89,1.9273477447,2.4592751641,3.1515237985,3.6729875076,3.6423977682,0.707,0.992,1.466,2.387,2.84
2025-05-23,4.0,4.08,4.51,5.03,5.04,1.8476424727,2.4138097363,3.1743811885,3.7460801062,3.7154627535,0.731,1.044,1.559,2.523,2.925
2025-05-30,3.89,3.96,4.41,4.93,4.92,1.8712418998,2.3858869057,3.1062984231,3.6447202375,3.6035419309,0.75,1.029,1.518,2.419,2.846
2025-06-06,4.04,4.13,4.51,4.99,4.97,1.9648599925,2.4422481744,3.154823722,3.6722489577,3.591193064,0.76,1.023,1.477,2.35,2.78
2025-06-13,3.96,4.02,4.41,4.93,4.9,1.9569199585,2.4220254511,3.1255595123,3.6451921134,3.572444245,0.736,0.979,1.429,2.363,2.781
2025-06-20,3.9,3.96,4.38,4.9,4.89,1.9587335107,2.4321598051,3.1596863898,3.6772734472,3.5778391474,0.728,0.965,1.424,2.375,2.798
2025-06-27,3.73,3.83,4.29,4.85,4.85,1.9385276104,2.4492506969,3.1879472554,3.7412089762,3.6705368802,0.74,0.994,1.459,2.353,2.8
2025-07-04,3.88,3.94,4.35,4.87,4.86,1.8938239575,2.4154747834,3.1494502298,3.7173435377,3.6723551059,0.736,0.992,1.444,2.391,2.852
2025-07-11,3.9,3.99,4.43,4.96,4.96,2.0085409633,2.5265802222,3.2845521936,3.8698547345,3.8116263821,0.764,1.035,1.507,2.503,2.992
2025-07-18,3.88,3.96,4.44,4.99,5.0,1.9533923624,2.4896929387,3.2502374243,3.857818706,3.8275566144,0.772,1.046,1.528,2.526,3.014
2025-07-25,3.91,3.95,4.4,4.92,4.92,2.0326654695,2.5426743454,3.2731336557,3.8485083679,3.7984817056,0.863,1.155,1.605,2.553,3.006
2025-08-01,3.69,3.77,4.23,4.79,4.81,1.997364328,2.480656276,3.2050207034,3.7953492864,3.7638646285,0.814,1.089,1.56,2.55,3.037
2025-08-08,3.76,3.84,4.27,4.84,4.85,2.0297325193,2.5157228761,3.2195793098,3.7949521591,3.768716249,0.77,1.045,1.502,2.519,3.014
2025-08-15,3.75,3.85,4.33,4.91,4.92,2.0461954152,2.5617171062,3.3024492986,3.9171306254,3.9060047477,0.826,1.12,1.574,2.56,3.032
2025-08-22,3.68,3.76,4.26,4.84,4.88,2.0505536185,2.5515211558,3.283509931,3.896290592,3.8872360186,0.873,1.164,1.626,2.651,3.12
2025-08-29,3.59,3.68,4.23,4.86,4.92,2.0301510275,2.5261469941,3.2919262511,3.9460841909,3.9537241852,0.871,1.162,1.613,2.596,3.096
2025-09-05,3.51,3.59,4.1,4.72,4.78,2.0031086226,2.4746232623,3.2332491398,3.8977352154,3.9223464767,0.841,1.119,1.59,2.63,3.128
2025-09-12,3.56,3.63,4.06,4.65,4.68,2.0826186746,2.5455654029,3.2540059273,3.8730708828,3.887362127,0.873,1.156,1.613,2.634,3.103
2025-09-19,3.57,3.68,4.14,4.71,4.75,2.082408781,2.559013276,3.2730596648,3.8975143226,3.9151519966,0.918,1.214,1.655,2.625,3.072
2025-09-26,3.63,3.76,4.2,4.74,4.77,2.1032533837,2.5885337615,3.3005384014,3.9166347363,3.9229883148,0.931,1.245,1.669,2.624,3.084
2025-10-03,3.58,3.72,4.13,4.69,4.71,2.089681222,2.5436705288,3.241662629,3.8546072955,3.8677921873,0.945,1.241,1.667,2.614,3.072
2025-10-10,3.52,3.65,4.05,4.6,4.63,2.0559436408,2.5159553051,3.2113672152,3.8357544747,3.8690862168,0.925,1.231,1.697,2.693,3.187
2025-10-17,3.46,3.59,4.02,4.58,4.6,1.9796260059,2.4170243016,3.1134003099,3.7508071933,3.8051889708,0.909,1.199,1.638,2.651,3.134
2025-10-24,3.48,3.61,4.02,4.56,4.59,2.0413820889,2.4790500086,3.1634556602,3.7906652313,3.8392916905,0.932,1.229,1.667,2.618,3.081
2025-10-31,3.6,3.71,4.11,4.65,4.67,2.0437167499,2.4759761174,3.1576905381,3.7812471224,3.826497398,0.928,1.235,1.67,2.605,3.068
2025-11-07,3.55,3.67,4.11,4.68,4.7,2.0597239183,2.5101201559,3.2057830666,3.8236963102,3.8508764616,0.941,1.257,1.688,2.642,3.117
2025-11-14,3.62,3.74,4.14,4.73,4.74,2.0868411014,2.5347908508,3.2165409959,3.8241088558,3.849626905,0.932,1.259,1.714,2.723,3.205
2025-11-21,3.51,3.62,4.06,4.67,4.71,2.0655133422,2.517315902,3.2180747757,3.8586740229,3.9055155219,0.959,1.324,1.792,2.794,3.291
2025-11-28,3.47,3.59,4.02,4.62,4.67,2.0820461774,2.5108652602,3.1851708494,3.815375032,3.8729429881,0.992,1.326,1.812,2.819,3.3
2025-12-05,3.56,3.72,4.14,4.75,4.79,2.1282324772,2.5845235324,3.26612708,3.9059411458,3.9727029612,1.052,1.45,1.951,2.894,3.315
2025-12-12,3.52,3.75,4.19,4.82,4.85,2.2385550574,2.667076055,3.335656027,3.9666861673,3.9699975265,1.07,1.456,1.956,2.894,3.309
2025-12-19,3.48,3.7,4.16,4.77,4.82,2.2109118152,2.6450985628,3.3887700099,4.0274572627,3.9413792004,1.101,1.506,2.021,2.94,3.362
2025-12-26,3.46,3.68,4.14,4.76,4.81,2.2005568784,2.6711705056,3.3428161721,3.9679837139,4.0238700227,1.141,1.539,2.039,2.932,3.335
2026-01-02,3.47,3.74,4.19,4.81,4.86,2.1727062715,2.6745198955,3.3599492829,3.9896704841,4.0637518452,1.167,1.567,2.066,2.952,3.354
2026-01-09,3.54,3.75,4.18,4.76,4.82,2.1460615916,2.6182662662,3.292688294,3.9364026359,4.0338953359,1.151,1.58,2.096,3.013,3.399
2026-01-16,3.59,3.82,4.24,4.79,4.83,2.1458375665,2.6051982077,3.260574161,3.8845461061,3.9778969283,1.205,1.647,2.182,3.092,3.462
2026-01-23,3.6,3.84,4.24,4.78,4.82,2.1606890023,2.6319180478,3.2931187339,3.9226775173,4.018421782,1.262,1.696,2.253,3.198,3.585
2026-01-30,3.52,3.79,4.26,4.82,4.87,2.1055158478,2.5779146429,3.2501436722,3.9006258034,4.0132488724,1.251,1.666,2.247,3.186,3.577
2026-02-06,3.5,3.76,4.22,4.8,4.85,2.1142380029,2.5659345518,3.2601297609,3.9230074787,4.0154424508,1.281,1.697,2.236,3.15,3.513
2026-02-13,3.4,3.61,4.04,4.64,4.69,2.0661629353,2.484818943,3.1733065655,3.8365622952,3.9295142198,1.289,1.692,2.218,3.079,3.422
2026-02-20,3.48,3.65,4.08,4.66,4.72,2.0914992098,2.4836279616,3.1403444115,3.7896332704,3.8795630465,1.26,1.622,2.125,2.965,3.323
2026-02-27,3.38,3.51,3.97,4.57,4.64,2.0685679067,2.4269804703,3.09476223,3.7684803181,3.8265513005,1.25,1.594,2.132,2.979,3.342
2026-03-06,3.56,3.72,4.15,4.74,4.77,2.3509096581,2.7612005343,3.3278329181,3.8873360433,3.9418014722,1.246,1.637,2.18,3.042,3.384
2026-03-13,3.73,3.87,4.28,4.89,4.9,2.4750074338,2.8374819614,3.4355386101,4.0002977552,4.0379445674,1.289,1.7,2.255,3.133,3.479
2026-03-20,3.88,4.01,4.39,4.97,4.96,2.7406654673,3.0052537724,3.5314594919,4.0465871502,4.0576792081,1.277,1.691,2.273,3.146,3.491
2026-03-27,3.88,4.06,4.44,4.99,4.98,2.7894988898,3.0830387445,3.6294908127,4.1199759398,4.0859199741,1.393,1.836,2.38,3.268,3.629
2026-04-03,3.84,3.99,4.35,4.91,4.91,2.715824719,2.977757819,3.521646569,4.0261923652,4.0136282202,1.391,1.818,2.386,3.271,3.611
2026-04-10,3.81,3.94,4.31,4.89,4.91,2.6281349279,2.9292293401,3.505578793,4.0611684602,4.0851178913,1.405,1.866,2.439,3.326,3.638
2026-04-17,3.71,3.84,4.26,4.85,4.88,2.4912956688,2.8150581878,3.4115195599,3.9935913193,4.035699312,1.372,1.843,2.428,3.292,3.622
2026-04-24,3.78,3.92,4.31,4.88,4.91,2.6295972415,2.9167890562,3.4825008689,4.0211459156,4.0248181394,1.363,1.842,2.443,3.318,3.66
