week,US_2Y,US_5Y,US_10Y,US_20Y,US_30Y,EA_2Y,EA_5Y,EA_10Y,EA_20Y,EA_30Y,JP_2Y,JP_5Y,JP_10Y,JP_20Y,JP_30Y
2006-02-17,-3.000000000000025,-4.0000000000000036,-4.999999999999982,-4.999999999999982,-4.0000000000000036,0.7811871303035289,2.3676260319405618,3.3249843273622126,3.339978886195061,3.260474300742011,6.1,0.10000000000001119,-6.699999999999995,-11.5,-17.000000000000036
2006-02-24,8.000000000000007,8.999999999999986,4.0000000000000036,0.0,0.9999999999999787,7.199964866774966,4.046217534191321,0.6710500238373829,-1.434704127962183,-2.1743750403876216,5.699999999999999,8.000000000000007,7.000000000000006,6.2999999999999945,7.70000000000004
2006-03-03,1.9999999999999574,7.000000000000028,9.999999999999964,12.99999999999999,14.000000000000057,12.110164333896867,13.748611183124382,11.716969142811218,7.372628038706797,5.491700676163536,1.3000000000000012,-2.400000000000002,0.29999999999998916,0.0,1.599999999999957
2006-03-10,-1.9999999999999574,5.999999999999961,8.000000000000007,8.999999999999986,8.000000000000007,3.5880429914330936,5.357910209339245,8.358533414496883,13.505765188532859,15.699285633689852,-2.100000000000002,0.8000000000000007,4.0999999999999925,2.6000000000000245,1.100000000000012
2006-03-17,-8.999999999999986,-14.999999999999947,-8.000000000000007,-4.0000000000000036,-2.000000000000046,6.523538092103243,3.91011501721219,0.24702990771481304,-2.551798426470331,-3.5766151208354913,7.600000000000007,7.799999999999985,5.800000000000005,5.200000000000005,3.600000000000003
2006-03-24,6.99999999999994,4.0000000000000036,-0.9999999999999787,-1.9999999999999574,-1.9999999999999574,-3.4482937066072417,-4.743507670683256,-2.879144280564505,-3.8543160556660183,-4.574312964844385,4.0999999999999925,4.600000000000004,1.6000000000000014,-4.700000000000015,-5.799999999999983
2006-03-31,10.000000000000053,16.000000000000014,19.00000000000004,20.000000000000018,20.000000000000018,12.0712300072777,12.714278013312352,12.409987624305518,11.968934977027157,11.784839785814416,7.9000000000000075,7.299999999999995,3.600000000000003,0.8000000000000007,-0.6000000000000227
2006-04-07,6.99999999999994,6.99999999999994,10.999999999999943,12.99999999999999,13.999999999999968,-3.7185498573292453,5.314714618998595,14.08373583991711,22.13239172987098,25.198000813382304,0.0,8.200000000000006,11.299999999999999,15.300000000000002,17.799999999999994
2006-04-14,7.000000000000028,8.000000000000007,8.000000000000007,8.000000000000007,7.000000000000028,5.994570535585675,6.7827803153369,3.877940146186676,-0.07963557319143888,-1.6446650085980785,0.30000000000000027,2.400000000000002,8.499999999999996,11.7,14.600000000000035
2006-04-21,-5.999999999999961,-4.999999999999982,-4.0000000000000036,-3.000000000000025,-1.0000000000000675,-2.412101194516403,-2.9182004152303875,-2.4080494049000922,-1.522605644229813,-1.1524634606666417,-4.5000000000000036,-4.499999999999993,-5.200000000000005,-5.800000000000027,-10.30000000000002
2006-04-28,-3.000000000000025,0.0,6.00000000000005,5.999999999999961,7.000000000000028,11.78563722846051,7.960671753684867,5.254423467083313,3.8599964919800556,3.374032141952643,2.400000000000002,1.0999999999999899,1.3000000000000123,-2.2999999999999687,-1.6000000000000014
2006-05-05,7.000000000000028,7.000000000000028,4.999999999999982,4.0000000000000036,3.000000000000025,-0.8971973235139874,-1.4464327391940035,0.7917173734908189,4.416958111253244,5.903710811523677,-0.8000000000000007,-2.0999999999999908,-0.10000000000001119,0.09999999999998899,0.49999999999998934
2006-05-12,6.99999999999994,8.999999999999986,7.000000000000028,9.000000000000075,8.999999999999986,2.185013805945246,3.7571834414210414,5.93721516489607,7.003466915015721,7.305549408889078,15.300000000000002,14.999999999999991,7.600000000000007,5.200000000000005,0.40000000000000036
2006-05-19,-4.999999999999982,-12.00000000000001,-14.000000000000057,-16.000000000000014,-15.000000000000036,-8.963676106437823,-10.552771045528075,-5.9072940446387,-2.585080560441888,-1.529846046007588,-3.500000000000003,-9.000000000000007,-7.000000000000006,-5.299999999999994,-3.49999999999997
2006-05-26,0.0,-0.9999999999999787,0.9999999999999787,1.9999999999999574,2.000000000000046,-3.880695862854866,-9.298695020526448,-12.683473024234804,-10.600253707965734,-9.252505313485138,8.599999999999996,-2.8999999999999915,-5.099999999999993,-6.099999999999994,-3.7000000000000366
2006-06-02,-4.0000000000000036,-4.999999999999982,-5.999999999999961,-5.999999999999961,-6.00000000000005,9.693146587166668,8.16573068845079,6.181152805448686,4.254710775676518,3.4752507859920456,0.30000000000000027,3.0999999999999917,3.499999999999992,5.799999999999983,5.100000000000016
2006-06-09,8.999999999999986,4.999999999999982,-1.9999999999999574,-7.000000000000028,-6.99999999999994,-2.7004526321959155,-0.5547491190235565,-0.08680380905601304,0.28123264937454096,0.48738352135275775,-11.799999999999999,-11.599999999999987,-6.499999999999995,-0.5999999999999783,1.100000000000012
2006-06-16,15.000000000000036,14.999999999999947,14.999999999999947,13.999999999999968,13.999999999999968,2.373630260930737,1.3515033696772871,0.18228862348932395,-0.30812786733918074,-0.41309393241526493,2.400000000000002,-1.5000000000000124,-2.499999999999991,1.200000000000001,3.299999999999992
2006-06-23,10.999999999999943,11.000000000000032,10.000000000000053,9.000000000000075,8.999999999999986,13.350081245580503,14.058400399474102,14.102598190599513,11.678738390722998,10.407559598819827,4.300000000000004,7.300000000000018,6.099999999999994,2.0999999999999908,0.8999999999999897
2006-06-30,-10.999999999999943,-11.000000000000032,-8.000000000000007,-9.000000000000075,-6.99999999999994,5.533038713660865,2.889131531908351,-0.646801171040412,-4.3971748197245475,-5.864212420697257,2.7999999999999914,5.299999999999994,4.0999999999999925,2.9999999999999805,2.7000000000000135
2006-07-07,0.9999999999999787,0.0,-1.0000000000000675,-1.9999999999999574,-1.0000000000000675,2.6611228160350553,-0.09154609265178415,-0.056735718914158184,-0.4236302384881263,-0.6437824181333873,6.900000000000006,8.299999999999997,4.400000000000004,2.400000000000002,4.800000000000004
2006-07-14,-8.999999999999986,-8.000000000000007,-6.99999999999994,-5.999999999999961,-6.99999999999994,-7.352427705602693,-9.425074305977388,-7.795914096869172,-3.5844287234953143,-1.7630636671731814,-11.399999999999999,-14.100000000000001,-10.7,-6.400000000000006,-8.099999999999996
2006-07-21,0.0,-2.999999999999936,-2.000000000000046,-2.000000000000046,-1.0000000000000675,-0.2504477915861614,-1.7127832993570902,-4.2506262238307,-4.157450292719034,-3.783323312678455,-3.0000000000000027,-2.499999999999991,-2.200000000000002,0.40000000000000036,1.100000000000012
2006-07-28,-9.999999999999964,-7.000000000000028,-4.999999999999982,-4.0000000000000036,-2.999999999999936,-1.6274568011110269,-3.0092414493748887,-2.405339429332276,-2.7971141771699237,-3.1121670131748935,5.700000000000005,7.699999999999996,10.299999999999997,7.800000000000029,6.199999999999983
2006-08-04,-7.000000000000028,-8.000000000000007,-8.999999999999986,-8.000000000000007,-7.000000000000028,3.251716861731735,1.2376905649463588,0.09731107508152981,-5.321446308750755,-7.827565715933815,-0.30000000000000027,-2.100000000000013,-5.000000000000004,-6.700000000000017,-6.800000000000006
2006-08-11,4.999999999999982,7.000000000000028,5.999999999999961,8.999999999999986,8.999999999999986,5.934799675697278,6.7168942908721,5.812430530629298,5.4603578685267,5.393867538463315,-1.5000000000000013,-0.9999999999999787,-3.0999999999999917,-1.6999999999999904,-2.7000000000000135
2006-08-18,-8.999999999999986,-12.99999999999999,-12.99999999999999,-12.99999999999999,-12.00000000000001,2.2267935926940208,-3.1686852413591815,-5.473208404562557,-6.880123058348264,-7.372033349436791,0.7000000000000006,0.49999999999998934,0.6000000000000005,1.29999999999999,0.9000000000000341
2006-08-25,-0.9999999999999787,-2.000000000000046,-4.999999999999982,-4.0000000000000036,-4.0000000000000036,-11.84218597818778,-12.709132735490858,-9.46648226228226,-7.703458045399092,-7.17012052511965,-14.000000000000002,-18.100000000000005,-13.99999999999999,-12.800000000000011,-9.700000000000042
2006-09-01,-9.000000000000075,-8.000000000000007,-5.999999999999961,-5.999999999999961,-5.999999999999961,1.4242771364384677,-1.922537277578673,-6.54815915881799,-4.384003795373381,-2.3698349289706933,-2.8000000000000025,-7.5999999999999845,-5.400000000000005,0.8000000000000007,3.000000000000025
2006-09-08,3.000000000000025,3.000000000000025,4.999999999999982,4.0000000000000036,4.999999999999982,5.813238533264453,4.991433502580156,1.8523366933732799,-1.8024316980571164,-3.236182884184746,6.099999999999994,8.699999999999996,5.299999999999994,1.4000000000000234,-0.6000000000000227
2006-09-15,7.000000000000028,4.999999999999982,1.9999999999999574,0.9999999999999787,0.0,2.8250998130902705,1.485076794428064,-2.5922465204478495,-4.705609700194202,-5.020669677874956,-4.899999999999993,-7.400000000000007,-5.800000000000005,-1.6000000000000014,-1.8999999999999684
2006-09-22,-20.000000000000018,-20.999999999999996,-20.000000000000018,-17.99999999999997,-17.99999999999997,-7.064561324556751,-7.521102486897879,-5.845439932200724,-6.264271999469617,-6.925564582256083,-2.300000000000002,-4.0999999999999925,-3.0000000000000027,-1.200000000000001,-0.1000000000000334
2006-09-29,4.0000000000000036,4.0000000000000036,4.0000000000000036,1.9999999999999574,2.999999999999936,0.8704120905491219,1.0640788419845837,-1.2338656103772827,-4.207089800665642,-5.394655278528315,1.8000000000000016,3.8999999999999924,4.300000000000015,4.400000000000004,6.400000000000006
2006-10-06,3.000000000000025,4.999999999999982,6.00000000000005,8.000000000000007,7.000000000000028,-4.257124217621833,-3.0480410225598664,-0.15519876357292794,0.29080215780865615,0.027814247133761683,2.300000000000002,2.499999999999991,3.0000000000000027,4.2999999999999705,5.000000000000027
2006-10-13,12.99999999999999,12.99999999999999,10.999999999999943,9.999999999999964,10.000000000000053,7.461772389472365,9.416306693983945,7.469089618913971,3.9310878418111983,2.4427743844177563,4.499999999999993,7.700000000000018,6.199999999999983,2.300000000000013,1.29999999999999
2006-10-20,0.0,-0.9999999999999787,-1.9999999999999574,-2.999999999999936,-3.000000000000025,1.6782620343026355,1.787106642003966,1.4302563510118382,1.4286166334962047,1.482106381403625,8.000000000000007,6.499999999999995,3.500000000000014,1.6000000000000014,-0.8000000000000007
2006-10-27,-11.000000000000032,-12.00000000000001,-11.000000000000032,-11.000000000000032,-11.000000000000032,1.932439784911022,0.05607265689757668,-2.9277799876394894,-6.000348621370932,-7.1697574590674495,-4.100000000000003,-6.600000000000006,-5.800000000000005,-6.000000000000005,-4.599999999999982
2006-11-03,6.00000000000005,6.00000000000005,4.0000000000000036,2.000000000000046,0.9999999999999787,3.864991261742645,0.4083663751744737,-0.2514651500230336,2.96133564605765,4.737768765514838,-1.100000000000001,-2.8000000000000025,-2.400000000000002,-2.8000000000000025,-3.200000000000003
2006-11-10,-8.999999999999986,-12.99999999999999,-12.99999999999999,-12.00000000000001,-11.999999999999922,-0.42287854155453886,-2.4275832982799894,-3.174594017930099,-5.030711530915566,-6.015816844482957,2.400000000000002,-0.09999999999998899,-1.4000000000000012,-0.49999999999998934,-0.30000000000001137
2006-11-17,2.999999999999936,2.999999999999936,2.000000000000046,0.9999999999999787,0.0,1.3440444900902904,2.946340376843537,1.6934665028530471,0.20107990807818332,-0.31028168549713797,5.100000000000005,5.399999999999983,2.8000000000000025,2.7000000000000135,1.100000000000012
2006-11-24,-2.999999999999936,-4.999999999999982,-6.00000000000005,-4.999999999999982,-6.00000000000005,-3.931177490317106,-4.817367557437091,-3.199158370017141,-1.1489729402664572,-0.36890331769106055,-0.30000000000000027,-3.9999999999999813,-5.000000000000004,-5.100000000000016,-6.099999999999994
2006-12-01,-21.000000000000085,-16.000000000000014,-12.00000000000001,-10.000000000000053,-8.999999999999986,-1.594537119229411,-1.2395287720389891,-1.1628667027780093,-0.3220825558063911,0.16700638911579802,-1.3000000000000012,-3.9000000000000146,-5.299999999999994,-7.699999999999996,-7.900000000000018
2006-12-08,16.000000000000014,14.000000000000057,12.99999999999999,12.00000000000001,12.00000000000001,2.7897027393732454,3.0791109689884966,0.18569659230980307,-2.2366596609912914,-2.947876959407436,4.899999999999993,9.299999999999997,6.2000000000000055,2.499999999999991,-0.6000000000000227
2006-12-15,5.000000000000071,4.0000000000000036,4.0000000000000036,4.999999999999982,5.999999999999961,7.7330915797995115,8.813750650613406,7.799664608564161,7.2327883951440075,7.221795655127039,-2.400000000000002,-2.8999999999999915,-2.7000000000000135,-0.49999999999998934,1.3000000000000345
2006-12-22,-2.000000000000046,1.9999999999999574,3.000000000000025,4.0000000000000036,4.0000000000000036,8.414314304704584,9.302041200477307,10.29700052101652,11.10838934559144,11.364332895369955,-6.499999999999995,-7.200000000000006,-6.3999999999999835,-6.600000000000028,-5.699999999999994
2006-12-29,11.000000000000032,11.000000000000032,8.000000000000007,6.00000000000005,4.999999999999982,4.19292842373129,5.190112974267436,7.193730701409917,6.677525439745846,5.814451682913724,3.0000000000000027,7.000000000000006,7.999999999999985,5.300000000000038,5.899999999999972
2007-01-05,-6.00000000000005,-4.999999999999982,-5.999999999999961,-7.000000000000028,-6.99999999999994,0.8236741959469107,2.0258739417533533,2.309119923376901,2.3571402152462895,2.4671183588128365,3.599999999999992,4.200000000000004,3.400000000000003,2.499999999999991,2.499999999999991
2007-01-12,12.00000000000001,10.999999999999943,11.999999999999922,12.00000000000001,12.00000000000001,1.8204876342855947,3.9707185447717563,7.108299470467694,8.379237902892545,8.566942929277577,-0.39999999999998925,1.6000000000000014,2.6000000000000023,5.699999999999994,5.000000000000027
2007-01-19,4.999999999999982,2.000000000000046,1.0000000000000675,0.0,0.9999999999999787,2.0991035776792177,1.3532443957803064,-1.780349590022201,-4.422910086878851,-5.320425078368984,-5.500000000000005,-10.499999999999998,-7.200000000000006,-3.200000000000003,-3.200000000000003
2007-01-26,6.00000000000005,8.999999999999986,9.999999999999964,11.000000000000032,11.000000000000032,4.288559568126482,6.2273494341277935,6.375316538693898,5.708726267892406,5.374297554513685,-3.400000000000003,-1.3000000000000123,2.5000000000000133,2.1999999999999797,3.699999999999992
2007-02-02,-4.999999999999982,-4.999999999999982,-4.999999999999982,-5.000000000000071,-5.000000000000071,-5.245595397689318,-4.655912775988513,-2.402722045051231,-0.28989190812165333,0.47738634710539074,1.7000000000000015,5.600000000000005,3.699999999999992,0.7000000000000117,-0.49999999999998934
2007-02-09,-2.000000000000046,-4.0000000000000036,-4.0000000000000036,-3.9999999999999147,-5.999999999999961,4.191918224407187,0.40961234351595266,-2.5102746392920317,-1.6826116169738725,-0.764864820948219,-0.5000000000000004,-3.0999999999999917,-2.6000000000000023,-0.8000000000000007,-1.100000000000012
2007-02-16,-8.999999999999986,-10.000000000000053,-9.999999999999964,-8.000000000000007,-8.000000000000007,-2.317741637631787,-3.6074777098472843,-2.9169343696595185,-2.4602980078607395,-2.4041966901090284,4.0000000000000036,3.400000000000003,1.200000000000001,1.29999999999999,1.29999999999999
2007-02-23,-0.9999999999999787,-0.9999999999999787,-1.0000000000000675,-1.0000000000000675,0.0,2.892402270380101,2.000860540413818,0.09519443453180898,-0.6966020158711395,-0.7298885541164424,6.399999999999995,0.40000000000000036,-3.0000000000000027,-6.499999999999995,-6.000000000000005
2007-03-02,-26.000000000000068,-20.999999999999996,-16.000000000000014,-13.999999999999968,-13.999999999999968,-12.31217028711109,-12.294422538532945,-8.453340401647846,-5.625249988121261,-4.876886145261583,-2.500000000000002,-2.9000000000000137,-1.8999999999999906,0.1000000000000334,-0.6999999999999673
2007-03-09,10.000000000000053,8.999999999999986,7.000000000000028,5.999999999999961,6.99999999999994,6.507064061550594,2.538659924737585,1.1148387729448483,1.9579135741413012,2.613901051312073,-2.599999999999991,-4.699999999999993,-5.499999999999994,-5.200000000000005,-4.0000000000000036
2007-03-16,-8.000000000000007,-8.000000000000007,-4.0000000000000036,-1.9999999999999574,-1.9999999999999574,-0.34858444708687486,-1.2310162482034315,-3.063642014556045,-4.27405774924523,-4.5587219176720595,-1.3000000000000012,-3.7000000000000144,-2.6000000000000023,1.399999999999979,2.499999999999991
2007-03-23,1.9999999999999574,4.999999999999982,7.000000000000028,8.999999999999986,9.999999999999964,4.1523511153714665,5.4699926046501535,7.692932094953386,10.922817356552361,12.346783000251005,2.9000000000000026,4.0000000000000036,2.6999999999999913,-0.19999999999997797,-1.29999999999999
2007-03-30,-1.9999999999999574,2.000000000000046,3.000000000000025,4.0000000000000036,4.0000000000000036,5.885167683384296,6.309884911836017,5.046160030998514,4.491581568711567,4.545677900491452,0.30000000000000027,1.7000000000000126,4.400000000000004,4.0999999999999925,5.699999999999994
2007-04-06,16.999999999999993,12.99999999999999,10.999999999999943,8.000000000000007,8.000000000000007,1.8725949774512696,2.219792466446968,2.931538262337785,3.826255612352192,4.195013789394952,-0.8000000000000007,2.299999999999991,1.6000000000000014,1.6999999999999904,1.6000000000000014
2007-04-13,0.9999999999999787,0.9999999999999787,0.0,0.9999999999999787,0.9999999999999787,8.465713963092858,11.436829282166716,12.531312465500744,12.58119183196289,12.440921245736725,1.100000000000001,-0.8000000000000007,-0.40000000000000036,1.200000000000001,0.8999999999999897
2007-04-20,-12.00000000000001,-10.999999999999943,-8.000000000000007,-8.000000000000007,-8.000000000000007,1.5814706694494696,1.0712509868358921,-0.8076693996958539,-2.3847357991505724,-2.8266542360126046,4.199999999999992,5.499999999999994,2.499999999999991,0.09999999999998899,-2.0000000000000018
2007-04-27,3.000000000000025,1.9999999999999574,3.000000000000025,3.000000000000025,4.0000000000000036,2.683541358491226,3.0263765896065387,1.5018400096576734,0.18467688187380205,-0.12372896040089287,-0.5000000000000004,-4.399999999999982,-6.099999999999994,-5.399999999999983,-4.499999999999993
2007-05-04,0.9999999999999787,-4.0000000000000036,-5.999999999999961,-8.000000000000007,-8.999999999999986,-1.6895185152315584,-3.6614570176720207,-3.275643424570518,-1.8143011092464967,-1.132634233964236,-0.5000000000000004,-1.5000000000000124,0.6000000000000005,0.49999999999998934,0.40000000000000036
2007-05-11,3.000000000000025,3.000000000000025,1.9999999999999574,4.0000000000000036,4.999999999999982,0.08687373749394212,-0.18277108257782615,-0.3348919541023676,-0.6059790612380489,-0.74514858640784,2.300000000000002,4.200000000000004,1.6999999999999904,2.200000000000024,2.1999999999999797
2007-05-18,11.000000000000032,16.000000000000014,13.999999999999968,11.000000000000032,11.000000000000032,12.6372812744723,13.393069783384526,12.09605313819102,10.081945402484838,9.23249784591702,1.0000000000000009,-0.8000000000000007,-0.49999999999998934,-1.200000000000001,-2.1999999999999797
2007-05-25,2.999999999999936,5.999999999999961,5.000000000000071,5.999999999999961,4.999999999999982,5.4789232221643225,6.018917310272176,5.261979978454878,4.757333213056114,4.654772911866623,4.300000000000004,8.299999999999997,7.899999999999996,5.699999999999994,5.399999999999983
2007-06-01,12.00000000000001,12.00000000000001,8.999999999999986,6.00000000000005,4.999999999999982,7.52223640682681,7.462476107843852,6.281804011494518,5.462305093635145,5.278742415032411,5.899999999999994,7.000000000000006,5.200000000000005,1.6000000000000014,0.0
2007-06-08,4.0000000000000036,13.999999999999968,16.999999999999993,14.999999999999947,16.000000000000014,2.907307297216377,8.198419155588788,12.45930736498524,14.94961570823854,15.196664587131714,5.999999999999995,12.79999999999999,10.299999999999997,6.099999999999994,5.400000000000027
2007-06-15,4.0000000000000036,4.0000000000000036,4.0000000000000036,4.0000000000000036,4.0000000000000036,5.178258745819164,8.662418747928058,10.656242518651737,12.693613959831218,13.574930177397526,-0.6999999999999895,0.0,4.400000000000004,10.40000000000001,10.599999999999987
2007-06-22,-12.99999999999999,-8.000000000000007,-2.000000000000046,0.0,-0.9999999999999787,-0.2732259740375831,0.21482547599305235,0.2731283370247972,-2.045781136161029,-3.4826603074352924,-1.7000000000000126,-1.8999999999999906,-3.9000000000000146,-3.9000000000000146,-2.0999999999999908
2007-06-29,-4.999999999999982,-9.999999999999964,-10.999999999999943,-12.99999999999999,-12.99999999999999,-2.4408420525703356,-7.975217997594974,-10.445902817197084,-11.568281996475172,-11.858291958508538,-0.29999999999998916,-2.200000000000002,-2.1999999999999797,-3.299999999999992,-3.200000000000003
2007-07-06,12.00000000000001,17.99999999999997,16.000000000000014,15.000000000000036,16.000000000000014,8.77731293116577,12.373523913954632,12.233964391342411,9.788457718123222,8.553994852596691,4.800000000000004,6.499999999999995,6.2999999999999945,6.000000000000005,5.099999999999971
2007-07-13,-4.999999999999982,-8.999999999999986,-8.000000000000007,-9.000000000000075,-8.999999999999986,-3.133362069978407,-5.792432413133852,-6.563073053448409,-5.025053479904074,-3.8526714424690134,-0.7000000000000117,-0.6000000000000005,0.20000000000000018,2.2999999999999687,2.7000000000000135
2007-07-20,-15.000000000000036,-16.000000000000014,-15.000000000000036,-12.99999999999999,-12.00000000000001,-6.111953269546966,-11.257474338813278,-12.656607600047654,-14.615319252294867,-15.867737730601394,-1.8000000000000016,-4.1999999999999815,-4.800000000000004,-3.49999999999997,-3.399999999999981
2007-07-27,-23.000000000000043,-25.0,-16.000000000000014,-10.999999999999943,-12.00000000000001,-11.545880878635817,-10.87979526139744,-7.542556231234077,-5.3609862753871695,-4.590169333263816,-5.499999999999994,-10.80000000000001,-9.200000000000008,-9.90000000000002,-8.60000000000003
2007-08-03,-9.999999999999964,-8.000000000000007,-8.999999999999986,-7.000000000000028,-8.000000000000007,0.6489247840562484,0.6068187646687484,-0.6196452660587326,-0.9809627662344056,-0.9254637710603753,0.0,-2.400000000000002,-1.0999999999999899,0.8999999999999897,0.9000000000000341
2007-08-10,0.9999999999999787,7.000000000000028,9.999999999999964,15.000000000000036,16.000000000000014,-7.26015811618117,-1.6369331489778816,2.4521193948195297,5.370106317744305,6.3026666222810945,-3.400000000000003,-5.699999999999994,-5.800000000000005,-4.400000000000004,-4.0000000000000036
2007-08-17,-29.000000000000004,-24.00000000000002,-12.99999999999999,-5.000000000000071,-3.000000000000025,-24.865163878128094,-16.809247610023093,-6.648024048575696,-0.6797773722140299,1.1033824611694776,-12.6,-18.999999999999993,-13.3,-7.099999999999973,-2.0999999999999908
2007-08-24,12.00000000000001,7.000000000000028,-4.999999999999982,-10.999999999999943,-12.00000000000001,6.57434449662837,0.34883715223754663,-1.079242270432701,-1.5714211053984073,-1.9605989204055874,6.600000000000006,6.899999999999995,1.4000000000000012,0.7000000000000117,-2.7000000000000135
2007-08-31,-14.999999999999947,-16.999999999999993,-8.999999999999986,-8.000000000000007,-4.999999999999982,3.4397635659297876,6.207221770347182,4.615059129186605,4.847811216176812,5.2807533539870555,-1.4000000000000012,0.20000000000000018,1.3000000000000123,2.59999999999998,1.9000000000000128
2007-09-07,-25.000000000000043,-21.999999999999975,-16.000000000000014,-13.999999999999968,-12.99999999999999,-13.904053196021948,-11.833177619593815,-8.088410876004914,-6.1599629093629815,-5.498149312444589,-5.300000000000004,-3.7000000000000144,-2.6000000000000023,-2.8999999999999915,-1.5000000000000124
2007-09-14,14.999999999999991,14.999999999999947,8.999999999999986,3.9999999999999147,1.9999999999999574,4.534034524446007,0.03789930970787836,-4.975334105653406,-5.145555644154065,-4.548838286883949,-2.399999999999991,-4.399999999999982,-4.100000000000015,0.19999999999997797,1.29999999999999
2007-09-21,0.9999999999999787,12.99999999999999,16.999999999999993,18.00000000000006,16.999999999999993,7.972157432223526,14.331561885035171,17.402050351508525,18.86525293191692,19.284504389199064,4.999999999999993,10.599999999999987,13.00000000000001,10.899999999999999,9.50000000000002
2007-09-28,-8.999999999999941,-7.999999999999918,-4.999999999999982,-6.00000000000005,-5.999999999999961,0.8632754083742533,-0.15784405968348736,-0.6516179224277607,-2.107994950558467,-3.001473607707794,1.3000000000000012,-1.29999999999999,0.0,-2.2999999999999687,-2.100000000000035
2007-10-05,10.999999999999988,9.999999999999964,6.00000000000005,5.000000000000071,4.0000000000000036,-4.294764890788549,-2.4930287092348458,-1.0903972978889342,-1.135731768972903,-1.3055424866998955,0.5000000000000004,4.200000000000004,1.8000000000000016,1.6999999999999904,0.8000000000000007
2007-10-12,15.000000000000036,8.999999999999986,4.999999999999982,4.0000000000000036,4.0000000000000036,13.681952119209129,10.734152514747741,4.903282468182368,2.90203749680078,2.6934382541141666,1.200000000000001,0.09999999999998899,0.6999999999999895,2.0999999999999908,2.100000000000035
2007-10-19,-43.00000000000006,-38.99999999999997,-29.000000000000004,-24.00000000000002,-23.000000000000043,-12.258182451261579,-15.271976394154585,-10.858724357253458,-7.83950521804746,-7.113718531164004,-7.399999999999995,-10.40000000000001,-8.999999999999986,-4.599999999999982,-3.200000000000003
2007-10-26,-2.9999999999999805,0.9999999999999787,0.0,-0.9999999999999787,0.0,-5.993288898679294,-7.3483657879024555,-8.362992835545224,-8.125959119761816,-7.773223987266853,-1.6000000000000014,-1.29999999999999,1.29999999999999,1.6000000000000014,2.699999999999969
2007-11-02,-10.999999999999988,-10.999999999999988,-10.000000000000053,-8.000000000000007,-6.99999999999994,2.1618325339558986,-1.1466982231955747,-1.054819723968592,-1.8756389792321748,-2.554562359986434,-1.100000000000001,-1.8999999999999906,-3.0000000000000027,-4.200000000000026,-5.399999999999983
2007-11-09,-24.00000000000002,-16.000000000000014,-7.999999999999918,-1.0000000000000675,0.0,-11.933148238799607,-11.04233949455593,-4.730344760332272,-0.5839104407279194,0.6727688872993909,-0.6000000000000005,-3.100000000000014,-5.000000000000004,-3.399999999999981,-3.500000000000014
2007-11-16,-8.999999999999986,-8.999999999999986,-8.000000000000007,-8.000000000000007,-9.000000000000075,0.5586540132871409,0.7124711335261047,1.8519027647490915,1.8352576846920599,1.6706866301938739,-2.7000000000000024,-2.6999999999999913,-5.599999999999983,-5.299999999999994,-5.600000000000005
2007-11-23,-26.00000000000002,-26.00000000000002,-14.000000000000057,-9.999999999999964,-8.999999999999986,-8.701213521596252,-7.072619945836589,-1.951438204388456,4.327843136385567,6.880193760652098,-0.9000000000000008,-2.7000000000000135,-4.600000000000004,-4.700000000000015,-5.399999999999983
2007-11-30,-2.9999999999999805,-0.9999999999999787,-3.999999999999959,-1.9999999999999574,-2.999999999999936,7.180872818520578,10.065719116641914,6.421270361801579,5.09342132944095,5.141384031857843,2.7000000000000024,2.100000000000013,5.400000000000005,4.999999999999982,7.399999999999984
2007-12-07,8.000000000000007,9.999999999999964,14.999999999999991,17.99999999999997,17.99999999999997,6.580951354968434,4.123797396149875,4.407192280301686,2.1768586660084743,0.7164723949721896,-1.9000000000000017,5.299999999999994,5.999999999999983,7.200000000000006,6.800000000000006
2007-12-14,18.999999999999993,12.00000000000001,12.00000000000001,8.999999999999986,8.000000000000007,12.228882268187347,10.64938582910786,6.758588914563557,1.2512544108607138,-1.0254327122827256,-0.40000000000000036,-3.200000000000003,-1.8000000000000016,1.200000000000001,0.0
2007-12-21,-12.00000000000001,-4.999999999999982,-6.00000000000005,-8.999999999999986,-8.000000000000007,-2.41766521839919,0.9099456339169976,0.6396767040495632,-0.3917441593344506,-0.8031631060481104,-1.9000000000000017,-1.200000000000001,0.7000000000000117,-1.5000000000000124,-0.40000000000000036
2007-12-28,-6.999999999999984,-6.000000000000005,-6.99999999999994,-6.00000000000005,-7.000000000000028,2.6068191687109277,3.276308052468746,2.694342777001335,2.747916203385614,2.848015915939861,-1.0000000000000009,-3.8000000000000034,-4.600000000000004,-3.799999999999981,-3.600000000000003
2008-01-04,-37.999999999999986,-33.999999999999986,-23.000000000000043,-15.999999999999925,-14.999999999999947,-21.172146203921027,-23.93957680245098,-15.276123577833278,-8.641710498432698,-6.415018495087388,-1.9999999999999907,-3.599999999999992,-3.200000000000003,-2.7000000000000135,-2.0999999999999908
2008-01-11,-15.000000000000036,-12.00000000000001,-6.000000000000005,0.0,2.999999999999936,-1.497338962166861,-3.2349629643621203,-3.0438525205668476,1.003780062761983,2.9283172327169815,-7.800000000000007,-7.799999999999995,-4.0000000000000036,1.8000000000000238,4.0000000000000036
2008-01-18,-23.0,-20.000000000000018,-15.99999999999997,-10.000000000000053,-10.999999999999943,-23.5720409127695,-18.335992511853803,-9.514798061089902,-4.941641344974368,-3.631687515431903,-2.8000000000000025,-3.200000000000003,-2.6000000000000023,-2.8000000000000025,-3.200000000000003
2008-01-25,-12.99999999999999,-4.999999999999982,-5.000000000000027,0.0,0.0,4.559673041328249,9.192213746419009,6.116992514637065,7.905992007689822,9.788730135486468,-1.5000000000000013,5.600000000000005,8.300000000000018,8.599999999999985,7.900000000000018
2008-02-01,-14.000000000000012,-6.000000000000005,1.000000000000023,0.9999999999999787,4.0000000000000036,-15.164445889596223,-14.242605084681026,-9.074125035556069,-7.995695590989804,-8.382178848631128,-1.3999999999999901,-2.9000000000000026,-5.100000000000016,-6.400000000000006,-7.000000000000028
2008-02-08,-15.999999999999993,-6.000000000000005,2.0000000000000018,10.000000000000053,10.999999999999943,-27.953114547860825,-18.226869538479427,-5.133377739696066,-1.2891819438518581,-0.768604758174618,-0.10000000000000009,0.40000000000000036,-0.49999999999998934,0.8000000000000007,1.7000000000000348
2008-02-15,-2.0000000000000018,6.999999999999984,11.999999999999966,13.999999999999968,15.000000000000036,6.199555599310713,5.179282859219336,10.678148772725482,10.28550119907985,6.854514363707853,3.1999999999999917,4.499999999999993,3.0999999999999917,0.9000000000000341,-0.5000000000000338
2008-02-22,7.000000000000006,5.000000000000027,3.000000000000025,0.0,0.0,19.15947914796554,14.239636396830901,4.163283502944193,2.557927678376082,3.9355638326856734,0.10000000000000009,0.5000000000000004,0.20000000000000018,0.09999999999998899,-0.49999999999998934
2008-02-29,-33.00000000000001,-31.000000000000007,-26.00000000000002,-17.99999999999997,-16.999999999999993,-18.79003076947674,-15.199080462214942,-5.920696281249782,-0.09000855660854512,2.5977252608822887,-2.8999999999999915,-9.699999999999998,-9.099999999999998,-7.800000000000029,-7.200000000000006
2008-03-07,-11.99999999999999,-4.999999999999982,3.000000000000025,12.00000000000001,13.999999999999968,14.14751036770614,3.277218479675037,2.102039456782112,7.810406421655891,-0.17812633441494086,-4.400000000000004,-8.599999999999996,-2.200000000000002,4.700000000000015,8.400000000000007
2008-03-14,-6.000000000000005,-8.000000000000007,-12.00000000000001,-19.00000000000004,-20.000000000000018,2.7978906859552843,-1.2353398739521015,-6.079762336795014,-3.2768793060241386,0.3663184349909976,5.599999999999994,-2.0000000000000018,-8.000000000000007,2.300000000000013,6.199999999999983
2008-03-21,12.00000000000001,-1.000000000000023,-10.000000000000009,-14.999999999999947,-17.99999999999997,13.698624813959714,12.893609160621455,-2.0409988502741783,-11.31697195437047,-7.726845244959879,0.5000000000000004,3.500000000000003,0.6000000000000005,-3.600000000000003,-6.999999999999984
2008-03-28,7.999999999999985,14.999999999999991,13.000000000000034,16.999999999999993,16.000000000000014,11.477219439287856,13.998050030524567,13.914671785359278,15.176635650709525,8.604731776907748,0.20000000000000018,-2.9000000000000026,0.10000000000001119,1.9000000000000128,0.8999999999999897
2008-04-04,16.000000000000014,12.00000000000001,2.9999999999999805,0.0,-0.9999999999999787,0.06614058326928074,-0.5779001485663571,-1.9001040513051848,-7.221695787120375,-11.902164621770606,-1.29999999999999,5.900000000000006,5.600000000000005,0.9999999999999787,1.9000000000000128
2008-04-11,-7.000000000000006,-6.000000000000005,-0.9999999999999787,-4.0000000000000036,-2.000000000000046,-4.538733027981001,-5.180332659047604,-1.6001128288404054,-1.5018028222395507,-4.919247956581696,4.5999999999999925,4.699999999999993,4.399999999999982,4.300000000000015,4.800000000000004
2008-04-18,42.99999999999999,38.000000000000036,27.99999999999998,23.999999999999932,20.999999999999996,28.756870618851238,33.86853079751013,20.598918667936594,18.287998261162564,27.94122042389038,4.100000000000003,7.000000000000006,2.200000000000002,3.89999999999997,-0.40000000000000036
2008-04-25,25.0,25.0,14.000000000000012,9.000000000000075,10.000000000000053,1.6759307147474534,0.7108407253267224,1.41696001992635,1.855972326867228,-1.1892176977825741,17.199999999999992,29.200000000000003,18.500000000000007,8.20000000000003,5.200000000000005
2008-05-02,3.000000000000025,-2.0000000000000018,-2.0000000000000018,-4.0000000000000036,-4.0000000000000036,-1.339000297948001,0.6824277470570905,2.153708804327348,-3.8535232765603666,-13.78658752502524,-6.499999999999995,-5.400000000000005,3.9000000000000146,-1.200000000000001,0.40000000000000036
2008-05-09,-22.00000000000002,-20.000000000000018,-12.00000000000001,-5.000000000000071,-4.0000000000000036,-14.137128737590965,-20.810982359741146,-14.924763591534251,-8.766428218090905,-13.982813557737295,-2.9000000000000026,-3.699999999999992,-4.9000000000000155,-4.200000000000026,-5.100000000000016
2008-05-16,22.00000000000002,14.000000000000012,8.000000000000007,5.000000000000071,4.999999999999982,22.446939933929766,26.83415429203513,13.850506751723834,8.041704040192421,25.614789186330356,11.299999999999999,17.299999999999983,12.800000000000011,6.600000000000028,4.800000000000004
2008-05-23,-1.000000000000023,2.9999999999999805,0.0,-1.0000000000000675,-0.9999999999999787,11.817435181434632,11.044302091351899,5.480487554443592,-0.5461023711801793,3.417296949673876,0.0,1.9000000000000128,4.299999999999993,8.099999999999996,5.399999999999983
2008-05-30,20.000000000000018,26.00000000000002,20.99999999999995,18.00000000000006,14.999999999999947,6.62232950853161,11.493535260018461,12.870246470591429,9.039426752611668,7.716559272113166,6.300000000000006,2.400000000000002,1.200000000000001,-4.700000000000015,-5.799999999999983
2008-06-06,-26.00000000000002,-20.999999999999996,-11.999999999999966,-7.000000000000028,-6.99999999999994,42.46829300772177,12.634496284479724,3.2648983839777657,-4.657225514469676,-10.460598490889783,-2.6000000000000023,3.8999999999999924,2.400000000000002,5.299999999999994,4.499999999999993
2008-06-13,64.99999999999999,52.99999999999998,32.999999999999964,19.00000000000004,13.999999999999968,2.940506798566922,22.100288658070166,21.43039036106158,15.061884286541538,12.624134889767102,13.49999999999999,15.199999999999992,7.600000000000007,3.699999999999992,1.4000000000000234
2008-06-20,-16.999999999999993,-16.000000000000014,-10.999999999999943,-10.000000000000053,-8.000000000000007,1.5769594877638404,-0.1921548176031962,-4.7850696998818165,-11.647413278567331,-14.306883515668467,-12.79999999999999,-17.39999999999999,-9.90000000000002,-5.799999999999983,-3.3000000000000362
2008-06-27,-23.0,-20.999999999999996,-16.999999999999993,-17.99999999999997,-17.99999999999997,-12.30220066890828,-12.813328408003866,-2.8270821422070824,13.637075987561076,20.309118926186898,-9.999999999999998,-16.599999999999994,-13.499999999999979,-11.7,-9.699999999999998
2008-07-04,-10.999999999999988,-8.000000000000007,0.0,0.0,0.0,-2.188446638228392,-2.4041990431270754,-0.5363905692756354,0.2035094173703733,0.32144431789395966,4.199999999999992,5.000000000000004,2.299999999999991,2.0999999999999908,0.5000000000000338
2008-07-11,4.999999999999982,-0.9999999999999787,-3.000000000000025,-0.9999999999999787,-1.0000000000000675,-6.357133603878218,-9.273341768907795,-13.321342219252141,-10.756409408169798,-8.701831292431716,-4.999999999999993,-9.000000000000007,-4.0999999999999925,-1.200000000000001,-0.20000000000002238
2008-07-18,7.000000000000028,14.999999999999991,15.000000000000036,13.999999999999968,14.000000000000057,8.462259414658302,15.858233334339289,15.563169857620984,9.035807987690525,5.846212422931707,-1.4000000000000012,-3.299999999999992,-2.5000000000000133,1.7000000000000348,2.6000000000000245
2008-07-25,4.0000000000000036,3.000000000000025,1.9999999999999574,4.0000000000000036,3.000000000000025,-4.243716315416535,-3.4092629035895605,-1.5885562342122128,-0.9222692176295233,-0.7268348128655511,2.100000000000002,3.499999999999992,0.7000000000000117,-0.8000000000000007,-0.6000000000000227
2008-08-01,-19.00000000000004,-22.00000000000002,-15.99999999999997,-13.999999999999968,-12.00000000000001,-13.894150708086883,-21.897962135829196,-17.12773513597048,-13.450754336804316,-12.597650158662255,-2.9000000000000026,-6.2000000000000055,-6.000000000000005,-3.4000000000000252,-1.9000000000000128
2008-08-08,0.0,-2.0000000000000018,-3.000000000000025,-3.000000000000025,-2.000000000000046,-20.34602951977842,-19.11995496711212,-11.151934290830123,-0.32982664411980167,4.264485446723043,-5.500000000000005,-6.499999999999995,-4.800000000000004,-6.599999999999984,-8.199999999999985
2008-08-15,-10.999999999999988,-10.000000000000009,-10.000000000000009,-8.000000000000007,-8.000000000000007,-3.5536468847085168,-4.037263038942118,-3.5250149878526926,-3.3762895456900033,-3.332338812629576,-0.7000000000000006,1.0999999999999899,-1.200000000000001,-1.200000000000001,-2.8999999999999915
2008-08-22,2.0000000000000018,3.000000000000025,3.000000000000025,0.0,-0.9999999999999787,8.801170214498644,7.959084711970643,2.8199761224393605,0.5029737992018113,0.05539961378806524,0.20000000000000018,-0.8000000000000007,-1.0999999999999899,2.699999999999969,5.699999999999994
2008-08-29,-6.000000000000005,-4.0000000000000036,-4.0000000000000036,-3.000000000000025,-3.000000000000025,-0.5576998943351619,0.8966800980664047,-1.2507130911462383,-7.777826604152072,-10.82564328741551,1.8000000000000016,-4.299999999999993,-3.600000000000003,-5.099999999999971,-4.599999999999982
2008-09-05,-12.99999999999999,-18.999999999999993,-16.999999999999993,-16.000000000000014,-16.000000000000014,-15.931117075551615,-23.97089962524559,-13.517267705152136,-1.108124838321256,3.3744500652176157,1.100000000000001,5.800000000000005,3.8999999999999924,-0.6000000000000227,-2.400000000000002
2008-09-12,0.0,6.000000000000005,8.000000000000007,5.000000000000071,5.000000000000071,3.1179889048727816,10.95024133742184,11.675541597591899,12.90340307975777,13.948403503216955,1.8000000000000016,5.800000000000005,6.2000000000000055,4.600000000000026,3.299999999999992
2008-09-19,-6.999999999999984,3.999999999999959,3.999999999999959,5.999999999999961,4.0000000000000036,2.475323044087041,10.787589758975002,12.701129705948944,14.080656824202453,15.244177506175305,5.100000000000005,1.200000000000001,-4.0000000000000036,0.9999999999999787,-1.200000000000001
2008-09-26,-5.000000000000027,4.0000000000000036,7.000000000000028,2.000000000000046,0.0,-16.658117790826488,-5.06386927215372,-2.2744044250232243,-4.84663168765973,-6.037887509414475,1.8000000000000016,-2.0000000000000018,-1.8000000000000016,-4.599999999999982,-4.600000000000026
2008-10-03,-50.99999999999998,-40.99999999999997,-22.00000000000002,-18.00000000000006,-25.0,-47.17297515240402,-21.903617510286644,-21.11755119466583,-40.43161810087872,-49.718342107632466,-8.100000000000007,-10.80000000000001,-1.4000000000000012,-0.49999999999998934,5.400000000000027
2008-10-10,2.0000000000000018,12.99999999999999,26.00000000000002,15.000000000000036,4.0000000000000036,-24.77721262106307,6.200670440497724,9.31364259317986,8.450061690993937,8.135394832047904,11.7,11.800000000000011,6.800000000000006,-8.300000000000018,-16.800000000000015
2008-10-17,1.9999999999999796,6.000000000000005,8.999999999999986,25.0,16.999999999999993,-1.0996435753961364,-13.176067786863621,-3.0796715979788836,18.059123203052696,27.074648318060124,-5.699999999999994,4.699999999999993,5.800000000000005,13.600000000000012,17.700000000000003
2008-10-24,-6.999999999999984,-18.999999999999993,-22.00000000000002,-21.999999999999975,-20.999999999999996,-13.805835767373154,-13.320966462618022,-13.112157140929526,-21.32618314878192,-25.649304198384115,-6.900000000000006,-10.899999999999999,-8.000000000000007,2.8000000000000025,-6.599999999999984
2008-10-31,-1.0000000000000009,15.99999999999997,25.0,29.999999999999982,23.999999999999932,-5.7005749648292525,1.7264132256021636,16.74008608913109,26.57694268644848,29.796655098527136,-17.799999999999994,-16.300000000000004,-2.299999999999991,-4.800000000000004,-1.8000000000000238
2008-11-07,-23.0,-23.99999999999998,-17.99999999999997,-16.999999999999993,-9.999999999999964,-11.780995630833857,-13.844455655297816,-13.164026522621342,-11.784287482633804,-11.259919956770936,2.8999999999999915,5.999999999999995,4.1999999999999815,3.89999999999997,2.400000000000002
2008-11-14,-11.00000000000001,-23.0,-10.999999999999988,-14.000000000000057,-3.000000000000025,-7.327307243591097,-6.960011168712743,-4.495443194245574,8.903941654571845,15.013049697322245,-1.8999999999999906,-3.9999999999999925,-1.4999999999999902,-1.7999999999999794,-4.599999999999982
2008-11-21,-12.99999999999999,-31.000000000000007,-52.0,-49.99999999999996,-51.99999999999996,-12.26864238286427,-8.096580782266027,-16.480161263749515,-27.771275684618413,-32.299246736620105,0.7000000000000006,-2.400000000000002,-8.899999999999997,-5.100000000000016,1.399999999999979
2008-11-28,-9.000000000000007,-9.000000000000007,-27.0,-22.00000000000002,-25.0,1.640142127887545,-3.7333421083558527,-11.575724995055303,-21.208769838467312,-25.106649536623582,2.9999999999999916,0.5000000000000004,0.8000000000000007,0.20000000000002238,-3.0999999999999694
2008-12-05,-6.999999999999995,-26.0,-26.00000000000002,-29.999999999999982,-34.00000000000003,1.4885625615051357,-2.5214402966037053,-11.373304850104926,-17.463412043449456,-19.445175070761955,-2.200000000000002,1.0000000000000009,-5.200000000000005,-3.600000000000003,-1.6000000000000014
2008-12-12,-15.000000000000002,-11.99999999999999,-6.999999999999984,-5.000000000000027,-4.0000000000000036,2.4829187891947324,11.409853792559632,14.745894205355015,15.874626794093771,16.299404520847638,-2.9999999999999916,-4.400000000000004,1.8999999999999906,5.500000000000016,5.999999999999961
2008-12-19,-4.0000000000000036,-19.999999999999996,-47.00000000000002,-46.99999999999997,-52.0,-29.04289032044378,-30.083239276375593,-12.466210751721718,-8.59669363718778,-42.149262804152784,-12.000000000000005,-8.899999999999997,-15.09999999999998,-17.200000000000017,-16.39999999999997
2008-12-26,15.000000000000002,15.999999999999993,3.000000000000025,2.0000000000000018,6.000000000000005,-4.383598867361993,-2.629778335594679,-0.8897061782477955,-0.5147838797120663,-1.4045030981112205,-1.0999999999999954,-1.9000000000000017,-2.200000000000002,-14.400000000000013,-20.60000000000002
2009-01-02,-1.0000000000000009,20.999999999999996,29.999999999999982,31.000000000000007,22.00000000000002,-3.3362008529917553,1.8845251175451327,3.1116723169744454,-2.3917777388583694,-8.583673202897257,-3.300000000000003,-5.299999999999994,-3.600000000000003,-5.499999999999994,-6.099999999999994
2009-01-09,-13.0,-20.999999999999996,-2.9999999999999805,16.999999999999993,20.999999999999996,-24.249913803763732,-6.588191380938602,3.6809477622686604,22.63429952485634,39.011130647942196,-0.10000000000000009,5.899999999999994,11.599999999999987,14.3,17.000000000000014
2009-01-16,-2.0000000000000018,-4.0000000000000036,-7.000000000000028,-16.999999999999993,-14.999999999999991,1.3996475118361218,5.187105149342841,7.469907070902737,17.3780769565842,28.10656372416185,-0.5000000000000004,-4.600000000000004,-6.099999999999994,-4.699999999999993,-2.6000000000000023
2009-01-23,9.999999999999998,16.999999999999993,29.000000000000004,42.99999999999997,42.99999999999997,-19.545954827815226,15.068505317266778,25.35425502810371,22.908352759049322,44.83194026572068,0.0,-2.6999999999999913,1.5000000000000124,5.999999999999983,2.6000000000000023
2009-01-30,10.999999999999998,21.000000000000018,22.00000000000002,20.999999999999996,26.00000000000002,5.886070387721354,4.150355792395555,-8.775697075106326,-22.45166009361892,-27.56000998433139,3.9000000000000035,7.499999999999996,5.599999999999983,0.30000000000001137,0.9999999999999787
2009-02-06,5.000000000000004,11.99999999999999,17.99999999999997,8.000000000000007,12.00000000000001,-14.847336070917061,-12.175625950040603,-2.5949650260281842,4.757219519644362,7.331290311661842,0.6999999999999951,3.7000000000000033,4.200000000000004,2.499999999999991,3.000000000000025
2009-02-13,-2.0000000000000018,-9.000000000000007,-15.99999999999997,-2.9999999999999805,-2.0000000000000018,-3.7768135794582935,-6.774474267367037,-9.633736697089379,-10.888263054220282,-11.301069389530127,-2.099999999999996,-5.600000000000005,-6.899999999999995,-5.899999999999994,-6.800000000000006
2009-02-20,-1.0000000000000009,-6.999999999999984,-11.000000000000032,-9.00000000000003,-12.00000000000001,3.337639920559954,-8.909579388219724,4.518900773220036,10.504850242237751,-25.630958404303428,-0.8000000000000007,-0.40000000000000036,2.499999999999991,4.400000000000004,2.8000000000000025
2009-02-27,4.0000000000000036,17.999999999999993,24.00000000000002,16.000000000000014,14.999999999999991,1.6480965089836097,4.142849064826581,0.9508824641209834,-1.8625781845208245,-3.948037748879152,1.100000000000001,-1.200000000000001,-0.6000000000000005,-0.6000000000000005,3.0999999999999694
2009-03-06,-8.999999999999996,-15.999999999999993,-18.999999999999993,-23.99999999999998,-20.999999999999996,-4.267356467030714,-6.756520612992034,-6.765084580579206,-2.152692900146569,1.0457275947459266,0.7000000000000006,4.100000000000003,-0.6000000000000005,-1.4000000000000012,-0.19999999999997797
2009-03-13,6.999999999999995,4.0000000000000036,6.000000000000005,9.999999999999964,16.000000000000014,9.266426780880233,8.972081138984445,7.098144791748773,11.598646517801114,19.46153269455415,1.0999999999999954,0.9000000000000008,2.300000000000013,1.200000000000001,1.200000000000001
2009-03-20,-8.999999999999996,-21.000000000000018,-24.00000000000002,-16.999999999999993,-1.000000000000023,-12.527664690672724,-17.166282228837115,-19.26231461966004,-12.499985459866725,-1.9221509176005291,-1.3999999999999957,-4.800000000000004,-4.9000000000000155,0.8999999999999897,3.799999999999981
2009-03-27,1.0000000000000009,13.00000000000001,12.99999999999999,-0.9999999999999787,-2.9999999999999805,3.3666503835681594,9.97967731516125,14.884718364222804,0.16993374083247303,-22.147978120101453,1.2999999999999956,6.800000000000006,6.000000000000005,1.3000000000000123,0.7000000000000117
2009-04-03,5.999999999999995,8.000000000000007,13.000000000000034,10.999999999999988,8.000000000000007,11.793726489323486,7.569861469898775,5.4592818328523585,6.502334090684503,7.962907092356186,-1.2999999999999956,3.9999999999999925,8.800000000000008,8.999999999999986,4.700000000000015
2009-04-10,0.0,2.9999999999999805,4.999999999999982,8.000000000000007,5.999999999999961,-4.251911906963035,-0.9541742526278263,6.076052366129225,9.36281300923758,6.846575697496871,5.8,5.200000000000005,3.499999999999992,6.899999999999995,8.800000000000008
2009-04-17,3.0000000000000027,1.0000000000000009,2.0000000000000018,6.000000000000005,3.000000000000025,-2.25357753908888,-5.0193526034816305,-5.211511903108601,-5.18591715962895,-5.234574376790135,-5.299999999999999,-2.7000000000000024,-0.40000000000000036,1.000000000000023,2.1999999999999797
2009-04-24,0.0,5.000000000000004,4.999999999999982,8.000000000000007,10.000000000000009,-5.931582636327892,-4.1626568643267525,-4.266638661756517,-10.265444970948945,-15.861872668911303,0.5000000000000004,-0.40000000000000036,-1.6000000000000014,-2.400000000000002,0.30000000000001137
2009-05-01,-6.999999999999995,6.999999999999984,18.000000000000014,14.999999999999947,19.99999999999997,-7.0742666313470925,-6.199821741270828,-4.524114294401027,-6.8483767565573395,-10.122596075744461,-3.500000000000003,-3.499999999999992,-2.8000000000000025,-6.300000000000017,-9.00000000000003
2009-05-08,7.9999999999999964,12.00000000000001,8.000000000000007,11.000000000000032,19.00000000000004,-11.661513662663591,-2.68373536469686,6.795973738348593,17.8175266527691,22.974590946583895,2.300000000000002,4.799999999999994,4.800000000000004,4.0000000000000036,4.0000000000000036
2009-05-15,-12.0,-14.000000000000012,-14.999999999999991,-17.99999999999997,-19.00000000000004,-1.242074161805773,1.893338419149737,1.42360680152116,1.4033298726759291,2.672927313868012,-2.400000000000002,-3.300000000000003,-0.29999999999998916,4.0999999999999925,1.8000000000000238
2009-05-22,4.0000000000000036,22.00000000000002,31.000000000000007,29.000000000000004,29.000000000000004,1.5214148726159449,8.755274167338278,10.041892091747151,4.885229177354944,14.867028909733726,-1.8000000000000016,-1.3999999999999901,0.49999999999998934,2.200000000000024,2.0999999999999908
2009-05-29,0.0,10.999999999999988,2.0000000000000018,-2.000000000000046,-4.0000000000000036,5.725219187909225,12.812871823951077,15.136411038128639,10.92058635488895,0.8779160917619322,-0.8000000000000007,2.9999999999999916,4.800000000000004,3.200000000000003,2.300000000000013
2009-06-05,40.0,51.00000000000002,36.999999999999964,29.999999999999982,29.000000000000004,20.35932604221049,12.558669160840807,3.32487636938561,-1.0960500361928638,3.4663624737540033,-0.6999999999999951,-2.500000000000002,-0.8999999999999897,-0.20000000000002238,1.29999999999999
2009-06-12,-2.0000000000000018,-4.0000000000000036,-2.9999999999999805,-0.9999999999999787,2.000000000000046,-0.9356619982068937,-2.392326592056193,-4.163401266788647,-3.6421914151239854,-2.1004299240975577,3.6999999999999975,4.5000000000000036,2.1999999999999797,2.300000000000013,1.9000000000000128
2009-06-19,-5.000000000000004,0.9999999999999787,-2.0000000000000018,-8.999999999999986,-13.000000000000078,-13.58848541375879,-10.47937627369322,-8.106958264125286,5.152380061882056,29.738447355944597,-1.8000000000000016,-7.499999999999996,-6.3999999999999835,-5.200000000000005,-4.0999999999999925
2009-06-26,-14.999999999999991,-29.000000000000004,-27.0,-25.99999999999998,-21.999999999999975,-19.02534126217237,-21.057652655857197,-8.856563364837022,-7.056303470530878,-31.30255207113377,-5.299999999999999,-5.700000000000005,-4.200000000000004,-2.0999999999999908,-0.6000000000000227
2009-07-03,-12.00000000000001,-9.999999999999964,-1.000000000000023,0.0,2.000000000000046,-7.036591649768287,-8.394802166583615,-7.738954136222631,-7.720229653588984,-18.98762530511604,-4.799999999999999,-4.699999999999993,-7.400000000000007,-6.099999999999994,-4.999999999999982
2009-07-10,-6.999999999999995,-20.999999999999996,-18.999999999999993,-12.00000000000001,-12.00000000000001,-0.09256586809283096,-1.5488282787554652,-1.6010646892065772,-1.5967233239377876,-1.8561622669053257,-1.5000000000000013,-0.7000000000000006,-2.200000000000002,-0.8000000000000007,-1.6000000000000014
2009-07-17,10.999999999999998,29.999999999999982,35.00000000000001,34.999999999999964,33.00000000000001,3.119414968000589,3.9551311054877747,3.738962775638388,2.987363883960459,2.3230655780422715,2.500000000000002,0.5000000000000004,2.200000000000002,3.399999999999981,2.499999999999991
2009-07-24,3.0000000000000027,4.999999999999982,3.000000000000025,2.000000000000046,1.9999999999999574,3.642180370035142,-2.2689007115344495,-5.0254263561957835,0.28424841375072063,6.904330176058959,0.6000000000000005,1.29999999999999,5.400000000000005,8.800000000000008,10.999999999999988
2009-07-31,7.999999999999985,-4.0000000000000036,-18.000000000000014,-24.00000000000002,-24.00000000000002,-4.502126090688363,-12.465797247065735,-19.04566143686157,-18.936364861284805,-13.67551365332167,0.40000000000000036,3.0000000000000027,3.8000000000000034,-0.40000000000000036,1.29999999999999
2009-08-07,19.000000000000018,31.000000000000007,37.000000000000014,29.999999999999982,30.00000000000007,25.624175742843924,17.50308736589612,4.932293927715836,-0.7803718016413441,3.4806697633757544,-1.0000000000000009,1.7000000000000015,2.0999999999999908,0.5999999999999783,-0.40000000000000036
2009-08-14,-25.0,-33.00000000000001,-34.00000000000003,-25.99999999999998,-20.000000000000018,-18.838544281262237,-13.743253397059085,-5.3777615859974315,-0.697180581984469,-2.156444678353875,0.0,-2.200000000000002,-5.000000000000004,-2.699999999999969,-3.0999999999999694
2009-08-21,5.999999999999983,7.000000000000028,1.000000000000023,-0.9999999999999787,-4.999999999999982,3.8661579581338756,0.8803817245003565,-5.0763354462308286,-6.844602759943275,-2.8341219119004,-2.0000000000000018,-6.399999999999995,-6.099999999999994,-2.300000000000013,-1.7000000000000348
2009-08-28,-11.99999999999999,-12.00000000000001,-10.000000000000009,-15.000000000000036,-15.000000000000036,-4.4735384198344,-4.067016766114229,-2.674874541781591,1.4203643643512898,5.112736118695871,-0.30000000000000027,-1.3000000000000012,0.10000000000001119,-1.5000000000000124,-3.299999999999992
2009-09-04,-7.000000000000006,-10.000000000000009,-0.9999999999999787,4.0000000000000036,5.999999999999961,-10.459557725393953,-1.0992574448570824,7.100408721647211,6.98412163174833,1.0293182761863306,-1.0999999999999983,-0.6000000000000005,-1.3000000000000123,-2.499999999999991,-3.200000000000003
2009-09-11,-3.9999999999999925,-6.999999999999984,-11.000000000000032,-11.000000000000032,-8.999999999999986,-9.077520115137716,-7.554492059708329,-1.8175802810969088,4.3753732951195445,6.447892307469338,-2.7000000000000024,-5.900000000000006,-1.6999999999999904,0.6000000000000227,0.6000000000000227
2009-09-18,13.0,20.000000000000018,15.000000000000036,10.000000000000053,6.00000000000005,9.799615839326737,7.115817979481465,3.2188364572809824,1.7990077706547147,3.4749996422708485,2.100000000000002,4.800000000000004,3.8999999999999924,-0.20000000000002238,0.8999999999999897
2009-09-25,-5.000000000000004,-13.000000000000034,-15.000000000000036,-12.99999999999999,-14.000000000000057,-6.935613201471025,-8.57234671199798,-8.313622678608334,-10.266106046916512,-12.810279367580968,-1.4000000000000012,-3.7000000000000033,-2.499999999999991,-2.1999999999999797,-2.8000000000000025
2009-10-02,-9.999999999999998,-13.999999999999968,-9.999999999999964,-9.00000000000003,-8.999999999999986,0.23380369774033127,-2.407227449630245,-4.306372984418072,-6.262875795902545,-7.058746133827487,1.9000000000000017,-2.299999999999991,-5.300000000000016,-0.7000000000000117,0.6000000000000227
2009-10-09,9.999999999999998,13.999999999999968,15.99999999999997,22.00000000000002,20.999999999999996,12.364927979221774,6.85878018694952,5.10461888095155,3.3590561542795605,-0.08298778867166234,2.1999999999999993,5.299999999999994,2.5000000000000133,0.0,-2.5000000000000355
2009-10-16,-1.0000000000000009,1.000000000000023,3.000000000000025,1.9999999999999574,2.000000000000046,2.364160223565004,5.035019098292226,7.821722803754216,8.067918989306477,5.611164353843279,-1.200000000000001,1.100000000000001,4.499999999999993,7.299999999999995,7.100000000000017
2009-10-23,7.000000000000006,8.999999999999986,7.999999999999963,4.999999999999982,4.999999999999982,1.5794397409622851,0.04721571801056257,-0.8136528665863452,4.369401928730099,10.313991731487171,3.300000000000003,4.200000000000004,3.500000000000014,1.000000000000023,0.9999999999999787
2009-10-30,-14.000000000000002,-14.999999999999991,-9.999999999999964,-7.999999999999918,-5.999999999999961,-8.188094732959762,-6.250944188427088,-4.445842589606874,-9.845048722853278,-16.27533488282582,-2.300000000000002,1.7000000000000015,4.299999999999993,1.6999999999999904,0.5000000000000338
2009-11-06,-4.0000000000000036,-1.000000000000023,12.99999999999999,15.999999999999925,16.999999999999993,1.1492312430466,2.6553949516468833,4.042464471420981,10.051203720906887,15.77197173649072,1.7000000000000015,3.399999999999992,3.8999999999999924,1.200000000000001,-1.100000000000012
2009-11-13,-4.0000000000000036,-2.0000000000000018,-10.999999999999988,-5.999999999999961,-4.0000000000000036,-9.792992622048601,-6.379006301227008,-2.617564051786969,-6.581071220474044,-13.691039321652543,-1.8000000000000016,-8.699999999999996,-9.499999999999996,-4.0000000000000036,-1.9000000000000128
2009-11-20,-6.999999999999995,-7.999999999999963,-7.000000000000028,-8.999999999999986,-6.00000000000005,6.534897086185243,2.372975602236327,-3.270720112545833,-7.915404662167802,-8.079116879366222,-0.30000000000000027,-2.300000000000002,-2.8999999999999915,-5.299999999999994,-4.1999999999999815
2009-11-27,-6.999999999999995,-17.000000000000036,-14.999999999999991,-12.99999999999999,-8.999999999999986,-4.7848230906638145,-8.781053942259254,-6.738049072311458,1.0636517880498353,7.145395495883733,-2.099999999999999,-4.999999999999993,-4.9000000000000155,-2.8000000000000025,-3.100000000000014
2009-12-04,15.999999999999993,21.000000000000043,27.0,23.999999999999932,19.00000000000004,7.410862407560059,6.095084729701483,1.6503902299764839,-1.7924697579198678,-1.9734130295280927,-5.6,-4.700000000000005,0.40000000000000036,3.89999999999997,3.299999999999992
2009-12-11,-1.0000000000000009,1.9999999999999574,6.999999999999984,8.000000000000007,8.999999999999986,-4.920331345826923,-3.7260829852014954,0.741661456056697,3.7094738914996483,3.1806608064107955,0.0,-0.9000000000000008,-0.29999999999998916,0.9000000000000341,4.400000000000004
2009-12-18,-1.0000000000000009,4.0000000000000036,0.0,-2.999999999999936,-3.000000000000025,-6.971841434182524,-7.488575591057733,-8.984403043996325,-12.207138077443869,-14.38619249688573,-1.0000000000000009,-4.899999999999999,-4.800000000000004,0.19999999999997797,-0.29999999999996696
2009-12-25,18.000000000000004,27.0,27.0,23.999999999999932,21.999999999999975,2.1242400814762252,6.5844176645354136,11.042091074690319,11.659727959471855,9.303490064729392,-0.40000000000000036,1.799999999999996,4.400000000000004,2.300000000000013,3.0999999999999694
2010-01-01,13.99999999999999,12.00000000000001,3.000000000000025,-1.9999999999999574,-4.999999999999982,14.22522132523798,11.429914620925796,5.196417938520881,5.026687663219942,9.724191635120505,-1.899999999999999,-0.20000000000000018,1.4999999999999902,0.40000000000000036,-0.40000000000000036
2010-01-08,-17.999999999999993,-12.00000000000001,-2.0000000000000018,3.000000000000025,7.000000000000028,-8.798901697413086,-5.821230546398404,-3.30011552631726,-0.944046671550236,0.06135001019202946,2.8,5.200000000000005,7.000000000000006,5.099999999999971,4.200000000000026
2010-01-15,-6.999999999999995,-12.99999999999999,-12.99999999999999,-12.99999999999999,-12.00000000000001,-8.187919164274948,-3.9058588088805024,0.9196795471679842,0.44164426166739545,-3.4564310585411206,-0.9000000000000008,0.30000000000000027,-3.0000000000000027,-2.699999999999969,-3.200000000000003
2010-01-22,-5.000000000000004,-6.999999999999984,-8.000000000000007,-10.000000000000053,-8.000000000000007,3.4106672965428464,0.21883112697227425,-1.8373252804052331,0.037899001053087744,3.1366904356188385,0.6000000000000005,-0.20000000000000018,0.20000000000000018,0.30000000000001137,1.6000000000000014
2010-01-29,-2.0000000000000018,-3.000000000000025,0.9999999999999787,0.0,0.9999999999999787,12.772869573241351,8.257855528227331,1.2279359077186136,-6.35197742286886,-9.383021924652368,-0.6000000000000005,-1.7000000000000015,-0.09999999999998899,-0.7000000000000117,-0.7000000000000117
2010-02-05,-4.999999999999993,-10.999999999999988,-4.0000000000000036,-1.9999999999999574,0.0,-3.0132057079486074,-3.5392271709768774,-2.9143239401995036,-4.440395194531366,-7.248427006487113,0.0,4.100000000000003,4.599999999999982,3.0999999999999694,2.7000000000000135
2010-02-12,6.999999999999995,12.00000000000001,10.000000000000009,15.999999999999925,15.000000000000036,-16.167109866845088,-7.963824273504949,2.34149041903291,3.174753734249336,-2.611792305370475,-0.10000000000000009,-0.9000000000000008,-3.399999999999981,-0.19999999999997797,-0.7000000000000117
2010-02-19,10.999999999999998,12.99999999999999,8.999999999999986,6.00000000000005,4.999999999999982,-2.6636924095551517,1.0895497758836914,6.833733408409826,7.759321283578302,4.546178456684302,0.10000000000000009,-0.7000000000000006,0.8999999999999897,2.0999999999999908,2.400000000000002
2010-02-26,-13.99999999999999,-18.000000000000014,-16.999999999999993,-17.99999999999997,-16.000000000000014,-10.225716525402362,-11.935849311488411,-10.823283563514652,-16.46268886391331,-5.844283366610092,0.0,-0.8000000000000007,-3.299999999999992,-2.8999999999999915,-3.8000000000000256
2010-03-05,9.999999999999998,5.000000000000027,8.000000000000007,8.999999999999986,8.999999999999986,-0.05181256186379546,2.827267883802609,2.336768474843831,2.1527131603805927,14.173016438915909,-1.4999999999999987,-2.7000000000000024,-1.3000000000000123,0.5999999999999783,1.7000000000000348
2010-03-12,5.999999999999995,6.999999999999984,2.0000000000000018,-2.000000000000046,-1.9999999999999574,3.1329346802267954,2.431713650951872,-0.20274721166591014,0.19589911942281546,4.8943638862592564,0.0,1.9000000000000017,3.600000000000003,0.6000000000000227,-1.200000000000001
2010-03-19,5.000000000000004,6.000000000000005,-0.9999999999999787,-5.999999999999961,-4.0000000000000036,-4.11293592177453,-5.767360349958661,-2.6647932785495154,-0.8187014230809808,-5.771273973185309,0.49999999999999767,0.6000000000000005,2.300000000000013,1.6999999999999904,0.8000000000000007
2010-03-26,2.0000000000000018,10.999999999999988,15.99999999999997,18.99999999999995,16.999999999999993,-1.537196238697458,0.5723400974292581,0.8511421069171909,-4.099154628304635,-4.043670584962378,1.200000000000001,2.500000000000002,1.399999999999979,-2.7000000000000135,-2.6000000000000245
2010-04-02,7.000000000000006,8.000000000000007,10.000000000000009,5.000000000000071,5.999999999999961,-2.0139010063942697,-3.761282034289737,-4.79588494399974,-8.308895631364077,-7.347042635361323,0.6000000000000005,-1.4000000000000012,-1.7999999999999794,-1.0999999999999677,-2.8999999999999915
2010-04-09,-3.0000000000000027,-2.0000000000000018,-6.000000000000005,-7.000000000000028,-6.99999999999994,4.12979628635628,3.8709594514420242,5.683495364650382,8.082584793721015,1.1229869229034684,-0.8000000000000007,1.8000000000000016,2.8999999999999915,-0.8999999999999897,-0.8000000000000007
2010-04-16,-10.000000000000009,-15.99999999999997,-10.999999999999988,-8.000000000000007,-7.000000000000028,-7.423316749543685,-9.548675492036285,-4.742902087532652,1.1270496609848024,1.9773704695939642,1.0000000000000009,-2.9000000000000026,-3.400000000000003,0.0,-0.09999999999998899
2010-04-23,12.00000000000001,11.999999999999966,4.999999999999982,0.9999999999999787,0.0,5.715332193425726,6.2998651758744195,4.485131057769598,3.0252787512219825,-2.577292466408565,-0.5000000000000004,-2.9000000000000026,-2.6000000000000023,-3.100000000000014,-3.299999999999992
2010-04-30,-13.00000000000001,-17.99999999999997,-14.999999999999991,-14.999999999999947,-13.999999999999968,2.300397158552059,-5.8219314618582985,-7.2063056761928035,-2.0702964721758477,-17.044853661284698,0.0,-1.6000000000000014,-2.8000000000000025,-3.600000000000003,-4.600000000000026
2010-05-07,-14.000000000000002,-26.00000000000002,-23.99999999999998,-25.0,-25.0,18.574225722048542,19.415434188412828,9.923526222207535,2.6789512282364925,-2.5340848843671715,0.0,-0.20000000000000018,-0.29999999999998916,0.5999999999999783,0.7000000000000117
2010-05-14,-3.9999999999999925,-0.9999999999999787,-1.000000000000023,1.9999999999999574,4.0000000000000036,-25.301726053579653,-29.362524579914286,-18.84658007676019,-5.692109665567013,8.090376515145703,0.0,0.40000000000000036,1.8000000000000016,3.600000000000003,3.399999999999981
2010-05-21,-3.0000000000000027,-14.000000000000012,-23.99999999999998,-21.999999999999975,-25.0,-0.8850044598785578,-4.403245229824737,-7.242284620455486,-11.786404140049456,-16.028065877569464,-0.5000000000000004,-3.9999999999999982,-5.400000000000005,-7.499999999999973,-7.199999999999962
2010-05-28,0.0,8.000000000000007,10.999999999999988,13.999999999999968,14.999999999999947,11.260967806347555,12.62043421291712,7.412997742958405,6.082297045295171,5.350717539132255,0.5000000000000004,2.100000000000002,1.6000000000000014,0.29999999999996696,-1.6000000000000014
2010-06-04,-4.0000000000000036,-12.00000000000001,-10.999999999999988,-9.999999999999964,-8.999999999999986,10.034898646425795,15.818860871777396,13.819748587243819,9.973963217502035,11.948662240828511,-1.5000000000000013,-4.700000000000005,-1.6000000000000014,0.30000000000001137,1.6999999999999904
2010-06-11,3.0000000000000027,4.999999999999982,4.0000000000000036,2.0000000000000018,2.000000000000046,-4.562368791086646,-6.002416459706472,-5.967550110831121,-5.390698227505819,-6.269225389466371,0.5000000000000004,0.7000000000000006,-3.299999999999992,-3.1999999999999806,-3.4000000000000252
2010-06-18,-1.0000000000000009,1.000000000000023,0.0,0.0,0.0,1.7509828041891051,6.5669930636664375,11.736689701483494,7.73632779781579,-0.32783773454783116,0.5000000000000004,-2.1999999999999966,-2.8000000000000025,-1.9000000000000128,-0.09999999999998899
2010-06-25,-8.999999999999996,-14.000000000000012,-12.00000000000001,-8.000000000000007,-8.000000000000007,4.979003541546945,0.20417783840338544,-1.8156135373806226,-1.6765359006496894,-1.9644985547683902,-0.5000000000000004,-1.3000000000000012,-5.100000000000016,-8.299999999999997,-9.599999999999987
2010-07-02,-2.0000000000000018,-7.999999999999985,-12.00000000000001,-12.00000000000001,-13.000000000000034,5.291599152682647,-1.0109987406395238,-12.135142401283083,-12.401523915862711,-6.651842428194321,-0.9999999999999981,-4.899999999999999,-4.399999999999982,-10.20000000000001,-9.90000000000002
2010-07-09,0.0,3.0000000000000027,6.999999999999984,8.000000000000007,10.000000000000009,-4.633006433834996,-5.757190869391771,1.6306046763501225,-0.33766415201537114,-5.876030146137978,0.0,4.299999999999998,5.399999999999983,11.20000000000001,12.20000000000001
2010-07-16,-2.0000000000000018,-15.000000000000014,-10.999999999999988,-10.999999999999988,-8.999999999999986,-3.8655716899548054,-3.478275464118452,2.3276735260800763,0.818448732772481,-13.520888842741119,0.0,-2.200000000000002,-6.499999999999995,-9.000000000000007,-9.600000000000009
2010-07-23,-1.0000000000000009,5.000000000000004,6.000000000000005,6.999999999999984,5.999999999999961,-2.401840875262229,-0.7710376927312357,-0.015358081291250159,-2.1264848735196296,2.9237062778450174,0.3999999999999976,0.6000000000000005,-1.6000000000000014,-1.8000000000000016,-2.299999999999991
2010-07-30,-4.999999999999993,-14.999999999999991,-8.000000000000007,-6.999999999999984,-2.9999999999999805,0.7879683223011469,-3.541478806289966,-8.840656733628016,-3.36208137587235,4.937922630200653,0.10000000000000009,0.0,0.20000000000000018,-4.0000000000000036,-4.0999999999999925
2010-08-06,-5.000000000000004,-9.000000000000007,-8.000000000000007,-3.000000000000025,2.0000000000000018,-7.960714473869079,-11.5143210552195,-13.899298488777045,-19.357678613903495,-15.597748244971577,-0.49999999999999767,-0.30000000000000027,-0.8999999999999897,-3.1999999999999806,-3.9000000000000146
2010-08-13,4.0000000000000036,-4.0000000000000036,-17.99999999999997,-14.999999999999991,-12.99999999999999,-5.0822100147716265,0.40344962204104107,3.605288906477533,4.075869193606341,17.59451607132787,-0.9000000000000008,-6.0,-6.900000000000017,-8.700000000000019,-8.799999999999986
2010-08-20,-5.000000000000004,0.0,-6.000000000000005,-18.000000000000014,-20.000000000000018,-5.764627139328393,-10.68031845904609,-14.332177628368248,-17.7758230897934,-23.53191355348696,-1.7000000000000002,-2.899999999999997,-4.999999999999993,-4.899999999999993,-4.500000000000015
2010-08-27,7.000000000000006,2.0000000000000018,4.0000000000000036,3.000000000000025,2.0000000000000018,2.558253280120648,-2.439144198732146,-8.85277356514016,-18.481490905987297,-28.948929024659975,1.5,2.6999999999999966,7.599999999999996,10.600000000000009,11.899999999999999
2010-09-03,-4.0000000000000036,0.0,6.000000000000005,8.000000000000007,10.000000000000009,1.0437217203358218,4.949562819248321,10.939263496945006,19.682923881673496,30.547561407832813,0.0,3.500000000000003,9.40000000000001,14.999999999999991,17.700000000000003
2010-09-10,5.999999999999995,10.000000000000009,8.999999999999986,8.999999999999986,8.999999999999986,12.243898141411268,12.265738605124321,7.11419381861691,10.001562572337175,13.575443913845442,1.4999999999999987,4.499999999999998,1.6999999999999904,4.400000000000004,4.0000000000000036
2010-09-17,-9.999999999999998,-13.00000000000001,-6.000000000000005,2.0000000000000018,2.0000000000000018,2.7757965865190526,5.211271681492624,7.462888806798684,7.209019959861518,10.508992588228061,-1.899999999999999,-7.600000000000001,-7.399999999999984,-3.8000000000000034,-4.200000000000004
2010-09-24,-2.9999999999999973,-8.999999999999986,-12.99999999999999,-10.000000000000009,-10.999999999999988,-4.466392196190494,-7.605086154768337,-7.106974018414869,-3.430441338329171,2.4616109485315008,0.6000000000000005,-1.4000000000000012,-6.900000000000006,-10.099999999999998,-9.999999999999986
2010-10-01,-3.0000000000000027,-11.00000000000001,-8.000000000000007,-10.000000000000009,-8.000000000000007,12.820863161142793,0.9325490126349756,-7.76326755433292,28.17338195111727,76.03298783421648,-0.30000000000000027,-3.1999999999999975,-3.500000000000003,-2.6000000000000023,-1.3000000000000123
2010-10-08,-7.000000000000001,-14.999999999999991,-12.99999999999999,-0.9999999999999787,4.0000000000000036,-9.877578953678157,-6.992229386783588,-2.0740239973989105,-7.3873340203908455,-12.544633467938482,-0.9000000000000008,-2.5999999999999996,-9.199999999999998,0.6000000000000005,5.099999999999993
2010-10-15,2.0000000000000018,8.999999999999986,17.99999999999997,23.0,23.0,-5.309286322084672,-2.7565234725965837,4.52404499519834,-33.70018757873234,-89.16689303874472,0.6000000000000005,3.2,1.3000000000000012,3.8999999999999924,4.600000000000004
2010-10-22,-2.0000000000000018,-3.0000000000000027,0.0,-3.000000000000025,-4.0000000000000036,18.60108417851418,15.854613624993297,2.60591895757063,9.751330845613015,27.50881636581881,1.100000000000001,2.9999999999999973,1.100000000000001,-0.20000000000000018,-0.6999999999999895
2010-10-29,-0.9999999999999953,0.0,4.0000000000000036,5.000000000000027,5.000000000000027,5.086123052509217,3.7552121117084614,0.864136432008733,4.00534985826706,8.9250437305322,0.10000000000000009,1.100000000000001,4.300000000000004,5.600000000000005,2.8000000000000025
2010-11-05,3.9999999999999982,-6.999999999999984,-4.999999999999982,4.999999999999982,12.99999999999999,6.010958136789024,3.9687379276511336,0.6310644378105579,3.2828555590810105,5.4364496769929715,-0.20000000000000018,1.0000000000000009,0.39999999999998925,0.6000000000000005,1.0999999999999899
2010-11-12,13.0,25.0,17.99999999999997,18.999999999999993,13.999999999999968,5.0009606746527435,13.466475277486945,18.72710139284992,12.6879889142689,6.089900489166666,1.3999999999999986,4.099999999999998,6.900000000000006,6.2000000000000055,3.7000000000000144
2010-11-19,1.0000000000000009,18.999999999999993,12.00000000000001,3.000000000000025,-0.9999999999999787,9.662688887229143,11.191584001359178,6.867785601990928,11.081724172581975,19.3233628641849,0.7000000000000006,3.8000000000000034,6.099999999999994,1.8999999999999906,3.299999999999992
2010-11-26,-1.0000000000000009,-1.0000000000000009,-0.9999999999999787,-3.000000000000025,-4.0000000000000036,8.930759533629606,15.464392630598,14.683544775658142,3.982050554512817,4.210371126646617,3.3000000000000003,8.799999999999997,11.60000000000001,3.600000000000003,0.49999999999998934
2010-12-03,-2.0000000000000018,10.999999999999988,15.99999999999997,12.99999999999999,11.000000000000032,0.8920844113463833,1.0256722607302038,3.27852383100522,5.409739763182841,10.77674689719954,-0.5000000000000004,-2.799999999999997,1.29999999999999,7.499999999999996,5.299999999999994
2010-12-10,15.000000000000002,34.00000000000001,29.000000000000004,18.00000000000006,10.999999999999943,14.506130451254574,16.072890504540727,6.605393431327222,5.874736054879737,9.713839524801582,3.5000000000000004,6.800000000000001,-0.49999999999998934,4.0000000000000036,4.899999999999993
2010-12-17,-3.0000000000000027,-1.0000000000000009,1.000000000000023,0.0,-1.9999999999999574,2.27949149918516,7.667020940938674,7.4643548766795575,11.454215764348685,15.491532901617244,-1.899999999999999,-4.700000000000005,-0.40000000000000036,-6.999999999999984,-7.499999999999973
2010-12-24,6.000000000000005,11.99999999999999,8.000000000000007,6.99999999999994,5.999999999999961,-5.3094297169330895,-6.565378944153277,-1.928705343219228,-3.6026270573747965,-9.95140433535715,1.3999999999999986,1.200000000000001,-3.7000000000000144,-7.000000000000006,-4.499999999999993
2010-12-31,-6.000000000000005,-8.000000000000007,-11.000000000000032,-12.99999999999999,-12.99999999999999,1.9649617199460012,3.1510135297865283,4.648484522985541,5.507626659611908,1.8308985637623287,-4.699999999999998,-8.399999999999997,-2.6999999999999913,-3.600000000000003,-5.300000000000016
2011-01-07,-1.0000000000000009,-4.999999999999982,4.0000000000000036,12.00000000000001,14.000000000000057,-1.4833489665729838,3.6053421818928566,4.729854469291261,1.3952141844944421,-1.758213558461641,0.5999999999999978,7.099999999999995,7.299999999999995,8.000000000000007,8.10000000000002
2011-01-14,-1.0000000000000009,-1.0000000000000009,1.000000000000023,1.9999999999999574,4.999999999999982,3.0948409113472186,1.7850484871481331,-8.773012476528486,-7.105651702795424,8.022713660136027,1.200000000000001,2.200000000000002,0.30000000000001137,6.2000000000000055,5.399999999999983
2011-01-21,4.0000000000000036,9.000000000000007,8.999999999999986,6.00000000000005,4.0000000000000036,3.2771467234342433,4.962774814626236,12.481686802935066,8.14438204071637,-5.381369419189497,0.10000000000000009,0.20000000000000018,1.4000000000000012,-2.9000000000000137,-0.8999999999999897
2011-01-28,-8.999999999999996,-12.00000000000001,-8.000000000000007,-7.000000000000028,-4.0000000000000036,12.192886492341316,11.785838446586938,4.551334106493421,3.661740877862485,12.031500916573634,0.9000000000000008,-0.5000000000000004,0.6999999999999895,-1.29999999999999,-1.200000000000001
2011-02-04,23.0,35.00000000000001,32.00000000000003,25.0,20.000000000000018,-11.762039373386735,-12.742669568695808,-4.882087045648031,-1.720280419125153,-9.17662418625902,1.2999999999999985,7.399999999999995,6.400000000000006,2.6000000000000023,3.49999999999997
2011-02-11,7.9999999999999964,10.999999999999988,-4.0000000000000036,-1.9999999999999574,-2.000000000000046,8.114698731124736,13.125634067324565,10.500700111607841,10.321284412468668,17.260938571417306,3.0,4.100000000000003,2.400000000000002,3.49999999999997,0.0
2011-02-18,-6.999999999999995,-8.000000000000007,-5.000000000000027,-3.000000000000025,-0.9999999999999787,6.116679176535733,-18.07000934486691,-14.915622824802988,1.007747227073441,14.282362252884795,-1.1999999999999984,-1.0000000000000009,-0.10000000000001119,1.5000000000000124,1.5000000000000124
2011-02-25,-6.000000000000005,-13.999999999999968,-16.999999999999993,-20.000000000000018,-19.00000000000004,11.687094426861178,8.809742430012335,3.7130505356906873,-2.277493946325926,-4.427263210821941,0.899999999999998,-3.0000000000000027,-5.600000000000005,-5.699999999999994,-3.799999999999981
2011-03-04,-3.9999999999999925,0.9999999999999787,7.000000000000028,8.000000000000007,8.999999999999986,8.442062539668216,16.52312150814015,9.529817386183836,1.3819694294438634,-1.4528111160615254,-0.5999999999999978,0.6000000000000005,3.600000000000003,4.899999999999993,5.099999999999971
2011-03-11,-4.0000000000000036,-10.999999999999988,-9.00000000000003,-4.999999999999982,-5.999999999999961,-9.092660810878783,-9.980011107614084,-2.0905846533939787,6.06043711571882,8.904460479920573,-1.5000000000000013,-3.0999999999999917,-4.399999999999982,-2.400000000000002,-2.1999999999999797
2011-03-18,-3.0000000000000027,-10.000000000000009,-12.00000000000001,-12.00000000000001,-11.000000000000032,-12.916362523913083,-10.201094758450635,-9.030723630062187,-10.68468080685534,-11.327153630003384,-0.40000000000000036,-5.600000000000005,-3.7000000000000144,1.000000000000023,2.300000000000013
2011-03-25,18.000000000000004,24.00000000000002,18.000000000000014,11.000000000000032,8.000000000000007,10.342749909259297,11.103962974804205,9.174595862782553,7.271135170947396,6.613337123326257,-0.9999999999999981,-1.4000000000000012,1.100000000000012,-0.9000000000000341,-1.5000000000000124
2011-04-01,1.0000000000000009,4.0000000000000036,0.0,-1.0000000000000675,-2.999999999999936,11.948049857123166,13.858597246266946,10.691153825139388,8.646968441216707,7.967094301693312,0.49999999999999767,4.100000000000003,5.899999999999994,3.100000000000014,2.1999999999999797
2011-04-08,2.9999999999999916,6.999999999999984,12.99999999999999,14.000000000000057,14.999999999999947,7.42556932029137,2.4190541473639193,-2.9254906663611635,-3.505986349021306,-3.579451764843977,-0.5999999999999978,4.400000000000004,4.0999999999999925,4.899999999999993,7.000000000000028
2011-04-15,-12.0,-16.999999999999993,-15.99999999999997,-16.000000000000014,-16.000000000000014,3.611177624245965,4.79269271462317,-1.3961913439618279,-9.33082336493003,-12.146598318546609,0.5999999999999978,-1.9000000000000017,-3.200000000000003,-3.49999999999997,-3.699999999999992
2011-04-22,-2.9999999999999916,0.0,-1.000000000000023,-0.9999999999999787,0.0,1.5066371630712005,-0.9807948914892339,1.8254944022111808,3.114641444030397,3.5270640227181183,-0.3999999999999976,-3.8000000000000034,-6.3999999999999835,-6.600000000000028,-8.800000000000008
2011-04-29,-7.000000000000006,-17.000000000000014,-10.000000000000009,-8.999999999999986,-6.99999999999994,-5.582593817448522,2.6328839418758854,6.415963064244146,6.101013184733439,5.953651949188021,-1.200000000000001,-1.8000000000000016,-0.8000000000000007,1.4000000000000234,1.6999999999999904
2011-05-06,-4.0000000000000036,-9.999999999999986,-12.99999999999999,-12.00000000000001,-11.000000000000032,1.1238725966403962,-5.631892432092522,-13.87978501474798,-16.9857065352919,-17.992587678259042,-1.0000000000000009,-4.799999999999999,-5.900000000000016,-5.200000000000005,-5.100000000000016
2011-05-13,0.0,-1.0000000000000009,-0.9999999999999787,0.0,3.000000000000025,-3.510868109161347,-5.705880796594975,-4.568188967139442,-3.988563770425113,-3.8005333992087387,0.10000000000000009,0.30000000000000027,-2.6000000000000023,-6.2000000000000055,-5.699999999999994
2011-05-20,-1.9999999999999907,-4.0000000000000036,-3.000000000000025,-3.000000000000025,-2.000000000000046,6.017265194237886,7.033873788199019,6.967796817238803,6.068137403139051,5.751395841508966,0.0,0.9000000000000008,1.200000000000001,2.6000000000000023,2.400000000000002
2011-05-27,-7.000000000000006,-11.00000000000001,-8.000000000000007,-6.000000000000005,-5.999999999999961,-10.786192361928926,-17.012036125787855,-14.32097691285934,-9.504816908323033,-7.825585373436894,0.0,-1.7000000000000015,-0.8999999999999897,-3.7000000000000144,-3.299999999999992
2011-06-03,-6.0,-10.999999999999988,-7.999999999999963,-4.0000000000000036,-2.000000000000046,-5.715423627034877,-3.469652820333602,-2.369077343753645,-3.064091463184049,-3.3308932408646186,-2.4999999999999996,-0.8000000000000007,-0.6000000000000005,0.7000000000000117,1.6000000000000014
2011-06-10,-1.0000000000000009,-2.0000000000000018,0.0,-2.9999999999999805,-4.0000000000000036,0.7626510193138536,2.7416457167359187,5.696411001426149,7.7404394372798,8.432542797469456,1.5000000000000013,-0.40000000000000036,0.09999999999998899,2.200000000000002,4.300000000000015
2011-06-17,-2.9999999999999973,-5.000000000000004,-5.000000000000027,-1.000000000000023,1.0000000000000675,3.187710151665968,0.33946945035130405,3.8566774536093362,6.762782722233407,7.747808846350246,0.0,0.0,-1.0999999999999899,-1.4000000000000012,-1.4000000000000234
2011-06-24,-3.0000000000000027,-13.00000000000001,-6.000000000000005,-2.9999999999999805,-2.000000000000046,4.530714825362381,-2.391028071258372,-4.9225025206434125,-2.9087181586059607,-2.119114122507071,-1.5000000000000013,-1.699999999999996,-0.8000000000000007,-3.100000000000014,-4.0000000000000036
2011-07-01,15.000000000000002,40.000000000000014,34.00000000000003,29.000000000000004,23.000000000000043,-0.8170994876754989,14.331598380539079,12.633082266105866,3.875212135305439,0.7587986287233228,0.8000000000000007,3.299999999999997,3.400000000000003,1.0000000000000009,1.100000000000012
2011-07-08,-9.999999999999998,-23.0,-19.00000000000004,-14.999999999999991,-13.000000000000078,4.970484122831831,-20.746322199881327,-14.63996341384508,2.9259975091717294,9.24507259242704,-0.30000000000000027,2.0000000000000018,3.299999999999992,4.800000000000004,6.899999999999995
2011-07-15,-3.0000000000000027,-11.00000000000001,-8.999999999999986,-5.000000000000027,-0.9999999999999787,13.826884144751705,28.23485113044302,24.269881225096945,9.488340792175887,4.112952114053581,-1.0000000000000009,-7.000000000000001,-7.899999999999996,-5.800000000000005,-7.100000000000017
2011-07-22,3.0000000000000027,7.000000000000006,5.000000000000027,1.000000000000023,0.0,-6.215503856200133,1.100331348919914,0.06714747063476523,-2.91730654568223,-3.9370169595534854,1.100000000000001,1.8000000000000016,1.200000000000001,-1.1999999999999789,-0.5999999999999783
2011-07-29,-4.0000000000000036,-17.999999999999993,-17.000000000000036,-16.000000000000014,-13.999999999999968,18.091437047226577,1.5812652343267786,2.1407682787703664,4.962531405189807,5.921834139101101,-0.6000000000000005,-1.7000000000000015,-1.6000000000000014,-0.30000000000001137,-0.09999999999998899
2011-08-05,-7.9999999999999964,-12.00000000000001,-23.99999999999998,-27.99999999999998,-30.00000000000003,0.636854366467432,-1.8261317886153705,-5.923921229839468,-6.033687302402502,-6.035569087113313,-1.799999999999999,-3.300000000000003,-7.600000000000007,-8.800000000000008,-8.600000000000009
2011-08-12,-8.000000000000002,-27.0,-33.999999999999986,-25.0,-9.999999999999964,-51.024687209478614,-38.767009351861326,-21.90658697857444,-11.828486414252648,-8.454229796434642,0.7999999999999979,0.7000000000000006,4.600000000000004,8.600000000000009,7.800000000000007
2011-08-19,0.0,-5.999999999999995,-17.000000000000036,-27.0,-33.00000000000001,-3.5890329201563986,-16.30762749354666,-24.388489156999427,-27.695756969263474,-28.77876296112456,-0.49999999999999767,-3.4999999999999973,-5.499999999999994,-5.699999999999994,-4.400000000000004
2011-08-26,0.0,3.9999999999999925,12.00000000000001,15.99999999999997,14.999999999999991,6.067282800947638,-4.52791463548472,0.8529586727082261,7.50429007951201,9.794393794801781,-0.6000000000000005,2.799999999999997,5.600000000000005,5.099999999999993,4.400000000000004
2011-09-02,0.0,-5.999999999999995,-16.999999999999993,-20.999999999999996,-22.00000000000002,2.9763583448183084,3.072628867051286,7.548515791611443,14.585344028281089,17.079477530545706,0.7999999999999979,1.6000000000000014,-1.0000000000000009,-1.0999999999999899,1.7999999999999794
2011-09-09,-3.0,-6.999999999999995,-9.000000000000007,-6.000000000000005,-6.000000000000005,3.8024663000825853,-4.31569219363066,-4.004900545394552,-0.4496401143581963,0.8521620782460992,-0.3999999999999976,-1.4000000000000012,-5.500000000000016,-6.300000000000017,-7.099999999999995
2011-09-16,0.9999999999999981,12.99999999999999,15.000000000000014,10.000000000000009,8.000000000000007,10.952861381966983,8.155117039650506,3.2428834125460604,-2.9790380463869504,-5.195122813220898,-0.30000000000000027,0.10000000000000009,0.7000000000000117,-2.8999999999999915,-3.699999999999992
2011-09-23,5.000000000000002,-4.999999999999993,-24.0,-37.000000000000014,-44.99999999999997,-2.9157125404985607,-1.4867578966947903,2.127864742344787,2.5558373387855937,2.6358066778002787,-1.0000000000000009,-0.5000000000000004,-2.200000000000002,-6.2000000000000055,-6.2999999999999945
2011-09-30,1.9999999999999991,6.999999999999995,7.999999999999985,7.000000000000028,0.9999999999999787,0.23769277336924688,0.07277005497172695,-1.5579934005766738,-4.360508225414783,-5.349652632161206,1.200000000000001,2.8000000000000025,4.600000000000004,4.100000000000015,5.499999999999994
2011-10-07,4.999999999999999,12.00000000000001,18.000000000000014,11.999999999999966,12.00000000000001,0.43482161663099816,3.271205544644573,5.148565107388414,7.720527440547009,8.625858703305944,0.0,-2.300000000000002,-4.600000000000004,-2.200000000000002,-1.200000000000001
2011-10-14,-1.9999999999999962,4.0000000000000036,15.99999999999997,19.00000000000004,20.000000000000018,14.221940231684016,22.357225638063483,23.20789221068944,21.64922002959253,21.07896274297616,-0.20000000000000018,3.0000000000000027,3.600000000000003,2.6000000000000023,2.6000000000000023
2011-10-21,1.9999999999999962,-4.0000000000000036,-2.9999999999999805,0.9999999999999787,3.999999999999959,13.254569720570686,0.25152720308980747,1.3524957622917277,3.258313315427497,3.904814147425739,1.0999999999999983,-0.30000000000000027,-0.8000000000000007,3.499999999999992,3.699999999999992
2011-10-28,-1.9999999999999962,4.999999999999982,10.999999999999988,10.999999999999988,10.000000000000009,0.36831593286130726,3.390049872438361,7.67568391542488,6.390567223038879,5.875732191326577,-0.30000000000000027,0.7000000000000006,3.600000000000003,1.0000000000000009,0.40000000000000036
2011-11-04,-6.000000000000003,-24.99999999999999,-27.99999999999998,-27.99999999999998,-27.0,11.359048539761574,-0.17149588394609339,4.93407339426426,11.952192801277484,14.3680598027629,-0.6999999999999978,-2.8000000000000025,-5.000000000000004,-4.299999999999993,-3.600000000000003
2011-11-11,1.9999999999999991,2.0000000000000018,-2.0000000000000018,-1.000000000000023,3.000000000000025,26.911142021461032,19.881007599124167,13.479362046798649,13.213783220439268,13.229068910080866,-1.100000000000001,-0.30000000000000027,-2.100000000000002,-1.8000000000000016,-2.499999999999991
2011-11-18,4.999999999999999,3.9999999999999925,-3.000000000000025,-10.999999999999988,-12.99999999999999,42.033796637411314,27.960036402914355,22.550614655968992,20.564704408608048,19.907899929634443,-0.5000000000000004,-3.3999999999999977,-1.8000000000000016,-0.10000000000001119,2.0999999999999908
2011-11-25,-0.9999999999999953,-0.9999999999999898,-3.9999999999999813,-6.999999999999984,-7.000000000000028,49.751455253725396,45.266860546987566,29.55539917347414,15.623654376349005,10.85127698258006,2.0000000000000018,5.099999999999999,8.199999999999996,5.299999999999994,2.100000000000013
2011-12-02,-3.0000000000000027,-1.0000000000000009,7.999999999999985,12.00000000000001,10.999999999999988,-67.40728257257409,-52.03411301221443,-47.885802624488164,-49.383297814200056,-49.95348368861414,-1.0000000000000009,0.40000000000000036,2.0000000000000018,1.6000000000000014,1.6000000000000014
2011-12-09,-3.0,-3.0000000000000027,2.0000000000000018,4.999999999999982,7.000000000000028,-12.084724753497511,-5.620473702174955,-4.129798598057555,-0.48881985981346077,0.7932830076944342,0.0,-1.200000000000001,-5.099999999999993,-3.200000000000003,-4.0000000000000036
2011-12-16,1.9999999999999991,-7.9999999999999964,-20.999999999999975,-25.0,-24.00000000000002,-44.15252449208822,-27.541860201249158,-13.516274108921689,-5.536309804391326,-2.869977179594141,0.0,-1.8000000000000016,-2.8000000000000025,-1.0999999999999899,0.20000000000000018
2011-12-23,4.0000000000000036,15.999999999999993,16.99999999999997,18.999999999999993,18.999999999999993,-7.749627736276965,-3.746584031158129,-10.378522596350592,-12.97429039228959,-13.79083741269671,0.0,0.10000000000000009,-0.20000000000000018,-0.49999999999998934,-0.20000000000000018
2011-12-30,-3.0000000000000027,-14.000000000000002,-13.99999999999999,-16.000000000000014,-15.99999999999997,-9.960917661420465,-3.841466083074785,-3.29381469918566,-4.067758988971182,-4.346821748913765,0.10000000000000009,-0.2999999999999947,0.5000000000000004,0.09999999999998899,-1.6000000000000014
2012-01-06,0.0,3.0000000000000027,9.000000000000007,13.000000000000034,12.99999999999999,14.981677852570385,19.774573157597388,23.611024751510445,29.08428454211922,31.025159645943656,-0.40000000000000036,-0.30000000000000027,0.20000000000000018,0.8000000000000007,1.6000000000000014
2012-01-13,-1.0000000000000009,-5.999999999999995,-9.000000000000007,-11.000000000000032,-10.999999999999988,-60.90890566402791,-32.18709749022977,-16.67659636372507,-13.062822295819565,-11.99510581223775,0.20000000000000018,0.20000000000000018,-3.400000000000003,-1.8999999999999906,0.09999999999998899
2012-01-20,2.0000000000000018,10.999999999999998,15.999999999999993,18.999999999999993,18.999999999999993,-1.6198068894084372,-13.033983318794995,-9.186436211981697,-5.324262452728412,-4.014151745339234,-0.30000000000000027,0.3999999999999948,3.500000000000003,2.499999999999991,0.8000000000000007
2012-01-27,-4.000000000000001,-16.000000000000004,-11.99999999999999,-6.999999999999984,-3.000000000000025,-22.740452367539987,-19.9256739943257,-23.30239985339153,-28.036452770851916,-29.679306163594266,0.10000000000000009,-0.7999999999999952,-1.3000000000000012,-1.6000000000000014,-1.4999999999999902
2012-02-03,1.0000000000000009,3.0000000000000027,4.0000000000000036,4.999999999999982,6.000000000000005,-20.9007867974055,-4.303351623021889,-11.302309951792067,-8.39664954462691,-9.089282479032068,0.10000000000000009,-0.5000000000000004,-1.5000000000000013,-1.4000000000000012,-2.400000000000002
2012-02-10,4.000000000000001,3.0000000000000027,-1.0000000000000009,-0.9999999999999787,-2.0000000000000018,-0.5650840157853665,-0.3365977866309322,0.019549728209611317,-0.0850377132090685,-0.3907362294308214,-0.40000000000000036,2.099999999999996,3.0000000000000027,2.6000000000000023,3.600000000000003
2012-02-17,1.9999999999999962,6.999999999999995,4.999999999999982,4.999999999999982,5.000000000000027,11.793559976011103,-0.3772842783437369,-0.6042102443119202,-8.97910984366872,-9.865736491680543,-1.9000000000000004,-4.499999999999998,-2.6000000000000023,-1.6999999999999904,-2.0000000000000018
2012-02-24,2.0000000000000018,1.0000000000000009,-2.9999999999999805,-4.999999999999982,-6.000000000000005,13.210623422194367,-11.378713829174814,-10.493707818480713,0.05403986544534334,3.8523856198982465,-0.10000000000000009,1.4000000000000012,2.6000000000000023,3.0999999999999917,2.8999999999999915
2012-03-02,-2.9999999999999973,-5.000000000000004,1.0000000000000009,2.0000000000000018,0.9999999999999787,-65.56821495052748,-19.305175880476,-12.058822052251195,-18.30895874700378,-20.65584270802594,0.6000000000000005,-0.5000000000000004,-0.6000000000000005,0.0,0.30000000000001137
2012-03-09,4.999999999999999,6.000000000000005,5.000000000000004,6.000000000000005,8.000000000000007,7.873698246242711,3.9256718347679964,-1.2218040032037525,-3.7491277871045448,-4.579533690986892,0.30000000000000027,-1.9000000000000017,-0.20000000000000018,1.0000000000000009,0.6000000000000005
2012-03-16,3.9999999999999982,22.999999999999986,27.0,25.0,22.00000000000002,-0.8186898721898928,9.991914043225636,11.172666763773176,9.09103816550596,8.338600131764018,-0.30000000000000027,6.5,6.2000000000000055,3.0999999999999917,1.4000000000000012
2012-03-23,0.0,-2.9999999999999805,-6.000000000000005,-8.999999999999986,-10.000000000000009,4.607813140918182,0.2676807677317594,1.2094025716051782,2.2460384545288647,2.5967943919208203,0.10000000000000009,-2.2999999999999963,-2.100000000000013,-3.0000000000000027,-2.100000000000013
2012-03-30,-3.9999999999999982,-6.000000000000005,-2.0000000000000018,0.9999999999999787,4.0000000000000036,12.907072115414664,5.596396735159459,0.20803585787794177,-1.9941589854933106,-2.713026463937851,0.40000000000000036,-1.8000000000000016,-3.699999999999992,-2.299999999999991,-1.6000000000000014
2012-04-06,-1.0000000000000009,-15.000000000000002,-16.000000000000014,-14.999999999999991,-14.000000000000012,13.080696066742803,8.856166118139441,10.686735610100317,12.04870638998532,12.501879682948758,-0.20000000000000018,-0.5000000000000004,0.40000000000000036,1.8999999999999906,2.5000000000000133
2012-04-13,-4.999999999999999,-3.0000000000000027,-4.999999999999982,-8.000000000000007,-6.999999999999984,22.26597260794847,-0.25475003900972126,-3.974923336612335,-3.755520939012502,-3.653347175126953,0.20000000000000018,-2.0000000000000018,-4.200000000000004,-3.9999999999999813,-5.000000000000004
2012-04-20,1.9999999999999962,0.0,-3.0000000000000027,-2.0000000000000018,-2.0000000000000018,4.9961756829190795,5.686571894781167,5.181544718883879,5.687533805682055,5.878255437364643,-1.0000000000000009,-0.8000000000000007,-0.5000000000000004,0.40000000000000036,0.8999999999999897
2012-04-27,-2.9999999999999973,-4.0000000000000036,-3.0000000000000027,-2.0000000000000018,0.0,-7.057461715064384,-4.1624447118296715,-2.77666765923521,-2.988308628208891,-3.081912785346308,0.40000000000000036,-2.399999999999997,-4.299999999999993,-3.500000000000014,-2.0999999999999908
2012-05-04,1.0000000000000009,-3.9999999999999925,-5.000000000000004,-6.000000000000005,-5.000000000000027,-22.329528419870925,-13.564383230863264,-12.217271591730672,-12.983311946357556,-13.263534969974167,-0.10000000000000009,0.6000000000000005,0.10000000000000009,-1.6999999999999904,-1.7000000000000126
2012-05-11,0.0,-3.0000000000000027,-6.999999999999984,-8.000000000000007,-4.999999999999982,7.153837468659319,-0.2728184422750246,-1.0099117356850318,-0.9094137345576847,-0.8726430602967739,0.10000000000000009,-1.8000000000000016,-3.8000000000000034,-2.200000000000002,-2.8999999999999915
2012-05-18,4.999999999999999,0.0,-13.00000000000001,-18.999999999999993,-22.00000000000002,30.307419489689735,13.323968819029552,4.012418980996513,-0.1448787787975192,-1.5191105639282831,-0.8999999999999995,-1.8000000000000016,-1.8000000000000016,-6.000000000000005,-7.699999999999996
2012-05-25,-2.0000000000000018,1.0000000000000009,4.0000000000000036,4.0000000000000036,5.000000000000027,-3.0384647706704015,-7.78106706781827,-10.847965128874293,-13.043111181766243,-13.78771547564801,0.0,1.3000000000000012,5.200000000000005,8.299999999999997,9.200000000000008
2012-06-01,-4.999999999999999,-14.000000000000002,-28.000000000000004,-31.000000000000007,-32.00000000000003,21.634439662083693,1.443113443709798,-10.963830013225806,-18.49008913438901,-21.02130615359803,0.0,-3.1,-6.300000000000006,-5.999999999999983,-6.000000000000005
2012-06-08,3.0000000000000027,8.999999999999996,17.999999999999993,23.0,24.00000000000002,-12.546317988373424,3.5480535561150717,12.015254931547137,15.315336097995935,16.39849533519593,0.0,0.20000000000000018,1.3000000000000012,3.599999999999981,4.800000000000004
2012-06-15,0.9999999999999953,-2.9999999999999916,-4.999999999999982,-6.000000000000005,-6.999999999999984,30.515867410995746,16.429599837979048,24.37303148350405,32.588063163550274,35.37815977882018,0.0,0.9000000000000008,0.10000000000000009,0.8000000000000007,3.299999999999992
2012-06-22,2.0000000000000018,7.9999999999999964,8.999999999999986,7.000000000000028,4.999999999999982,-22.222392931371715,-4.243218524369041,-7.1999736713827645,-12.37140944031001,-14.142769852124992,0.0,-1.200000000000001,-2.200000000000002,-0.6999999999999895,0.09999999999998899
2012-06-29,2.0000000000000018,-4.0000000000000036,-2.0000000000000018,0.9999999999999787,0.9999999999999787,0.4424494841828164,0.5902355670645676,6.279864999769513,9.109030528968098,10.045027500992365,0.0,0.10000000000000009,1.100000000000001,0.40000000000000036,1.0000000000000009
2012-07-06,-6.0,-7.9999999999999964,-9.999999999999986,-10.000000000000009,-9.999999999999964,-9.248035927706844,-22.863253064726763,-10.650415181475115,6.758873930834852,12.785473959281202,0.0,-1.899999999999999,-3.399999999999992,-3.0000000000000027,-1.0999999999999899
2012-07-13,-2.0000000000000018,-1.0000000000000009,-5.000000000000004,-7.999999999999963,-8.000000000000007,-9.936151002319015,1.8487498475440844,-19.96840545577321,-36.79744306995225,-42.47754134009271,0.0,-1.3000000000000012,-3.1000000000000028,-3.8999999999999924,-6.800000000000006
2012-07-20,-3.0,-4.0000000000000036,-3.0000000000000027,-3.000000000000025,-3.000000000000025,24.419067613309764,4.1875553363365015,7.577864924988109,17.934753061382835,21.653176825380083,0.0,0.10000000000000009,-2.200000000000002,-3.500000000000014,-4.200000000000004
2012-07-27,3.0,6.000000000000005,9.000000000000007,10.000000000000009,8.000000000000007,-9.472804440422777,-5.3321381838205895,2.967068392432104,3.2144224526951426,3.0972994234245377,0.0,0.20000000000000018,0.10000000000000009,0.10000000000001119,2.5000000000000133
2012-08-03,-1.0000000000000009,2.0000000000000018,2.0000000000000018,2.9999999999999805,2.0000000000000018,-29.12053979107263,-9.184586818056673,-4.971014537970131,-4.0425088388018615,-3.7379086749130153,-0.8000000000000007,-1.200000000000001,-0.9000000000000008,0.0,1.0000000000000009
2012-08-10,3.0000000000000027,3.9999999999999925,4.999999999999982,7.000000000000028,9.00000000000003,0.7683228126111885,-4.1206512466761325,-9.274287343686805,-14.62851315665814,-16.495218196465444,-0.10000000000000009,2.6999999999999997,6.500000000000005,4.899999999999993,4.800000000000004
2012-08-17,1.9999999999999962,10.000000000000009,16.000000000000014,17.99999999999997,18.999999999999993,-16.174712240987432,1.9259228855911914,7.1448451516133105,7.60223498917183,7.70835367947118,0.9000000000000008,4.200000000000001,3.599999999999992,3.0000000000000027,1.399999999999979
2012-08-24,-0.9999999999999953,-9.000000000000007,-13.00000000000001,-13.999999999999968,-14.000000000000012,-1.4267282431166706,-6.60940720776253,-11.531228922381143,-13.24148517752457,-13.781088829893928,0.0,-2.3999999999999995,-2.0000000000000018,2.0999999999999908,2.9000000000000137
2012-08-31,-6.000000000000003,-13.0,-10.999999999999988,-12.00000000000001,-10.999999999999988,-12.336383982554722,7.619825373820355,9.97870570833217,7.147662342732719,6.120686530161645,-0.30000000000000027,0.20000000000000018,-0.8000000000000007,-0.6999999999999895,0.20000000000000018
2012-09-07,3.0,5.000000000000004,9.999999999999986,12.99999999999999,12.99999999999999,-22.741747543945934,-13.594086288373042,-7.466331821683481,-6.640668619027146,-6.408594613335961,-0.10000000000000009,0.0,-0.5999999999999894,0.0,-1.0000000000000009
2012-09-14,2.0000000000000018,7.9999999999999964,20.999999999999996,26.00000000000002,27.99999999999998,7.762398748304378,-1.8871547195749017,-7.601987247312536,-9.180152078626147,-9.683423531195867,0.40000000000000036,-1.9000000000000017,-1.7000000000000015,0.49999999999998934,0.09999999999998899
2012-09-21,0.0,-3.9999999999999925,-10.999999999999988,-11.000000000000032,-13.999999999999968,2.267279060949079,-5.225080918118685,-7.911065267263151,-6.673755513484547,-6.202992590283163,0.0,0.10000000000000009,0.6000000000000005,1.0000000000000009,1.7000000000000126
2012-09-28,-4.000000000000001,-6.000000000000005,-12.00000000000001,-14.999999999999991,-13.000000000000034,9.618593549400956,3.0048984254268163,-0.3174799169802345,-3.437383195980015,-4.514799779555201,0.0,-0.7999999999999979,-2.6000000000000023,-2.200000000000002,-2.5000000000000133
2012-10-05,4.000000000000001,5.000000000000004,10.000000000000009,12.99999999999999,14.000000000000012,-8.718351144743508,-12.415451966196045,-3.0898554777621268,5.401544434256866,8.298301177859368,0.0,0.10000000000000009,0.6000000000000005,1.9000000000000128,2.6000000000000023
2012-10-12,0.0,0.0,-6.000000000000005,-10.999999999999988,-12.99999999999999,-2.957426815888198,-5.103579215077758,-12.714600696248901,-17.648189419350757,-19.301753163120505,0.0,0.10000000000000009,-1.100000000000001,-0.9000000000000119,0.0
2012-10-19,2.9999999999999973,9.999999999999998,10.000000000000009,10.999999999999988,10.999999999999988,0.4548270187214598,-12.67977943905656,-2.1350696029421634,12.082084035424767,17.062162332600117,0.0,0.5999999999999978,2.100000000000002,2.200000000000002,0.9000000000000119
2012-10-26,0.0,-1.0000000000000009,-1.0000000000000009,-2.0000000000000018,-2.0000000000000018,10.159856091756225,2.034118677984864,1.8525365184620668,3.712884557940832,4.3866118473346205,-0.20000000000000018,-1.2999999999999985,-1.8000000000000016,-0.40000000000000036,-0.10000000000001119
2012-11-02,-1.9999999999999962,-3.0000000000000027,-3.0000000000000027,-2.0000000000000018,-0.9999999999999787,-6.489611336687773,-1.3775648963462839,-2.2910540641716715,-5.549326236356578,-6.730728916819473,-0.10000000000000009,1.4999999999999987,1.7000000000000015,0.9000000000000119,0.9000000000000119
2012-11-09,-1.0000000000000009,-7.9999999999999964,-13.99999999999999,-16.999999999999993,-16.000000000000014,-4.546094276624801,2.4217601882070117,0.4594256000347574,-3.4102600414591233,-4.742681347713784,-0.10000000000000009,-0.6999999999999978,-4.100000000000003,-2.400000000000002,-2.300000000000013
2012-11-16,-3.0000000000000027,-3.0000000000000027,-3.0000000000000027,-2.9999999999999805,-2.0000000000000018,0.39489466706652543,-3.2468146303826106,-1.3859983451478985,2.3692592281857827,3.6747121198786203,0.40000000000000036,-1.5000000000000013,-0.30000000000000027,2.8000000000000025,3.300000000000014
2012-11-23,4.999999999999999,7.9999999999999964,11.99999999999999,10.999999999999988,10.000000000000009,-6.658504898689799,-2.6271294151353874,-0.8822417497864166,-0.1080870169335224,0.15090779071158522,0.0,0.8000000000000007,1.3000000000000012,0.49999999999998934,0.0
2012-11-30,-3.9999999999999982,-8.999999999999996,-7.999999999999985,-4.999999999999982,-2.0000000000000018,-20.11411135566661,-7.17873113344607,-13.830712711240878,-17.10071733048757,-18.04111108687554,-0.30000000000000027,-1.4000000000000012,-2.8000000000000025,-1.29999999999999,-0.8000000000000007
2012-12-07,0.0,2.0000000000000018,1.9999999999999796,2.0000000000000018,0.0,3.376483592176527,1.598782186323433,1.614247403586866,4.466781608929082,5.599320760896465,-0.10000000000000009,-1.4999999999999987,-2.9000000000000026,-2.100000000000013,-4.100000000000015
2012-12-14,-1.0000000000000009,6.999999999999995,8.000000000000007,6.999999999999984,6.000000000000005,1.2841719206925006,2.6984559111706607,-2.667740451830092,-10.244973912610877,-13.019235825159736,0.40000000000000036,0.9999999999999981,2.8000000000000025,4.800000000000004,4.800000000000004
2012-12-21,2.0000000000000018,5.000000000000004,5.000000000000004,6.000000000000005,6.000000000000005,-7.91932571692514,-6.474457153336388,-2.2676502906703533,-1.7909749802745623,-1.7539321050437096,0.0,-0.30000000000000027,3.0000000000000027,0.10000000000001119,-1.0999999999999899
2012-12-28,1.0000000000000009,-3.0000000000000027,-4.0000000000000036,-4.999999999999982,-5.000000000000027,12.752058674386301,-2.6870741444426693,-2.5445257545531064,-3.579363216851661,-4.0274276176472945,-0.20000000000000018,1.5000000000000013,3.500000000000003,4.499999999999993,3.400000000000003
2013-01-04,0.0,9.999999999999998,19.999999999999996,23.0,22.00000000000002,-14.074852803851822,5.725221237074352,8.19038858875265,9.11989583898678,9.467358825196293,-0.10000000000000009,1.6000000000000014,4.0999999999999925,2.299999999999991,1.6999999999999904
2013-01-11,-1.0000000000000009,-3.9999999999999925,-4.0000000000000036,-5.000000000000027,-5.000000000000027,-9.96645488537985,-12.165643237478463,-5.773626160681822,0.9004612263900036,3.2324044689810982,-1.7000000000000002,-3.0000000000000027,-1.9000000000000017,0.5000000000000115,1.6999999999999904
2013-01-18,0.0,-1.0000000000000009,-1.9999999999999796,-2.0000000000000018,-2.0000000000000018,9.526164913616253,11.895059007334318,5.4081753779311015,-2.440586904387043,-5.208270941542104,-0.5000000000000004,-1.799999999999999,-5.699999999999994,-2.100000000000013,-1.1999999999999789
2013-01-25,2.0000000000000018,9.999999999999998,10.999999999999988,12.00000000000001,11.000000000000032,3.9183168702528692,2.2749126851111523,0.7154565277905256,0.23286126908068638,0.08645803116085204,0.40000000000000036,-0.40000000000000036,-2.6000000000000023,0.5000000000000115,-0.40000000000000036
2013-02-01,-1.0000000000000009,1.0000000000000009,6.000000000000005,8.000000000000007,6.999999999999984,7.5978495539917645,3.669971672778005,2.492931813231536,3.1017095206221867,3.3461535542267384,-1.1999999999999997,0.20000000000000018,5.000000000000004,0.49999999999998934,-0.8000000000000007
2013-02-08,-2.0000000000000018,-4.0000000000000036,-5.000000000000004,-4.0000000000000036,-4.0000000000000036,3.8093260847027466,2.7503157136099077,3.160084732038726,6.533678112056185,7.805041357985587,-3.5000000000000004,-1.0000000000000009,-1.4000000000000012,0.0,0.49999999999998934
2013-02-15,3.9999999999999982,3.0000000000000027,1.9999999999999796,0.9999999999999787,1.000000000000023,-9.992965248957475,-10.193739331731955,-4.680390507496135,-0.08563935400776046,1.4962288519630107,1.2999999999999998,0.8000000000000007,-0.8000000000000007,-3.0999999999999917,-4.600000000000004
2013-02-22,-1.9999999999999962,-3.0000000000000027,-3.9999999999999813,-2.9999999999999805,-3.000000000000025,0.32985633312669904,1.1285746545198094,0.6442540549929987,-1.0733313274118306,-1.7154337066864755,0.0,-1.2999999999999985,-1.7000000000000015,-0.40000000000000036,-1.6000000000000014
2013-03-01,-2.0000000000000018,-8.999999999999996,-10.999999999999988,-8.999999999999986,-8.999999999999986,2.0362311629721574,8.38648197214873,6.462477624104057,0.15731122510911355,-2.144557417097026,0.0,-1.4000000000000012,-6.599999999999994,-13.3,-12.599999999999989
2013-03-08,2.0000000000000018,15.000000000000002,19.999999999999996,20.999999999999996,18.999999999999993,-3.238914631480405,-6.507695197267771,-7.089449447320817,-5.928885072537637,-5.492266864171214,-0.4999999999999998,-1.2999999999999998,-3.1000000000000028,2.200000000000002,-3.200000000000003
2013-03-15,-2.0000000000000018,-6.000000000000005,-5.000000000000027,-4.0000000000000036,-2.9999999999999805,1.426086226076606,1.0404053235933963,-0.4012660146676339,0.1919120802841956,0.45584532727396265,0.4999999999999998,0.8999999999999995,-3.200000000000003,-1.8999999999999906,0.8999999999999897
2013-03-22,1.0000000000000009,-3.9999999999999925,-7.999999999999985,-10.000000000000009,-9.00000000000003,-0.8436293346777646,-3.9572714536488363,-5.751643558499264,-8.09046046889419,-8.932939966730391,0.0,0.0,-5.299999999999994,-10.899999999999999,-11.99999999999999
2013-03-29,-1.0000000000000009,-3.0000000000000027,-5.999999999999983,-4.0000000000000036,-2.9999999999999805,1.3329509846487397,11.527063797055703,9.381348531300215,3.3577988728509034,1.214473148941586,1.2000000000000004,1.100000000000001,0.19999999999998908,-9.10000000000002,-9.600000000000009
2013-04-05,-1.0000000000000009,-8.999999999999996,-15.000000000000014,-20.999999999999996,-23.0,-20.055422586203342,-18.926503716470755,-16.497666952161083,-13.548089929984464,-12.51583419323663,2.5,4.899999999999999,-2.9999999999999916,-23.599999999999998,-27.6
2013-04-12,-1.9999999999999991,1.9999999999999907,3.0000000000000027,4.0000000000000036,4.999999999999982,4.212879376049727,0.4175504890062465,-2.37416630968319,-1.5654824945521284,-1.2028122172003997,4.7,7.600000000000001,8.899999999999997,30.600000000000005,30.500000000000014
2013-04-19,1.9999999999999991,2.0000000000000018,-2.0000000000000018,-4.0000000000000036,-4.0000000000000036,-4.005330675098939,-6.440108969717073,-12.738080462895063,-16.137324447008083,-17.23602495400538,-0.40000000000000036,-3.2,-3.9000000000000035,-3.400000000000003,-0.30000000000001137
2013-04-26,-1.9999999999999991,-3.9999999999999925,-3.0000000000000027,-2.9999999999999805,-0.9999999999999787,-8.183319603394246,-7.685612700723077,-2.260827567138257,-1.090845938712226,-0.8079854265333086,-0.10000000000000009,2.3999999999999995,1.0000000000000009,4.100000000000015,5.000000000000004
2013-05-03,0.0,4.999999999999993,8.000000000000007,10.999999999999988,8.999999999999986,-16.445119962117793,-21.214864119864373,-15.617239336913524,-8.5796880678354,-6.098619104471981,-1.2999999999999998,-3.1,-3.1000000000000028,-2.5000000000000133,-2.0000000000000018
2013-05-10,4.000000000000001,8.999999999999996,11.99999999999999,12.00000000000001,14.000000000000012,6.84672220445357,11.79153802643782,14.159776627341447,13.839760768485121,13.662790371960432,0.20000000000000018,6.999999999999998,13.700000000000001,10.499999999999998,11.40000000000001
2013-05-17,0.0,2.0000000000000018,5.000000000000004,6.999999999999984,6.999999999999984,-1.6881411697481141,-5.4269445028912955,-5.078560472787785,-1.4797356416741625,-0.13028147559248637,1.7000000000000002,9.000000000000002,10.600000000000009,8.899999999999997,6.799999999999984
2013-05-24,0.0,6.000000000000005,5.999999999999983,2.9999999999999805,1.000000000000023,17.075896937732438,21.253525551344964,14.337452200608691,5.714061329908748,2.6560512108498635,-0.5000000000000004,0.0,3.599999999999992,1.6000000000000014,4.200000000000004
2013-05-31,3.9999999999999982,15.000000000000002,15.000000000000036,15.000000000000036,11.999999999999966,-1.5815608254186486,1.3508975402119594,6.096715799777552,8.84833836947121,9.761718407474707,1.4000000000000012,-0.8000000000000007,2.300000000000002,-4.200000000000004,-7.499999999999996
2013-06-07,2.0000000000000018,5.000000000000004,0.9999999999999787,2.9999999999999805,3.000000000000025,11.063008072736846,17.61608404723667,9.634283624654572,0.4761776093813008,-2.6977233173852255,-1.9000000000000017,-6.4,-1.9000000000000017,0.6000000000000005,4.0999999999999925
2013-06-14,-3.0000000000000027,-6.000000000000005,-2.9999999999999805,-2.9999999999999805,-5.000000000000027,1.610566506006883,4.3493232049495845,0.7065021711798458,-3.854690347358458,-5.420850022004986,1.0000000000000009,2.500000000000002,-3.200000000000003,3.500000000000014,1.0000000000000009
2013-06-21,9.000000000000002,37.999999999999986,37.999999999999986,30.99999999999996,28.000000000000025,18.102084160499555,14.368109490651548,17.556678531597303,21.73748614201645,23.17122981670763,0.40000000000000036,2.599999999999997,5.800000000000005,8.200000000000006,7.200000000000006
2013-06-28,-2.0000000000000018,-1.0000000000000009,0.0,-3.999999999999959,-4.0000000000000036,0.540478143729195,-0.48371674164595646,1.7264424060071448,3.131105568042969,3.599673974543638,0.30000000000000027,-4.699999999999998,-2.7000000000000024,-5.300000000000016,-4.600000000000004
2013-07-05,4.0000000000000036,19.000000000000018,20.999999999999996,18.999999999999993,16.000000000000014,-23.025159721426093,-14.603267437476397,-12.87382030543549,-13.165059044954042,-13.280263525410074,-0.40000000000000036,1.100000000000001,1.0000000000000009,3.200000000000003,2.6000000000000023
2013-07-12,-3.0000000000000027,-17.000000000000014,-12.00000000000001,-7.000000000000028,-4.0000000000000036,7.2740281323637745,-12.105479571099131,-11.085355578877643,-3.604948070304026,-0.9387968589245066,-0.8000000000000007,-2.0000000000000018,-3.7000000000000033,-1.29999999999999,-0.8999999999999897
2013-07-19,-4.999999999999999,-11.99999999999999,-10.999999999999988,-8.999999999999986,-8.000000000000007,-4.422123099043596,-7.3867833201846755,-0.722706503911752,5.702699481085727,7.924001618863796,0.5000000000000004,-1.0000000000000009,-1.3999999999999901,0.09999999999998899,-0.8000000000000007
2013-07-26,-1.0000000000000009,5.000000000000004,8.000000000000007,6.000000000000005,4.999999999999982,-2.155675314882366,9.780349473282236,9.866207632629553,4.3667959082018815,2.3587002071857377,-0.10000000000000009,0.0,-1.200000000000001,-0.8000000000000007,-0.7000000000000117
2013-08-02,-1.0000000000000009,0.0,4.999999999999982,8.000000000000007,8.000000000000007,-3.0154659252181304,6.28670386232173,5.086237764834145,0.8392720229304373,-0.6493832779876918,-1.0000000000000009,1.8000000000000016,1.9000000000000017,0.40000000000000036,-0.49999999999998934
2013-08-09,2.0000000000000018,0.0,-6.000000000000005,-3.000000000000025,-6.000000000000005,0.29066513756372814,-14.941493013976448,-14.727587182281887,-7.575441631036339,-5.0071682801205775,-0.9999999999999996,-2.0000000000000018,-5.200000000000005,-3.0999999999999917,-2.6000000000000023
2013-08-16,3.9999999999999982,24.0,27.0,25.0,23.0,0.10097094500203241,14.289176288840366,13.257587220619094,6.719304232221157,4.377949114565549,0.10000000000000009,-0.20000000000000018,0.8000000000000007,1.0999999999999899,1.6999999999999904
2013-08-23,4.0000000000000036,5.999999999999983,-2.0000000000000018,-6.000000000000005,-6.000000000000005,10.76306086844686,2.223278532168571,3.4303529569024604,9.28430434359484,11.379907272629985,0.10000000000000009,2.300000000000002,0.7000000000000006,1.200000000000001,0.5000000000000115
2013-08-30,-1.0000000000000009,-3.9999999999999813,-4.0000000000000036,-8.999999999999986,-9.999999999999964,-0.7421185636136807,-1.816233556112401,0.28301043631078215,-0.6463972732667855,-1.0382936517549624,0.40000000000000036,-4.199999999999998,-3.9000000000000035,-5.200000000000005,-5.100000000000016
2013-09-06,7.000000000000001,14.999999999999991,16.000000000000014,16.000000000000014,16.999999999999993,3.7681468874796065,3.0511500074997144,2.8586695801828377,3.480925184391559,3.7088578502456393,0.20000000000000018,3.1999999999999975,4.900000000000004,6.1000000000000165,6.400000000000006
2013-09-13,-1.0000000000000009,-6.000000000000005,-4.0000000000000036,-3.000000000000025,-3.000000000000025,1.4795515651606195,-0.20062726150520405,1.6824674300507603,4.191389332189965,5.068414868804716,0.1999999999999988,-3.3999999999999977,-6.2000000000000055,-4.500000000000015,-4.299999999999993
2013-09-20,-10.999999999999998,-20.999999999999996,-14.999999999999991,-8.999999999999986,-6.999999999999984,-9.637475671687135,-12.48467449664048,-9.645017096015085,-4.056448116801814,-2.0417836908932507,-1.899999999999999,-0.9000000000000008,-2.8000000000000025,-6.099999999999994,-5.400000000000005
2013-09-27,0.0,-10.000000000000009,-10.999999999999988,-10.000000000000009,-8.999999999999986,1.0193447002274425,-4.6917015661625205,-8.336586510672905,-9.512607293011799,-9.86850018157055,0.0,-2.0000000000000018,-0.8999999999999897,-2.200000000000002,-3.0999999999999917
2013-10-04,-1.0000000000000009,1.0000000000000009,2.0000000000000018,3.000000000000025,4.999999999999982,-9.59059244878766,-6.065497295105815,-3.3613027998175227,0.8186363793333928,2.3769192974253173,-0.30000000000000027,-1.3999999999999986,-2.8000000000000025,-6.2999999999999945,-6.400000000000006
2013-10-11,1.9999999999999962,1.0000000000000009,4.0000000000000036,2.0000000000000018,1.000000000000023,2.3528496011399724,3.7539134807550445,3.0347350932951045,0.6978930690462182,-0.18636135326639547,-0.6000000000000005,1.100000000000001,0.10000000000000009,1.0000000000000009,1.29999999999999
2013-10-18,-1.9999999999999962,-6.999999999999984,-10.000000000000009,-9.00000000000003,-9.00000000000003,-8.120400238167136,-7.007338002956409,-2.805669326713023,0.291615851180671,1.3472162338170612,0.9000000000000008,-2.0000000000000018,-3.300000000000003,-2.6000000000000023,-2.499999999999991
2013-10-25,-1.0000000000000009,-5.000000000000004,-7.000000000000028,-6.000000000000005,-4.999999999999982,-0.33394293435584643,-3.4100805262409883,-4.101591870436927,-6.312809695999544,-7.159540822226518,0.1999999999999988,-0.40000000000000036,-0.40000000000000036,0.09999999999998899,1.200000000000001
2013-11-01,1.0000000000000009,7.000000000000006,12.00000000000001,10.000000000000009,8.999999999999986,-9.987112884344462,-13.81851751644485,-14.16466106887464,-8.152181395123526,-5.78091780756913,-0.49999999999999906,-1.3999999999999986,-1.8000000000000016,1.9000000000000128,1.4999999999999902
2013-11-08,-1.0000000000000009,4.999999999999982,12.00000000000001,14.999999999999991,14.999999999999991,-3.391054167388674,2.0284116868729996,6.769337871188252,8.27931229662755,8.698535501525795,-0.6000000000000005,0.6000000000000005,-0.9000000000000008,-3.8999999999999924,-3.200000000000003
2013-11-15,-1.0000000000000009,-5.999999999999983,-6.000000000000005,-4.999999999999982,-4.0000000000000036,-1.8792886047753754,-4.743058395067989,-3.0357256172709235,-2.5509580841116986,-2.458010411613465,0.40000000000000036,1.0999999999999983,4.5000000000000036,4.1999999999999815,4.0000000000000036
2013-11-22,0.0,1.0000000000000009,4.0000000000000036,4.0000000000000036,4.0000000000000036,-1.0470513321461539,1.9252269213355433,2.961395867889305,1.55040270648783,0.9743615403088768,0.0,-1.0999999999999983,-0.30000000000000027,0.10000000000001119,0.8000000000000007
2013-11-29,-2.9999999999999973,0.0,0.0,0.0,-2.0000000000000018,1.1166004324369538,-1.7003386327589354,-2.6711785834853785,-2.545767840503199,-2.476573735173737,-1.1999999999999997,-1.6000000000000014,-2.500000000000002,-2.100000000000013,-2.0999999999999908
2013-12-06,1.9999999999999962,13.99999999999999,12.99999999999999,8.999999999999986,8.000000000000007,10.134842244007736,12.6314251980995,10.500430354685353,5.975782974529675,4.315799175771762,0.2999999999999989,2.4999999999999996,5.600000000000005,3.500000000000014,3.8999999999999924
2013-12-13,4.0000000000000036,4.0000000000000036,0.0,-2.0000000000000018,-2.0000000000000018,0.6643179983486291,-3.0297952996759747,-4.372862174239867,-5.8667119633008635,-6.4057717940863235,0.9000000000000008,-0.10000000000000009,1.5000000000000013,3.0000000000000027,3.0000000000000027
2013-12-20,2.9999999999999973,10.999999999999988,1.000000000000023,-4.0000000000000036,-6.000000000000005,-1.7193789856984054,8.618322955025114,8.073052307841122,2.644708065285295,0.6804632470220895,0.5000000000000004,0.10000000000000009,-0.40000000000000036,-3.200000000000003,-4.699999999999993
2013-12-27,3.0000000000000027,8.000000000000007,12.99999999999999,13.000000000000034,12.00000000000001,7.4063409809904,8.930098466974279,6.586597645738079,5.758344100336155,5.506131121957125,-0.20000000000000018,1.100000000000001,2.9999999999999916,2.400000000000002,2.6000000000000023
2014-01-03,0.9999999999999953,-1.0000000000000009,-1.000000000000023,-1.000000000000023,-0.9999999999999787,-15.139471326591014,-17.240489866051,-9.998894681156223,-2.1716083046338763,0.5521895398913124,0.0,1.6999999999999988,2.8000000000000025,1.8000000000000016,1.6999999999999904
2014-01-10,-1.9999999999999962,-9.000000000000007,-12.99999999999999,-14.999999999999991,-13.000000000000034,-3.997593335911631,-4.760513328979066,-4.244700070363905,-5.044807105048088,-5.358124206665327,-0.7000000000000006,-2.3999999999999995,-4.0000000000000036,-4.300000000000015,-3.299999999999992
2014-01-17,1.0000000000000009,0.0,-4.0000000000000036,-4.0000000000000036,-4.999999999999982,1.4489788744308285,-7.823864175416695,-10.031146233349952,-10.342111346081984,-10.431009022254667,-0.10000000000000009,-0.40000000000000036,-2.199999999999991,1.0000000000000009,0.8000000000000007
2014-01-24,-3.0000000000000027,-5.999999999999983,-8.999999999999986,-10.000000000000009,-10.999999999999988,-0.30030624836729913,6.14358450870558,2.0639855660228523,-4.192141061884325,-6.385564947893707,0.10000000000000009,-1.0999999999999983,-3.8000000000000034,-7.499999999999996,-6.800000000000006
2014-01-31,-2.9999999999999973,-9.000000000000007,-8.000000000000007,-4.999999999999982,-3.000000000000025,-6.8370884844142665,-17.782140423674498,-15.830421406491357,-9.879072676649514,-7.756981301657717,-0.5999999999999992,-0.10000000000000009,-0.9000000000000008,0.6000000000000005,1.29999999999999
2014-02-07,-4.0000000000000036,-2.0000000000000018,4.0000000000000036,4.0000000000000036,6.000000000000005,-0.9763886543757039,-0.7342369198253929,-0.9752668845113277,0.2596617667204981,0.7329657671359069,-0.9000000000000008,0.20000000000000018,-0.5000000000000004,-0.40000000000000036,-1.29999999999999
2014-02-14,2.0000000000000018,6.000000000000005,4.0000000000000036,2.0000000000000018,2.0000000000000018,1.1762251883908448,1.8926253090873146,0.44630629314035275,-0.3273637271891783,-0.5732590935988213,-0.10000000000000009,-1.5000000000000013,-2.7000000000000024,-1.4000000000000012,-1.200000000000001
2014-02-21,1.0000000000000009,3.0000000000000027,-2.0000000000000018,0.0,0.0,-3.228795324676881,-3.47354559991917,-2.3288425193493723,-1.2677808470965335,-0.9012841628734058,0.5000000000000004,0.20000000000000018,1.3000000000000012,2.6000000000000023,3.499999999999992
2014-02-28,0.0,-5.000000000000004,-6.999999999999984,-10.000000000000009,-10.000000000000009,-1.5744270735817523,-1.3640460445119018,-3.1953710862383744,-6.312430162501714,-7.435458661159133,-0.7000000000000006,-0.5000000000000004,-1.4000000000000012,-2.499999999999991,-0.40000000000000036
2014-03-07,4.999999999999999,13.99999999999999,13.999999999999968,14.000000000000012,13.000000000000034,-1.2458568874244291,-3.312576712289683,-3.5077839233415453,-3.405391348009923,-3.367420245049768,-0.10000000000000009,0.7000000000000006,2.300000000000002,1.8999999999999906,2.200000000000002
2014-03-14,-2.0000000000000018,-9.999999999999986,-14.999999999999991,-15.000000000000036,-13.000000000000034,-0.6877825561856399,-7.0614611125994875,-7.982899839522517,-5.719034340001716,-4.859055416118574,0.8000000000000007,0.6000000000000005,0.20000000000000018,2.0000000000000018,2.6000000000000023
2014-03-21,9.000000000000002,17.999999999999993,10.000000000000009,4.0000000000000036,2.0000000000000018,1.4530987688262387,12.001294542375774,10.544688735482222,2.6318103843022467,-0.2484233183030593,-0.5000000000000004,-0.9000000000000008,-2.400000000000002,-3.499999999999992,-2.499999999999991
2014-03-28,0.0,1.0000000000000009,-2.0000000000000018,-4.999999999999982,-6.000000000000005,-6.0716841545479685,-8.374624645277429,-6.266410282137791,-4.697100043919811,-4.169606202119036,1.2999999999999998,1.100000000000001,3.1000000000000028,2.400000000000002,2.0999999999999908
2014-04-04,-2.0000000000000018,-3.0000000000000027,1.000000000000023,4.0000000000000036,4.0000000000000036,-4.189119848565964,-7.253455559030009,-3.1997934665931815,0.7666803792930388,2.1274664013018807,-0.5999999999999992,0.10000000000000009,1.6000000000000014,0.09999999999998899,-1.200000000000001
2014-04-11,-6.0,-12.99999999999999,-11.000000000000032,-10.999999999999988,-10.999999999999988,2.8773635164132116,0.8794811451949158,-1.8870580839864814,-3.616684741486509,-4.197547617809327,-0.10000000000000009,-1.0000000000000009,-3.7000000000000033,-0.29999999999998916,0.8000000000000007
2014-04-18,6.0,16.999999999999993,10.000000000000009,4.999999999999982,4.0000000000000036,2.451512024977381,-1.1993807441678328,-5.155659721883277,-5.991539416632019,-6.222069003179609,0.8999999999999995,0.10000000000000009,-0.30000000000000027,-2.100000000000013,-0.8999999999999897
2014-04-25,0.0,-3.0000000000000027,-4.999999999999982,-6.999999999999984,-6.999999999999984,-0.5966058171937405,-0.9115238617392052,-2.6902423971365774,-5.821576699778364,-6.933270516006829,-0.20000000000000018,0.7000000000000006,2.6000000000000023,1.9000000000000128,1.4000000000000012
2014-05-02,-1.0000000000000009,-5.000000000000004,-8.000000000000007,-8.000000000000007,-8.000000000000007,0.39929075821287796,-4.419536025887183,-2.5690605030329827,2.1286995270658693,3.805907888825999,-0.2999999999999989,-0.6000000000000005,-1.4000000000000012,-0.8000000000000007,0.8999999999999897
2014-05-09,-1.9999999999999962,-4.0000000000000036,2.0000000000000018,6.000000000000005,10.000000000000009,-3.15951815698039,-8.381370091001926,-6.205770686342937,-2.718058567434767,-1.486208001579925,-0.40000000000000036,0.10000000000000009,-0.30000000000000027,-0.20000000000000018,-0.29999999999998916
2014-05-16,-2.0000000000000018,-6.999999999999984,-10.000000000000009,-11.000000000000032,-13.000000000000034,-0.9364430597440077,-0.7499311258017505,-1.3018699004764045,-1.0968254479888806,-1.0027263499456929,0.40000000000000036,-0.30000000000000027,-1.8000000000000016,-0.40000000000000036,-1.3000000000000123
2014-05-23,-1.0000000000000009,-1.0000000000000009,2.0000000000000018,5.000000000000027,6.000000000000005,7.133079012482741,8.9361309715704,4.631604365921671,2.110662992904677,1.2911458066222181,0.0,0.10000000000000009,0.7000000000000006,-1.3000000000000123,0.20000000000000018
2014-05-30,0.0,-1.0000000000000009,-6.000000000000005,-7.000000000000028,-6.999999999999984,-7.841777550436291,-10.764127260772248,-9.76300830850656,-6.711302261133767,-5.581102267409932,0.2999999999999989,-1.0000000000000009,-1.100000000000001,-0.6000000000000005,-0.6999999999999895
2014-06-06,3.9999999999999982,11.99999999999999,12.00000000000001,12.00000000000001,10.999999999999988,-17.73127576285418,-20.203636082045207,-11.972957604059875,-5.592797772636349,-3.428641236907426,-0.20000000000000018,-0.10000000000000009,0.30000000000000027,0.9000000000000119,1.4999999999999902
2014-06-13,4.0000000000000036,4.0000000000000036,0.0,-2.9999999999999805,-2.9999999999999805,2.2400387000908903,5.555690509740252,4.166085889412052,7.329927196786912,8.669053704526375,-0.49999999999999906,0.7000000000000006,0.7000000000000006,0.20000000000000018,-1.6000000000000014
2014-06-20,4.999999999999999,1.0000000000000009,2.9999999999999805,4.0000000000000036,2.9999999999999805,8.2798746698165,4.231091854855862,-0.5390288308144697,0.8483568441477018,1.6507047876106906,0.40000000000000036,-1.3000000000000012,-2.300000000000002,-0.7000000000000117,2.400000000000002
2014-06-27,-4.999999999999999,-7.000000000000006,-8.999999999999986,-8.000000000000007,-8.000000000000007,-6.365019361715879,-7.335447142850338,-9.620485426503045,-15.06508702966829,-17.19188632286692,-1.0000000000000009,-0.9999999999999981,-1.7999999999999905,-3.8999999999999924,-2.6000000000000023
2014-07-04,7.000000000000001,10.000000000000009,10.999999999999988,10.999999999999988,11.000000000000032,-6.836424511402581,-5.271611233087025,0.5299580187682729,3.964008180169465,5.0745876142543,-0.30000000000000027,0.10000000000000009,0.6999999999999895,1.4999999999999902,1.5000000000000124
2014-07-11,-4.0000000000000036,-9.000000000000007,-12.00000000000001,-14.000000000000012,-13.000000000000034,2.910390958100881,3.3085070246318793,1.3757490046569565,-1.0563582581617048,-1.9399478284893856,-1.0999999999999996,-1.3000000000000012,-2.8999999999999915,-1.6999999999999904,1.29999999999999
2014-07-18,3.0000000000000027,4.0000000000000036,-2.9999999999999805,-4.0000000000000036,-4.999999999999982,-2.9355013757653508,-5.241796352608041,-9.24238676908109,-12.772159647862003,-14.010756922841772,0.40000000000000036,0.40000000000000036,0.7000000000000006,-0.8000000000000007,-4.0999999999999925
2014-07-25,2.0000000000000018,0.0,-2.0000000000000018,-3.999999999999959,-4.999999999999982,-1.0115635270201595,-4.506803678388849,-6.193716747504241,-4.114548579219912,-3.2143953265592273,0.5000000000000004,-0.5000000000000004,-0.7000000000000006,-1.100000000000012,-0.5000000000000115
2014-08-01,-6.000000000000005,-2.0000000000000018,4.0000000000000036,3.999999999999959,4.999999999999982,1.8416364413132795,5.155398451118742,2.8514260724869622,-0.4341844084312374,-1.619749760830036,-0.30000000000000027,0.0,0.7000000000000006,1.100000000000012,2.100000000000013
2014-08-08,-1.9999999999999962,-4.999999999999982,-8.000000000000007,-5.999999999999961,-6.000000000000005,-1.3398488368606492,-1.7140431177327997,-6.398981493128364,-8.671405285335476,-9.334279788228406,-0.10000000000000009,0.10000000000000009,-2.400000000000002,-2.6000000000000023,-0.5000000000000115
2014-08-15,-3.0000000000000027,-7.000000000000006,-10.000000000000009,-11.000000000000032,-10.000000000000009,-5.712898549007231,-11.144581330538905,-11.205547247322013,-9.023388154445655,-8.163727028551948,0.40000000000000036,0.0,-0.30000000000000027,0.09999999999998899,-0.6999999999999895
2014-08-22,11.000000000000004,12.99999999999999,6.000000000000005,4.0000000000000036,3.000000000000025,-2.1746793983906403,0.06483982936682509,0.05298687586092754,-5.21413481466606,-7.357951928075801,1.0999999999999996,1.200000000000001,0.6000000000000005,-0.8999999999999897,-1.200000000000001
2014-08-29,-5.000000000000004,-5.000000000000004,-4.999999999999982,-6.999999999999984,-7.000000000000028,3.594826305784339,-6.623518249746141,-14.802389258498305,-12.917036797615022,-11.751755434499955,-0.8000000000000007,0.0,-1.4000000000000012,-2.6999999999999913,-2.400000000000002
2014-09-05,4.0000000000000036,6.000000000000005,10.999999999999988,14.000000000000012,14.000000000000012,-8.52092719045868,-12.231291778673636,-5.05859673336273,8.862591638457262,14.380239884689328,0.30000000000000027,0.5000000000000004,2.300000000000002,2.0999999999999908,3.400000000000003
2014-09-12,5.999999999999995,14.000000000000012,16.000000000000014,12.99999999999999,12.00000000000001,9.195836975245623,18.107477128253535,20.71135451794701,19.36403158266362,18.67503416442453,-0.10000000000000009,1.3999999999999986,3.599999999999992,4.400000000000004,2.0999999999999908
2014-09-19,1.0000000000000009,0.0,-3.000000000000025,-5.000000000000027,-6.000000000000005,-2.369157855377141,-8.215827224708683,-9.763786436151634,-7.398070260727607,-6.294695569505038,-0.49999999999999906,-0.5000000000000004,-1.29999999999999,-0.6000000000000005,0.40000000000000036
2014-09-26,0.0,-3.0000000000000027,-4.999999999999982,-5.999999999999961,-6.999999999999984,-0.9054691564554005,-1.0062088076496778,-0.9333524385636061,-5.565998514123072,-7.6763822001659765,-0.6000000000000005,-0.9999999999999981,-3.7000000000000033,-5.699999999999994,-6.400000000000006
2014-10-03,-2.0000000000000018,-7.000000000000006,-8.999999999999986,-10.000000000000009,-9.00000000000003,0.7365581320026806,-0.5163829783095153,-3.476759190459089,-4.996281325895957,-5.436437568223917,-0.40000000000000036,-1.9000000000000017,0.20000000000000018,1.0000000000000009,1.8000000000000016
2014-10-10,-11.999999999999995,-17.999999999999993,-14.000000000000012,-12.00000000000001,-10.000000000000009,2.14871635576728,-1.283113996533558,-3.4440339665975817,-3.552786982825218,-3.485730162500067,-1.0999999999999996,0.20000000000000018,-1.7000000000000015,-1.200000000000001,0.10000000000001119
2014-10-17,-6.0,-11.00000000000001,-8.999999999999986,-6.999999999999984,-4.999999999999982,7.181800389444779,7.979177529769288,7.764622460053405,7.066469205260084,6.7662488340273885,-3.4000000000000004,-1.9999999999999991,-3.0000000000000027,-2.6000000000000023,-1.7000000000000126
2014-10-24,1.9999999999999962,8.000000000000007,6.999999999999984,6.999999999999984,6.999999999999984,0.4039532015287506,0.6132269558150938,1.9290379355080711,1.7164474620467551,1.5090362836785332,0.4,-1.4,0.10000000000000009,-0.30000000000001137,-0.8999999999999897
2014-10-31,9.000000000000002,10.000000000000009,6.000000000000005,4.0000000000000036,2.0000000000000018,-0.19807251354322097,-6.747997540973749,-12.716538826352085,-11.70373535816549,-10.83023185465648,1.0999999999999999,1.5,-0.6999999999999951,-3.200000000000003,-3.400000000000003
2014-11-07,1.0000000000000009,-2.0000000000000018,-3.000000000000025,-5.000000000000027,-2.9999999999999805,-0.5679473387889489,2.499688040356318,1.6966829734751165,3.4728664262233977,4.51158735217958,0.0,0.10000000000000009,1.5999999999999959,-1.8000000000000016,-4.299999999999993
2014-11-14,3.0000000000000027,2.0000000000000018,0.0,1.000000000000023,0.0,-1.0039338671038704,-2.415467184310671,-4.119421199962048,-3.478886297083239,-2.9823974493882854,-0.9999999999999999,0.9999999999999981,0.40000000000000036,0.10000000000001119,-7.499999999999996
2014-11-21,-1.0000000000000009,0.9999999999999787,-0.9999999999999787,-2.0000000000000018,-2.0000000000000018,-0.9478842598040799,-4.554951493898685,-5.120045684199148,-3.0067775462959467,-2.0293651050111716,-1.1,-2.2999999999999994,-1.5000000000000013,-1.3000000000000123,-1.4000000000000012
2014-11-28,-6.000000000000005,-13.99999999999999,-12.99999999999999,-12.99999999999999,-12.99999999999999,0.0760001155319101,-5.984095720969584,-14.944167037503675,-16.83405566397651,-16.634662371286126,0.10000000000000009,-1.2999999999999998,-3.9999999999999982,-4.799999999999982,-3.100000000000014
2014-12-05,18.000000000000004,19.999999999999996,12.99999999999999,6.999999999999984,8.000000000000007,0.1479238153047291,-0.4895212923161196,0.14665829618785153,-1.3615716492155094,-2.3050368742523197,-1.3,-2.9,-1.4000000000000012,0.20000000000000018,2.9000000000000137
2014-12-12,-8.999999999999996,-15.999999999999993,-20.999999999999996,-23.99999999999998,-22.00000000000002,5.452295360430343,4.370604138814649,-3.401187982169418,-9.805009852780167,-11.900241761898078,0.8,0.5000000000000004,-2.1999999999999966,-2.300000000000013,-5.300000000000016
2014-12-19,10.999999999999998,12.99999999999999,6.999999999999984,2.9999999999999805,2.0000000000000018,-3.62968272853319,-4.0866266674708385,-4.89572110839589,-4.489814314183249,-4.103322808570731,-4.0,-4.9,-4.200000000000004,-7.199999999999984,-6.099999999999994
2014-12-26,5.999999999999995,9.000000000000007,8.000000000000007,6.000000000000005,4.0000000000000036,-3.0733968850995526,-2.0349054814470744,-2.127897932949274,-2.4977121577694383,-2.5586521493882852,0.7000000000000003,1.0000000000000002,-2.399999999999997,-4.100000000000015,-4.800000000000004
2015-01-02,-6.999999999999995,-13.99999999999999,-12.99999999999999,-12.99999999999999,-12.00000000000001,-6.356942228184079,-8.846075524212077,-11.55058439612322,-10.461182745230957,-9.340010699791046,0.0,-1.6000000000000003,-0.40000000000000036,-1.200000000000001,-2.6000000000000023
2015-01-09,-7.000000000000006,-16.000000000000014,-14.000000000000012,-12.00000000000001,-14.000000000000012,1.82448006555056,8.949151544210387,7.743367467217688,3.282924556777278,1.7212341328991076,-0.10000000000000009,-1.4,-4.599999999999999,-9.499999999999996,-7.799999999999985
2015-01-16,-9.999999999999998,-15.999999999999993,-14.999999999999991,-12.00000000000001,-10.999999999999988,-6.43758426378334,-12.309891412635748,-19.946330950089376,-19.55152319385114,-17.258904054077327,0.4,0.5999999999999999,-3.8000000000000034,-4.0999999999999925,-6.1000000000000165
2015-01-23,3.0000000000000027,4.0000000000000036,-2.0000000000000018,-4.999999999999982,-6.000000000000005,-3.69181948319639,-3.7714968741815014,-9.90183560243507,-21.856933185174032,-27.294091481063344,1.0000000000000002,0.0,0.30000000000000027,13.900000000000002,20.10000000000001
2015-01-30,-5.000000000000004,-15.000000000000014,-13.00000000000001,-8.000000000000007,-12.99999999999999,2.78251634192799,1.4516965473923504,0.47706149708002243,-3.7248346462107396,-6.509282612300127,2.5,2.8000000000000003,4.399999999999999,-1.4000000000000012,-3.200000000000003
2015-02-06,18.000000000000004,30.000000000000004,27.0,23.99999999999998,25.99999999999998,-4.30459935468992,-0.9854833086450299,0.7076942494491978,-4.000946870827882,-6.785878003247969,2.5,3.900000000000001,5.500000000000005,5.200000000000005,3.9000000000000146
2015-02-13,1.0000000000000009,5.000000000000004,7.000000000000006,11.000000000000032,12.00000000000001,0.5764884106293101,1.1230349319529098,3.096290030104565,2.5179890934758475,1.808014754293108,0.4999999999999998,5.300000000000001,7.9999999999999964,13.79999999999999,12.9
2015-02-20,1.0000000000000009,8.000000000000007,10.999999999999988,10.999999999999988,10.000000000000009,-1.85708850953716,-0.9244965828388574,3.0901964336854992,4.0090457649449185,3.885652479258761,-0.5999999999999999,-2.600000000000001,-2.9999999999999973,-2.6999999999999913,-1.100000000000012
2015-02-27,-4.0000000000000036,-11.00000000000001,-12.99999999999999,-12.00000000000001,-12.99999999999999,-4.37170158834358,-9.094354233851481,-14.280359659342778,-10.376726174589113,-7.485477937367513,-1.9000000000000004,-4.1000000000000005,-4.400000000000004,-5.100000000000016,-2.200000000000002
2015-03-06,9.999999999999998,19.999999999999996,24.00000000000002,25.0,23.0,-1.79977445236865,-1.0380719711575308,-0.44935282730600434,-3.575628474086301,-5.409016878040185,-0.8,1.8000000000000003,2.7000000000000024,1.4000000000000012,0.7000000000000117
2015-03-13,-4.999999999999993,-9.999999999999986,-11.000000000000032,-14.999999999999991,-12.99999999999999,-0.88514132298965,-2.6581428843673596,-13.089491046896917,-25.38669230118171,-30.038313198823108,0.9000000000000001,4.1000000000000005,3.1999999999999975,5.100000000000016,4.200000000000004
2015-03-20,-8.000000000000007,-18.000000000000014,-19.999999999999996,-18.999999999999993,-20.000000000000018,0.9364145237625201,1.82042736970818,1.0170970427386017,1.9609223341362725,2.8532334672291215,-0.6,-5.4,-8.599999999999996,-12.7,-16.200000000000014
2015-03-27,-2.0000000000000018,0.0,2.0000000000000018,0.0,2.9999999999999805,-0.44647023236885974,4.64089816865183,7.683673817530057,7.00402610954427,6.350286419554307,2.5,4.5,5.099999999999999,3.799999999999981,6.2000000000000055
2015-04-03,-8.999999999999996,-15.999999999999993,-9.999999999999986,-4.999999999999982,-3.999999999999959,-2.0406737310581797,-3.92146638985178,-5.578375461084573,-6.471164475964919,-6.675915321585957,-2.0000000000000004,-2.3999999999999995,-1.9000000000000017,-1.29999999999999,0.0
2015-04-10,7.9999999999999964,14.999999999999991,10.999999999999988,8.999999999999986,8.999999999999986,-1.7796617322602502,-3.0566539954332312,-1.0322506932102904,3.85787253466785,6.202312117398767,-0.8999999999999999,0.0,-1.2999999999999956,-0.30000000000001137,-0.10000000000001119
2015-04-17,-5.999999999999995,-9.999999999999986,-8.999999999999986,-7.000000000000028,-7.000000000000028,2.48743073086021,4.095581258924602,3.5668421522705884,1.3073739614239743,0.17584329771653806,-0.1,-2.400000000000001,-3.400000000000003,-6.3999999999999835,-7.299999999999995
2015-04-24,3.0000000000000027,3.0000000000000027,5.999999999999983,10.000000000000009,11.000000000000032,1.3063123055180994,-1.6930883286859126,1.0626240943660825,5.624399144041536,6.815358704247343,-2.1,-1.9999999999999998,-1.3000000000000012,0.6000000000000005,1.4000000000000012
2015-05-01,5.999999999999995,15.999999999999993,19.000000000000018,20.999999999999996,19.99999999999997,2.85840830984192,10.447003309836589,16.064268580121954,20.63186680385083,22.526916278798616,1.8000000000000003,4.300000000000001,7.600000000000001,6.599999999999984,6.099999999999994
2015-05-08,-1.0000000000000009,0.0,4.0000000000000036,6.000000000000005,8.000000000000007,-0.5984324640042594,10.743066959023833,22.71047941214892,26.72220990046661,23.608437656681858,0.4,1.2999999999999998,5.099999999999999,5.700000000000016,6.2000000000000055
2015-05-15,-3.9999999999999925,-4.0000000000000036,-2.0000000000000018,3.000000000000025,3.000000000000025,-0.4499969725282299,3.3180252200304796,10.163895201746342,14.986324012332354,15.77331281863259,-1.6,-0.7000000000000006,-1.8999999999999961,-1.8000000000000016,-0.8000000000000007
2015-05-22,8.999999999999996,11.00000000000001,6.999999999999984,6.999999999999984,6.000000000000005,-1.0810490384804103,0.16510553984812049,0.42439321841492017,-1.134149948723251,-1.6310013471689366,0.4,1.100000000000001,2.099999999999996,4.400000000000004,3.500000000000014
2015-05-29,-3.0000000000000027,-8.000000000000007,-8.999999999999986,-10.000000000000009,-11.000000000000032,1.0194499757261604,-0.6418244677700302,-4.026461397374526,-6.880166432690338,-6.6400670620915925,-0.2,-1.8000000000000003,-1.699999999999996,-1.8000000000000016,0.0
2015-06-05,12.0,26.0,29.000000000000004,24.00000000000002,23.0,4.81025928418023,21.186599543850626,37.51144126755257,39.43030650671382,34.896047934037625,0.3,2.3999999999999995,6.899999999999995,7.499999999999996,5.899999999999994
2015-06-12,1.0000000000000009,0.0,-2.0000000000000018,-3.000000000000025,-0.9999999999999787,6.392451782796639,6.007593014098234,9.090291521065552,13.733188463684876,8.93740020963687,0.1,0.9000000000000008,2.200000000000002,-0.7000000000000117,-2.200000000000002
2015-06-19,-8.999999999999996,-15.999999999999993,-13.000000000000034,-8.000000000000007,-5.000000000000027,0.7879135085449505,-0.8794107716443733,-4.567883121628391,-7.800377755059884,-7.800364402326299,0.9000000000000001,-2.2000000000000006,-8.200000000000001,-7.899999999999996,-4.899999999999993
2015-06-26,6.999999999999995,15.999999999999993,23.000000000000043,22.00000000000002,20.000000000000018,-5.339094923094749,-6.287631545017902,2.1317334610179595,11.07059577300582,8.403715867851158,-0.7000000000000001,1.5,5.499999999999999,4.100000000000015,1.4000000000000012
2015-07-03,-7.9999999999999964,-11.00000000000001,-9.00000000000003,-8.000000000000007,-6.000000000000005,2.56111578078455,3.9228090545771366,2.949832310737732,3.269012412977723,3.588415897028341,1.2,-0.30000000000000027,1.200000000000001,1.0000000000000009,0.8999999999999897
2015-07-10,1.0000000000000009,4.0000000000000036,2.0000000000000018,1.000000000000023,1.000000000000023,-2.4293420745245,-3.522665246801715,-3.6108958348982867,-6.051747192483248,-9.36350106163637,-0.5,-1.6999999999999988,-4.799999999999999,-3.100000000000014,-2.200000000000002
2015-07-17,3.0000000000000027,-1.0000000000000009,-8.000000000000007,-14.000000000000012,-12.00000000000001,-6.02025821969717,-14.475920607482351,-22.91821749242773,-20.343937524556566,-11.808313750558774,0.0,0.6999999999999993,-0.8000000000000007,0.0,0.6000000000000005
2015-07-24,1.9999999999999907,-3.0000000000000027,-6.999999999999984,-10.000000000000009,-12.00000000000001,-1.6723407094541898,-4.553721931548793,-7.385912897869162,-10.141619482071285,-11.189660587727612,-0.1,-0.5000000000000004,-1.4000000000000012,-3.0000000000000027,-4.400000000000004
2015-07-31,-2.9999999999999916,-9.999999999999986,-6.999999999999984,-6.000000000000005,-4.0000000000000036,-1.4837046408573897,-2.7266105051923617,-3.4165290630818745,-6.030113898762579,-9.266527922357692,0.1,-0.6999999999999993,0.20000000000000018,-0.29999999999998916,0.9000000000000119
2015-08-07,5.999999999999995,5.000000000000004,-2.0000000000000018,-8.999999999999986,-8.999999999999986,-1.38974422377868,-0.4731614704068632,4.298976790448705,9.086533464544289,7.004024281052246,0.0,0.10000000000000009,1.100000000000001,2.499999999999991,2.499999999999991
2015-08-14,0.0,2.0000000000000018,2.0000000000000018,2.0000000000000018,0.9999999999999787,0.23901803014733936,-0.19995264251643774,-2.178495639909883,-6.323427437478557,-8.481598152753111,-0.5,-1.6,-3.6999999999999975,-2.6999999999999913,-2.499999999999991
2015-08-21,-8.999999999999996,-17.000000000000014,-15.000000000000036,-10.000000000000009,-9.999999999999964,2.91701814161111,2.88830561952817,-1.026017388616829,-2.4973988591879603,-0.23895903144968145,0.4,-0.8000000000000007,-2.400000000000002,-3.0000000000000027,-3.400000000000003
2015-08-28,7.9999999999999964,8.000000000000007,14.000000000000012,16.999999999999993,17.99999999999997,2.81595597820452,5.269010125117118,7.327886960091057,10.083037585884114,11.121431296350437,0.4,0.5000000000000004,3.200000000000003,2.400000000000002,2.200000000000002
2015-09-04,-1.0000000000000009,-5.000000000000004,-6.000000000000005,-2.9999999999999805,-2.9999999999999805,-3.74647276159443,-3.6809015158434377,0.6205423045129166,2.7563667456764307,1.4278048256576525,0.4,-0.6000000000000005,-3.400000000000003,-2.0000000000000018,-1.3000000000000123
2015-09-11,0.0,5.000000000000004,7.000000000000028,4.999999999999982,6.000000000000005,0.40612261325492016,-1.1840501753686894,-2.7563395153156867,-0.4834401461224047,6.079175104813483,-0.2,-1.5999999999999994,-1.8000000000000016,0.09999999999998899,0.40000000000000036
2015-09-18,-2.0000000000000018,-7.000000000000006,-7.000000000000028,-4.999999999999982,-2.0000000000000018,0.33367316052501994,-2.3702461876984824,-7.348358425772283,-6.636876745579556,-1.9454925841527526,0.4,0.0,-1.2999999999999956,-3.0999999999999917,-3.799999999999981
2015-09-25,1.0000000000000009,3.0000000000000027,4.0000000000000036,2.0000000000000018,2.9999999999999805,0.55528372207556,1.5725209612563518,2.609423367630015,2.6603830073170798,2.029226109035509,-0.5000000000000001,-0.40000000000000036,-0.8000000000000007,-1.200000000000001,-1.200000000000001
2015-10-02,-12.0,-18.999999999999993,-17.999999999999993,-16.000000000000014,-14.000000000000012,-4.37443227161864,-10.987270608130112,-17.31254642664659,-17.275516381469203,-15.516171295939518,-0.7,-0.5999999999999999,-0.40000000000000036,-0.8000000000000007,0.29999999999998916
2015-10-09,7.000000000000006,11.99999999999999,13.00000000000001,10.999999999999988,12.00000000000001,1.2531570528493796,5.660788628797242,9.557101681560098,9.310444806398621,8.878096941528257,0.3,1.6,0.7000000000000006,-0.29999999999998916,-1.6000000000000014
2015-10-16,-4.0000000000000036,-4.999999999999982,-8.000000000000007,-8.999999999999986,-6.999999999999984,-1.14607670825366,-3.7003748304313078,-5.610707645696067,-5.040153166374317,-3.8909932982335693,0.5,-0.4999999999999998,-0.30000000000000027,-0.40000000000000036,0.10000000000001119
2015-10-23,5.000000000000004,6.999999999999984,4.999999999999982,8.000000000000007,2.9999999999999805,-4.92980818392361,-10.202346481044344,-7.862520459797739,-13.528444969905085,-7.681868155764127,-0.10000000000000009,-0.8,-1.4000000000000012,-0.8000000000000007,-0.40000000000000036
2015-10-30,8.999999999999996,9.000000000000007,7.000000000000028,2.9999999999999805,3.000000000000025,0.9401277713211115,0.24943016007057395,-0.7076694971669184,0.8356359535480973,1.6158659979828016,-0.7,-1.0000000000000002,-0.30000000000000027,-0.20000000000000018,0.40000000000000036
2015-11-06,15.000000000000002,20.999999999999996,17.99999999999997,18.999999999999993,15.99999999999997,3.0304163551123793,9.10097931312528,15.947991231403602,22.887778218858877,25.543132832596882,-0.2,0.3999999999999997,2.100000000000002,2.0000000000000018,2.6999999999999913
2015-11-13,-4.0000000000000036,-6.000000000000005,-6.000000000000005,-3.999999999999959,-2.9999999999999805,-5.708931855769171,-12.493094078131692,-13.017880969676643,-8.9405933929541,-7.152944594622124,-0.5,-0.3999999999999997,-1.3000000000000012,-0.5000000000000115,1.6999999999999904
2015-11-20,7.000000000000006,3.0000000000000027,-2.0000000000000018,-4.0000000000000036,-4.0000000000000036,-2.1229156597215084,-4.23666158369933,-9.43686901218097,-15.690344499136089,-18.107071516904625,-2.0999999999999996,0.0,1.100000000000001,0.40000000000000036,0.5000000000000115
2015-11-27,-1.0000000000000009,-6.000000000000005,-3.999999999999959,-4.0000000000000036,-2.0000000000000018,-3.0743825566563796,-5.79602711974693,-5.2512451594705745,-0.9779251450392046,0.9286422484071633,1.7999999999999998,0.10000000000000009,-0.9000000000000008,-1.8000000000000016,-1.8000000000000016
2015-12-04,3.9999999999999925,7.000000000000006,5.999999999999961,0.9999999999999787,0.9999999999999787,10.28614825550669,19.419232681272007,22.05676606845879,20.823448105944298,20.222453799253472,-1.7000000000000002,0.4999999999999998,0.7000000000000006,1.100000000000012,2.299999999999991
2015-12-11,-7.9999999999999964,-14.999999999999991,-14.999999999999991,-15.99999999999997,-13.999999999999968,-3.07393550753101,-10.297835766171199,-12.927936772051485,-12.916967408780899,-12.842788121608706,-0.4999999999999998,0.10000000000000009,-1.5000000000000013,-2.9000000000000137,-3.8999999999999924
2015-12-18,8.999999999999996,10.999999999999988,6.000000000000005,4.999999999999982,2.9999999999999805,0.9784462956696799,3.766926108237989,4.922574816190828,0.43327669091555165,-1.799926356081416,-2.0000000000000004,-1.0000000000000002,-4.299999999999998,-6.799999999999995,-7.400000000000007
2015-12-25,6.000000000000005,6.000000000000005,6.000000000000005,6.999999999999984,6.000000000000005,0.08887497865951999,5.769831219624599,8.616727943300816,11.308749825674912,12.419306765932836,1.1000000000000003,0.6000000000000005,1.200000000000001,1.5000000000000013,-0.8999999999999897
2016-01-01,3.0000000000000027,3.0000000000000027,2.0000000000000018,6.000000000000005,4.999999999999982,-1.6704432823475501,-2.136724182224725,0.3644910577182747,2.9557897032270297,3.8598184744757624,0.5999999999999999,-1.0000000000000002,-1.0000000000000009,-1.3000000000000012,0.0
2016-01-08,-12.00000000000001,-18.999999999999993,-14.000000000000012,-12.00000000000001,-9.999999999999964,-3.5683223333476817,-6.8964479613699226,-8.541457106230954,-7.588677351538653,-7.051339304696569,0.20000000000000018,-1.6,-3.7000000000000006,-5.800000000000005,-6.2000000000000055
2016-01-15,-8.999999999999996,-11.00000000000001,-10.000000000000009,-10.999999999999988,-10.000000000000009,-0.5174748106300697,0.8579712440738491,-2.5045946937109598,-8.97167030261452,-11.540043248137977,0.10000000000000009,0.10000000000000009,-0.9000000000000008,1.7000000000000015,3.200000000000003
2016-01-22,3.0000000000000027,3.0000000000000027,4.0000000000000036,2.0000000000000018,2.0000000000000018,-2.240042336429218,-3.9588663057070788,-1.5757350433913686,0.18965710425002946,0.711445004440936,0.8999999999999998,0.0,1.5999999999999988,-2.399999999999991,-4.400000000000004
2016-01-29,-12.0,-15.999999999999993,-12.99999999999999,-10.000000000000009,-8.000000000000007,-3.2383443322075407,-9.758151734815,-15.388989033279277,-17.09233319250174,-17.434173134562503,-6.2,-8.799999999999999,-13.3,-9.90000000000001,-10.499999999999998
2016-02-05,-2.0000000000000018,-8.000000000000007,-7.999999999999985,-8.999999999999986,-6.999999999999984,-0.7410512779740502,2.1680039278166405,2.0290609469487464,1.4876316845251036,1.3555607308828321,-11.0,-11.5,-6.800000000000001,-4.799999999999994,0.7000000000000117
2016-02-12,-3.0000000000000027,-5.000000000000004,-12.00000000000001,-12.00000000000001,-8.000000000000007,2.7992166950477597,4.361876767308459,1.4873461274204303,-1.7279392571782237,-2.8491960550867557,2.9,3.900000000000001,5.0,3.8999999999999924,6.699999999999995
2016-02-19,5.000000000000004,4.0000000000000036,2.0000000000000018,2.0000000000000018,0.9999999999999787,-0.8933111473900995,-3.9636200936842005,-5.856431959280961,-6.07975049371392,-6.046655646461052,-4.799999999999999,-2.200000000000002,-6.999999999999999,-8.599999999999996,-11.5
2016-02-26,4.0000000000000036,-1.0000000000000009,0.0,3.000000000000025,2.0000000000000018,-2.78302037943928,-4.922920397785729,-5.825156693390099,-4.232328111099015,-3.352228191810891,-2.3999999999999995,-4.899999999999999,-7.1000000000000005,-15.800000000000002,-15.500000000000004
2016-03-04,7.9999999999999964,14.999999999999991,11.99999999999999,8.999999999999986,7.000000000000028,-2.180329956347821,-2.3543701963364,3.918853136981959,8.196819329354476,9.337517601342139,3.299999999999997,3.4000000000000004,1.2999999999999998,-11.299999999999994,-13.0
2016-03-11,8.999999999999996,11.00000000000001,10.000000000000009,4.999999999999982,4.999999999999982,3.7322920509238218,0.5447825214982799,-3.0122836906739225,-3.8581196210409674,-3.960931053084016,4.000000000000001,3.5000000000000004,2.6,9.000000000000002,1.4000000000000012
2016-03-18,-13.0,-14.999999999999991,-10.000000000000009,-8.000000000000007,-6.999999999999984,0.28005474321179946,-2.8891950921526197,-6.767852275500797,-11.002074319183697,-12.688180029749674,-5.699999999999999,-7.1000000000000005,-8.5,-21.000000000000007,-31.600000000000005
2016-03-25,5.000000000000004,4.999999999999982,3.0000000000000027,2.0000000000000018,-1.000000000000023,0.05377081763970892,1.2180494093209802,-0.5085164972083334,-1.2176655817355275,-1.2783749452086823,-0.40000000000000036,-1.6999999999999988,0.10000000000000009,4.400000000000004,4.800000000000004
2016-04-01,-13.0,-14.999999999999991,-11.99999999999999,-7.999999999999963,-4.999999999999982,-2.5353053906700422,-3.46266976052228,-7.174805570437126,-8.75578162196362,-9.01699638346476,1.0000000000000009,2.2999999999999994,3.5000000000000004,-1.8000000000000016,-9.300000000000002
2016-04-08,-6.000000000000005,-8.000000000000007,-7.000000000000006,-7.000000000000028,-7.000000000000028,-0.35430158945217727,1.6628754605440301,2.0582320967029943,2.1745610987244035,2.3033485292024425,-2.6999999999999997,-1.8000000000000016,-1.8000000000000003,-4.399999999999999,1.0000000000000009
2016-04-15,4.0000000000000036,6.000000000000005,4.0000000000000036,1.000000000000023,1.000000000000023,-0.2100834628277981,0.5582761056455603,3.146468058198515,4.3210868831827565,4.483857584667206,-1.3000000000000012,0.10000000000000009,-3.0,-1.8000000000000016,-3.0000000000000027
2016-04-22,9.999999999999998,15.000000000000014,12.99999999999999,15.99999999999997,14.000000000000012,1.6977067496370069,4.42347286052591,10.454404340745793,14.212166567565365,15.293602820171582,-2.6000000000000023,-4.1000000000000005,-0.9999999999999996,-1.4000000000000012,-5.6
2016-04-29,-6.999999999999995,-9.000000000000007,-5.999999999999983,-4.0000000000000036,-4.0000000000000036,-1.2187163119678601,2.9790623942236696,5.0833273464230615,5.882217583769256,6.179000027458992,3.600000000000003,6.600000000000003,4.1,0.0,-0.5000000000000004
2016-05-06,-3.0000000000000027,-5.000000000000004,-4.0000000000000036,-5.999999999999961,-4.0000000000000036,-3.71225726840283,-4.425536982434859,-8.530822038435737,-9.035018772700631,-8.670210031701696,-0.30000000000000027,-3.2,-3.5000000000000004,-6.299999999999997,-6.1
2016-05-13,2.0000000000000018,-1.0000000000000009,-8.000000000000007,-6.000000000000005,-7.000000000000028,-0.7442506472569888,-1.8176388533168706,-2.2994268371842708,-1.0562725204714685,-0.40295261924432335,-0.6000000000000005,0.30000000000000027,0.7000000000000006,4.200000000000001,7.700000000000001
2016-05-20,13.0,15.999999999999993,14.000000000000012,10.000000000000009,8.000000000000007,1.115968468448969,2.2860932698419503,1.2829313823961463,0.6788574188247409,0.595179261043044,1.7000000000000015,0.9999999999999981,0.8000000000000007,-0.7000000000000006,-2.100000000000002
2016-05-27,1.0000000000000009,1.0000000000000009,0.0,0.9999999999999787,2.0000000000000018,-2.5869474376838397,-5.5218111322423304,-7.781149902087048,-6.899098626888911,-6.112536315506389,-0.40000000000000036,-1.0999999999999983,-1.100000000000001,-2.0000000000000018,-1.799999999999996
2016-06-03,-12.0,-15.999999999999993,-14.000000000000012,-16.000000000000014,-12.99999999999999,0.2714335233822196,-0.72979328843772,-2.74284543868184,-7.2719116405137285,-9.434375639662896,0.0,0.49999999999999767,0.5000000000000004,0.5000000000000004,0.40000000000000036
2016-06-10,-5.000000000000004,-6.000000000000005,-7.000000000000006,-6.999999999999984,-8.000000000000007,0.607642500330563,-0.03402743603721989,-5.489550282056399,-14.224211766266981,-17.76745101483561,-3.1000000000000028,-3.8000000000000007,-5.0,-5.8999999999999995,-5.8999999999999995
2016-06-17,-3.0000000000000027,-4.0000000000000036,-1.9999999999999796,-3.0000000000000027,-0.9999999999999787,1.5612197269213368,2.93049665516314,4.829360992303844,5.313281755613453,5.419514893513222,1.6000000000000014,2.0000000000000018,0.10000000000000009,-2.100000000000002,-3.900000000000001
2016-06-24,-5.999999999999995,-4.999999999999982,-5.000000000000004,-3.0000000000000027,-1.000000000000023,-0.3735574159707211,-3.99696660683269,-3.875806653352498,-6.034952149780848,-7.374063192493452,-3.3999999999999977,-4.099999999999998,-4.400000000000001,-6.199999999999998,-9.9
2016-07-01,-5.000000000000004,-8.000000000000007,-11.00000000000001,-14.999999999999991,-17.99999999999997,-11.214303505031076,-14.82454782007919,-21.46793593694687,-23.31054407052653,-23.446430714646027,-4.0000000000000036,-7.1000000000000005,-6.1,-6.9,-3.0000000000000013
2016-07-08,2.0000000000000018,-5.000000000000004,-8.999999999999986,-12.00000000000001,-13.000000000000034,0.32772026945053767,-2.990519939791092,-4.486580197370582,-6.1194181732900255,-6.8741810765957645,-2.4999999999999964,-1.3000000000000012,-3.099999999999997,0.0,-1.5
2016-07-15,9.999999999999998,19.999999999999996,23.0,20.999999999999996,18.999999999999993,3.4378795084842704,4.217216341580252,7.693739022908019,10.09340229385256,10.8134846772872,2.099999999999996,5.699999999999999,5.899999999999997,9.100000000000001,10.0
2016-07-22,0.0,-2.0000000000000018,-3.0000000000000027,0.0,-0.9999999999999787,1.09198516909092,0.4974913353802207,0.771964434565664,-1.5461547385249963,-2.6874179851250624,0.0,-2.100000000000002,0.5000000000000004,4.499999999999998,6.9
2016-07-29,-3.9999999999999925,-9.999999999999986,-11.00000000000001,-11.99999999999999,-10.999999999999988,-1.4731213130810106,-3.3069846226869313,-8.066167356018372,-12.120847900065934,-13.50449508487641,8.200000000000001,7.700000000000001,5.100000000000001,0.5000000000000004,0.6000000000000005
2016-08-05,4.999999999999993,9.999999999999986,13.00000000000001,12.99999999999999,13.999999999999968,-2.578355124894932,-0.07550648343563893,-0.01295786034543056,3.0574786174483393,4.6250017774642105,5.8,7.1000000000000005,8.2,10.099999999999998,12.0
2016-08-12,-1.0000000000000009,-2.9999999999999805,-8.000000000000007,-5.999999999999983,-8.999999999999986,-0.6733676792782362,-3.786364407155851,-6.104180560323519,-5.430065073891299,-4.899065322685914,-0.40000000000000036,0.5000000000000004,-0.9999999999999996,-3.4999999999999973,-3.300000000000003
2016-08-19,5.000000000000004,6.999999999999984,7.000000000000006,7.999999999999985,6.000000000000005,0.9745686657861796,2.8251523256811293,4.19802081396155,3.5831732372683334,3.128381870644592,-0.899999999999998,0.10000000000000009,2.1999999999999993,1.9000000000000017,-2.6999999999999966
2016-08-26,7.9999999999999964,6.000000000000005,4.0000000000000036,3.0000000000000027,0.0,0.11294804116435131,-0.728266291971208,1.0831844805702262,-0.6897783208990038,-1.8184671225354165,2.8,1.0000000000000009,1.6,0.5000000000000004,2.0000000000000018
2016-09-02,-3.9999999999999925,-3.0000000000000027,-2.0000000000000018,-1.0000000000000009,-1.000000000000023,0.6569445809773866,3.2435214981839877,4.460047335043088,7.713699897776971,9.202570144692723,-0.9000000000000008,1.799999999999999,4.1000000000000005,12.2,15.099999999999996
2016-09-09,-1.0000000000000009,3.0000000000000027,6.999999999999984,9.999999999999986,11.000000000000032,1.3739744556417521,1.1332122957746604,3.6338359084590266,9.401051838219686,11.875413284829373,-1.6999999999999988,-0.40000000000000036,0.7,3.4999999999999973,1.5000000000000013
2016-09-16,-2.0000000000000018,-2.0000000000000018,3.0000000000000027,5.000000000000027,4.999999999999982,-0.5958999529630304,1.349290154481511,4.1874250174434025,5.879592663744915,6.385146676305853,-6.500000000000003,-4.599999999999999,-2.0,2.100000000000002,4.200000000000004
2016-09-23,0.0,-5.000000000000004,-7.999999999999985,-8.000000000000007,-10.000000000000009,-1.9003879407277324,-5.819623257515799,-10.033854026806477,-16.17444361444842,-18.755367498730237,4.700000000000001,1.6999999999999988,-1.4,-7.700000000000001,-8.400000000000002
2016-09-30,0.0,-2.0000000000000018,-2.0000000000000018,-3.0000000000000027,-2.0000000000000018,-1.8331165529822557,-3.38042308345923,-4.27612275647915,-4.0615170588973015,-3.9466686705526444,-6.6999999999999975,-6.0,-3.0000000000000004,-1.4000000000000012,-1.0000000000000009
2016-10-07,5.999999999999995,12.00000000000001,12.99999999999999,15.000000000000014,14.000000000000012,0.35916259101415604,9.180329723182728,13.421915366490289,17.66903864784719,19.608475050912432,0.8999999999999952,2.8,1.6,3.0000000000000027,4.799999999999999
2016-10-14,1.0000000000000009,2.0000000000000018,7.000000000000006,8.000000000000007,8.999999999999986,2.5851134385884933,2.92258481338781,3.303634997329752,4.681800609832321,5.312110215344656,0.7000000000000006,1.100000000000001,1.2000000000000004,-0.40000000000000036,-0.9000000000000008
2016-10-21,0.0,-3.0000000000000027,-6.000000000000005,-7.000000000000028,-6.999999999999984,-1.1808956264960813,-2.2326801595248496,-3.7423190809026785,-6.743358819392076,-8.194138216336722,1.7000000000000015,0.5000000000000004,0.0,0.0,0.0
2016-10-28,2.0000000000000018,8.000000000000007,12.00000000000001,12.00000000000001,14.000000000000012,6.899302622950998,13.698209466739891,19.441589306098006,22.92942694454032,24.126109514487926,0.8000000000000007,1.5999999999999988,1.1000000000000003,0.7000000000000006,2.0000000000000018
2016-11-04,-5.999999999999995,-9.000000000000007,-7.000000000000006,-4.999999999999982,-6.000000000000005,-3.7147555631747764,-1.62675917510651,-1.0036411821162439,-3.015493675897174,-3.9662740139052355,-1.6000000000000014,-1.9999999999999991,-1.4,-2.500000000000002,-2.9000000000000026
2016-11-11,12.0,32.00000000000001,35.999999999999986,35.999999999999986,37.999999999999986,7.31695898214007,17.221842394766362,25.803559331336068,30.36991608124824,31.810427405383667,1.6000000000000014,3.5000000000000004,3.2,3.600000000000003,3.9000000000000035
2016-11-18,15.000000000000002,24.0,18.999999999999993,12.00000000000001,6.999999999999984,-1.0532500187430627,1.9171391510047597,1.2458544251767734,-2.3722269353725345,-3.895598070902917,8.2,8.399999999999999,7.1,7.799999999999995,6.799999999999995
2016-11-25,5.000000000000004,3.0000000000000027,2.0000000000000018,0.9999999999999787,0.0,-1.0609226162738794,1.4490894940294596,4.372079578904398,6.65347597058632,7.488455051742937,2.400000000000002,0.8999999999999995,-0.4999999999999998,0.0,0.5000000000000004
2016-12-02,-1.0000000000000009,1.0000000000000009,4.0000000000000036,6.999999999999984,7.000000000000028,-0.45849783947726763,-2.0868654596787497,-1.475869350417569,1.9038619636556398,3.4134381060764607,-3.7000000000000006,-1.9000000000000004,-0.4999999999999998,0.20000000000000018,-1.0000000000000009
2016-12-09,3.9999999999999813,4.999999999999982,7.000000000000028,9.00000000000003,8.000000000000007,-7.980226587173611,-6.246692798763931,2.235329772324457,7.181932115244227,8.581664832207592,-1.0000000000000009,1.4000000000000012,1.6,8.199999999999996,10.199999999999998
2016-12-16,13.00000000000001,17.999999999999993,12.99999999999999,4.0000000000000036,2.9999999999999805,-1.59799346678966,-8.195510374780572,-7.15888329707548,-11.572820834636,-13.780400800108339,0.9000000000000008,2.2999999999999994,2.5999999999999996,0.40000000000000036,-3.0999999999999917
2016-12-23,-6.000000000000005,-2.9999999999999805,-5.000000000000027,-5.000000000000027,-6.999999999999984,-3.728318638150979,-2.32260312981598,-7.221211201104993,-9.590709891476079,-10.207692039830896,-0.10000000000000009,-2.6999999999999997,-2.5,-0.40000000000000036,0.40000000000000036
2016-12-30,-2.0000000000000018,-11.00000000000001,-9.999999999999964,-6.999999999999984,-6.000000000000005,-0.20530265290741312,-1.4651076515495098,-0.0168836332855804,1.9205607413328885,2.624675363616369,-0.6000000000000005,-2.400000000000001,-0.8,0.6000000000000005,3.699999999999992
2017-01-06,2.0000000000000018,-1.0000000000000009,-3.000000000000025,-6.000000000000005,-6.000000000000005,6.5201904912006725,9.47433629349597,14.321728666264821,16.472479449676403,17.074243409100287,-2.5999999999999996,-1.0999999999999996,1.0000000000000002,1.9000000000000017,2.300000000000002
2017-01-13,-1.0000000000000009,-2.0000000000000018,-2.0000000000000018,-2.0000000000000018,-0.9999999999999787,-0.6723090140983601,-3.6924503556873502,-5.094392239849288,0.3763586085413051,2.8633307632452087,-1.100000000000001,-0.7000000000000006,-0.3999999999999997,0.10000000000000009,-0.5000000000000004
2017-01-20,-1.0000000000000009,5.000000000000004,8.000000000000007,8.000000000000007,5.999999999999961,3.796395525323426,4.074846670417111,10.27200924284939,12.159408871490296,12.444611457448618,-1.0999999999999983,0.6000000000000005,1.6,4.0000000000000036,5.900000000000006
2017-01-27,2.0000000000000018,-1.0000000000000009,1.000000000000023,0.9999999999999787,1.000000000000023,2.8893813333763116,12.26157932548766,12.215452442511765,6.721492940478346,4.525008108535999,3.4999999999999973,2.4999999999999996,1.5,2.0000000000000018,3.599999999999992
2017-02-03,-1.0000000000000009,-1.0000000000000009,0.0,2.0000000000000018,4.999999999999982,-4.509465937382728,-0.9329392973281586,2.6858044388131885,6.008656166249704,7.238458237931811,-3.1,0.5000000000000004,2.1999999999999993,3.300000000000003,2.6000000000000023
2017-02-10,-1.0000000000000009,-4.0000000000000036,-8.000000000000007,-6.999999999999984,-10.000000000000009,-2.66668261257586,1.2309986097660486,-3.6826583092008702,-4.1244664349796345,-3.7069833293114307,1.7000000000000015,0.8000000000000007,-1.6,-1.9000000000000017,-1.3000000000000012
2017-02-17,1.0000000000000009,3.0000000000000027,0.9999999999999787,2.9999999999999805,2.0000000000000018,1.0946359482702006,-3.136198125472939,-4.562476432489326,-5.279792589805732,-5.6749359543960765,-3.0,-0.9000000000000008,0.7000000000000006,3.7999999999999923,5.900000000000006
2017-02-24,-8.999999999999986,-11.99999999999999,-10.999999999999988,-8.999999999999986,-7.999999999999963,-0.023619874115432538,-2.911788743462651,-4.488311939295264,-5.661587934087731,-6.108222633570026,-2.100000000000002,-3.4000000000000004,-2.5999999999999996,-5.499999999999994,-6.300000000000006
2017-03-03,19.999999999999996,21.999999999999996,18.000000000000014,14.000000000000012,12.99999999999999,-1.0586541688978102,1.4538130443455088,3.868596967642257,1.6501971012981898,0.49567688483160843,-2.599999999999997,-1.799999999999999,0.10000000000000009,1.100000000000001,0.5000000000000004
2017-03-10,4.0000000000000036,8.999999999999986,8.999999999999986,10.999999999999988,8.000000000000007,5.185599501383104,11.979667415291221,13.81135256593673,18.714165016284092,20.84915841957926,2.6999999999999966,3.0,1.7000000000000002,2.0000000000000018,3.0000000000000027
2017-03-17,-3.0000000000000027,-8.000000000000007,-8.000000000000007,-8.000000000000007,-5.000000000000027,3.8927929175626375,3.207904886007462,3.155056425398506,-4.227674971304207,-7.48766698209149,-0.10000000000000009,-1.6000000000000014,-1.4000000000000012,-2.8000000000000025,-2.6000000000000023
2017-03-24,-7.000000000000006,-9.999999999999986,-10.000000000000009,-11.999999999999966,-10.999999999999988,-2.1008536447121475,-6.79066035073479,-8.459075241206904,-8.575465616111533,-8.574483586386394,0.10000000000000009,-1.9999999999999991,-0.9999999999999996,-0.9000000000000008,0.0
2017-03-31,1.0000000000000009,0.0,0.0,1.9999999999999574,2.0000000000000018,1.3871553196246056,-4.161232460369751,-8.203312983784716,-5.067265169498736,-3.4942940419522284,6.000000000000003,3.1,0.6000000000000005,-0.9000000000000008,0.9000000000000008
2017-04-07,2.0000000000000018,-1.0000000000000009,-2.0000000000000018,-1.9999999999999574,-2.0000000000000018,-6.661776090067129,-9.23227939865168,-9.731819868060487,-8.189603632857057,-7.447150244257683,-1.5000000000000013,-2.8,-1.9000000000000004,-1.4000000000000012,-1.3000000000000012
2017-04-14,-8.000000000000007,-14.999999999999991,-13.999999999999968,-12.00000000000001,-10.999999999999988,3.901294863731769,4.8849531350851985,1.5993847370179282,-1.1140097510944358,-2.008266895291344,-0.5000000000000004,-1.3000000000000012,-3.5000000000000004,-5.200000000000005,-6.2999999999999945
2017-04-21,-1.0000000000000009,0.0,0.0,-1.000000000000023,0.0,1.9525381533156805,3.3913513295265902,1.5372291801786453,1.1013748652999533,1.183192544754741,0.20000000000000018,-0.7999999999999979,0.10000000000000009,-1.3999999999999901,-0.40000000000000036
2017-04-28,8.000000000000007,4.0000000000000036,4.999999999999982,6.000000000000005,6.999999999999984,-2.33399424202449,-2.7158163590406987,-0.7610813598304178,3.165126628886683,4.802911074484895,1.5000000000000013,1.0999999999999983,0.2,0.7000000000000006,1.9000000000000017
2017-05-05,4.0000000000000036,7.999999999999985,6.999999999999984,6.000000000000005,3.000000000000025,-0.9162149217010196,1.21698088483235,-0.4296450267845975,0.06332815319249896,0.7449749115409077,0.49999999999999767,0.6000000000000005,0.5999999999999999,0.9999999999999898,1.4000000000000012
2017-05-12,-3.0000000000000027,-3.9999999999999813,-2.9999999999999805,1.000000000000023,-1.000000000000023,0.22275505335559997,1.3694072347746582,4.436066904589597,5.582553588030104,5.726165989731369,2.400000000000002,3.6000000000000005,2.4,4.0000000000000036,4.199999999999992
2017-05-19,-1.0000000000000009,-6.000000000000005,-10.000000000000009,-11.000000000000032,-8.000000000000007,-1.8451757301567895,-6.607472077295998,-7.054344874369156,-3.7751787441778317,-2.3160725843630825,1.6999999999999988,-0.10000000000000009,-0.30000000000000027,-4.300000000000004,-4.199999999999992
2017-05-26,2.0000000000000018,0.0,2.0000000000000018,2.0000000000000018,2.0000000000000018,0.38819809427526053,-1.3221661114073413,-4.094704809256733,-5.803494650384877,-6.301757784380424,-0.7000000000000006,-0.20000000000000018,0.10000000000000009,-0.30000000000000027,0.10000000000000009
2017-06-02,-2.0000000000000018,-8.000000000000007,-10.000000000000009,-12.00000000000001,-12.00000000000001,0.8693393016098894,3.8464869105142796,7.035342083784535,5.38050542631896,4.136560504661935,1.3000000000000012,1.5,0.30000000000000027,1.5000000000000013,1.4000000000000012
2017-06-09,7.000000000000006,6.000000000000005,6.000000000000005,6.000000000000005,6.000000000000005,-4.384663538190209,-8.77101528124822,-12.638215281961873,-4.251518836872004,1.008652855880321,4.7,2.8,0.30000000000000027,-0.5000000000000004,0.8999999999999897
2017-06-16,-3.0000000000000027,-2.0000000000000018,-4.999999999999982,-6.999999999999984,-8.000000000000007,1.8924028622832267,2.0052626275720797,-0.9675828179036006,-10.382244153424303,-15.21856641726167,-1.1999999999999997,0.0,0.0,-1.3999999999999901,-1.29999999999999
2017-06-23,2.0000000000000018,2.0000000000000018,-1.000000000000023,-4.0000000000000036,-6.999999999999984,-0.8180337097098089,-3.2119568454994902,-4.928600264970329,-5.616627174464561,-5.822974406339609,1.7000000000000002,0.0,0.0999999999999994,0.09999999999998899,-0.9000000000000008
2017-06-30,3.9999999999999813,11.99999999999999,16.000000000000014,12.99999999999999,12.99999999999999,6.3106328341476114,17.708361668370113,23.116138884631365,19.612138774294575,17.4423536243443,-1.200000000000001,1.1999999999999997,3.4999999999999996,2.9000000000000026,4.5999999999999925
2017-07-07,2.0000000000000018,6.000000000000005,8.000000000000007,10.000000000000009,9.00000000000003,0.7310177817707597,10.579843267117539,13.74686040719153,11.997606608829535,11.185253851419752,1.3000000000000012,2.6,0.20000000000000018,2.400000000000002,3.600000000000003
2017-07-14,-4.999999999999982,-7.999999999999985,-6.000000000000005,-4.0000000000000036,-2.0000000000000018,-0.15728634129938968,-6.123481069025871,-9.08184649859285,-3.447522333343489,-0.25192665691138316,-0.7000000000000006,-0.7,-0.9999999999999996,-1.7000000000000015,-1.7000000000000015
2017-07-21,1.0000000000000009,-6.000000000000005,-8.999999999999986,-10.000000000000009,-10.000000000000009,-2.72029001135472,-7.330813878138359,-9.153555551727166,-11.612497799777355,-12.94153970135894,-0.7000000000000006,-1.4,-0.9999999999999996,-0.8000000000000007,-0.40000000000000036
2017-07-28,-2.0000000000000018,2.0000000000000018,5.999999999999961,8.000000000000007,8.000000000000007,-2.16278963974208,2.0231248970082607,6.645114540613228,6.191282797254671,5.410030876226957,-0.10000000000000009,-0.10000000000000009,0.5999999999999992,-0.30000000000000027,0.0
2017-08-04,2.0000000000000018,-1.0000000000000009,-2.9999999999999805,-4.0000000000000036,-5.000000000000027,-0.6111757513984628,-4.702083207299881,-8.28580173972011,-10.743718847377682,-11.666548226705364,0.40000000000000036,0.20000000000000018,-0.8999999999999995,-1.0000000000000009,0.5000000000000004
2017-08-11,-6.000000000000005,-8.000000000000007,-8.000000000000007,-6.000000000000005,-4.999999999999982,-1.3344829599656494,-2.504532077231039,-3.861194574083693,-1.4901016332347972,-0.058608229031253956,-0.10000000000000009,-0.40000000000000036,-0.5000000000000004,-0.9000000000000008,-1.9000000000000017
2017-08-18,3.0000000000000027,3.0000000000000027,0.0,-0.9999999999999787,-1.000000000000023,0.1518493154238243,-0.39703635856050135,1.6769374429119743,1.098225828268129,0.38445969239591093,-1.7000000000000002,-3.0,-1.7000000000000002,0.20000000000000018,0.5000000000000004
2017-08-25,2.0000000000000018,0.0,-2.0000000000000018,-3.000000000000025,-2.9999999999999805,1.5331058940521558,4.143476002820451,4.7448218772662365,4.851121947156067,4.929719816793243,-2.5999999999999996,-3.5000000000000004,-2.5,-1.8999999999999906,-1.8000000000000016
2017-09-01,0.0,-4.0000000000000036,-0.9999999999999787,0.0,2.0000000000000018,-2.046483461725229,-4.49354277114597,-3.82747227104403,-0.544758726525596,0.933808998518959,-0.8000000000000007,-1.4999999999999987,-1.2999999999999998,-0.8000000000000007,-0.8000000000000007
2017-09-08,-8.000000000000007,-9.000000000000007,-10.000000000000009,-9.999999999999964,-10.000000000000009,-2.3701504302851006,-3.695484896439721,-5.029551904105212,-8.988494578463847,-10.843640358730822,0.30000000000000027,-0.9000000000000008,-1.7000000000000002,-0.9000000000000008,-1.7999999999999905
2017-09-15,11.99999999999999,17.000000000000014,14.000000000000012,10.999999999999988,10.000000000000009,3.3468614910987124,7.015146694134172,8.2524911926795,12.099829100711812,14.098867737679965,1.200000000000001,3.0,2.7,1.200000000000001,1.8999999999999906
2017-09-22,7.000000000000006,6.999999999999984,5.999999999999961,4.999999999999982,2.9999999999999805,0.036484393964109074,3.287668883305808,7.580042776580487,0.5086280091571194,-3.380416215019366,1.2999999999999985,0.8999999999999995,0.6000000000000002,-0.40000000000000036,-0.9000000000000008
2017-09-29,1.0000000000000009,4.0000000000000036,7.000000000000028,6.000000000000005,6.000000000000005,-0.9303367087971692,-0.08850001264839868,2.018611097433709,2.7443543548575144,2.9078331045110595,1.7000000000000015,3.8000000000000007,4.1,3.499999999999992,4.100000000000003
2017-10-06,7.000000000000006,5.000000000000004,4.0000000000000036,5.000000000000027,5.000000000000027,2.759407351259929,5.4151370672176595,4.845119052417157,5.601143761834804,6.025639128498206,-2.0000000000000018,-2.1000000000000005,-0.9000000000000001,1.5000000000000013,1.8000000000000016
2017-10-13,-3.0000000000000027,-6.000000000000005,-9.00000000000003,-10.000000000000009,-10.000000000000009,-2.67759946076076,-8.083056149477311,-12.885101269186361,-13.166183122884,-12.948828109694643,-0.3999999999999976,1.0000000000000009,1.0000000000000002,0.10000000000000009,-0.8000000000000007
2017-10-20,9.000000000000007,11.99999999999999,11.000000000000032,8.999999999999986,8.000000000000007,-0.8179409407889082,0.7525253125697517,2.7308993365559253,4.589801770217261,5.304226331486239,0.7999999999999979,0.49999999999999906,1.0999999999999996,1.0000000000000009,1.4000000000000012
2017-10-27,-1.0000000000000009,0.0,2.9999999999999805,4.0000000000000036,4.0000000000000036,-2.4019106066337113,-5.73944405649556,-4.28184941539449,-2.423365450015269,-1.8448165769340275,-1.2999999999999985,-0.6999999999999993,-0.39999999999999897,-0.30000000000000027,-1.4000000000000012
2017-11-03,3.9999999999999813,-3.9999999999999813,-8.000000000000007,-12.00000000000001,-11.000000000000032,-1.9087515318135517,-6.009586448389472,-10.787952865139872,-11.431946082759502,-11.299852876665684,-1.4000000000000012,-0.6000000000000005,-1.5000000000000007,-0.9000000000000008,-2.200000000000002
2017-11-10,4.0000000000000036,7.000000000000006,6.000000000000005,8.000000000000007,6.000000000000005,-0.22338785338646971,2.2633590871702607,6.66269286188319,7.552550273665903,7.522444763652691,-1.5999999999999988,-1.6,-1.2999999999999998,-1.4000000000000012,-3.9999999999999925
2017-11-17,6.000000000000005,0.0,-4.999999999999982,-8.000000000000007,-10.000000000000009,-0.5815524214904499,-1.1065244329477906,-1.663933945227547,-1.8299222323257203,-1.8642311670992395,-1.6000000000000014,-0.7999999999999994,-0.40000000000000036,0.20000000000000018,1.9999999999999907
2017-11-24,2.0000000000000018,0.9999999999999787,-1.000000000000023,-0.9999999999999787,-2.0000000000000018,0.9356716480770133,1.4799312238681195,-1.6981676088679842,-5.3328204587501205,-6.645031067759932,0.7000000000000006,-1.100000000000001,-0.2999999999999996,-0.40000000000000036,0.30000000000000027
2017-12-01,3.0000000000000027,6.000000000000005,3.000000000000025,0.0,0.0,-1.1625467218657037,-3.68029457315657,-7.0991310263489815,-6.42967500173568,-5.774357770790539,2.8,1.3000000000000012,0.4999999999999998,0.5000000000000004,0.5000000000000004
2017-12-08,2.0000000000000018,1.000000000000023,0.9999999999999787,0.9999999999999787,1.000000000000023,-3.78284556706277,-5.187368886065969,-2.691816916996981,-2.413923176017918,-2.632146202094221,0.7000000000000006,0.5999999999999992,0.3999999999999997,-0.6000000000000005,-1.8000000000000016
2017-12-15,4.0000000000000036,2.0000000000000018,-2.9999999999999805,-6.999999999999984,-8.999999999999986,4.318681320627782,6.77857188512227,4.413424888034356,2.4921480988917777,1.894337368485255,-0.20000000000000018,-0.20000000000000018,-0.3999999999999997,-0.8000000000000007,-0.7999999999999896
2017-12-22,6.999999999999984,9.999999999999964,12.99999999999999,16.000000000000014,14.999999999999991,3.854385738980781,7.554963599183222,8.166918889648223,7.992292882943186,7.934729767103876,0.8000000000000007,0.7000000000000006,0.5999999999999999,0.10000000000000009,0.8999999999999897
2017-12-29,-2.0000000000000018,-5.999999999999961,-8.000000000000007,-10.000000000000009,-8.999999999999986,3.957027701649457,7.213173226998928,6.152491775611502,7.350030672293251,8.301938128069297,0.6999999999999978,0.40000000000000036,0.10000000000000009,0.0,-0.8999999999999897
2018-01-05,7.000000000000006,8.999999999999986,7.000000000000028,6.000000000000005,6.999999999999984,-0.41680201573832676,-2.8446638395402983,-0.8437396180354995,-1.853847319092905,-2.765952768490454,0.20000000000000018,0.49999999999999906,1.0000000000000002,0.9000000000000008,0.9999999999999898
2018-01-12,3.0000000000000027,6.000000000000005,7.999999999999963,6.999999999999984,4.0000000000000036,4.83406318330672,7.640627249600487,5.764777128174181,3.3245281904495494,2.5445054331533434,0.40000000000000036,1.6,1.5999999999999994,1.200000000000001,1.3000000000000012
2018-01-19,7.000000000000006,10.000000000000009,9.00000000000003,6.999999999999984,6.000000000000005,-1.5384640148694118,-2.0234224290440803,-2.356410105440432,-1.1089655806726828,-0.47644042761931793,-0.20000000000000018,0.0,0.6000000000000005,0.5000000000000004,-0.40000000000000036
2018-01-26,6.999999999999984,2.0000000000000018,2.0000000000000018,1.000000000000023,0.0,2.7962154565294384,6.1965567258045695,2.1931862551690884,-3.2535978051891234,-5.172210792710041,0.40000000000000036,-0.20000000000000018,-0.5000000000000004,-1.200000000000001,-1.29999999999999
2018-02-02,2.0000000000000018,10.999999999999988,17.99999999999997,18.000000000000014,16.999999999999993,0.6064275663245411,6.57658687297662,8.671505354689657,4.644948413568595,2.569297560465156,0.10000000000000009,0.7000000000000006,1.100000000000001,1.0000000000000009,0.49999999999998934
2018-02-09,-10.000000000000009,-6.000000000000005,-0.9999999999999787,4.999999999999982,6.000000000000005,-2.008097463286868,0.34556340931182206,1.9327785378375317,0.045131959890643,-0.8993383161685742,-1.799999999999999,-0.7999999999999994,-1.4000000000000012,-0.6000000000000005,-0.8999999999999897
2018-02-16,16.000000000000014,10.999999999999988,4.0000000000000036,0.0,-1.000000000000023,0.5709461732253673,-1.1062130442262175,-0.5273007703082477,1.7785148781663596,2.6973664013108856,-1.100000000000001,-1.6,-0.8999999999999995,-1.8000000000000016,-1.8000000000000016
2018-02-23,4.0000000000000036,-0.9999999999999787,0.9999999999999787,2.0000000000000018,3.000000000000025,0.6374175803822324,-0.7241931652762545,-2.371737376993366,-0.14852337484936307,1.0897199786434442,0.7000000000000006,-0.5000000000000004,-0.9000000000000001,-1.3999999999999901,-3.1000000000000028
2018-03-02,0.0,0.9999999999999787,-2.0000000000000018,-2.0000000000000018,-2.0000000000000018,-2.51359031085574,-3.2334177716183685,-5.280635437063097,-7.853922397740587,-8.84521947475343,-0.20000000000000018,0.7999999999999994,1.0000000000000002,1.0999999999999899,0.9000000000000008
2018-03-09,2.0000000000000018,2.0000000000000018,4.0000000000000036,2.0000000000000018,2.0000000000000018,1.0363197286871184,-0.3817578710414382,-1.5299762291103747,1.0904422121864155,2.5433942243775487,-0.20000000000000018,-1.6,-1.9000000000000004,-1.7999999999999905,-0.8000000000000007
2018-03-16,4.0000000000000036,0.0,-4.999999999999982,-8.000000000000007,-8.000000000000007,-1.5432293983366208,-4.075439878768883,-6.086512054607418,-6.49824363037057,-6.483123524867507,0.7000000000000006,0.0,-1.2999999999999998,-1.4000000000000012,0.0
2018-03-23,-3.000000000000025,-4.0000000000000036,-3.000000000000025,-2.0000000000000018,-2.0000000000000018,-3.086415187648228,-4.5259665556788065,-4.567135408433387,-6.076643251226077,-6.874057651130183,-0.7000000000000006,-0.9999999999999996,-1.5,-1.8000000000000016,-1.8000000000000016
2018-03-30,-0.9999999999999787,-4.999999999999982,-7.999999999999963,-8.999999999999986,-8.999999999999986,-2.2552386552609605,-6.125647235435672,-6.479891463032317,-3.7976936802466277,-2.5089601879979995,1.9999999999999991,1.7000000000000002,2.6999999999999997,1.0000000000000009,0.0
2018-04-06,0.0,2.0000000000000018,2.9999999999999805,4.0000000000000036,3.999999999999959,1.6025985030081402,1.87865115574688,2.4353525940485454,2.350031022844856,1.8496635613648005,-0.5999999999999978,-0.7000000000000006,-0.4999999999999998,-0.30000000000000027,0.5000000000000004
2018-04-13,10.000000000000009,8.999999999999986,4.999999999999982,2.0000000000000018,2.0000000000000018,1.8731493758252782,1.2375717464237797,2.1472461731894654,2.564616453906776,1.0217182594895347,-1.6000000000000014,0.20000000000000018,-0.4999999999999998,-1.8000000000000016,-4.100000000000003
2018-04-20,8.999999999999986,12.99999999999999,14.000000000000012,12.99999999999999,11.000000000000032,1.5472193353476327,3.5468970009826988,4.464978069007408,3.675739864693295,3.4966182144132496,2.8,2.0000000000000004,2.5999999999999996,2.9000000000000026,2.8000000000000025
2018-04-27,3.000000000000025,0.0,0.0,-1.000000000000023,-1.000000000000023,-1.74988993705405,-2.4794706420067367,-3.8263249945140743,-3.676058313463937,-2.0882629829736876,-0.6000000000000005,-0.8999999999999995,-0.3999999999999997,0.0,1.4000000000000012
2018-05-04,1.9999999999999574,-2.0000000000000018,-0.9999999999999787,-0.9999999999999787,-0.9999999999999787,0.30825787215604805,-0.647458496890782,0.6260665206884397,2.347451098878839,2.3285472927643935,-0.10000000000000009,-0.7000000000000006,-1.0000000000000002,-1.3000000000000012,-1.4000000000000012
2018-05-11,3.000000000000025,6.000000000000005,2.0000000000000018,0.9999999999999787,-2.0000000000000018,2.762171758466181,3.3981036683144312,1.6512706740309469,2.209007782304173,3.818099614165371,0.0,0.10000000000000009,0.20000000000000018,0.5000000000000004,1.0000000000000009
2018-05-18,0.9999999999999787,6.000000000000005,8.999999999999986,11.000000000000032,10.000000000000009,8.26449976221948,9.80341047095657,9.525020427822106,11.801969150392733,13.286331827446274,0.30000000000000027,0.6999999999999993,1.5,2.0000000000000018,2.300000000000002
2018-05-25,-6.999999999999984,-14.000000000000012,-12.99999999999999,-13.000000000000034,-11.000000000000032,13.046862166110701,5.27363810884296,-4.141079469241937,-2.3502324183136913,0.5957364229285833,-0.7999999999999979,-1.5,-1.9000000000000004,-2.300000000000002,-1.8000000000000016
2018-06-01,-0.9999999999999787,-1.9999999999999574,-4.0000000000000036,-4.999999999999982,-4.999999999999982,7.5802277790011,6.298282212479123,-0.1724293772754848,-5.380381514672283,-6.115421453138259,-0.20000000000000018,0.8000000000000007,0.7000000000000006,-0.5000000000000004,-2.300000000000002
2018-06-08,2.9999999999999805,2.9999999999999805,4.0000000000000036,4.0000000000000036,4.0000000000000036,17.72634263810574,15.134930851309392,0.9398626303877222,0.39415845268979677,15.581184098568901,1.799999999999999,1.1999999999999997,0.0999999999999994,0.10000000000000009,-0.30000000000000027
2018-06-15,4.999999999999982,4.0000000000000036,0.0,-2.0000000000000018,-3.000000000000025,-24.649054745604808,-27.456766010872975,-13.848798962908404,-1.0624878649671876,-3.7078661045992334,-1.100000000000001,-1.1999999999999997,-0.9999999999999996,-0.9000000000000008,-0.10000000000000009
2018-06-22,1.000000000000023,-4.0000000000000036,-3.000000000000025,-0.9999999999999787,-0.9999999999999787,2.96697952704959,4.175910113833581,3.0667366917040084,1.0038148882454356,0.7589566479768273,0.20000000000000018,-0.6000000000000005,-0.20000000000000018,-0.5000000000000004,-0.5000000000000004
2018-06-29,-4.0000000000000036,-4.0000000000000036,-4.999999999999982,-6.000000000000005,-6.000000000000005,-0.7810052984305899,-1.4990718776942913,-2.35450140220248,-2.606813079494308,-3.7146475775619248,0.7000000000000006,0.20000000000000018,0.10000000000000009,0.10000000000000009,0.20000000000000018
2018-07-06,0.9999999999999787,-2.0000000000000018,-3.000000000000025,-4.0000000000000036,-4.0000000000000036,1.6001424059740297,1.1705386517560312,-2.4602945604522475,-7.341381634946842,-9.615478006953593,-0.30000000000000027,-0.40000000000000036,-1.3,-1.9000000000000017,-3.699999999999992
2018-07-13,6.000000000000005,2.0000000000000018,1.000000000000023,0.0,0.0,-4.080199050696269,-4.05279656445412,0.19642354656073113,4.3882325843503045,5.130459798329756,-0.10000000000000009,0.7000000000000006,1.0999999999999999,0.20000000000000018,0.20000000000000018
2018-07-20,1.000000000000023,4.0000000000000036,6.000000000000005,8.999999999999986,8.999999999999986,1.63767642165151,-0.49284203789667913,-1.3852379950148097,-0.8994269703600954,-2.851488026874982,0.6000000000000005,0.20000000000000018,-0.3999999999999997,-0.9000000000000008,0.0
2018-07-27,6.999999999999984,6.999999999999984,6.999999999999984,6.999999999999984,6.000000000000005,3.482057226573239,3.569852392269718,0.39633624298308634,0.9479600953610223,5.687138492302601,0.9000000000000008,1.6,6.7,10.7,11.899999999999999
2018-08-03,-4.0000000000000036,-2.0000000000000018,-0.9999999999999787,0.0,0.0,5.57024501175674,6.558062659049391,11.101340682808924,10.202077287922684,3.6953578113079644,0.7999999999999994,1.7000000000000002,0.8999999999999995,3.200000000000003,3.0999999999999917
2018-08-10,-2.0000000000000018,-6.999999999999984,-8.000000000000007,-6.999999999999984,-6.000000000000005,2.53837043154074,5.651044531583876,2.807458083170822,-5.888529914622875,-9.962282204379136,-0.7000000000000006,-0.10000000000000009,-0.5000000000000004,-0.9000000000000008,-0.40000000000000036
2018-08-17,0.0,0.0,0.0,-0.9999999999999787,0.0,4.65059568738848,4.734401998691062,3.7913373244197857,3.35161030057618,3.385353420589876,-1.1999999999999997,-1.0000000000000009,-0.5999999999999992,0.6000000000000005,0.5000000000000004
2018-08-24,2.0000000000000018,-2.9999999999999805,-5.000000000000027,-6.000000000000005,-5.999999999999961,-2.6649110589117404,-3.231832411396063,-2.002673183289261,1.5038736959605004,2.078207177878033,1.2999999999999998,0.9000000000000008,0.6999999999999993,-0.5000000000000004,-0.8000000000000007
2018-08-31,-0.9999999999999787,2.0000000000000018,4.0000000000000036,6.000000000000005,4.999999999999982,9.76017920343662,11.057949015416746,6.32910551832726,-0.5701771839062175,-1.101953744638573,-0.2999999999999989,0.30000000000000027,0.40000000000000036,1.0000000000000009,0.8000000000000007
2018-09-07,8.999999999999986,7.999999999999963,8.000000000000007,7.999999999999963,8.999999999999986,-10.98222414460928,-8.80071324248739,-6.0305888973557265,-6.81462811707787,-8.81090121296575,0.6999999999999993,0.2999999999999989,0.6000000000000005,-0.7000000000000006,-0.40000000000000036
2018-09-14,6.999999999999984,8.000000000000007,5.000000000000027,4.0000000000000036,2.0000000000000018,-0.85757894328182,1.0839597239664656,5.198750218203307,6.158410571443795,5.387121040880771,-0.10000000000000009,0.6000000000000005,0.10000000000000009,0.20000000000000018,-0.40000000000000036
2018-09-21,3.000000000000025,5.000000000000027,7.999999999999963,7.000000000000028,7.000000000000028,-3.6015851834315797,-0.12344700032684841,3.226654146092578,-5.0799606507388795,-12.024895307712624,0.9000000000000008,1.1000000000000003,2.3000000000000007,3.1000000000000028,4.5000000000000036
2018-09-28,0.0,-1.000000000000023,-2.0000000000000018,-1.000000000000023,-1.000000000000023,16.73750484815599,13.113242473630216,2.0754651760846343,4.039936657078513,10.244556885189349,-1.0000000000000009,-1.2000000000000004,-0.6000000000000005,1.0000000000000009,1.9000000000000017
2018-10-05,6.999999999999984,12.99999999999999,18.000000000000014,20.999999999999996,20.999999999999996,5.694183249804749,11.189853372331449,10.09201712980552,8.335040068923561,8.133769852248651,-0.6999999999999993,0.7,1.3999999999999986,1.9000000000000017,3.200000000000003
2018-10-12,-2.9999999999999805,-6.999999999999984,-8.000000000000007,-8.999999999999986,-8.000000000000007,4.567946018180091,4.181687644423349,0.7610237006735687,0.41573757040869186,2.8400490372314735,0.39999999999999897,0.20000000000000018,0.10000000000000009,-0.20000000000000018,-1.6000000000000014
2018-10-19,6.999999999999984,4.999999999999982,5.000000000000027,6.000000000000005,6.000000000000005,0.52767093139518,0.790493084450361,1.4454695991336308,1.6445644230397072,1.242497617221705,-0.1999999999999988,0.10000000000000009,0.10000000000000009,1.100000000000001,0.40000000000000036
2018-10-26,-10.999999999999988,-13.999999999999968,-12.00000000000001,-8.000000000000007,-6.000000000000005,-13.372487817071832,-14.861243145676717,-8.656613375592137,-9.7750670954613,-14.020750445203412,-0.5000000000000004,-2.7,-3.499999999999999,-4.600000000000004,-4.400000000000004
2018-11-02,10.000000000000009,12.99999999999999,14.000000000000012,14.000000000000012,14.000000000000012,-1.281121041692579,3.334938178676161,0.03555176874598942,-8.40331791677924,-12.195961990231297,-0.6000000000000005,0.5000000000000004,1.7000000000000002,2.400000000000002,1.3000000000000012
2018-11-09,2.9999999999999805,0.9999999999999787,-3.000000000000025,-5.000000000000027,-6.000000000000005,0.11190067338055915,-0.7469391204354636,-1.823552737367784,5.944973151881139,13.07929899622442,-0.7000000000000006,-0.5000000000000004,-0.30000000000000027,0.7000000000000006,1.0000000000000009
2018-11-16,-12.99999999999999,-14.999999999999991,-10.999999999999988,-8.999999999999986,-6.999999999999984,2.2000708892204806,3.388857795449418,5.119817818017758,6.010498964998057,5.898876108373852,-0.6999999999999978,-0.7999999999999994,-1.9000000000000004,-2.8000000000000025,-2.7000000000000024
2018-11-23,0.0,-2.0000000000000018,-3.000000000000025,-2.0000000000000018,-2.0000000000000018,-4.69748084709307,-6.234198874870778,-3.6471633642202406,-1.3822374573298823,-1.3460131111241225,0.20000000000000018,-1.0000000000000009,-0.8000000000000007,-2.400000000000002,-3.200000000000003
2018-11-30,-1.000000000000023,-4.0000000000000036,-4.0000000000000036,-2.0000000000000018,-1.000000000000023,-8.01265861882907,-12.329946991970075,-7.943504480575392,-2.426053016428753,-1.5693517492701758,0.6999999999999978,-0.1999999999999988,-0.49999999999999906,-1.7000000000000015,-0.9000000000000008
2018-12-07,-7.999999999999963,-13.999999999999968,-15.99999999999997,-18.000000000000014,-15.99999999999997,-0.05324868720952992,-3.045429401839783,-1.6728013412134146,3.548794529429311,6.780122371949382,-0.5999999999999978,-2.2000000000000006,-2.9,-0.6000000000000005,-0.40000000000000036
2018-12-14,0.9999999999999787,2.9999999999999805,4.0000000000000036,2.0000000000000018,0.0,-1.3231782546664101,-4.520027998629317,-4.91457322041986,-1.0419678534878463,-1.44526604153552,-1.200000000000001,-0.8000000000000007,-2.500000000000001,-3.0000000000000027,-2.299999999999991
2018-12-21,-10.000000000000009,-8.999999999999986,-10.000000000000009,-10.999999999999988,-11.000000000000032,-6.264259031984659,-4.259300026406976,-0.43794009187405614,-4.695170641435897,-9.325249083382614,1.0000000000000009,0.8000000000000007,1.0000000000000002,-1.3999999999999901,-3.7000000000000033
2018-12-28,-10.999999999999988,-8.000000000000007,-6.999999999999984,-2.9999999999999805,1.000000000000023,-2.114698462857101,-0.10956761083190103,2.450488977247578,1.5388453152055837,1.3547737021602835,0.3999999999999976,-2.8,-4.0,-4.300000000000004,-3.300000000000003
2019-01-04,-2.0000000000000018,-6.999999999999984,-5.000000000000027,-6.000000000000005,-6.000000000000005,2.1266762503517804,1.48606187494425,2.237719854867848,2.256158822066512,2.042421424730856,-3.6999999999999975,-3.6000000000000005,-3.5999999999999996,-4.399999999999999,-4.699999999999993
2019-01-11,4.999999999999982,2.9999999999999805,4.0000000000000036,6.999999999999984,6.000000000000005,2.55011620827204,-6.039186976289562,-14.615183049607827,-6.48733923805076,2.564573941207726,2.2999999999999994,3.8000000000000007,3.6999999999999997,2.4999999999999964,1.8999999999999906
2019-01-18,7.000000000000028,10.000000000000009,8.000000000000007,5.000000000000027,4.999999999999982,-7.061968098346721,-5.456177069800239,-0.09362740603602315,1.8156858478253657,1.4940983479155623,-1.7000000000000015,-0.9000000000000008,-0.4,-0.20000000000000018,-0.40000000000000036
2019-01-25,-2.0000000000000018,-3.000000000000025,-3.000000000000025,-3.000000000000025,-2.9999999999999805,-0.07676885939841838,-6.164008885062561,-12.137608155018242,-10.597498728278353,-6.870134048131238,0.20000000000000018,-0.5000000000000004,-1.0999999999999999,-2.599999999999997,-3.1999999999999917
2019-02-01,-8.000000000000007,-8.000000000000007,-5.999999999999961,-4.0000000000000036,-3.000000000000025,4.702002633957389,2.6203000962747414,-1.9399284186319865,-4.311345086611551,-3.894317961555682,-1.0999999999999983,-1.4999999999999987,-1.7999999999999998,-4.300000000000004,-5.600000000000005
2019-02-08,-6.999999999999984,-6.999999999999984,-7.000000000000028,-6.000000000000005,-5.999999999999961,9.33863320134493,7.577212971363911,1.4958018486678437,3.7692608469362954,7.8616548828571275,1.2999999999999985,0.9999999999999981,-0.5000000000000001,-0.40000000000000036,-1.5000000000000013
2019-02-15,6.999999999999984,5.000000000000027,3.000000000000025,2.0000000000000018,2.9999999999999805,-6.19994984283822,-5.970715394012194,-1.7617181900152712,0.2513714121598509,-0.2608207156427511,-0.30000000000000027,-0.10000000000000009,0.8,0.7000000000000006,1.100000000000001
2019-02-22,-4.0000000000000036,-2.0000000000000018,-1.000000000000023,2.0000000000000018,2.0000000000000018,0.2822354489726994,-0.6564898242870765,-2.654032488578162,-3.235681169402538,-2.7336701602968194,-0.899999999999998,-1.1999999999999984,-2.0999999999999996,-1.3999999999999957,-1.4000000000000012
2019-03-01,6.999999999999984,8.999999999999986,10.999999999999988,11.000000000000032,10.999999999999988,-1.61168707074019,3.983521683487096,13.232841936572882,11.276365181313652,3.9828091899895224,2.8,2.8,3.3000000000000003,3.299999999999997,4.200000000000004
2019-03-08,-9.999999999999964,-14.000000000000012,-13.999999999999968,-14.000000000000012,-12.99999999999999,-8.84641354384593,-15.564621215699947,-20.718344670297938,-17.950501085885364,-13.52738231926125,0.30000000000000027,0.0,-2.4,-3.3999999999999977,-3.7000000000000033
2019-03-15,-2.0000000000000018,-2.0000000000000018,-3.000000000000025,0.0,2.0000000000000018,2.7714516088573697,2.1092705202957305,-1.5766668832169373,1.2895257873229315,7.49828494428848,-1.8000000000000016,-1.7000000000000015,0.0,0.19999999999999463,-0.9000000000000008
2019-03-22,-12.00000000000001,-15.99999999999997,-14.999999999999991,-14.000000000000012,-14.000000000000012,-0.46448921016306877,-2.2286874049819523,-5.086468807734379,-6.501817806775034,-6.122394660071118,-1.2999999999999985,-1.6999999999999988,-3.3000000000000003,-4.399999999999999,-4.699999999999993
2019-03-29,-4.0000000000000036,-1.000000000000023,-2.9999999999999805,-6.000000000000005,-6.999999999999984,-1.2605264879103713,-0.36625596644012937,1.8432495347446842,-4.347723740090026,-12.428166042519795,-0.5000000000000004,-1.4000000000000012,-2.1000000000000005,-1.9000000000000017,-2.200000000000002
2019-04-05,8.000000000000007,8.000000000000007,8.999999999999986,9.00000000000003,10.000000000000009,2.67637369178102,1.040339761618772,-3.32326486537462,-0.638952251134306,4.495383997922087,2.6999999999999997,4.400000000000001,5.0,4.100000000000003,2.9000000000000026
2019-04-12,4.999999999999982,6.999999999999984,6.000000000000005,5.999999999999961,6.000000000000005,-1.5561146077415904,-2.5588101027203907,-2.6259151355723542,-0.39372546084504023,3.1418472994955593,-1.3000000000000012,-1.5999999999999988,-1.8999999999999997,-2.0000000000000018,-2.7000000000000024
2019-04-19,-2.0000000000000018,0.0,0.9999999999999787,0.0,-1.000000000000023,1.7588294118008108,4.122142403364659,4.014793332761446,-5.86578429192155,-10.5596715898564,1.8000000000000016,1.899999999999999,2.5,2.8000000000000025,6.2999999999999945
2019-04-26,-10.000000000000009,-8.999999999999986,-6.000000000000005,-3.999999999999959,-4.0000000000000036,1.6452290461892893,0.5148118189072015,-1.034861993516989,-1.1328442064559185,0.10941601208727114,-0.20000000000000018,-1.5000000000000013,-1.9,-1.9000000000000017,-2.0999999999999908
2019-05-10,-2.0000000000000018,-3.000000000000025,-3.999999999999959,-4.0000000000000036,-2.9999999999999805,-1.9440351239555995,-4.91270639195589,-6.655116915912895,0.8489598563689915,3.3347011141861227,-0.5000000000000004,0.0,0.10000000000000009,-0.40000000000000036,-2.200000000000002
2019-05-17,-5.999999999999961,-8.999999999999986,-8.000000000000007,-7.000000000000028,-7.000000000000028,-2.2578531045810606,-3.394736138910612,-4.620409259119329,-10.572196866401251,-15.60070242254481,-0.6000000000000005,0.10000000000000009,-0.9000000000000001,-1.4000000000000012,-1.0000000000000009
2019-05-24,-4.0000000000000036,-4.999999999999982,-7.000000000000028,-6.000000000000005,-6.999999999999984,-3.276087089982929,-4.37044684449744,-1.6512657069764014,3.5755184776326,5.706935119268208,0.9000000000000008,-0.49999999999999767,-1.5000000000000007,-1.9999999999999962,-2.300000000000002
2019-05-31,-21.000000000000018,-19.000000000000018,-17.99999999999997,-17.99999999999997,-16.999999999999993,4.823114478855259,0.0562358987515707,-8.927640244903007,-12.247242124905998,-10.58850020295392,-2.3999999999999995,-2.7000000000000024,-2.3999999999999995,-3.8000000000000034,-4.599999999999999
2019-06-07,-9.999999999999986,-7.999999999999985,-5.000000000000027,-3.000000000000025,-1.000000000000023,-4.752202247775639,-12.48524285320788,-20.52244226951276,-19.157084461536876,-12.726925747547323,-1.8000000000000016,-2.8,-2.0000000000000004,-2.9999999999999973,-5.299999999999999
2019-06-14,-1.0000000000000009,0.0,0.0,2.0000000000000018,2.0000000000000018,0.36297934963722966,-0.09685195747346004,4.559069442951191,10.027525892462963,8.537191808894917,-0.899999999999998,-0.5999999999999978,-0.9999999999999996,-2.0000000000000018,-3.200000000000003
2019-06-21,-7.000000000000006,-5.000000000000004,-2.0000000000000018,-0.9999999999999787,0.0,-5.01826128224474,-5.73147443389566,-5.794813067261911,-8.763918910086566,-11.950359635875873,-3.3000000000000003,-4.200000000000004,-4.000000000000001,-4.499999999999998,-4.199999999999998
2019-06-28,-2.0000000000000018,-4.0000000000000036,-6.999999999999984,-6.000000000000005,-6.999999999999984,-1.325185643235649,-3.348986395740189,-4.853690414756742,-3.998505387106821,-3.234573068996194,1.6999999999999988,1.5000000000000013,0.6000000000000005,2.5999999999999996,3.3999999999999977
2019-07-05,12.00000000000001,8.000000000000007,4.0000000000000036,2.9999999999999805,2.0000000000000018,-7.18093035732377,-7.7417585285196004,-7.007196762976739,-9.734904049539528,-12.001094565748893,1.100000000000001,0.20000000000000018,-1.4000000000000012,-2.400000000000002,-2.899999999999997
2019-07-12,-3.0000000000000027,2.0000000000000018,8.000000000000007,8.000000000000007,10.000000000000009,0.22793300400572036,5.36714874549333,13.161022107310139,14.677960642009602,11.362716796071858,2.6999999999999997,5.000000000000002,5.200000000000002,5.100000000000001,5.199999999999999
2019-07-19,-4.0000000000000036,-6.000000000000005,-7.000000000000028,-6.999999999999984,-7.000000000000028,-5.105011817458921,-13.658493154312929,-16.66552432495703,-11.129299208112887,-7.684407238950586,-1.9000000000000017,-2.5999999999999996,-2.0000000000000018,-2.1999999999999993,-1.4000000000000012
2019-07-26,6.000000000000005,5.000000000000004,3.000000000000025,2.9999999999999805,2.0000000000000018,-2.5824843432699307,-1.8356629591333995,-1.6310624730344587,-5.994456989283958,-8.625270566682053,-0.899999999999998,-0.5000000000000004,-1.4999999999999987,-2.0000000000000018,-1.4000000000000012
2019-08-02,-14.000000000000012,-19.000000000000018,-21.999999999999996,-21.999999999999975,-19.99999999999997,0.6678884048569422,-4.747707386717304,-12.452625695048381,-13.645121322392917,-12.121513315197152,0.7000000000000006,-1.7000000000000015,-1.4000000000000012,-2.9,-2.9999999999999973
2019-08-09,-9.000000000000007,-8.999999999999986,-12.00000000000001,-13.000000000000034,-13.000000000000034,3.955435341176278,4.706369352576839,-3.9242365351048303,-14.063092021925527,-12.101828606209054,-6.800000000000003,-5.099999999999999,-5.299999999999999,-8.6,-10.600000000000001
2019-08-16,-14.999999999999991,-15.000000000000014,-18.999999999999993,-20.999999999999975,-25.0,-8.5646951831436,-11.891813546368008,-16.48559876411433,-23.665376249767927,-28.652848098305682,-0.6000000000000005,-1.7000000000000015,-1.5999999999999988,-1.4,-3.6000000000000005
2019-08-23,3.0000000000000027,-2.0000000000000018,-3.0000000000000027,0.0,1.000000000000023,-1.1752462856998491,6.077157489273688,12.143659799330829,11.979773998610593,14.739984361781355,-2.1999999999999966,-0.9000000000000008,0.10000000000000009,1.899999999999999,2.4999999999999996
2019-08-30,-1.0000000000000009,-1.0000000000000009,-2.0000000000000018,-4.0000000000000036,-6.000000000000005,-10.80280032892389,-9.491522106088196,-1.4144493341982298,-7.183261530868723,-21.819055324110426,-0.6000000000000005,-2.6999999999999966,-4.0000000000000036,-5.3999999999999995,-6.5
2019-09-06,3.0000000000000027,3.0000000000000027,5.000000000000004,5.000000000000004,6.000000000000005,-1.4824753944011837,1.0693174881587275,4.633258948596669,8.264437432949912,7.8541160647447095,0.5000000000000004,1.5000000000000013,3.200000000000003,5.699999999999999,6.0
2019-09-13,26.0,33.00000000000001,34.999999999999986,33.999999999999986,35.00000000000001,10.254387341049803,10.2545262768444,11.113521601097661,16.79292246493036,24.877355785142452,5.099999999999999,8.299999999999997,9.3,9.899999999999999,13.500000000000004
2019-09-20,-10.000000000000009,-13.99999999999999,-15.999999999999993,-17.999999999999993,-20.000000000000018,1.9069809584299102,0.730015409023288,-2.2754607786176,-4.587714575040103,-9.310381932944956,-5.8999999999999995,-8.099999999999996,-5.8999999999999995,-1.2999999999999985,1.3999999999999957
2019-09-27,-6.000000000000005,-5.000000000000004,-5.000000000000004,-4.0000000000000036,-4.0000000000000036,-4.005614001982311,-4.705651252867238,-6.125265206338771,-9.886483695301651,-10.724825593906107,-1.100000000000001,-2.300000000000002,-1.5000000000000013,-1.8000000000000016,-2.899999999999997
2019-10-04,-23.0,-21.999999999999996,-16.999999999999993,-13.99999999999999,-12.00000000000001,-1.816986111738661,-1.9373346840910521,-0.5308237915052403,1.9350666714818665,2.5192962047041245,-1.4000000000000012,-0.8000000000000007,0.9000000000000008,1.200000000000001,2.6999999999999966
2019-10-11,23.0,25.0,24.0,23.0,21.000000000000043,5.567803864806992,8.941488395257391,10.63562203846134,12.769072309379625,14.24632694428154,4.0000000000000036,5.699999999999999,3.2,3.1,3.300000000000003
2019-10-18,-4.999999999999982,-3.0000000000000027,0.0,2.0000000000000018,2.9999999999999805,0.5634380600021416,2.9367010621825784,5.1874194213951395,3.255395511129233,4.061718379672108,5.099999999999999,4.799999999999999,3.2,2.099999999999999,1.5000000000000013
2019-10-25,4.999999999999982,6.000000000000005,4.0000000000000036,4.0000000000000036,4.0000000000000036,2.4154912470983003,2.1793949523921525,0.4472929211939203,0.5809778664047194,1.0549545731444843,0.10000000000000009,0.0,0.6000000000000005,1.0000000000000009,-0.9000000000000008
2019-11-01,-6.999999999999984,-7.000000000000006,-7.000000000000006,-7.000000000000028,-8.000000000000007,-0.22447373831124273,-1.0265996580533203,-1.2673917679550493,-0.48874685982900345,-1.4119198295273305,-3.1000000000000028,-4.199999999999998,-3.4000000000000004,-5.499999999999999,-4.899999999999999
2019-11-08,11.99999999999999,18.999999999999993,20.999999999999996,24.00000000000002,22.00000000000002,2.3930277167611926,6.667522964910772,8.725539855383781,13.489704828364824,19.485266906545327,9.700000000000003,12.8,12.1,10.499999999999998,10.099999999999998
2019-11-15,-6.999999999999984,-9.000000000000007,-9.999999999999986,-10.999999999999988,-12.00000000000001,0.03139217821868656,-0.26859200294628016,0.28531002266429795,-1.9364790472164994,-4.351312909368876,-2.300000000000002,-0.30000000000000027,-0.8,0.30000000000000027,0.7000000000000006
2019-11-22,0.0,-2.9999999999999805,-7.000000000000006,-8.000000000000007,-8.999999999999986,-2.2340927902167405,-1.6752317486225214,-0.7292859549458797,-2.75367070145327,-3.935992018167256,0.9000000000000008,-0.40000000000000036,-1.0999999999999996,-2.399999999999997,-2.6000000000000023
2019-11-29,0.0,0.0,1.0000000000000009,-1.000000000000023,-1.000000000000023,-0.41237385084533784,0.8067627726982912,1.8301019755162906,1.4369640867328393,0.40993752481122137,1.200000000000001,0.5000000000000004,0.20000000000000018,-2.300000000000002,-1.8999999999999961
2019-12-06,0.0,4.999999999999982,6.000000000000005,7.000000000000028,8.000000000000007,1.978600484714077,3.7661796233624703,2.8276837347908312,5.792583774278004,8.950822988185747,4.699999999999998,6.6000000000000005,6.6000000000000005,3.799999999999998,2.799999999999997
2019-12-13,0.0,-1.0000000000000009,-2.0000000000000018,-3.000000000000025,-3.000000000000025,-3.033822391461838,-2.791521280753881,-0.08106579922096124,-1.7599077003596975,-4.108632421881331,0.20000000000000018,-1.0000000000000009,-0.5000000000000001,0.0,-0.9000000000000008
2019-12-20,1.9999999999999796,7.000000000000006,9.999999999999986,10.000000000000009,8.000000000000007,2.4346314929518886,2.9664219867050203,3.0033011594568477,4.038291431662067,5.588502730347966,2.700000000000001,5.1000000000000005,2.8000000000000003,1.9000000000000017,1.4000000000000012
2019-12-27,-3.9999999999999813,-5.000000000000004,-4.0000000000000036,-2.9999999999999805,-2.0000000000000018,-1.4886245559666056,-1.6379173610564708,-0.5716088281746856,0.4642199979774775,0.40965432096604637,-2.1000000000000005,-3.9999999999999996,-2.1,-1.9000000000000017,-1.3000000000000012
2020-01-03,-6.000000000000005,-8.999999999999986,-7.999999999999985,-7.000000000000028,-6.000000000000005,-0.13673384740771066,-1.105202311670389,-2.9343744051505722,-3.388309098304554,-1.4920156743214896,-1.0000000000000009,-1.0000000000000009,-0.8,-1.3999999999999957,-1.6000000000000014
2020-01-10,3.0000000000000027,3.9999999999999813,3.0000000000000027,3.000000000000025,2.0000000000000018,1.8072899236940776,2.9519212873734713,2.5577434678007576,3.0475320314686694,5.300768396466049,-0.30000000000000027,2.1000000000000005,1.2,1.699999999999996,2.8000000000000025
2020-01-17,2.0000000000000018,0.0,1.0000000000000009,2.0000000000000018,1.000000000000023,3.770012777452431,2.043316462671099,-1.0651523577212885,-0.773171043238996,3.4579593078189585,0.20000000000000018,0.5000000000000004,0.1,1.200000000000001,1.5000000000000013
2020-01-24,-9.000000000000007,-11.99999999999999,-14.000000000000012,-16.000000000000014,-14.999999999999991,-2.509851451018669,-8.82505536709077,-12.746936194942998,-11.441266909210713,-11.451089883637522,0.20000000000000018,-2.1000000000000005,-1.9999999999999998,-4.099999999999998,-4.699999999999998
2020-01-31,-15.999999999999993,-18.999999999999993,-18.999999999999993,-16.999999999999993,-15.000000000000014,-7.722068240550062,-11.310707035830788,-12.89085474440847,-15.352694647826803,-20.28387318020719,-2.5999999999999996,-4.200000000000001,-3.9,-3.4000000000000004,-3.8000000000000034
2020-02-07,7.999999999999985,8.999999999999986,8.000000000000007,5.999999999999983,5.999999999999983,0.6003981891297805,3.4855752236725603,4.60629873320543,1.8855862445094296,2.1588486901461534,1.200000000000001,2.6000000000000023,2.5999999999999996,1.9999999999999991,2.400000000000002
2020-02-14,1.0000000000000009,1.0000000000000009,0.0,0.0,-0.9999999999999787,-1.7690860358000216,-1.6926453764996907,-2.22383529573573,-2.8386787838273975,-1.7914472382841717,0.30000000000000027,0.899999999999998,0.5000000000000004,0.5000000000000004,-0.5000000000000004
2020-02-21,-7.999999999999985,-11.99999999999999,-13.00000000000001,-13.99999999999999,-14.000000000000012,0.41808569691950126,-1.4649393747224515,-3.7360043510036895,-7.03060849585162,-9.850842276997508,-2.100000000000002,-3.5000000000000004,-3.0,-3.4000000000000004,-4.399999999999999
2020-02-28,-48.00000000000001,-41.0,-33.00000000000001,-29.000000000000004,-25.0,0.324156984550672,1.017980899282822,-0.04298882906112987,-0.9594574642875386,3.442503819503906,-9.3,-10.100000000000001,-9.3,-6.7,-5.700000000000005
2020-03-06,-37.0,-31.000000000000007,-38.99999999999999,-36.999999999999986,-39.99999999999999,-2.3863212835739,-3.478507972844813,-6.181294599171891,-14.800688484941249,-24.873437685785028,-2.899999999999997,-1.3000000000000012,2.4999999999999996,2.8,2.8000000000000025
2020-03-13,0.0,12.0,19.999999999999996,21.999999999999996,31.000000000000007,20.281650810399977,30.32212927691847,39.69761559362509,29.513005532274516,10.887411486145249,8.2,14.700000000000003,13.5,10.499999999999998,1.100000000000001
2020-03-20,-12.0,-17.999999999999993,-1.9999999999999907,4.0000000000000036,-1.0000000000000009,13.486023076181523,12.394556909578991,15.166194581255855,13.628934334483834,10.908694748424509,3.9999999999999982,8.5,9.7,4.200000000000004,11.2
2020-03-27,-12.0,-11.000000000000004,-20.000000000000007,-26.0,-26.0,-15.9992854691593,-20.18146258651003,-16.218050824135073,-4.620235621353908,0.7510318618151546,-1.1999999999999984,-5.2,-7.999999999999999,-3.400000000000003,-1.8000000000000016
2020-04-03,-1.9999999999999991,-1.9999999999999962,-9.999999999999998,-4.0000000000000036,-5.000000000000004,13.680851435398331,14.85290413398589,15.048230511994642,13.84690423669105,13.058714865783717,3.6999999999999975,-2.099999999999999,-3.5000000000000004,-1.9999999999999962,-2.799999999999997
2020-04-10,0.0,1.9999999999999962,10.999999999999998,9.999999999999986,11.00000000000001,6.158978134926539,9.869121626254849,3.531012275776968,5.6381329200064005,12.534471073189412,-3.6999999999999975,-0.8000000000000007,0.9999999999999999,4.599999999999999,4.699999999999998
2020-04-17,-3.0,-4.999999999999999,-7.9999999999999964,-6.999999999999984,-8.000000000000007,4.18113904195936,0.04623660751676001,3.3980964504177535,-1.0371242141109183,-8.466902147529654,3.1,2.500000000000001,1.4,3.6999999999999975,5.099999999999999
2020-04-24,1.9999999999999991,0.0,-5.000000000000004,-10.000000000000009,-10.000000000000009,1.49390032977239,4.746072461952451,7.392112232914316,7.001903321057135,6.2654007670525536,-2.200000000000002,-4.9,-3.3000000000000003,-5.3999999999999995,-7.200000000000001
2020-05-01,-1.9999999999999991,0.0,4.0000000000000036,6.000000000000005,10.000000000000009,-15.096289689313272,-13.398935715730431,-20.460729563776958,-16.074910400465093,-4.876550793536594,0.40000000000000036,1.0000000000000009,-0.4,0.7000000000000006,1.200000000000001
2020-05-08,-4.000000000000001,-2.9999999999999973,4.999999999999993,8.000000000000007,11.99999999999999,-5.100124226512759,-1.3677314235021498,11.539530905651185,14.693451012287229,-4.269713254822816,-0.7999999999999979,1.0999999999999983,2.6,2.500000000000002,2.500000000000002
2020-05-15,0.0,-2.0000000000000018,-4.999999999999993,-7.000000000000006,-6.999999999999984,1.617418671897991,-4.819306619937561,-16.620648965750327,-17.38137339088275,1.160329395900206,0.2999999999999975,1.5000000000000013,-0.1,0.7999999999999952,1.699999999999996
2020-05-22,1.0000000000000009,3.0000000000000027,2.0000000000000018,7.000000000000006,5.000000000000004,-5.321051782716801,-4.890078084588461,-4.478747282743939,-0.5066098150685594,1.8377767736466044,-1.1999999999999984,-2.4999999999999996,-0.2,-2.6999999999999966,-2.899999999999997
2020-05-29,-1.0000000000000009,-4.0000000000000036,-1.0000000000000009,5.999999999999983,3.9999999999999813,-5.027569418084571,-10.59571035694113,-10.601918739369859,-8.156292486671246,-9.360936234711147,1.6999999999999988,1.4999999999999987,0.9999999999999999,3.3999999999999977,5.299999999999999
2020-06-05,6.0,17.0,26.0,28.000000000000004,27.0,0.16479321469091146,1.5564612786407306,5.76142547891636,10.479545342878183,10.9289232959777,1.3000000000000012,4.5,4.0,4.600000000000004,5.600000000000005
2020-06-12,-3.0,-13.999999999999996,-20.000000000000007,-21.999999999999996,-23.0,-1.2906319231810404,-2.838255899875772,-6.26307160985631,-10.119180087551328,-11.01997607917684,-0.7000000000000006,-2.2999999999999994,-2.8000000000000003,-2.400000000000002,-2.8000000000000025
2020-06-19,0.0,0.0,-1.0000000000000009,-1.0000000000000009,2.0000000000000018,-5.300208449375199,-4.934891360555449,-7.41440853467954,-8.550600178499357,-5.396612507123222,-0.30000000000000027,-0.10000000000000009,0.09999999999999974,2.100000000000002,3.200000000000003
2020-06-26,-1.9999999999999991,-3.0000000000000027,-5.999999999999995,-8.000000000000007,-9.999999999999986,-3.7007896660016417,-5.513080267973303,-5.16882350707007,-4.78633159981221,-6.377057358457017,1.9000000000000017,0.10000000000000009,-0.19999999999999984,0.10000000000000009,1.8999999999999906
2020-07-03,-1.0000000000000009,-1.0000000000000009,4.0000000000000036,5.000000000000004,5.999999999999983,3.1268611854212702,3.4132779068981822,1.75370635491841,1.0829972172647473,1.6886691251333796,-0.30000000000000027,0.6999999999999993,0.19999999999999984,2.6999999999999966,3.200000000000003
2020-07-10,0.0,1.0000000000000009,-3.0000000000000027,-7.999999999999985,-9.999999999999986,0.8049168279697427,-2.466594556733659,-6.35878582197855,-7.673298016825125,-8.10807901047913,0.20000000000000018,-1.4,-0.4,-2.1999999999999966,-4.300000000000004
2020-07-17,-1.9999999999999991,-1.0000000000000009,-1.0000000000000009,-1.0000000000000009,0.0,-3.552524697168952,-4.324631560434961,-2.77029572154128,2.719115976543951,7.714064523340669,-0.7000000000000006,-1.0999999999999996,-0.39999999999999986,0.9999999999999953,1.9000000000000017
2020-07-24,0.0,-1.9999999999999962,-5.000000000000004,-8.000000000000007,-10.000000000000009,-2.4273138361733393,-2.5740204904183326,1.60449565004192,-4.217204987449241,-13.740087276073965,1.3999999999999986,-0.10000000000000009,0.2,-0.6000000000000005,-0.9000000000000008
2020-07-31,-3.0000000000000013,-6.000000000000003,-3.9999999999999925,-5.000000000000004,-3.0000000000000027,-0.49190532748720206,-2.8360526818043574,-4.50908368512247,-4.2894617012937175,-3.856275916950125,-0.7999999999999979,-0.40000000000000036,0.19999999999999984,-2.399999999999997,-4.399999999999993
2020-08-07,2.0000000000000004,2.0000000000000018,1.9999999999999907,3.0000000000000027,3.0000000000000027,-1.9618754377247472,-1.4380052257185694,-5.4325337124332,-5.407010459301342,-1.5206371802533702,1.799999999999999,2.3000000000000007,-0.39999999999999986,0.10000000000000009,2.0000000000000018
2020-08-14,1.0000000000000009,5.999999999999997,14.000000000000002,19.999999999999996,21.999999999999996,2.8195187961800983,7.245155162716127,10.573714633727601,8.83319271342604,6.528225000850374,0.8999999999999995,3.5000000000000004,4.0,5.299999999999999,6.599999999999994
2020-08-21,1.9999999999999991,-1.9999999999999962,-6.999999999999995,-8.000000000000007,-9.999999999999986,-4.559892316930747,-7.374573278582286,-6.316585289975579,-6.4217044203457805,-8.419079306498855,0.20000000000000018,-0.9000000000000008,-1.5,-0.40000000000000036,0.0
2020-08-28,-1.9999999999999991,1.0000000000000009,9.999999999999998,16.000000000000014,16.999999999999993,1.9820008119472876,8.22024561509554,9.89057974277165,8.584614143207132,8.846796791793343,0.0,1.2999999999999998,2.6,0.6000000000000005,0.40000000000000036
2020-09-04,0.0,1.9999999999999962,-2.0000000000000018,-4.0000000000000036,-6.000000000000005,-1.0552454543195422,-3.5847512249425115,-6.84165705637411,-6.952634786269685,-5.9213544546729,-0.9999999999999996,-1.4,-2.0000000000000004,-1.4000000000000012,-1.200000000000001
2020-09-11,-1.0000000000000009,-3.9999999999999982,-4.999999999999993,-4.0000000000000036,-4.0000000000000036,0.9855000573990136,0.7464773330996322,0.3426336766732402,3.8702128257320556,8.550067559084006,-1.6999999999999988,-1.2999999999999998,-1.5999999999999996,-2.6999999999999966,-2.9000000000000026
2020-09-18,1.0000000000000009,2.9999999999999973,2.9999999999999916,3.0000000000000027,3.0000000000000027,-3.4980820953382894,-3.711606456480032,-2.86641807537182,-5.527690297460053,-7.84980619268536,-0.20000000000000018,-2.2000000000000006,-0.6000000000000002,-0.20000000000000018,1.0000000000000009
2020-09-25,-2.0000000000000018,-2.9999999999999973,-3.9999999999999925,-5.000000000000004,-5.000000000000004,0.750595522833275,-0.3084066774353522,-2.3680897232563503,-5.235078077336741,-6.682273175981357,-1.200000000000001,-0.1999999999999988,-0.29999999999999993,0.20000000000000018,1.8000000000000016
2020-10-02,1.0000000000000009,2.0000000000000018,3.9999999999999925,6.000000000000005,8.000000000000007,-2.342739966205598,-2.7114278271234085,-0.22367517044057927,0.1295290537574212,-3.5719021160860454,1.5999999999999988,0.39999999999999897,-0.29999999999999993,0.0,0.0
2020-10-09,3.0,6.0,9.000000000000007,9.000000000000007,10.000000000000009,-2.9966011927521796,-3.4295081617389975,-3.56903047641257,-3.587403165507447,-3.8535266091490827,1.3000000000000012,1.5,1.5,1.0999999999999954,2.300000000000002
2020-10-16,-1.9999999999999991,-2.0000000000000018,-3.0000000000000027,-4.0000000000000036,-6.000000000000005,-2.4931506710361484,-4.886666323474071,-6.786401136616151,-7.426234120086034,-7.574706734260084,-1.799999999999999,-1.4,-0.8,0.20000000000000018,-1.0000000000000009
2020-10-23,3.9999999999999982,4.999999999999999,8.999999999999996,10.999999999999988,11.99999999999999,1.4538183645627534,5.43501615949622,9.59985368108556,9.088085933224905,7.189284566819342,1.3999999999999986,1.6,1.6,0.10000000000000009,2.0000000000000018
2020-10-30,-3.9999999999999982,1.0000000000000009,3.0000000000000027,2.0000000000000018,1.0000000000000009,-3.558134048467565,-5.4757050284504505,-5.966097457021699,-7.455619845044192,-8.43267350977558,0.6000000000000005,-0.10000000000000009,0.10000000000000009,0.5000000000000004,0.10000000000000009
2020-11-06,1.9999999999999991,-2.0000000000000018,-5.000000000000004,-5.999999999999983,-4.999999999999982,-1.7679553123385316,-1.512924342008809,-2.3368919577128304,-1.9673821858449125,-0.5974000631638221,-2.099999999999999,-1.9999999999999991,-1.9000000000000004,-2.2999999999999963,-1.4000000000000012
2020-11-13,1.0000000000000009,4.999999999999999,6.000000000000005,5.999999999999983,4.999999999999982,1.9302344065021293,3.455029962151551,3.29408494471162,3.596858141554171,4.662217653395828,-0.30000000000000027,0.7999999999999994,0.5000000000000001,1.5999999999999959,2.8000000000000025
2020-11-20,-1.0000000000000009,-2.9999999999999973,-6.000000000000005,-9.999999999999986,-11.99999999999999,-0.5256538261625421,-3.3933531399342574,-5.17271624882949,-3.6189210052169685,-2.6402060981854936,-0.20000000000000018,-1.7000000000000002,-0.9000000000000001,-2.9999999999999973,-2.9000000000000026
2020-11-27,0.0,-1.0000000000000009,1.0000000000000009,3.0000000000000027,4.0000000000000036,-1.2220634738749458,-1.4219368540745236,-1.10158500306273,-0.7930433794800296,-0.8351757137972537,2.099999999999999,2.2000000000000006,1.7000000000000004,2.100000000000002,2.6000000000000023
2020-12-04,0.0,4.999999999999999,13.0,16.999999999999993,15.999999999999993,1.8399037663234141,3.0778756260136095,2.1036081877968904,3.348362211316708,4.635585956668642,-0.10000000000000009,0.0,-0.6000000000000002,-0.30000000000000027,0.0
2020-12-11,-5.0,-4.999999999999999,-6.999999999999995,-11.00000000000001,-10.000000000000009,-3.4564205420570815,-6.651293680796227,-8.746563113809414,-8.65126208787892,-8.052535384863146,-1.0999999999999983,-2.0000000000000004,-0.7000000000000003,-1.6000000000000014,-3.7000000000000033
2020-12-18,2.0000000000000004,2.0000000000000018,4.999999999999993,7.000000000000006,7.000000000000006,0.26815097849481884,2.352222676407756,6.640425452270682,7.059241197752919,5.6171928124093995,0.2999999999999975,0.10000000000000009,-0.4999999999999998,0.5000000000000004,1.0000000000000009
2020-12-25,0.0,-2.0000000000000018,-1.0000000000000009,-3.0000000000000027,-4.0000000000000036,2.377587499086542,4.457896515323201,5.195824069708932,4.125446248961412,2.948874587550865,0.9000000000000008,1.5,0.9999999999999999,1.3000000000000012,1.3000000000000012
2021-01-01,0.0,-1.0000000000000009,-0.9999999999999898,-1.0000000000000009,-1.0000000000000009,-0.9600844232979577,-3.038668970661096,-4.88107567921347,-6.613340759998559,-7.659108298272543,0.5000000000000004,0.7000000000000006,0.8000000000000004,0.20000000000000018,1.0000000000000009
2021-01-08,1.0000000000000009,13.0,19.999999999999986,21.999999999999996,22.00000000000002,2.343624246198228,-0.37545124527116336,-3.8330438299356118,-1.0973658301064226,3.5145557149073747,0.30000000000000027,-0.40000000000000036,0.2999999999999996,2.099999999999996,0.30000000000000027
2021-01-15,-1.0000000000000009,-2.9999999999999973,-1.9999999999999796,-1.0000000000000009,-2.0000000000000018,3.0439550237868485,1.999804804747063,1.87402642151282,4.1031763957939615,5.650768934911343,-0.7000000000000006,0.20000000000000018,-0.4999999999999998,0.20000000000000018,0.0
2021-01-22,0.0,-2.0000000000000018,-1.0000000000000009,0.0,0.0,2.6201633993545803,5.370290860297416,9.222752791505641,7.27137574864643,3.4940085706433033,-0.8000000000000007,-1.0000000000000009,0.7,2.500000000000002,0.5000000000000004
2021-01-29,-2.0000000000000004,1.0000000000000009,1.0000000000000009,2.0000000000000018,2.0000000000000018,-3.3909128591945503,-4.42121834702629,-3.3789156027559013,-0.13716048572183226,1.740224051251471,0.8000000000000007,0.10000000000000009,1.6,0.9000000000000008,0.5000000000000004
2021-02-05,-2.0000000000000004,1.9999999999999962,7.999999999999985,11.00000000000001,9.999999999999986,-0.545770437365789,3.23622649974884,5.0229781080711104,5.191304254740342,6.292723606901496,-0.20000000000000018,0.7000000000000006,0.4999999999999998,-0.9000000000000008,-0.40000000000000036
2021-02-12,2.0000000000000004,3.0000000000000027,1.0000000000000009,4.0000000000000036,3.9999999999999813,-0.46561972162473264,1.8514208871726723,4.9728487641358905,5.369854778837518,4.4036415446696004,-0.20000000000000018,-0.40000000000000036,0.6000000000000005,1.6000000000000014,1.4000000000000012
2021-02-19,0.0,8.999999999999996,14.000000000000012,14.999999999999991,13.000000000000034,3.9768806463155837,8.364752123417935,13.303449913296939,14.377596052202502,13.534522161383878,1.3000000000000012,3.4000000000000004,4.1,3.299999999999997,1.0000000000000009
2021-02-26,3.0000000000000013,16.000000000000004,9.999999999999986,10.000000000000009,2.9999999999999805,4.408086690194213,6.254100700618892,7.97759301260114,5.358037534196702,2.2399004619333196,0.5999999999999992,2.9,6.000000000000001,5.800000000000005,7.099999999999995
2021-03-05,0.0,4.0000000000000036,12.00000000000001,10.000000000000009,10.999999999999988,-3.382819008543203,-4.833544821951769,-4.625865669462651,1.1190348394617855,4.972697474886023,-1.7000000000000002,-4.1,-7.300000000000001,-8.100000000000007,-7.799999999999995
2021-03-12,0.0,5.999999999999995,7.999999999999985,12.99999999999999,12.00000000000001,-1.180808636142161,-3.849840365407342,-4.73953212686729,-2.8726551702605407,-1.7167520151943227,0.30000000000000027,1.2999999999999998,2.5999999999999996,2.0000000000000018,-0.40000000000000036
2021-03-19,1.9999999999999991,5.000000000000004,10.000000000000009,4.999999999999982,5.000000000000027,-2.0071818415221543,0.6954157410399731,4.10161182743045,5.325487490064429,5.302442914989203,-0.8000000000000007,-0.40000000000000036,0.20000000000000018,1.5000000000000013,0.5000000000000004
2021-03-26,-1.9999999999999991,-5.000000000000004,-7.000000000000006,-8.999999999999986,-8.000000000000007,-1.759775596106361,-4.500537093359874,-6.691142208404741,-6.283635461079573,-5.417618671473523,-0.20000000000000018,-1.7000000000000002,-3.5000000000000004,-4.799999999999999,-1.8000000000000016
2021-04-02,4.999999999999999,12.0,5.000000000000004,0.0,-2.0000000000000018,1.4030253823258176,1.7514799068600428,2.42419383708494,1.0478890799977547,-0.7101895567176442,1.3000000000000012,2.400000000000001,2.9000000000000012,3.4999999999999973,4.0999999999999925
2021-04-09,-3.0,-9.999999999999998,-5.000000000000004,-4.0000000000000036,-1.000000000000023,1.0495072551200302,4.8381828754880285,4.757485130006599,5.099989848071895,6.757500218647405,-0.10000000000000009,-2.0000000000000004,-1.5000000000000013,-2.100000000000002,-1.8999999999999906
2021-04-16,0.0,-3.0000000000000027,-7.999999999999985,-8.000000000000007,-8.000000000000007,1.3435552693087383,1.54125082654471,1.8273455693115004,1.9759303060596256,1.8600368321604943,-0.7000000000000006,-0.9999999999999996,-1.2999999999999998,-1.8999999999999961,-2.300000000000002
2021-04-23,0.0,-1.0000000000000009,-1.0000000000000009,-0.9999999999999787,-0.9999999999999787,-0.8461312232558305,0.3405389625584121,0.2878324239905111,-3.2205899879717226,-5.534257092903694,-0.20000000000000018,-0.40000000000000036,-1.899999999999999,-2.400000000000002,-1.4000000000000012
2021-04-30,0.0,3.0000000000000027,6.999999999999984,4.999999999999982,4.999999999999982,1.500022893496733,4.257253356477747,7.140138431098239,11.40508816495418,14.261691168241875,0.5000000000000004,1.4,2.4999999999999996,2.500000000000002,1.9000000000000017
2021-05-07,-1.9999999999999991,-8.999999999999996,-4.999999999999982,-2.0000000000000018,-2.0000000000000018,-0.09356993875435649,1.096848367232811,3.205138142010669,3.5541173920160762,2.7272224441496906,-0.10000000000000009,-0.30000000000000027,-0.9000000000000008,-0.5000000000000004,-0.5000000000000004
2021-05-14,1.9999999999999991,4.999999999999993,2.9999999999999805,8.000000000000007,7.000000000000028,3.3232992301425845,7.198489129039751,8.392684994948981,7.026387925621225,6.0464734464362735,0.30000000000000027,-0.10000000000000009,0.10000000000000009,-0.8000000000000007,0.0
2021-05-21,1.0000000000000009,2.0000000000000018,0.0,-0.9999999999999787,-2.0000000000000018,-1.8302447542070999,-2.873710638423299,-0.38148666350004135,-2.518186774484077,-5.56731264192285,-0.10000000000000009,0.7000000000000006,-0.10000000000000009,1.0000000000000009,2.300000000000002
2021-05-28,-3.0,-4.999999999999993,-4.999999999999982,-6.000000000000005,-7.000000000000028,-2.34348426359694,-5.29707627310079,-6.890016311772571,-5.439510567622774,-4.20049252680903,-0.7000000000000006,0.0,0.30000000000000027,0.10000000000000009,-0.30000000000000027
2021-06-04,0.0,-1.0000000000000009,-2.0000000000000018,-2.0000000000000018,-1.9999999999999574,-1.8294424861837522,-3.7275733130378796,-2.94651530626302,-2.747125210415091,-3.2676892341759967,1.6000000000000014,-0.30000000000000027,0.30000000000000027,0.6000000000000005,1.6999999999999904
2021-06-11,1.9999999999999991,-2.0000000000000018,-9.000000000000007,-8.000000000000007,-9.00000000000003,-1.9162071528629365,-5.23563875011086,-6.852811673208059,-6.967069031979656,-6.933832571723708,-0.6000000000000005,-2.3000000000000007,-5.2,-4.400000000000004,-3.0999999999999917
2021-06-18,10.0,13.0,-2.0000000000000018,-11.00000000000001,-14.000000000000012,3.592209971590199,6.983087814266087,7.07915242958716,4.639167032116309,3.396498385750535,0.30000000000000027,1.6,2.6,2.200000000000002,1.6000000000000014
2021-06-25,2.0000000000000018,3.0000000000000027,9.000000000000007,11.99999999999999,15.000000000000036,1.1559510828581976,2.8536462141219907,2.606331641567011,4.197580778105503,5.557055498239749,0.6999999999999993,-0.10000000000000009,-0.7000000000000006,-0.30000000000000027,0.5000000000000004
2021-07-02,-4.0000000000000036,-6.000000000000005,-10.000000000000009,-10.999999999999988,-11.000000000000032,-4.8414851626338296,-8.26237701525408,-8.50936397883637,-8.732541118440018,-9.000139046259603,-0.39999999999999897,-0.6999999999999993,-1.6999999999999995,-1.100000000000001,-1.0000000000000009
2021-07-09,-0.9999999999999981,-6.999999999999995,-6.999999999999984,-7.000000000000006,-5.999999999999983,0.9715606588672321,-3.0071181093087986,-3.8907195541815405,-5.094145476972778,-6.223975130292292,0.2999999999999989,-1.1999999999999997,-1.3,-0.10000000000000009,-0.30000000000000027
2021-07-16,1.9999999999999991,0.0,-6.000000000000005,-4.999999999999982,-6.000000000000005,-1.5487063325516193,-5.315422036269718,-7.84425503904239,-6.898734485097879,-6.032865768107265,-1.0999999999999996,-0.40000000000000036,-1.0000000000000002,-2.899999999999997,-2.300000000000002
2021-07-23,-3.0,-7.000000000000006,-1.0000000000000009,-1.0000000000000009,-1.0000000000000009,-2.214852350951979,-1.535876881012932,-4.58907080533835,-6.538184854252993,-6.639463766249188,-0.6000000000000005,-1.100000000000001,-0.4,0.5000000000000004,1.5000000000000013
2021-07-30,-3.0,-3.0000000000000027,-6.000000000000005,-4.0000000000000036,-3.0000000000000027,-1.757004018439834,-1.965112076055231,-1.58241746040986,-1.206457911454062,-0.9814518589774224,0.9000000000000008,1.100000000000001,0.7,-0.9000000000000008,-1.9000000000000017
2021-08-06,1.9999999999999991,8.000000000000007,7.000000000000006,4.0000000000000036,5.000000000000004,-0.3725338194990213,-1.0319965755633653,-2.9507542378338902,-3.537606847100605,-3.4212247581989486,-1.100000000000001,-0.5000000000000004,-0.4999999999999998,0.10000000000000009,0.10000000000000009
2021-08-13,2.0000000000000018,2.0000000000000018,-2.0000000000000018,0.0,0.0,0.8299280451621094,0.597344832778296,-0.6255841117762895,-2.0514440928528943,-2.661124511959956,0.0,0.40000000000000036,1.2,1.4999999999999958,1.0000000000000009
2021-08-20,0.0,1.0000000000000009,-3.0000000000000027,-6.000000000000005,-6.999999999999984,-2.3943027914463455,-2.9832837480550154,-2.6620952147748502,-2.232039002850583,-1.9375825807632752,-0.5999999999999978,-0.5000000000000004,-1.6,-0.8999999999999952,-0.10000000000000009
2021-08-27,-1.0000000000000009,-1.0000000000000009,5.000000000000004,5.000000000000004,3.9999999999999813,2.552099478542136,6.605432468189326,10.026776519593419,11.571751372661844,11.952508745156154,0.899999999999998,1.4,1.6,1.1999999999999955,-0.40000000000000036
2021-09-03,-1.0000000000000009,-1.0000000000000009,2.0000000000000018,3.0000000000000027,3.0000000000000027,0.7024730069217444,1.7898968111766,3.70767288313614,6.201949715346888,7.236457376743655,0.8000000000000007,1.100000000000001,1.6999999999999997,0.6000000000000005,0.6000000000000005
2021-09-10,2.0000000000000018,3.9999999999999925,2.0000000000000018,-1.0000000000000009,0.0,0.44819231424082506,1.9691253102533113,-1.5878476438315297,-1.0021134030068657,2.2047327239818837,0.0,0.2999999999999989,0.4999999999999998,1.3000000000000012,0.30000000000000027
2021-09-17,0.0,6.000000000000005,2.0000000000000018,-1.0000000000000009,-3.0000000000000027,1.0737710719213256,2.915605051662329,5.907787399842809,7.313953195839473,6.429694388213358,-0.20000000000000018,0.6000000000000005,0.6000000000000005,0.5000000000000004,0.0
2021-09-24,5.999999999999997,8.999999999999996,9.999999999999986,8.999999999999986,8.000000000000007,1.1577325024032747,2.52924242328047,4.64923495693048,4.1305683778490865,2.849393314857074,-0.10000000000000009,0.40000000000000036,0.5999999999999999,1.0000000000000009,1.9000000000000017
2021-10-01,-1.9999999999999962,-3.9999999999999925,1.0000000000000009,5.000000000000004,5.000000000000004,0.31774858620745583,-1.3426818993650613,-1.1469464929768387,-0.0884031434187138,-0.020489940004098095,0.30000000000000027,-0.40000000000000036,0.10000000000000009,-1.3000000000000012,-1.3000000000000012
2021-10-08,4.999999999999999,12.0,13.00000000000001,11.99999999999999,12.00000000000001,-0.393634796290554,3.5363536392151396,6.51153572870955,7.019629353440582,6.947205990772387,0.8999999999999995,1.6,1.9000000000000004,3.200000000000003,2.6999999999999913
2021-10-15,8.999999999999996,7.999999999999985,-2.0000000000000018,-8.999999999999986,-11.000000000000032,2.087223839295582,2.836191925943643,1.4330597144449786,-3.3290413964994103,-5.881676813403347,-0.10000000000000009,-0.40000000000000036,-0.40000000000000036,0.30000000000000027,-0.20000000000000018
2021-10-22,7.000000000000001,9.000000000000007,6.999999999999984,4.0000000000000036,3.000000000000025,3.3091032464154013,8.085035212000019,7.028809305114811,0.8958264418961637,-1.9817781527017742,0.30000000000000027,1.6,1.6,1.9999999999999962,1.4000000000000012
2021-10-29,0.0,-4.0000000000000036,-10.999999999999988,-8.000000000000007,-15.000000000000014,6.190223302319864,12.785859861165688,10.643008843525909,1.5677610235246275,-2.506300753457613,0.9000000000000008,-0.5999999999999992,0.6000000000000005,-1.4000000000000012,-2.7999999999999914
2021-11-05,-8.999999999999996,-13.99999999999999,-10.000000000000009,-10.000000000000009,-5.999999999999983,-14.895535860880527,-24.43645485240893,-22.57519316069372,-14.109140232755202,-10.581252829719713,-0.5000000000000004,-2.500000000000001,-3.4000000000000004,-2.899999999999997,0.5000000000000004
2021-11-12,14.000000000000002,19.999999999999996,13.00000000000001,11.00000000000001,7.999999999999985,0.0334107290717256,5.73187541287537,5.893664726672118,3.5464267108771264,2.756058422096719,-0.6000000000000005,1.9000000000000004,1.0999999999999996,2.4999999999999964,0.0
2021-11-19,-1.0000000000000009,-2.0000000000000018,-4.0000000000000036,-4.0000000000000036,-4.0000000000000036,-3.14706219965597,-6.055918321154602,-6.105147958696919,-4.815515702931794,-4.56504990692761,-1.2999999999999998,0.10000000000000009,0.5000000000000004,-0.4999999999999949,-0.40000000000000036
2021-11-26,-2.0000000000000018,-6.000000000000005,-6.000000000000005,-6.000000000000005,-7.999999999999985,1.4646181212912168,1.5728690476574825,1.8467340998608306,4.725773742422534,6.449900463683289,-0.30000000000000027,-0.30000000000000027,-0.40000000000000036,0.599999999999995,0.30000000000000027
2021-12-03,9.999999999999998,-3.0000000000000027,-12.99999999999999,-11.99999999999999,-14.000000000000012,5.244740535205139,0.622332905317341,-4.26918606203906,-7.1974038786088546,-8.48150051938682,1.7000000000000002,-1.8000000000000003,-1.6,-1.2999999999999956,-0.8000000000000007
2021-12-10,7.000000000000006,12.00000000000001,12.99999999999999,13.99999999999999,18.999999999999993,1.1106050353151709,-1.398282462040612,-2.5257751412752314,-1.2286479932653638,-0.15351570727843988,0.8000000000000007,1.200000000000001,0.0,0.5000000000000004,0.5000000000000004
2021-12-17,-1.0000000000000009,-7.000000000000006,-7.000000000000006,-3.9999999999999813,-5.999999999999983,-1.8988656947508176,-1.231396325291989,-0.3046507653346395,-0.6847778057391896,-0.9796047807212105,-0.5000000000000004,-1.4000000000000012,-0.30000000000000027,-1.0000000000000009,-1.6000000000000014
2021-12-24,4.999999999999993,7.000000000000006,9.000000000000007,6.999999999999984,8.999999999999986,4.222568027321927,10.312057523874968,14.581705144136862,17.21049369213756,18.551447722746705,1.2999999999999998,1.3000000000000012,1.9000000000000004,2.399999999999997,2.0000000000000018
2021-12-31,2.0000000000000018,1.0000000000000009,2.0000000000000018,0.0,-1.0000000000000009,3.324228759029424,6.297386738410621,6.4141662309533665,5.19663449270058,4.717488515310508,0.40000000000000036,1.2999999999999998,0.9999999999999996,0.30000000000000027,1.3999999999999901
2022-01-07,14.000000000000002,24.0,24.0,20.999999999999996,20.999999999999996,5.6855906352934635,5.7451440830777605,4.488376672056393,7.508318201080389,11.130528203078605,1.9000000000000004,3.8,4.400000000000001,4.5000000000000036,1.6000000000000014
2022-01-14,12.0,5.000000000000004,2.0000000000000018,3.000000000000025,1.000000000000023,0.21806316504697776,0.3157167079535894,-0.6667216155602007,-3.965032743003405,-5.856813423380469,0.30000000000000027,2.0999999999999996,1.6999999999999988,1.0000000000000009,1.0000000000000009
2022-01-21,2.0000000000000018,-1.0000000000000009,-3.0000000000000027,-5.000000000000027,-5.000000000000027,-3.557954442647576,-0.9798714214805493,2.902517359073631,1.1722362094838457,-2.1345806386079857,-0.30000000000000027,-1.6,-1.4999999999999987,-1.0000000000000009,-1.0000000000000009
2022-01-28,13.99999999999999,7.000000000000006,3.0000000000000027,1.000000000000023,0.0,4.157972420016215,6.591917940553209,5.5652848113177,4.470583885648194,4.565776837108326,2.0999999999999996,1.5,3.6999999999999975,2.500000000000002,4.200000000000004
2022-02-04,16.000000000000014,16.999999999999993,14.999999999999991,14.999999999999991,16.000000000000014,31.952929550258542,37.15830497119122,28.807490466443316,15.319453155570395,9.173060713090386,1.0000000000000002,2.5,3.1000000000000028,4.699999999999993,4.100000000000003
2022-02-11,18.999999999999993,6.000000000000005,-1.0000000000000009,0.9999999999999787,1.000000000000023,0.11533862396838068,7.761635976376924,13.054535203412588,16.306763362917188,17.337203984252515,1.4,2.7,3.0,5.300000000000004,6.199999999999994
2022-02-18,-3.0000000000000027,-2.0000000000000018,0.0,0.0,0.0,-12.999605871741043,-10.71223352025058,-4.350576805172834,1.9014481041827125,4.374330176261054,2.3,1.8999999999999997,-1.0000000000000009,3.8999999999999924,5.700000000000005
2022-02-25,8.000000000000007,4.0000000000000036,5.000000000000004,7.000000000000028,4.999999999999982,5.794436596335853,4.4116498201809184,2.248295484087215,-0.2921345069263781,-1.5004972096286595,-1.7000000000000002,-1.8999999999999997,-0.9000000000000008,-1.0999999999999899,-1.3000000000000012
2022-03-04,-5.000000000000004,-21.000000000000018,-23.0,-14.000000000000012,-12.99999999999999,-23.21803491676522,-24.23130462703072,-20.571873834413147,-17.69518275109274,-16.674237875564167,-1.5,-3.2,-4.999999999999999,-6.100000000000005,-7.500000000000007
2022-03-11,25.0,31.000000000000007,26.0,22.00000000000002,19.99999999999997,25.069556543246343,33.775372421291564,30.600007611556258,23.405744884921663,20.31599052576485,1.0000000000000002,1.6,2.9,3.9000000000000035,3.600000000000003
2022-03-18,21.999999999999996,18.000000000000014,14.000000000000012,7.999999999999963,6.000000000000005,0.009312573415709569,2.217504662510178,4.863344003781034,6.877399020622144,7.476042055777898,1.2,2.1,2.4999999999999996,1.5000000000000013,1.4000000000000012
2022-03-25,32.999999999999986,40.99999999999997,33.999999999999986,21.000000000000043,18.000000000000014,16.83068169176099,19.350938430375948,15.51542087105313,13.210825429920693,12.721092204191308,-0.5000000000000001,1.6,3.0,5.699999999999994,6.499999999999995
2022-04-01,14.000000000000012,0.0,-8.999999999999986,-14.000000000000012,-16.000000000000014,14.46035000060876,13.822817521823684,7.671931958078471,1.2204044689209548,-1.178893017560445,-1.7000000000000002,-3.0000000000000004,-2.1999999999999993,-2.7000000000000024,-1.9999999999999907
2022-04-08,8.999999999999986,20.999999999999996,33.00000000000001,33.999999999999986,31.999999999999986,12.45084922922422,14.761153553893635,15.17840411533895,15.264572980217817,15.160960487994846,-4.0,-0.19999999999999984,0.10000000000000009,3.7000000000000033,5.099999999999993
2022-04-15,-5.999999999999961,3.000000000000025,10.999999999999988,14.999999999999991,16.000000000000014,-0.9851134325518207,1.1722353286005127,7.055504668539725,12.700603022743163,14.763139156079363,1.9000000000000004,0.5000000000000001,1.4999999999999987,-0.7000000000000006,-3.1000000000000028
2022-04-22,25.0,14.999999999999991,6.999999999999984,5.000000000000027,3.000000000000025,19.936823191752133,19.796193836353027,15.227100018344974,10.561042965084066,8.815086168096208,0.3999999999999997,-0.8,0.8000000000000007,6.700000000000006,7.699999999999996
2022-04-29,-2.0000000000000018,-2.0000000000000018,-0.9999999999999787,0.0,0.9999999999999787,1.8625638629529262,0.13012095019588887,0.44800143216294774,1.758800204260158,2.3756977538071045,-0.2999999999999996,-1.6,-3.0,-5.000000000000004,-4.0999999999999925
2022-05-06,2.0000000000000018,14.000000000000012,23.0,29.000000000000004,27.0,13.316151217523903,22.44211217269749,23.923569483005448,20.689300503429187,18.95789909872363,1.5,1.9,2.6999999999999997,2.9000000000000026,3.8000000000000034
2022-05-13,-11.000000000000032,-16.999999999999993,-18.999999999999993,-11.000000000000032,-12.99999999999999,-22.00061828353501,-24.758053679331194,-17.3381102882588,-9.153639964027027,-5.929705819939635,-1.2000000000000004,-1.2,0.0,-2.400000000000002,-1.4000000000000012
2022-05-20,-0.9999999999999787,-9.00000000000003,-15.000000000000036,-14.999999999999991,-10.999999999999988,13.416703985412243,12.169812163180204,8.063636067855228,5.543621530587117,4.955676060178105,0.10000000000000009,0.5999999999999999,-0.40000000000000036,-0.9000000000000008,-0.9000000000000008
2022-05-27,-12.99999999999999,-8.999999999999986,-3.999999999999959,-0.9999999999999787,-2.0000000000000018,-5.80698310415399,-4.070080884625615,0.010855002444776218,2.4629200670096996,3.1784011021894543,-1.1000000000000003,-1.4,-0.7000000000000006,-0.30000000000000027,0.0
2022-06-03,18.999999999999993,24.00000000000002,21.999999999999975,16.999999999999993,13.999999999999968,35.03664289728084,37.925695805131895,34.82759142125056,34.661301021658545,35.22209123440736,-0.30000000000000027,-0.5,0.5000000000000004,1.5000000000000013,3.599999999999992
2022-06-10,39.99999999999999,29.999999999999982,18.999999999999993,12.00000000000001,9.00000000000003,27.01442516139445,32.096650077227466,23.256548911317452,9.974373861019847,4.226945216166911,-1.0999999999999996,0.8,2.0000000000000018,4.200000000000004,5.400000000000005
2022-06-17,10.999999999999988,8.999999999999986,10.000000000000009,9.999999999999964,9.999999999999964,15.21656477387252,13.643373083453314,16.800666498672534,20.73738526607034,17.83140814490047,1.0000000000000009,5.5,-2.200000000000002,8.799999999999997,7.299999999999995
2022-06-24,-12.99999999999999,-15.99999999999997,-12.00000000000001,-4.0000000000000036,-4.0000000000000036,-14.099224925274733,-30.207557356376746,-20.37483352675156,-12.767936513285028,-12.38877360468238,-0.8000000000000007,-1.2999999999999998,0.10000000000000009,1.100000000000001,5.900000000000016
2022-07-01,-20.000000000000018,-30.00000000000003,-25.0,-15.99999999999997,-14.999999999999991,-29.966451298067543,-29.51001683102703,-19.911159914935617,-14.003517373224916,-13.229981622852272,0.8999999999999995,-2.3000000000000003,-1.0999999999999983,-2.400000000000002,-0.6000000000000005
2022-07-08,28.000000000000025,25.0,20.999999999999996,17.99999999999997,16.000000000000014,0.5992628559601365,1.8586058281713669,4.633999170560976,6.246041408946024,3.2670846894963024,0.0,0.9000000000000005,1.899999999999999,5.500000000000005,4.400000000000004
2022-07-15,0.9999999999999787,-8.000000000000007,-15.99999999999997,-18.999999999999993,-16.999999999999993,5.361279877372338,-4.131663714808642,-12.000378180591875,-16.455424397668985,-16.993038372212375,0.9000000000000008,-0.30000000000000027,-1.3000000000000012,-5.300000000000004,-3.600000000000003
2022-07-22,-14.999999999999991,-17.99999999999997,-16.000000000000014,-10.999999999999988,-10.000000000000009,-4.799077437703147,-6.442838805527429,-11.29696230713526,-10.8675765618794,-10.203550685696916,-1.6,-2.1999999999999997,-1.2999999999999985,-0.9000000000000008,2.400000000000002
2022-07-29,-8.999999999999986,-16.999999999999993,-10.000000000000009,-2.9999999999999805,0.0,-15.824212289420835,-21.38903787106696,-21.086205195748132,-15.596307564465706,-10.374854909898135,-1.2999999999999998,-3.5000000000000004,-3.7000000000000006,-1.9000000000000017,-3.300000000000014
2022-08-05,35.00000000000001,27.0,16.000000000000014,6.999999999999984,6.000000000000005,8.716567203033021,4.868613269417499,-1.8152322307289692,-5.998547109359453,-6.4152668907021315,-1.0000000000000009,-0.8,-1.3000000000000012,-3.599999999999992,-3.400000000000003
2022-08-12,0.9999999999999787,0.0,0.9999999999999787,6.999999999999984,6.000000000000005,2.67176111362466,4.01758858944965,6.916806847272472,11.036626080800094,12.345686028616232,1.4000000000000012,3.0000000000000004,2.500000000000002,-1.9000000000000017,-4.999999999999982
2022-08-19,0.0,13.999999999999968,14.000000000000012,10.000000000000009,10.000000000000009,27.711961608296587,26.86366868933876,25.05630988103773,22.44881125498881,19.019203401856988,0.0,0.8,1.0999999999999983,-1.3000000000000012,-2.200000000000002
2022-08-26,12.00000000000001,9.00000000000003,6.000000000000005,0.0,-1.000000000000023,17.92783861792504,21.304411757586173,25.7403726852661,18.940732354196797,10.702203313089154,-0.10000000000000009,1.7999999999999998,2.200000000000002,6.799999999999995,6.999999999999984
2022-09-02,2.9999999999999805,9.999999999999964,16.000000000000014,16.999999999999993,14.000000000000012,16.045512013020293,10.311158442509694,9.789422754447674,12.193719838818096,13.05305594208428,0.1999999999999988,1.5,1.9999999999999991,6.700000000000006,10.499999999999998
2022-09-09,16.000000000000014,15.000000000000036,12.99999999999999,10.000000000000009,12.00000000000001,30.474294122453884,21.94553713031202,20.734072694131143,15.872508448451761,15.19675644862093,0.40000000000000036,2.5,1.5000000000000013,4.299999999999993,4.300000000000015
2022-09-16,29.000000000000004,16.999999999999993,12.00000000000001,8.000000000000007,4.999999999999982,26.425588524960574,17.546168321763123,4.963957506951866,-4.172969741555876,-5.750570742004291,1.0000000000000009,0.6000000000000005,0.8000000000000007,0.10000000000000009,-2.300000000000013
2022-09-23,35.00000000000001,33.999999999999986,23.99999999999998,8.000000000000007,8.999999999999986,31.407931288505274,30.860399487818757,22.37973475344863,7.89578123853194,4.004819837364693,0.49999999999999906,-0.5000000000000004,-0.30000000000000027,-0.10000000000000009,1.9000000000000128
2022-09-30,1.9999999999999574,9.999999999999964,14.000000000000012,20.999999999999996,18.000000000000014,-5.7345782012115265,1.0359685783294825,16.435011812354674,26.731704715804216,26.09216421488889,1.6,2.3999999999999995,0.7000000000000006,5.300000000000004,7.899999999999996
2022-10-07,8.000000000000007,8.000000000000007,6.000000000000005,4.999999999999982,6.999999999999984,11.274927752665231,10.892016010836914,11.524060829366922,10.570539469435625,7.60305275595301,-1.5,-2.1999999999999993,-2.7000000000000024,-3.400000000000003,-2.200000000000002
2022-10-14,18.00000000000006,11.000000000000032,10.999999999999988,12.99999999999999,13.000000000000034,0.939755746105142,1.8168115822253306,8.368549369373657,16.952317893956128,18.591936759683048,1.5,1.9999999999999991,0.30000000000000027,9.000000000000007,8.699999999999996
2022-10-21,0.9999999999999787,8.999999999999986,20.999999999999996,28.000000000000025,33.999999999999986,18.140844911854657,18.90216255900259,17.12860326358645,10.951667305419743,6.18967622444111,4.7,5.6,0.8000000000000007,12.5,10.20000000000001
2022-10-28,-8.000000000000007,-14.999999999999947,-19.00000000000004,-16.000000000000014,-17.99999999999997,-25.232866200426727,-31.639688351882622,-38.50739797028084,-41.14589356198395,-36.83544632092821,-4.6,-6.499999999999999,-0.7000000000000006,-10.40000000000001,-12.00000000000001
2022-11-04,25.0,13.999999999999968,15.000000000000036,11.000000000000032,11.999999999999922,17.998466299136417,17.133493895773235,18.264397203741247,13.851584154263552,9.4456460824349,0.9000000000000001,1.7000000000000002,0.9000000000000008,6.400000000000006,10.20000000000001
2022-11-11,-32.00000000000003,-37.999999999999986,-35.00000000000001,-25.0,-23.999999999999932,-3.2450861203299652,-9.820987148090099,-13.27639232499247,-11.035126575432574,-8.287658311192825,-1.6,-4.0,-1.100000000000001,-9.099999999999998,-10.299999999999997
2022-11-18,16.999999999999993,4.0000000000000036,0.0,-11.000000000000032,-11.000000000000032,-12.240625918998749,-13.359037578619004,-16.683136043040435,-20.77517665336277,-19.216177514733435,3.7000000000000006,3.6999999999999997,1.5000000000000013,-0.40000000000000036,-2.7000000000000135
2022-11-25,-8.999999999999986,-14.000000000000012,-13.999999999999968,-15.99999999999997,-17.99999999999997,6.853450030786323,2.6347768531673754,-5.72912344055152,-12.275935612515987,-12.518597626779648,0.10000000000000009,1.2999999999999998,0.8000000000000007,4.400000000000004,6.400000000000006
2022-12-02,-13.999999999999968,-18.000000000000014,-17.000000000000036,-18.000000000000014,-18.000000000000014,-13.697081807299716,-15.001011369263884,-13.386746852142517,-9.787992022377567,-13.600595858492115,-0.7000000000000003,1.200000000000001,0.40000000000000036,0.40000000000000036,0.8000000000000007
2022-12-09,4.999999999999982,8.000000000000007,6.000000000000005,2.9999999999999805,0.0,11.789940279774669,8.594126435391392,3.1841453456895596,1.7798382187809825,4.008723584592522,1.0000000000000002,0.9999999999999996,-0.20000000000000018,-2.8000000000000025,-8.099999999999996
2022-12-16,-16.000000000000014,-14.000000000000012,-8.999999999999986,-8.999999999999986,-3.000000000000025,34.19785996587339,35.88529137414369,35.61955997008557,30.818818188457755,29.2450466216029,-0.4,1.3000000000000012,0.30000000000000027,6.599999999999984,6.499999999999995
2022-12-23,13.999999999999968,25.0,27.0,26.00000000000002,29.000000000000004,12.65156405606338,17.99378762606212,20.404785417961293,24.730925519371993,22.24148352610804,3.3000000000000003,7.799999999999999,14.399999999999997,7.400000000000007,2.9000000000000137
2022-12-30,10.000000000000053,13.000000000000034,12.99999999999999,14.999999999999947,15.000000000000036,10.211475342551779,8.746051179574499,12.655510091606947,18.004493399222987,17.7519351830107,1.6,3.6000000000000005,3.0000000000000027,7.400000000000007,8.299999999999997
2023-01-06,-16.999999999999993,-30.00000000000003,-33.00000000000001,-29.999999999999982,-30.00000000000003,-8.930637652599938,-21.293384940756653,-28.213115802988618,-28.1184152416718,-24.426500901323813,-1.9,-2.2999999999999994,5.3999999999999995,-0.8000000000000007,-0.5000000000000115
2023-01-13,-2.000000000000046,-8.999999999999986,-5.999999999999961,-4.999999999999982,-6.000000000000005,-14.348892628826837,-17.885431194164745,-22.15639461880854,-16.858577435790068,-8.189501576625835,2.1,9.8,0.0,8.299999999999997,3.7000000000000144
2023-01-20,-8.000000000000007,-4.0000000000000036,-1.000000000000023,-2.0000000000000018,5.000000000000027,0.19615488314417284,-0.2678225311455229,-0.4721447049695904,0.11537058017241364,0.837047547257086,-3.6000000000000005,-13.0,-9.000000000000002,-7.099999999999995,-5.000000000000004
2023-01-27,5.000000000000071,6.000000000000005,4.0000000000000036,0.0,-2.0000000000000018,4.884092455133082,10.49010515693456,12.3755570142289,11.646717211360524,8.942435029083118,0.5,0.20000000000000018,7.900000000000001,8.299999999999997,1.4000000000000012
2023-02-03,10.999999999999943,4.999999999999982,0.9999999999999787,0.0,-1.000000000000023,-7.363224231951815,-9.414612708874115,-10.219956648542583,-5.923022539992173,-0.5442351047086458,-3.1,-3.3000000000000003,0.6000000000000005,-8.099999999999996,-4.300000000000015
2023-02-10,20.000000000000018,26.00000000000002,21.000000000000043,18.999999999999993,20.000000000000018,22.21695803755508,20.544404207002785,18.4789451068728,12.595561818549728,6.584098917423242,-1.5,4.799999999999999,1.100000000000001,5.000000000000004,3.100000000000014
2023-02-17,9.999999999999964,10.000000000000009,7.999999999999963,4.999999999999982,4.999999999999982,13.15562402176127,14.675608282772767,13.49791231358064,11.416191449517044,10.113672985275102,-0.20000000000000018,1.200000000000001,1.4000000000000012,-2.200000000000002,-5.900000000000016
2023-02-24,18.00000000000006,16.000000000000014,13.000000000000034,10.000000000000053,5.000000000000027,17.863882150883192,14.386968672979394,12.500000769401698,10.349613620259035,8.132240209962793,1.7999999999999998,1.0999999999999983,0.20000000000000018,-3.100000000000014,-3.8999999999999924
2023-03-03,8.000000000000007,6.99999999999994,2.0000000000000018,0.9999999999999787,-3.000000000000025,15.983382799789503,15.38752416162703,13.898772312782581,12.906118873589456,12.330422381019535,-1.0999999999999999,-2.4999999999999996,-0.30000000000000027,-4.299999999999993,-2.0999999999999908
2023-03-10,-26.000000000000068,-29.999999999999982,-27.0,-22.00000000000002,-19.99999999999997,-14.825079386558837,-21.823478553550935,-24.904389512505176,-22.34461592992738,-16.283841029035926,1.0000000000000002,-0.10000000000000009,-9.900000000000004,-2.0999999999999908,-2.0000000000000018
2023-03-17,-78.99999999999996,-52.0,-31.000000000000007,-14.000000000000012,-10.000000000000009,-50.759007887660786,-33.411535939360036,-27.48452200691616,-22.71014038986796,-17.976430215890904,-4.5,-9.6,-11.099999999999998,-13.400000000000013,-9.299999999999997
2023-03-24,-5.000000000000027,-2.9999999999999805,-1.000000000000023,1.000000000000023,4.0000000000000036,1.2198019587162712,-1.7197932916840575,-5.960070840841691,-1.2220183147867658,11.292518845605137,0.7999999999999994,-3.900000000000001,0.40000000000000036,-0.6000000000000005,2.6999999999999913
2023-03-31,29.999999999999982,18.999999999999993,10.000000000000009,4.0000000000000036,2.9999999999999805,16.637095211075035,15.415604789038584,24.07843625175321,22.077078853765684,-6.63970084620451,0.6000000000000005,2.6999999999999997,6.800000000000001,-4.499999999999993,-8.299999999999997
2023-04-07,-8.999999999999941,-10.999999999999988,-8.999999999999986,-8.000000000000007,-6.000000000000005,-13.640247683514106,-18.550399632896752,-15.168639326310496,-12.651291774618567,-14.599262227810694,0.10000000000000009,6.400000000000001,7.300000000000001,4.800000000000004,4.400000000000004
2023-04-14,10.999999999999988,10.999999999999988,12.99999999999999,12.00000000000001,13.000000000000034,24.370648455067332,29.38649638009032,21.868958715710285,20.071182036194024,27.498965167504696,1.9999999999999998,-1.200000000000001,0.30000000000000027,0.40000000000000036,-0.5000000000000115
2023-04-21,8.999999999999986,6.000000000000005,4.999999999999982,4.999999999999982,3.999999999999959,8.988413866416378,6.043534971936104,8.065372744771082,9.324221711557534,6.069662652848162,0.4999999999999998,0.6000000000000005,0.4999999999999949,2.499999999999991,3.100000000000014
2023-04-28,-12.99999999999999,-15.000000000000036,-12.99999999999999,-10.000000000000009,-10.999999999999988,-12.43654278124442,-15.176612725424032,-14.282554701387085,-9.136564733941022,-6.563363086202312,-0.9999999999999996,-5.300000000000001,-6.699999999999995,-11.800000000000011,-9.699999999999998
2023-05-05,-12.00000000000001,-9.999999999999964,0.0,5.000000000000027,8.999999999999986,-10.931816006237671,-12.356011643115128,-0.9795232533338805,4.53673723671324,-2.5965668539996933,0.9999999999999996,2.1000000000000005,2.4999999999999964,3.8000000000000034,4.499999999999993
2023-05-12,6.000000000000005,4.0000000000000036,2.0000000000000018,2.0000000000000018,2.0000000000000018,1.6761392447960155,-1.4690412042186018,-4.294252732501214,-4.2011469541345825,-2.8543985242631464,-1.9999999999999998,-2.0000000000000004,-3.1999999999999975,-2.0999999999999908,-3.0000000000000027
2023-05-19,30.00000000000003,30.99999999999996,24.00000000000002,20.000000000000018,17.000000000000036,17.56548275271026,23.169111348533455,22.035901080769094,19.832021863604908,19.606657864815258,-0.5999999999999999,0.20000000000000018,1.8999999999999961,-1.5000000000000124,-0.6000000000000005
2023-05-26,25.99999999999998,16.000000000000014,9.999999999999964,5.999999999999961,0.9999999999999787,7.6730212399999775,8.053988109999999,4.730277059999999,1.920201350000017,2.8832428300000323,-0.5000000000000004,0.30000000000000027,1.7000000000000015,2.0000000000000018,0.8999999999999897
2023-06-02,-4.0000000000000036,-8.000000000000007,-10.999999999999988,-9.999999999999964,-8.000000000000007,-13.514205109999988,-22.735910240000035,-26.52857019999999,-23.615979409999976,-19.287317090000002,-0.8999999999999995,-2.700000000000001,-0.20000000000000018,1.100000000000012,2.100000000000013
2023-06-09,8.999999999999986,8.000000000000007,6.000000000000005,1.9999999999999574,1.000000000000023,10.918180380000031,10.741175300000005,8.990031219999972,6.332034399999964,5.055371109999962,0.9999999999999996,1.0000000000000009,2.100000000000002,-0.6000000000000005,-0.8000000000000007
2023-06-16,11.000000000000032,7.000000000000028,2.0000000000000018,0.0,-3.000000000000025,18.804062219999995,5.458727119999995,2.23962871000003,-9.057054740000003,-5.069851869999997,0.0,-0.5000000000000004,-2.9000000000000026,-2.200000000000002,-2.6000000000000023
2023-06-23,0.9999999999999787,0.0,-2.9999999999999805,-4.0000000000000036,-4.0000000000000036,0.0734989299999711,-6.281888570000005,-9.846270520000022,-11.490823459999966,-11.07579394,-0.8999999999999995,-2.0000000000000004,-3.1999999999999975,-2.200000000000002,-1.6999999999999904
2023-06-30,16.000000000000014,13.999999999999968,6.999999999999984,4.999999999999982,3.000000000000025,13.379007079999994,12.997000100000022,10.560193699999987,7.529659219999996,5.470893910000019,-0.10000000000000009,0.7000000000000006,3.599999999999998,2.8000000000000025,2.6999999999999913
2023-07-07,7.000000000000028,21.999999999999975,24.999999999999957,20.999999999999996,19.99999999999997,6.472274950000001,14.927470099999995,19.109917180000036,19.028094319999987,16.75058633000002,3.5999999999999996,4.3,1.3000000000000012,2.8999999999999915,0.40000000000000036
2023-07-14,-20.000000000000018,-30.99999999999996,-22.999999999999954,-15.999999999999925,-11.999999999999966,-10.94428344999998,-15.103017780000005,-16.02711839000004,-13.344875870000017,-8.843309680000022,0.10000000000000009,1.0000000000000009,4.099999999999998,7.700000000000018,9.899999999999999
2023-07-21,8.000000000000007,4.999999999999982,0.9999999999999787,-1.0000000000000675,-2.0000000000000018,-2.8638082400000098,-4.735476779999992,-5.5460698999999725,-4.839591589999959,-3.4529785899999776,1.2,-0.5000000000000004,0.10000000000000009,-1.3000000000000123,-2.499999999999991
2023-07-28,4.999999999999982,8.999999999999986,12.00000000000001,12.00000000000001,12.00000000000001,-5.292832730000008,-0.08306567999998293,3.679535739999995,7.115535059999978,8.776227859999963,1.0999999999999999,3.4000000000000004,7.000000000000006,2.0000000000000018,1.6000000000000014
2023-08-04,-8.999999999999986,-2.999999999999936,8.999999999999986,14.000000000000057,17.99999999999997,-0.9013238299999671,5.304436909999977,9.89170733,10.16374873000001,7.160949070000022,3.6000000000000005,6.4,9.199999999999998,18.999999999999993,19.699999999999985
2023-08-11,10.999999999999943,15.999999999999925,11.000000000000032,8.999999999999986,5.999999999999961,1.7314375899999845,2.4517651700000087,4.177402600000013,4.170715729999985,1.9976676099999757,-0.9000000000000001,-2.6999999999999997,-5.200000000000005,-6.499999999999995,-5.799999999999983
2023-08-18,3.000000000000025,7.000000000000028,9.999999999999964,9.999999999999964,11.000000000000032,0.8394852499999939,3.2180626399999746,3.0920749799999925,3.7278309499999995,5.791356930000013,0.9999999999999999,2.8,4.100000000000003,7.499999999999996,6.999999999999984
2023-08-25,11.000000000000032,6.00000000000005,-0.9999999999999787,-4.999999999999982,-8.000000000000007,-2.752377139999984,-5.296658049999969,-7.4958217699999885,-10.884758220000013,-13.140356740000003,-1.2,2.099999999999999,3.1000000000000028,3.100000000000014,2.400000000000002
2023-09-01,-16.000000000000014,-15.000000000000036,-7.000000000000028,-1.9999999999999574,-0.9999999999999787,-3.8815608100000176,-3.7462467300000135,-2.875799350000019,0.15056799000001675,3.065623400000028,1.0,-2.5999999999999996,-2.7000000000000024,-3.300000000000014,-2.0000000000000018
2023-09-08,11.000000000000032,9.999999999999964,8.000000000000007,3.9999999999999147,4.0000000000000036,8.405475740000012,7.319160300000016,7.590770729999985,7.107343970000013,5.6235194599999705,-1.3,1.200000000000001,2.200000000000002,4.800000000000004,2.400000000000002
2023-09-15,3.9999999999999147,6.00000000000005,7.000000000000028,7.000000000000028,8.999999999999986,11.611712420000009,9.359774349999972,9.44214361000002,10.38233384999998,10.543961950000025,2.3,5.599999999999997,5.699999999999994,2.6000000000000023,0.5000000000000115
2023-09-22,8.000000000000007,12.00000000000001,11.000000000000032,11.000000000000032,11.000000000000032,3.585915379999971,6.319944880000028,8.396305039999996,9.05292769999999,7.883603069999978,0.5000000000000004,3.400000000000003,3.9000000000000035,2.8999999999999915,1.29999999999999
2023-09-29,-6.99999999999994,2.999999999999936,14.999999999999947,21.999999999999975,20.000000000000018,1.1884411300000064,6.124656479999979,11.119127800000017,13.413262960000027,11.677969760000018,0.8999999999999995,1.7000000000000015,2.0000000000000018,2.8000000000000025,3.8000000000000034
2023-10-06,4.999999999999982,15.000000000000036,19.00000000000004,20.999999999999996,21.999999999999975,-0.4360830300000007,9.375708860000032,13.062004849999997,16.78944563,19.391392009999997,1.7000000000000002,1.699999999999996,2.8000000000000025,9.099999999999998,10.099999999999998
2023-10-13,-4.0000000000000036,-9.999999999999964,-15.000000000000036,-16.000000000000014,-16.999999999999993,-1.9676094699999869,-11.172165000000023,-16.032978240000027,-15.823986120000022,-13.33273639999999,-1.7000000000000002,-3.599999999999998,-3.7000000000000033,-5.499999999999994,-5.099999999999993
2023-10-20,3.000000000000025,20.999999999999996,29.999999999999982,29.999999999999982,30.99999999999996,1.3712190100000132,9.528017970000002,12.686892980000009,10.399980529999997,7.054649189999962,3.1,4.399999999999999,7.599999999999996,12.400000000000011,11.799999999999988
2023-10-27,-8.000000000000007,-10.000000000000053,-8.999999999999986,-7.999999999999918,-5.999999999999961,-8.160555920000023,-8.134892439999986,-6.693165889999975,-0.5243320199999957,5.368829040000023,1.9000000000000004,2.0000000000000018,3.400000000000003,3.0999999999999917,1.4000000000000012
2023-11-03,-16.000000000000014,-26.999999999999957,-26.999999999999957,-26.000000000000068,-26.000000000000068,-13.069132409999984,-18.730553809999996,-22.91939645000003,-22.612792089999978,-18.60963915,4.1000000000000005,7.400000000000001,4.5000000000000036,2.499999999999991,2.0000000000000018
2023-11-10,20.999999999999996,16.000000000000014,4.0000000000000036,0.0,-3.9999999999999147,8.166351719999998,8.037142149999976,5.55009163000002,3.388432649999995,3.23823728999999,-2.700000000000001,-3.300000000000003,-6.100000000000005,-11.7,-10.799999999999986
2023-11-17,-16.000000000000014,-20.000000000000018,-16.999999999999993,-12.99999999999999,-14.000000000000057,-11.757136720000005,-16.860732499999997,-15.422290180000031,-11.43142224,-8.779696650000002,-6.2,-9.699999999999998,-9.399999999999997,-7.099999999999995,-4.9000000000000155
2023-11-24,4.0000000000000036,4.0000000000000036,2.999999999999936,-0.9999999999999787,0.9999999999999787,7.825200389999987,8.240561690000003,2.4800594500000273,-3.475624960000001,-5.11182191999997,2.2000000000000006,3.6999999999999975,2.100000000000002,1.4000000000000012,0.5000000000000115
2023-12-01,-36.00000000000003,-35.00000000000006,-25.0,-20.999999999999996,-19.99999999999993,-30.46520168,-32.41200456999999,-21.272716969999994,-10.672792399999986,-7.143143900000037,-2.8000000000000003,-8.599999999999996,-6.600000000000006,-4.899999999999993,-1.6000000000000014
2023-12-08,15.000000000000036,10.000000000000053,1.0000000000000675,-8.999999999999986,-9.000000000000075,-2.8082432999999796,-7.288487789999998,-12.088950280000033,-16.729815680000026,-16.01768654,5.2,9.099999999999998,7.100000000000007,9.499999999999996,7.5999999999999845
2023-12-15,-26.999999999999957,-33.00000000000001,-32.00000000000003,-29.999999999999982,-30.99999999999996,-16.285398470000032,-23.333433390000025,-26.2949431,-28.814210509999995,-27.892047779999984,-0.5000000000000004,-4.499999999999998,-6.300000000000006,-10.099999999999998,-10.7
2023-12-22,-13.000000000000078,-4.0000000000000036,-1.000000000000023,1.9999999999999574,4.999999999999982,-18.478001819999967,-15.863279060000002,-11.072723649999983,-10.202108970000001,-8.807783690000015,-4.1,-5.8999999999999995,-7.699999999999996,-5.900000000000016,-3.299999999999992
2023-12-29,-7.999999999999918,-3.000000000000025,-2.0000000000000018,-0.9999999999999787,-1.9999999999999574,1.1186157100000038,6.835572260000022,10.263974609999993,11.009564140000005,10.686802689999997,0.20000000000000018,-3.5000000000000004,-0.40000000000000036,2.0000000000000018,4.299999999999993
2024-01-05,16.999999999999993,17.99999999999997,16.999999999999993,16.999999999999993,17.99999999999997,20.726018199999974,20.68908146999999,17.0371394,15.88769618999999,14.59151429000003,-1.2999999999999998,-1.6000000000000014,-1.3000000000000012,-2.0999999999999908,-2.200000000000002
2024-01-12,-26.000000000000068,-17.99999999999997,-8.999999999999986,-4.999999999999982,-0.9999999999999787,-8.980725880000007,-8.965999569999994,-6.338651329999978,-4.730560719999977,-3.7859918600000153,-3.0000000000000004,-2.099999999999999,-4.300000000000004,-4.699999999999993,-2.9999999999999805
2024-01-19,25.0,24.00000000000002,19.00000000000004,14.999999999999947,16.000000000000014,13.506290540000032,17.980658609999978,15.015633960000008,10.740063109999998,8.741820490000007,2.6,6.0,8.000000000000007,11.799999999999988,13.5
2024-01-26,-4.999999999999982,-4.0000000000000036,0.0,2.000000000000046,1.9999999999999574,-8.159125410000012,-7.191877549999992,-2.9681778100000056,-0.17151760000002625,0.44920506000001303,2.0999999999999996,4.399999999999999,4.999999999999993,5.200000000000005,3.699999999999992
2024-02-02,2.000000000000046,-4.999999999999982,-12.00000000000001,-16.000000000000014,-16.000000000000014,2.4850619500000004,-5.378998059999995,-8.283069850000002,-6.928254019999969,-5.981436540000029,4.800000000000001,-1.8000000000000016,-5.399999999999993,-6.499999999999995,-5.899999999999994
2024-02-09,12.00000000000001,14.999999999999947,13.999999999999968,15.000000000000036,15.000000000000036,16.147694999999995,20.016059549999987,16.595584909999992,13.246001859999978,10.639411889999995,1.6,5.000000000000004,6.399999999999995,4.899999999999993,3.499999999999992
2024-02-16,15.999999999999925,15.000000000000036,12.99999999999999,9.999999999999964,8.000000000000007,5.974990390000023,1.7264719799999995,-2.685953750000003,-4.637675429999977,-4.848823329999963,2.6999999999999984,2.1999999999999966,0.6000000000000005,0.10000000000001119,-0.8000000000000007
2024-02-23,3.000000000000025,-0.9999999999999787,-4.0000000000000036,-7.000000000000028,-8.000000000000007,0.8597918199999999,-1.3993521399999764,-4.718182220000022,-6.628334230000021,-6.291764440000014,1.5000000000000013,1.200000000000001,-1.0000000000000009,-4.800000000000004,-5.099999999999993
2024-03-01,-12.99999999999999,-11.000000000000032,-6.99999999999994,-4.999999999999982,-4.0000000000000036,6.774172339999973,9.27393863999999,9.050798510000035,9.250045370000004,9.548844789999977,2.1999999999999993,1.100000000000001,0.10000000000000009,0.09999999999998899,2.299999999999991
2024-03-08,-5.999999999999961,-11.000000000000032,-10.000000000000053,-9.999999999999964,-7.000000000000028,-18.90594793,-24.532837659999984,-23.214083840000033,-22.247306999999992,-21.421576379999998,2.200000000000002,1.100000000000001,1.8000000000000016,3.9000000000000146,3.699999999999992
2024-03-15,23.999999999999932,27.000000000000046,21.999999999999975,18.99999999999995,16.999999999999993,14.108224500000022,17.817608010000008,15.68224423000002,12.598970959999978,10.636991789999994,-0.9000000000000008,0.5000000000000004,5.600000000000005,5.899999999999994,5.300000000000016
2024-03-22,-12.99999999999999,-12.99999999999999,-8.999999999999986,-8.000000000000007,-4.0000000000000036,-9.050649339999994,-10.21982504000003,-8.150263980000005,-5.565390209999999,-4.393678970000003,1.2999999999999985,1.699999999999996,-4.0000000000000036,-5.000000000000004,-2.6000000000000023
2024-03-29,0.0,0.9999999999999787,-1.9999999999999574,-1.9999999999999574,-4.999999999999982,0.7508318899999811,0.57177598,-0.9687399699999766,-1.911511439999991,-1.9048461099999692,-1.6999999999999988,-3.799999999999998,-1.200000000000001,-0.8000000000000007,0.29999999999998916
2024-04-05,14.000000000000057,16.999999999999993,18.99999999999995,20.000000000000018,20.000000000000018,3.5885825199999832,4.283468559999992,6.516593569999962,9.979638340000019,10.316937409999971,2.1999999999999993,3.200000000000003,2.100000000000002,3.600000000000003,1.7000000000000126
2024-04-12,14.999999999999947,16.000000000000014,11.000000000000032,8.000000000000007,7.000000000000028,-2.30777687999999,-2.8039384700000003,-5.411959339999983,-8.808263600000021,-9.069466999999998,7.0000000000000036,9.199999999999998,9.299999999999997,11.5,8.799999999999986
2024-04-19,8.999999999999986,12.00000000000001,12.00000000000001,9.999999999999964,10.999999999999943,13.580607000000011,18.989898650000026,17.361566260000004,14.841980749999983,13.301317850000016,-1.8000000000000016,-3.8999999999999977,-2.7000000000000024,-4.0000000000000036,-2.499999999999991
2024-04-26,-0.9999999999999787,1.9999999999999574,4.999999999999982,5.999999999999961,6.00000000000005,1.0080177499999898,2.0909322400000097,2.88752902999998,3.7452531300000036,3.693456960000008,3.4999999999999973,5.699999999999999,8.800000000000008,8.600000000000009,6.699999999999995
2024-05-03,-15.000000000000036,-19.99999999999993,-16.999999999999993,-13.999999999999968,-12.00000000000001,-6.866146090000003,-8.564325380000026,-8.608456360000005,-8.145806009999967,-7.829625229999992,-0.8000000000000007,-2.0000000000000018,-1.7000000000000015,0.09999999999998899,1.6000000000000014
2024-05-10,6.00000000000005,3.9999999999999147,0.0,-0.9999999999999787,-2.000000000000046,4.4387690400000235,4.122192260000013,2.957158640000035,2.8536607800000002,2.6511153600000004,2.9000000000000026,3.200000000000003,0.9000000000000008,0.9000000000000119,1.3000000000000123
2024-05-17,-4.0000000000000036,-7.999999999999918,-8.000000000000007,-8.000000000000007,-8.000000000000007,0.1664904699999692,-0.011850610000019302,-0.21532497000000816,-0.22940709000001114,-0.7556053300000087,1.8000000000000016,2.9000000000000026,3.9999999999999925,5.299999999999994,4.600000000000004
2024-05-24,9.999999999999964,8.999999999999986,4.0000000000000036,-0.9999999999999787,1.0000000000000675,11.720796690000013,10.753266230000014,7.471871939999986,6.794273660000005,6.48074675000001,0.7999999999999952,4.0999999999999925,5.900000000000006,9.099999999999998,9.299999999999997
2024-05-31,-4.0000000000000036,-1.0000000000000675,4.999999999999982,8.000000000000007,8.000000000000007,-4.011764600000012,1.2482288200000191,4.640350119999992,4.568473719999977,3.3469350899999917,5.400000000000005,5.100000000000005,6.400000000000006,1.5000000000000124,5.099999999999971
2024-06-07,-1.9999999999999574,-5.999999999999961,-8.000000000000007,-9.000000000000075,-10.000000000000053,2.5576923900000104,1.3665674999999933,-1.2513605999999733,-2.084071899999973,-1.949086599999994,-4.800000000000004,-8.799999999999997,-9.40000000000001,-8.90000000000002,-11.199999999999966
2024-06-14,-20.000000000000018,-24.00000000000002,-22.999999999999954,-17.99999999999997,-20.999999999999996,-15.062685369999995,-16.587177750000002,-11.021109440000032,-4.738331910000015,-3.103631710000032,-4.899999999999999,-3.200000000000003,-3.600000000000003,-2.8999999999999915,0.09999999999998899
2024-06-21,3.000000000000025,4.0000000000000036,4.999999999999982,3.000000000000025,4.999999999999982,-0.3669127200000233,0.4643115799999986,1.9185175100000063,3.853882430000022,4.193012750000014,1.100000000000001,3.0000000000000027,4.900000000000004,6.000000000000005,4.1999999999999815
2024-06-28,0.9999999999999787,7.000000000000028,11.000000000000032,12.00000000000001,12.00000000000001,3.2448292500000253,6.2241421500000005,7.6890472200000115,7.500582619999996,6.284826919999986,3.9999999999999982,4.499999999999993,6.300000000000006,5.600000000000005,6.700000000000017
2024-07-05,-11.000000000000032,-11.000000000000032,-8.000000000000007,-4.0000000000000036,-4.0000000000000036,1.2325486900000016,0.056415350000005304,-1.2030701400000066,-0.780821119999997,-1.1315452199999854,-0.7000000000000006,-0.40000000000000036,1.0000000000000009,5.399999999999983,4.700000000000015
2024-07-12,-14.999999999999947,-12.00000000000001,-10.000000000000053,-7.000000000000028,-8.000000000000007,-9.041192739999993,-10.990676740000005,-9.826738820000003,-6.937694250000037,-5.144584200000013,-1.2999999999999956,-1.200000000000001,-1.7000000000000126,-2.8999999999999915,-2.300000000000013
2024-07-19,4.0000000000000036,6.00000000000005,7.000000000000028,4.999999999999982,6.00000000000005,-5.561050239999998,-4.373879529999991,-2.100156689999988,-2.134117259999968,-2.281495369999975,1.8999999999999961,1.200000000000001,-0.20000000000000018,-3.0000000000000027,-2.8999999999999915
2024-07-26,-12.99999999999999,-10.000000000000053,-4.999999999999982,-1.9999999999999574,0.0,-5.297822480000036,-7.965316300000014,-4.627161860000006,2.111382329999989,4.526818939999977,5.6,3.300000000000003,1.5000000000000124,-0.8000000000000007,0.5999999999999783
2024-08-02,-48.00000000000004,-43.99999999999995,-40.000000000000036,-33.999999999999986,-33.999999999999986,-22.659249409999973,-19.380710599999993,-16.00593439,-17.65131956000001,-18.807356679999998,0.20000000000000018,-4.800000000000004,-9.40000000000001,-8.899999999999997,-5.600000000000005
2024-08-09,16.999999999999993,17.99999999999997,14.000000000000012,13.999999999999968,12.00000000000001,-4.428122639999987,1.9486291899999841,11.573068399999986,-0.9144313499999779,-18.55088773999998,-10.899999999999999,-13.799999999999995,-9.299999999999997,-2.400000000000002,-1.6999999999999904
2024-08-16,0.9999999999999787,-2.9999999999999805,-4.999999999999982,-7.000000000000028,-8.000000000000007,2.0845253099999628,1.8918825900000158,-0.28334696999996467,-0.8133271200000181,-0.6169725399999937,5.6,4.899999999999999,1.7000000000000015,-0.29999999999998916,-1.29999999999999
2024-08-23,-15.99999999999997,-12.00000000000001,-8.000000000000007,-8.000000000000007,-5.000000000000071,-1.8151023199999727,-1.0447774999999826,0.0987966999999923,0.520319520000001,-0.8296157100000201,1.5000000000000013,1.3000000000000012,2.100000000000002,1.4000000000000012,1.7999999999999794
2024-08-30,1.000000000000023,6.000000000000005,10.000000000000009,10.000000000000053,10.000000000000053,-2.471885060000023,1.992892349999975,4.059279469999977,4.721681389999999,6.681868609999997,-0.9000000000000008,-0.5000000000000004,0.30000000000000027,0.8999999999999897,2.5000000000000355
2024-09-06,-25.0,-20.999999999999996,-18.999999999999993,-18.00000000000006,-16.999999999999993,-10.753656119999988,-8.383802260000017,-7.792808409999985,-7.8489568399999765,-4.923158800000005,1.7000000000000015,-0.30000000000000027,-4.200000000000004,-4.800000000000004,-6.600000000000028
2024-09-13,-9.00000000000003,-6.999999999999984,-6.000000000000005,-4.999999999999982,-5.000000000000027,-9.825479999999986,-8.253706929999982,-6.738386829999987,-3.5922979099999974,0.578852250000006,1.200000000000001,0.40000000000000036,-0.20000000000000018,-1.8000000000000016,0.0
2024-09-20,-2.0000000000000018,4.999999999999982,6.999999999999984,4.999999999999982,9.00000000000003,1.8191659799999815,6.491953309999987,8.579374529999972,7.331350159999994,4.716876740000009,0.30000000000000027,1.200000000000001,2.0000000000000018,5.600000000000005,5.800000000000027
2024-09-27,0.0,2.0000000000000018,2.0000000000000018,5.000000000000071,2.999999999999936,-18.302539100000015,-10.901376659999995,-9.197726449999966,-7.136696170000034,-3.469413190000026,-7.200000000000001,-6.6000000000000005,-4.900000000000004,-2.400000000000002,1.8999999999999684
2024-10-04,38.000000000000036,31.000000000000007,23.0,17.99999999999997,16.000000000000014,4.492898980000026,8.292255970000006,4.380518229999986,2.546415840000016,3.6831444100000166,4.699999999999998,5.699999999999999,3.7000000000000033,-0.6999999999999895,-2.1999999999999797
2024-10-11,2.0000000000000018,6.999999999999984,10.000000000000009,11.000000000000032,12.99999999999999,12.962081020000005,8.575146369999986,9.291440510000015,9.03315936000002,5.952029429999994,4.199999999999998,7.299999999999995,6.399999999999995,7.399999999999984,5.399999999999983
2024-10-18,0.0,0.0,0.0,0.0,-0.9999999999999787,-17.37055727000003,-17.08200375,-15.101473120000009,-11.879750280000012,-9.35626730000001,2.6000000000000023,1.0000000000000009,2.200000000000002,1.5000000000000124,-1.5000000000000124
2024-10-25,16.000000000000014,19.00000000000004,16.999999999999993,13.999999999999968,12.99999999999999,3.916697960000004,11.807575140000015,10.114390780000004,9.266143839999996,9.420564720000035,1.100000000000001,-0.9000000000000008,-1.7000000000000015,-0.10000000000001119,2.0000000000000018
2024-11-01,9.999999999999964,14.999999999999947,12.00000000000001,9.999999999999964,6.00000000000005,13.572199559999998,14.332948950000013,9.60493967999998,5.589599370000009,2.8953219199999936,1.6000000000000014,0.5000000000000004,-0.30000000000000027,-0.29999999999998916,3.000000000000025
2024-11-08,4.999999999999982,-1.9999999999999574,-7.000000000000028,-9.999999999999964,-10.000000000000053,-2.3086508799999628,-1.349804340000027,1.5532362700000135,1.2397719900000048,-0.8908507400000154,3.599999999999998,5.900000000000006,5.899999999999994,4.899999999999993,2.8999999999999915
2024-11-15,4.999999999999982,9.999999999999964,12.99999999999999,12.00000000000001,12.99999999999999,-9.107443720000008,-3.8178180699999675,-5.901674319999994,-7.736431610000016,-7.2786358100000115,5.100000000000005,6.799999999999995,7.100000000000017,4.899999999999993,4.599999999999982
2024-11-22,6.00000000000005,0.0,-1.9999999999999574,-3.000000000000025,0.0,-11.185286549999995,-9.597574170000023,-6.776957530000027,-3.954447239999981,-2.8568012799999654,3.7999999999999923,3.300000000000003,1.0000000000000009,0.6000000000000005,-0.8999999999999897
2024-11-29,-24.00000000000002,-25.0,-23.000000000000043,-21.999999999999975,-23.999999999999932,-6.918879310000037,-13.638288870000004,-16.72307566,-17.93689422,-15.993499320000026,0.9000000000000008,-1.7000000000000015,-2.8000000000000025,-3.499999999999992,-0.30000000000001137
2024-12-06,-3.000000000000025,-1.9999999999999574,-2.999999999999936,-3.000000000000025,-2.000000000000046,0.09354458000001564,-3.7633715299999704,-6.217727230000003,-7.382867339999999,-7.329113469999982,-0.9000000000000008,-0.30000000000000027,0.40000000000000036,0.6000000000000005,-1.599999999999957
2024-12-13,15.000000000000036,21.999999999999975,25.0,27.000000000000046,27.000000000000046,4.437251869999992,9.19100692999999,14.80497959,17.57208417999996,14.848216079999998,-2.6000000000000023,-2.8000000000000025,-1.3000000000000123,-1.29999999999999,-1.6000000000000014
2024-12-20,4.999999999999982,12.00000000000001,11.999999999999922,9.999999999999964,10.999999999999943,-0.684217450000002,5.4366933299999864,8.06436650000002,9.18518478000001,8.711976099999985,1.200000000000001,0.9000000000000008,1.5000000000000124,0.6999999999999895,0.8999999999999897
2024-12-27,0.9999999999999787,8.000000000000007,10.000000000000053,9.999999999999964,10.000000000000053,2.900768730000003,7.509343390000023,5.032623149999971,4.506144710000015,6.002405700000013,2.6000000000000023,5.400000000000005,4.899999999999993,4.299999999999993,2.9999999999999805
2025-01-03,-2.999999999999936,-4.0000000000000036,-2.000000000000046,-0.9999999999999787,0.0,9.73496171999999,7.713947079999972,5.328141960000021,7.777080010000015,10.660055010000002,-0.30000000000000027,-1.7000000000000015,-0.8000000000000007,-0.8000000000000007,-0.7000000000000117
2025-01-10,12.00000000000001,17.99999999999997,16.999999999999993,16.000000000000014,13.999999999999968,11.150205460000029,13.080031580000018,17.15578944999998,14.878956389999987,8.309358349999973,5.000000000000004,8.899999999999997,9.099999999999998,6.900000000000017,4.900000000000038
2025-01-17,-13.000000000000078,-16.999999999999993,-15.999999999999925,-12.99999999999999,-12.00000000000001,-5.969404289999991,-8.08150913000003,-8.923625749999964,-7.11273845,-4.4278664899999765,4.399999999999993,3.300000000000003,0.5000000000000115,-3.400000000000003,-1.100000000000012
2025-01-24,0.0,0.9999999999999787,1.9999999999999574,0.0,0.9999999999999787,7.075790859999964,5.676950330000041,5.20681851,4.15858308999999,2.268345329999999,2.500000000000002,4.5000000000000036,3.0999999999999917,-0.40000000000000036,-1.29999999999999
2025-01-31,-4.999999999999982,-6.99999999999994,-4.999999999999982,-3.000000000000025,-1.9999999999999574,-16.994794390000003,-15.000449920000003,-12.416291970000026,-9.05436999,-6.13306120999999,1.100000000000001,-0.10000000000000009,1.200000000000001,3.200000000000003,1.29999999999999
2025-02-07,7.000000000000028,-2.000000000000046,-8.999999999999986,-12.99999999999999,-13.999999999999968,-4.14082617,-5.442824790000023,-8.983484009999998,-9.207446139999975,-6.8292522500000175,6.900000000000006,7.799999999999995,5.699999999999994,2.6999999999999913,0.0
2025-02-14,-3.000000000000025,-0.9999999999999787,-2.000000000000046,0.0,0.0,2.284513080000039,2.3968779900000126,4.0746205000000035,4.355512799999994,2.7238525000000013,-0.40000000000000036,2.599999999999991,5.000000000000004,3.100000000000014,2.0000000000000018
2025-02-21,-6.99999999999994,-7.000000000000028,-4.999999999999982,-5.999999999999961,-2.000000000000046,-1.800140480000012,3.3570221399999767,6.103938320000024,6.539699070000005,5.403665110000011,2.399999999999991,5.000000000000004,7.000000000000006,4.2999999999999705,2.499999999999991
2025-02-28,-20.000000000000018,-22.999999999999954,-17.99999999999997,-14.000000000000057,-16.000000000000014,-6.904845539999993,-8.323642719999969,-7.746745430000024,-4.248266250000032,-1.3265627800000068,-1.19999999999999,-5.600000000000005,-4.9000000000000155,-2.1999999999999797,1.5000000000000124
2025-03-07,0.0,5.999999999999961,8.000000000000007,11.000000000000032,11.000000000000032,19.342162259999984,29.167370299999984,38.92237254,37.69400146000002,28.502786819999983,4.199999999999992,12.00000000000001,14.500000000000002,18.500000000000007,14.59999999999999
2025-03-14,2.999999999999936,0.0,-1.0000000000000675,-0.9999999999999787,0.0,-2.6512836999999845,1.6635795300000034,4.9461152800000185,10.436889439999986,13.384911400000021,-0.8000000000000007,0.40000000000000036,-0.09999999999998899,1.9000000000000128,3.9000000000000146
2025-03-21,-7.999999999999963,-8.999999999999986,-5.999999999999961,-5.000000000000071,-3.000000000000025,-4.465564820000001,-9.72811668000002,-7.72623774000003,-8.381846330000009,-10.639173390000023,1.4000000000000012,0.29999999999998916,0.49999999999998934,0.19999999999997797,0.40000000000000036
2025-03-28,-4.999999999999982,-2.0000000000000018,1.9999999999999574,5.000000000000071,4.999999999999982,-9.38651332,-6.489458739999998,-2.762082969999957,-1.2865547599999694,-1.2313860599999948,2.300000000000002,3.300000000000014,2.400000000000002,-1.29999999999999,-5.299999999999994
2025-04-04,-20.999999999999996,-25.99999999999998,-25.99999999999998,-20.999999999999996,-22.999999999999954,-17.074551160000006,-17.42731020999999,-11.281566660000042,-8.13313309999999,-7.609559119999965,-26.5,-37.0,-37.5,-27.900000000000013,-18.300000000000026
2025-04-11,27.99999999999998,43.000000000000014,47.000000000000064,46.99999999999997,43.99999999999995,-2.6667321799999977,1.861052360000004,-0.24927155999998618,-4.874072070000013,-6.685154810000027,-0.10000000000000009,4.699999999999993,18.100000000000005,37.90000000000002,35.80000000000001
2025-04-18,-14.999999999999991,-20.000000000000018,-14.000000000000057,-8.999999999999986,-4.999999999999982,-9.028268380000014,-6.533208099999976,-6.923114499999983,-1.5663874199999928,5.41263982000002,2.500000000000002,0.0,-5.499999999999994,-5.500000000000016,-1.100000000000012
2025-04-25,-6.999999999999984,-7.000000000000028,-4.999999999999982,-7.000000000000028,-5.999999999999961,-0.688929919999981,-3.1731077900000404,-2.5099369999999954,-3.3338008100000316,-5.494745280000002,5.299999999999994,5.900000000000006,4.499999999999993,-2.1999999999999797,-1.100000000000012
2025-05-02,8.999999999999986,4.0000000000000036,4.0000000000000036,5.999999999999961,4.999999999999982,1.8054095299999906,1.565377010000013,2.2318576700000037,4.018381020000028,4.235912789999974,-7.9999999999999964,-7.300000000000006,-6.400000000000006,-0.5000000000000338,5.400000000000027
2025-05-09,4.999999999999982,8.000000000000007,4.0000000000000036,5.000000000000071,4.0000000000000036,1.5093818300000006,4.773993730000026,6.053826709999965,7.530918689999977,7.39008525,2.500000000000002,6.100000000000005,8.700000000000019,11.299999999999999,10.899999999999999
2025-05-16,10.000000000000009,5.999999999999961,5.999999999999961,5.999999999999961,5.999999999999961,5.241548200000001,4.3619282899999945,-3.812096269999987,-4.517187210000007,-0.08712075999999236,7.299999999999995,10.099999999999998,9.599999999999987,3.100000000000014,3.799999999999981
2025-05-23,2.0000000000000018,2.000000000000046,8.000000000000007,11.000000000000032,15.000000000000036,-7.970527199999999,-4.546542779999996,2.2857389999999977,7.309259860000017,7.306498530000027,2.400000000000002,5.200000000000005,9.299999999999997,13.600000000000012,8.499999999999996
2025-05-30,-10.999999999999988,-12.00000000000001,-9.999999999999964,-10.000000000000053,-12.00000000000001,2.359942709999996,-2.7922830600000115,-6.80827653999998,-10.135986869999991,-11.192082260000014,1.9000000000000017,-1.5000000000000124,-4.0999999999999925,-10.40000000000001,-7.899999999999974
2025-06-06,14.999999999999991,16.999999999999993,9.999999999999964,6.00000000000005,4.999999999999982,9.361809270000009,5.636126869999991,4.852529890000001,2.7528720199999857,-1.2348866900000033,1.0000000000000009,-0.6000000000000005,-4.0999999999999925,-6.899999999999995,-6.600000000000028
2025-06-13,-8.000000000000007,-11.000000000000032,-9.999999999999964,-6.00000000000005,-6.99999999999994,-0.7940034000000207,-2.0222723299999856,-2.926420969999999,-2.7056844300000105,-1.874881900000025,-2.400000000000002,-4.399999999999993,-4.800000000000004,1.29999999999999,0.1000000000000334
2025-06-20,-6.000000000000005,-5.999999999999961,-3.000000000000025,-2.999999999999936,-1.0000000000000675,0.18135522000000126,1.0134353999999846,3.4126877499999875,3.2081333800000333,0.5394902400000401,-0.8000000000000007,-1.4000000000000012,-0.5000000000000115,1.200000000000001,1.6999999999999904
2025-06-27,-16.999999999999993,-12.99999999999999,-8.999999999999986,-5.000000000000071,-4.0000000000000036,-2.0205900299999913,1.7090891800000119,2.8260865600000074,6.393552899999966,9.26977327999996,1.200000000000001,2.9000000000000026,3.500000000000014,-2.1999999999999797,0.19999999999997797
2025-07-04,14.999999999999991,10.999999999999988,5.999999999999961,2.000000000000046,1.0000000000000675,-4.47036529,-3.3775913499999977,-3.8497025600000345,-2.386543849999967,0.181822570000012,-0.40000000000000036,-0.20000000000000018,-1.5000000000000124,3.799999999999981,5.200000000000005
2025-07-11,2.0000000000000018,5.000000000000027,8.000000000000007,8.999999999999986,9.999999999999964,11.471700580000022,11.110543879999968,13.510196380000039,15.251119679999992,13.927127620000013,2.8000000000000025,4.299999999999993,6.2999999999999945,11.20000000000001,14.000000000000012
2025-07-18,-2.0000000000000018,-3.000000000000025,1.0000000000000675,3.000000000000025,4.0000000000000036,-5.514860090000018,-3.688728349999959,-3.4314769300000325,-1.2036028499999851,1.5930232300000124,0.8000000000000007,1.100000000000012,2.100000000000013,2.2999999999999687,2.1999999999999797
2025-07-25,3.000000000000025,-0.9999999999999787,-4.0000000000000036,-7.000000000000028,-8.000000000000007,7.927310709999991,5.2981406699999845,2.28962314000003,-0.9310338100000148,-2.9074908800000188,9.099999999999998,10.899999999999999,7.699999999999996,2.7000000000000135,-0.8000000000000007
2025-08-01,-22.00000000000002,-18.000000000000014,-16.999999999999993,-12.99999999999999,-11.000000000000032,-3.5301141499999966,-6.20180694000001,-6.811295230000036,-5.315908150000004,-3.461707710000006,-4.900000000000004,-6.600000000000006,-4.499999999999993,-0.30000000000001137,3.100000000000014
2025-08-08,6.999999999999984,6.999999999999984,3.9999999999999147,4.999999999999982,4.0000000000000036,3.2368191300000015,3.5066600099999956,1.4558606400000063,-0.03971272999998554,0.4851620500000209,-4.399999999999993,-4.400000000000004,-5.800000000000005,-3.0999999999999694,-2.300000000000013
2025-08-15,-0.9999999999999787,1.000000000000023,6.00000000000005,7.000000000000028,7.000000000000028,1.6462895900000163,4.5994230100000255,8.286998880000018,12.217846629999984,13.728849869999982,5.599999999999994,7.500000000000018,7.200000000000006,4.0999999999999925,1.8000000000000238
2025-08-22,-6.999999999999984,-9.00000000000003,-7.000000000000028,-7.000000000000028,-4.0000000000000036,0.43582032999998077,-1.0195950399999987,-1.8939367599999812,-2.0840033399999847,-1.8768729100000048,4.700000000000005,4.399999999999982,5.199999999999982,9.099999999999975,8.800000000000008
2025-08-29,-9.00000000000003,-7.999999999999963,-2.999999999999936,2.000000000000046,4.0000000000000036,-2.040259099999986,-2.5374161700000286,0.8416320099999819,4.979359890000001,6.648816660000012,-0.20000000000000018,-0.20000000000000018,-1.29999999999999,-5.499999999999972,-2.400000000000002
2025-09-05,-8.000000000000007,-9.00000000000003,-13.000000000000078,-14.000000000000057,-13.999999999999968,-2.7042404899999983,-5.1523731799999695,-5.8677111300000195,-4.834897550000017,-3.137770849999999,-3.0000000000000027,-4.299999999999993,-2.299999999999991,3.399999999999981,3.200000000000003
2025-09-12,5.000000000000027,4.0000000000000036,-4.0000000000000036,-6.99999999999994,-10.000000000000053,7.951005199999983,7.09421405999997,2.0756787500000318,-2.4664332600000005,-3.4984349700000195,3.200000000000003,3.699999999999992,2.299999999999991,0.40000000000000036,-2.499999999999991
2025-09-19,0.9999999999999787,5.000000000000027,8.000000000000007,5.999999999999961,7.000000000000028,-0.02098936000001217,1.3447873100000063,1.9053737499999723,2.444343980000019,2.7789869600000294,4.5000000000000036,5.800000000000005,4.200000000000004,-0.8999999999999897,-3.100000000000014
2025-09-26,6.000000000000005,7.999999999999963,6.00000000000005,3.000000000000025,1.9999999999999574,2.0844602699999992,2.952048549999997,2.7478736599999998,1.9120413699999617,0.7836318199999859,1.3000000000000012,3.100000000000014,1.4000000000000012,-0.09999999999998899,1.200000000000001
2025-10-03,-4.999999999999982,-3.999999999999959,-7.000000000000028,-4.999999999999982,-5.999999999999961,-1.3572161699999974,-4.486323270000003,-5.887577239999997,-6.202744079999967,-5.519612749999991,1.3999999999999901,-0.40000000000000036,-0.20000000000000018,-1.000000000000023,-1.200000000000001
2025-10-10,-6.000000000000005,-7.000000000000028,-8.000000000000007,-9.000000000000075,-8.000000000000007,-3.3737581200000033,-2.7715223700000013,-3.029541379999978,-1.885282080000028,0.12940294999999047,-1.9999999999999907,-1.0000000000000009,3.0000000000000027,7.900000000000018,11.499999999999977
2025-10-17,-6.000000000000005,-6.000000000000005,-3.000000000000025,-1.9999999999999574,-3.000000000000025,-7.6317634899999875,-9.893100349999973,-9.79669053000003,-8.494728139999985,-6.38972459999998,-1.6000000000000014,-3.200000000000003,-5.900000000000016,-4.200000000000026,-5.299999999999994
2025-10-24,2.0000000000000018,2.0000000000000018,0.0,-2.000000000000046,-0.9999999999999787,6.175608299999991,6.202570699999965,5.005535030000008,3.9858038000000207,3.4102719699999895,2.300000000000002,3.0000000000000027,2.9000000000000137,-3.299999999999992,-5.299999999999994
2025-10-31,12.00000000000001,10.000000000000009,9.000000000000075,9.000000000000075,8.000000000000007,0.23346610000003487,-0.3073891199999679,-0.5765122099999687,-0.9418108900000277,-1.2794292500000193,-0.40000000000000036,0.6000000000000005,0.29999999999998916,-1.29999999999999,-1.29999999999999
2025-11-07,-5.000000000000027,-4.0000000000000036,0.0,2.999999999999936,3.000000000000025,1.6007168399999827,3.414403850000003,4.809252849999979,4.2449187799999955,2.4379063600000084,1.29999999999999,2.1999999999999797,1.8000000000000016,3.699999999999992,4.899999999999993
2025-11-14,7.000000000000028,7.000000000000028,2.999999999999936,5.000000000000071,4.0000000000000036,2.711718310000011,2.4670694899999734,1.0757929299999969,0.041254560000014706,-0.12495565999999236,-0.8999999999999897,0.20000000000000018,2.6000000000000023,8.099999999999996,8.800000000000008
2025-11-21,-11.000000000000032,-12.00000000000001,-8.000000000000007,-6.00000000000005,-3.000000000000025,-2.1327759200000074,-1.747494879999989,0.15337797999999125,3.4565167099999794,5.588861689999991,2.6999999999999913,6.500000000000017,7.800000000000007,7.100000000000017,8.599999999999985
2025-11-28,-3.999999999999959,-3.000000000000025,-4.0000000000000036,-4.999999999999982,-4.0000000000000036,1.653283520000004,-0.6450641799999879,-3.290392629999994,-4.329899089999989,-3.2572533799999803,3.300000000000003,0.20000000000000018,2.0000000000000018,2.499999999999991,0.8999999999999897
2025-12-05,8.999999999999986,13.000000000000034,12.00000000000001,12.99999999999999,12.00000000000001,4.61862998,7.3658272199999875,8.095623060000001,9.056611380000001,9.975997309999984,6.000000000000005,12.399999999999988,13.900000000000002,7.500000000000018,1.5000000000000124
2025-12-12,-4.0000000000000036,2.9999999999999805,5.000000000000071,7.000000000000028,5.999999999999961,11.032258020000008,8.25525225999999,6.952894700000023,6.074502149999983,-0.27054347000001755,1.8000000000000016,0.6000000000000005,0.49999999999998934,0.0,-0.5999999999999783
2025-12-19,-4.0000000000000036,-4.999999999999982,-3.000000000000025,-5.000000000000071,-2.999999999999936,-2.764324220000036,-2.1977492200000004,5.31139828999998,6.077109539999981,-2.8618326099999702,3.0999999999999917,5.000000000000004,6.499999999999995,4.599999999999982,5.299999999999994
2025-12-26,-2.0000000000000018,-2.0000000000000018,-2.000000000000046,-0.9999999999999787,-1.0000000000000675,-1.035493679999977,2.6071942800000247,-4.595383779999995,-5.947354879999978,8.24908222999996,4.0000000000000036,3.299999999999992,1.8000000000000238,-0.8000000000000007,-2.7000000000000135
2026-01-02,1.000000000000023,6.000000000000005,5.000000000000071,4.999999999999982,5.000000000000071,-2.7850606899999963,0.33493898999998883,1.7133110800000129,2.1686770200000094,3.988182249999994,2.6000000000000023,2.8000000000000025,2.699999999999969,2.0000000000000018,1.9000000000000128
2026-01-09,6.999999999999984,0.9999999999999787,-1.0000000000000675,-4.999999999999982,-4.0000000000000036,-2.664467989999997,-5.62536293,-6.726098890000021,-5.326784819999997,-2.9856509300000056,-1.6000000000000014,1.3000000000000123,3.000000000000025,6.099999999999994,4.499999999999993
2026-01-16,4.999999999999982,6.999999999999984,6.00000000000005,3.000000000000025,0.9999999999999787,-0.022402510000008036,-1.3068058500000035,-3.211413299999988,-5.185652979999977,-5.599840759999974,5.400000000000005,6.699999999999995,8.599999999999985,7.900000000000018,6.300000000000017
2026-01-23,1.000000000000023,2.0000000000000018,0.0,-0.9999999999999787,-0.9999999999999787,1.4851435799999813,2.671984010000017,3.2544572900000013,3.8131411199999743,4.052485370000003,5.699999999999994,4.899999999999993,7.100000000000017,10.599999999999987,12.299999999999978
2026-01-30,-8.000000000000007,-4.999999999999982,1.9999999999999574,4.0000000000000036,4.999999999999982,-5.517315449999982,-5.40034049,-4.297506169999998,-2.2051713899999825,-0.517290959999972,-1.100000000000012,-3.0000000000000027,-0.6000000000000227,-1.200000000000001,-0.8000000000000007
2026-02-06,-2.0000000000000018,-3.000000000000025,-4.0000000000000036,-2.000000000000046,-2.000000000000046,0.8722155100000073,-1.1980091100000312,0.998608869999984,2.2381675300000126,0.2193578400000007,3.0000000000000027,3.100000000000014,-1.0999999999999677,-3.600000000000003,-6.400000000000006
2026-02-13,-10.000000000000009,-14.999999999999991,-17.99999999999997,-16.000000000000014,-15.999999999999925,-4.807506760000013,-8.11156087999998,-8.682319540000005,-8.644518350000041,-8.592823100000002,0.8000000000000007,-0.5000000000000115,-1.8000000000000238,-7.099999999999973,-9.099999999999975
2026-02-20,8.000000000000007,4.0000000000000036,4.0000000000000036,2.000000000000046,2.999999999999936,2.5336274499999867,-0.11909814000001795,-3.29621539999998,-4.692902479999983,-4.995117330000021,-2.8999999999999915,-6.999999999999984,-9.299999999999997,-11.400000000000032,-9.90000000000002
2026-02-27,-10.000000000000009,-14.000000000000012,-10.999999999999988,-8.999999999999986,-8.000000000000007,-2.2931303100000022,-5.664749129999969,-4.558218149999993,-2.1152952300000027,-5.301174600000014,-1.0000000000000009,-2.8000000000000025,0.7000000000000117,1.4000000000000234,1.9000000000000128
2026-03-06,18.000000000000014,21.000000000000043,18.000000000000014,16.999999999999993,12.99999999999999,28.23417514000002,33.42200639999997,23.307068809999976,11.885572519999998,11.525017170000007,-0.40000000000000036,4.299999999999993,4.800000000000004,6.299999999999972,4.1999999999999815
2026-03-13,16.999999999999993,14.999999999999991,12.99999999999999,14.999999999999947,13.000000000000078,12.409777570000013,7.628142710000008,10.770569200000013,11.296171190000015,9.614309520000042,4.299999999999993,6.2999999999999945,7.499999999999973,9.10000000000002,9.50000000000002
2026-03-20,14.999999999999991,13.999999999999968,10.999999999999943,8.000000000000007,5.999999999999961,26.56580334999998,16.777181100000014,9.592088180000014,4.628939499999962,1.9734640699999417,-1.200000000000001,-0.8999999999999897,1.8000000000000238,1.29999999999999,1.200000000000001
2026-03-27,0.0,4.999999999999982,5.000000000000071,2.000000000000046,2.000000000000046,4.88334225,7.7784972099999905,9.803132079999965,7.338878960000006,2.8240766000000583,11.60000000000001,14.500000000000002,10.699999999999976,12.199999999999989,13.79999999999999
2026-04-03,-4.0000000000000036,-6.99999999999994,-9.000000000000075,-8.000000000000007,-7.000000000000028,-7.367417079999994,-10.528092550000023,-10.784424369999979,-9.378357459999975,-7.229175390000009,-0.20000000000000018,-1.8000000000000016,0.6000000000000227,0.30000000000001137,-1.7999999999999794
2026-04-10,-2.9999999999999805,-5.000000000000027,-4.0000000000000036,-2.000000000000046,0.0,-8.768979109999986,-4.852847889999978,-1.6067775999999867,3.4976095000000207,7.148967110000015,1.4000000000000012,4.800000000000004,5.299999999999994,5.500000000000016,2.699999999999969
2026-04-17,-10.000000000000009,-10.000000000000009,-4.999999999999982,-4.0000000000000036,-3.000000000000025,-13.683925910000028,-11.417115229999997,-9.40592331000003,-6.757714090000011,-4.941857930000015,-3.299999999999992,-2.300000000000013,-1.100000000000012,-3.4000000000000252,-1.6000000000000014
2026-04-24,6.999999999999984,8.000000000000007,4.999999999999982,3.000000000000025,3.000000000000025,13.83015727000001,10.173086839999979,7.098130899999999,2.75545962999999,-1.0881172600000433,-0.9000000000000119,-0.09999999999998899,1.5000000000000124,2.6000000000000245,3.8000000000000256
