week,scope,PC1,PC2,PC3,PC4,PC5
2006-02-17,US,-0.8120106330813535,-0.06307190255010058,-0.004260781774755026,-0.052129296535923714,0.03833445013928194
2006-02-24,US,0.8410864511601425,-0.7304696412031577,-0.12011513530393422,-0.09645233124186549,0.1147658838731752
2006-03-03,US,1.8054815125306833,0.7431301316799156,0.11344193368512953,-0.09092916874052917,-0.009928384198970852
2006-03-10,US,1.1450500759607563,0.6633154665439864,-0.25217230862020557,-0.05426269740905678,-0.04894917041398657
2006-03-17,US,-1.4518994208239087,0.7313747119382512,0.40754303830124217,0.13742583661243565,0.02070598516380383
2006-03-24,US,0.2196613704024703,-0.7623839587519564,0.098747680903002,-0.07828687952250561,-0.006493394800453563
2006-03-31,US,3.3144297880662874,0.49687472415168943,0.0974921884695418,-0.0130105276550833,-0.006309235832777572
2006-04-07,US,2.0321444580148764,0.40022322742198024,0.3364301784523604,0.049849382698057644,0.01230382969976002
2006-04-14,US,1.4778966161358666,-0.09638774495620178,0.06293398010099117,0.026399168220180926,-0.045253436503373955
2006-04-21,US,-0.7251727461733142,0.3689942991656438,-0.0052510938154826355,-0.08251343622927416,0.07088237062603905
2006-04-28,US,0.6437622641840196,0.7347692527229961,-0.018421790370968937,0.10799316590088766,0.0778016846010974
2006-05-05,US,1.005420930520872,-0.3885544656603932,0.012863605525891303,0.004180335728385698,-0.03192513130885783
2006-05-12,US,1.5937635870944837,-0.0204455250531999,0.13607515791463232,-0.13831363828877624,-0.05924450013780426
2006-05-19,US,-2.4136290447688302,-0.595048074887775,0.03408412472940767,0.05935845664154402,0.07617495307483337
2006-05-26,US,0.16475074182300148,0.17126953807334877,0.11314768594164519,0.05449935236563248,-0.015870110431165985
2006-06-02,US,-1.044809516609659,-0.0882281163012181,-0.06212464512068377,-0.019198809431420313,-0.0051220670509995
2006-06-09,US,-0.10205273215547644,-1.3005707394513395,-0.061497100753887236,-0.021194667845222254,0.07951880559803762
2006-06-16,US,2.8313212667706673,-0.30234730267208787,0.23785524561073348,0.041935502842454765,0.019251342649795833
2006-06-23,US,1.9379272781558792,-0.32550867353178486,0.14467900269212564,0.006087535321078123,0.015554220254339987
2006-06-30,US,-1.770359980652208,0.40657753812044495,-0.13587666287288422,0.04320719823005273,0.1302842233155807
2006-07-07,US,-0.1161350237020186,-0.19417261427443167,0.023096779525586874,-0.022324679065607284,0.06147670861569233
2006-07-14,US,-1.4235693967582266,0.29352565791231056,-0.17884268385325872,0.016278025084229736,-0.05948718094479298
2006-07-21,US,-0.30627410998650734,-0.05476899762045903,0.150019585708283,0.0457779579536648,0.04512353365532388
2006-07-28,US,-1.1077644810492417,0.5817577832773616,-0.1685631050680311,-0.052069670940494146,0.03563668083573876
2006-08-04,US,-1.5078862424606954,0.0680288091742262,-0.031618343075097324,-0.08193391400624218,0.015192191662864937
2006-08-11,US,1.4039089173137436,0.16327297256638643,0.1634444213363265,-0.1342908498861003,-0.07803821226382247
2006-08-18,US,-2.324410136938913,-0.06011976808059321,-0.007254489133090775,0.02050994809524048,0.04193811056612004
2006-08-25,US,-0.6221752355971375,-0.22437325906299677,0.012535944216010984,-0.10554514958166997,-0.04054424998039047
2006-09-01,US,-1.3446796358086623,0.3432963984588249,-0.17346739817293283,0.0399075955537288,0.013740124914597848
2006-09-08,US,0.7834911128585341,0.07842401067181198,0.07835270372993634,0.059485053472753,0.0769420561578808
2006-09-15,US,0.5741542083442015,-0.58228954096988,0.060637626137676884,0.0036362150715424342,-0.03915882277641608
2006-09-22,US,-3.7487571502682995,0.455947369151328,-0.23808262745667258,-0.023276602516321458,-0.03880094757338198
2006-09-29,US,0.6610113675487616,-0.17264048036082855,0.015481324684488056,0.02264514002126152,0.09106150995603776
2006-10-06,US,1.1358488017891135,0.24480548654149317,0.06936938685027828,-0.012993460982965976,-0.08672397047964533
2006-10-13,US,2.2066524365896596,-0.4370392894981734,0.16685101436322758,-0.023698747255176525,0.009902825994065598
2006-10-20,US,-0.3489339072303169,-0.2193288280255448,-0.03476708382034136,0.010605808038898207,0.018020191425417467
2006-10-27,US,-2.163319407001529,0.17901773818488936,-0.1641427957577111,0.03734291324850609,0.007157857401982298
2006-11-03,US,0.7328639173597283,-0.4460141397958257,-0.055902378665177464,0.02893354907776589,-0.007154312945086928
2006-11-10,US,-2.284652007306071,-0.027816307696274644,0.0036476317120526245,0.028687221850360642,-0.026289224987928222
2006-11-17,US,0.34932272307088547,-0.24756743465844214,-0.047757824341767945,0.03194605665626414,-0.02562231309363002
2006-11-24,US,-0.9676742782658533,-0.12648330062401877,2.789839137158321e-05,0.005620106931777043,-0.07479197516363599
2006-12-01,US,-2.609531149226196,1.0917652238664621,-0.36199024414266484,-0.05659528929866513,0.027008067974519632
2006-12-08,US,2.5937410691021068,-0.5108105854993514,0.3048539753207933,0.042401663009794206,0.011691939204765684
2006-12-15,US,0.9349999422188808,-0.02663548010831192,0.21535557262975713,-0.038003699891357774,0.016283618238544354
2006-12-22,US,0.4402768812100405,0.3978039381247405,-0.10170770662352718,-0.05748486242681108,-0.014634353876015254
2006-12-29,US,1.5826486493178047,-0.6017293783155467,0.023943760300759714,0.0021781089740833945,-0.013782843137783246
2007-01-05,US,-1.1984342226846445,-0.019298708540202464,-0.2141667655472855,-0.02671860047401567,0.022208184452476666
2007-01-12,US,2.2914706566847056,-0.15973103472403966,0.27802551350277377,0.06057937220483551,-0.00033351807986631846
2007-01-19,US,0.3459922427361197,-0.36474631872421054,0.16404704305596268,0.01297916779892925,0.057940139543594976
2007-01-26,US,1.8334596614776932,0.2241478407931674,0.0841156797313599,-0.03377125404941906,-0.018356910276900517
2007-02-02,US,-0.9635387347382243,0.06440472933671076,-0.09709766126212202,-0.004033607814875107,0.0013204758129264308
2007-02-09,US,-0.7733227108486035,-0.17120961013306282,-0.05265041532530807,0.09814149408284444,-0.08945483961721441
2007-02-16,US,-1.7368532712616407,0.21186288552492524,-0.04288823390104505,-0.043970357674867656,-0.04738374963090548
2007-02-23,US,-0.14968027768562633,0.04537632053448838,0.018440329378654953,-0.03393325244681878,0.043799857070790475
2007-03-02,US,-3.4984282402044773,1.207596041117293,-0.48047553735624526,0.004100918733706628,-0.010145631000539264
2007-03-09,US,1.5083958062884502,-0.408800682865279,0.1798417548846512,-0.04503899587253079,0.05354533051311831
2007-03-16,US,-0.9122657686267786,0.5812619189197796,0.009420387730493142,0.06863593826392235,-0.02659271980591548
2007-03-23,US,1.295344301700966,0.47720717471721774,0.11167467920412454,-0.06570979522379877,0.00728303071977281
2007-03-30,US,0.44027688121004716,0.3978039381247319,-0.1017077066235269,-0.0574848624268138,-0.014634353876015726
2007-04-06,US,2.1984198941274355,-0.8636496316330341,0.27277015484529177,0.09439481152426996,0.05302274853234239
2007-04-13,US,0.15880301038099917,-0.03385083504757453,0.05151446189488488,-0.05554226126793694,-0.030078872743546852
2007-04-20,US,-1.807091318750546,0.46955522194297855,-0.21486411894230745,0.06868359730578485,0.019717231152350446
2007-04-27,US,0.5874042951320468,0.012707254204870176,0.14364228586588085,0.01754607685845761,0.04638011888512966
2007-05-04,US,-1.0171157841664047,-0.6515252881535739,0.008102643686549456,0.10203895387627561,-0.011110055963271992
2007-05-11,US,0.6641589070704548,0.0487650528389664,0.17814430943188014,-0.11322596172181955,-0.011393173917046778
2007-05-18,US,2.4430854892530163,-0.2728064518223835,-0.13080952186204212,-0.05234912947586796,0.06502876562716074
2007-05-25,US,0.9759919477683697,0.06429964021596735,-0.04475241486208239,-0.06647501704253671,-0.07116194412290672
2007-06-01,US,1.6974646851728505,-0.6886454674865341,-0.006372805693743227,0.02895188397183708,0.010336551271048405
2007-06-08,US,2.5800491972672743,0.6318864943249548,-0.25594359142536754,-0.03824794514376559,0.11723002668315613
2007-06-15,US,0.7796399858346539,-0.06814913832329869,0.07592472062241659,0.005058919602817019,-0.0016109319843199182
2007-06-22,US,-0.9009678900370175,1.0583191230480822,-0.25291606680075357,0.08298218160146799,-0.05316214557008045
2007-06-29,US,-2.021474681612365,-0.4411974208471805,-0.052329050130024826,0.09384334522708103,0.03962641537464497
2007-07-06,US,2.989934765884549,-0.04744403757551603,-0.005888821899174094,-0.15243796671138596,0.06071193062594211
2007-07-13,US,-1.5489989959973776,-0.14903070014299294,-0.0022586755549229786,0.11606217771887047,0.02629811018013237
2007-07-20,US,-2.741212168707608,0.4221907528313241,-0.10331992771762098,-0.05216596632406879,0.0033527217070089222
2007-07-27,US,-3.3394439079915177,1.2775743856526736,-0.023527117948415315,0.20042895599999178,-0.11605845810603381
2007-08-03,US,-1.619371797980969,0.2721237824109735,-0.2131066444783248,-0.08974080014666372,-0.09248965538319212
2007-08-10,US,1.9258453811258138,0.9580645396934436,0.16127406120379084,-0.15909779969573698,-0.057376024413002095
2007-08-17,US,-2.8161528202756108,2.2571220017126197,-0.06595926644626385,-0.03055135928988147,-0.03827485321841034
2007-08-24,US,-0.38852487501361155,-1.923029106770241,-0.14136472185820143,-0.10186242260963435,0.033087834776364206
2007-08-31,US,-2.067632121040502,0.9484606830423414,0.07038466493180974,0.1439952633483815,0.14924521798507634
2007-09-07,US,-3.459600297688019,1.2031655814205682,-0.34228284034759376,0.03423999942160982,0.03607713533285697
2007-09-14,US,1.7257272506236,-1.1633128774076642,-0.13525260240852652,0.02202995004635252,-0.0005325119725160494
2007-09-21,US,2.5886430938383795,1.006600994609625,-0.2900462225489323,-0.050143613622804784,-0.03545892341129063
2007-09-28,US,-1.304902233879299,0.35318271773642523,-0.20673126674024497,0.09747793395191516,0.04318520160624499
2007-10-05,US,1.3865618315913157,-0.6674461347824854,0.08923334243670202,-0.03976086764021273,-0.0443447804105343
2007-10-12,US,1.4188732096582672,-0.965626729531369,0.36489990092061253,0.008496296647295764,-0.00744970205821755
2007-10-19,US,-6.078445294747863,2.068964202612857,-0.5066198663050552,0.05036047718013212,-0.01027862642910017
2007-10-26,US,-0.10933404274875815,0.1438924017433394,-0.21393062471067273,-0.10452261128180662,0.06836385943113446
2007-11-02,US,-1.8101566548780867,0.4191083599495342,-0.05844680489311752,-0.06375620481120961,0.0031667343782362067
2007-11-09,US,-1.852718469764219,1.9926773699771374,-0.2029255105775831,-0.10811031109222514,-0.07088986505989756
2007-11-16,US,-1.658749301208413,0.16550733906976195,-0.19635824537742122,0.0576728810416848,-0.03615893513960407
2007-11-23,US,-3.2525867487869577,1.6872234462617255,-0.06868341940159321,0.21943788094970562,0.0141618746264213
2007-11-30,US,-0.5008619075890985,0.0048779279248723564,-0.11108849384129485,-0.14628252282659657,-0.10476957983617126
2007-12-07,US,2.6968558343324833,0.611533555597997,0.3187829877839989,0.059581057934216364,-0.04901552636420451
2007-12-14,US,2.315048117896853,-0.9363333776438291,0.4012123725510301,0.24086391490225717,0.015238454276999972
2007-12-21,US,-1.5413254932363456,0.29956181766492723,-0.5821126974866614,-0.10898223570404372,0.12353606174431433
2007-12-28,US,-1.2734921289068557,0.09992084101509478,-0.1729480787076416,-0.04531510171664029,-0.07013854551041106
2008-01-04,US,-4.833623804318863,2.2217731292612064,-0.2951363641025958,0.03569173717856313,-0.05579742878373038
2008-01-11,US,-1.129028379954438,1.4244038753933967,0.1254076595016511,-0.12659270488814559,0.02260404834842559
2008-01-18,US,-3.072265793264865,1.218543448598408,-0.21550144332611798,-0.06252556821614458,-0.15991911311346899
2008-01-25,US,-0.8682031611607237,0.989813295259646,-0.2593946671334627,-0.2659842195473346,-0.10936447564994367
2008-02-01,US,-0.5083698177965782,1.3377747648338356,-0.2964664432744413,-0.01735142371738712,0.17953324789966965
2008-02-08,US,0.08826304654786492,2.05870046586677,-0.06363798983579666,-0.1570542822400663,-0.09570694610376736
2008-02-15,US,1.814398370198576,1.1173252307167927,-0.10854621902434636,-0.0681185565500235,0.03028695303233631
2008-02-22,US,0.5741734806407263,-0.6047066820765788,0.016471636725217002,0.053029279714610994,0.05851358946928037
2008-02-29,US,-4.810826868214041,1.616213893361906,-0.18308455553397615,-0.1445986946540246,-0.11410463805164117
2008-03-07,US,0.5120637448621268,1.9443686271497636,0.19751841660364058,-0.16582333569389984,-0.08102325297553242
2008-03-14,US,-2.535641432761763,-0.9060243340888289,-0.5028086492221701,0.11327668517386756,0.10674610094319974
2008-03-21,US,-1.2824107590307887,-2.1310309623769856,0.13593617286472964,0.16072704601917012,-0.07285670367830172
2008-03-28,US,2.6876258088741123,0.3484697954131939,0.05561469510770496,-0.23304638680248066,-0.1466583511500769
2008-04-04,US,1.135085776522274,-1.463325251899925,0.1009644458210688,-0.0953226109435986,-0.025433560795303678
2008-04-11,US,-0.7597496629639734,0.42326778379388935,-0.15753127718302254,0.14675763653930027,0.18898838937008014
2008-04-18,US,5.932569425167887,-2.150848217191129,0.508960314929749,0.009424518899693386,-0.10346396702267743
2008-04-25,US,3.1866901198531727,-1.6013126934328956,0.09152491868987292,-0.22872376662095734,0.10255720422931945
2008-05-02,US,-0.35333459496518466,-0.47694888005859326,0.11774602918170228,0.1337324360452105,0.042020689860209764
2008-05-09,US,-2.4032019155308015,1.628238331805594,0.027678189030747095,-0.012301578740514435,-0.07824245250150265
2008-05-16,US,2.067023291149779,-1.4889092217025546,0.4318869285093235,0.03474428588227778,0.026926865099187177
2008-05-23,US,0.0016308660824055612,-0.08959683642276295,-0.2466751738126985,-0.1321749701539917,0.013930265697771274
2008-05-30,US,3.869292876815162,-0.7154057488922284,-0.15456253586548563,-0.0524861927298669,-0.08313238000824519
2008-06-06,US,-2.787225211915696,1.7524564898002186,-0.2667420859760052,0.05403781311150835,-0.06348106893808955
2008-06-13,US,7.046098543371132,-4.4880715112857255,0.4206187853944886,0.14851826486586278,-0.011560752120677805
2008-06-20,US,-2.381132953432748,0.8593013855845243,-0.151613267794697,0.03360085160315451,0.09446508359958702
2008-06-27,US,-3.7415562706131245,0.697282261105503,-0.49162550115934245,0.09950948485401712,0.05386200017728998
2008-07-04,US,-0.707546509736151,0.9768588934579857,-0.17830380435392185,0.19746537568531908,0.04662509186379163
2008-07-11,US,-0.044084788298743634,-0.43763260753229294,0.353831448267087,-0.01528330566603651,-0.06752796083174059
2008-07-18,US,2.5323043970829286,0.2621218549847966,-0.17214813572453944,-0.09119763802217049,0.030791923118453742
2008-07-25,US,0.6233112977410046,-0.10156243440592867,0.15211642360349978,-0.028702783256364488,-0.10040020481112637
2008-08-01,US,-3.1962252864019995,0.8196981344468022,0.0038588499015047737,0.10014908714139498,0.07120392914911884
2008-08-08,US,-0.387260475354195,-0.16308696229277508,0.08543905908871757,-0.03346709227947009,0.036240453625757056
2008-08-15,US,-1.8116074886835776,0.35298017493914374,-0.14538907923486358,-0.07725364289102857,-0.044498604513744
2008-08-22,US,0.27285252763623435,-0.23931035232693246,-0.18181339066877553,0.09863824661993745,0.02971044254289588
2008-08-29,US,-0.7657359389990139,0.2629816928863666,-0.13083252240487023,-0.062070106380410876,-0.02056519743368761
2008-09-05,US,-3.1347211557679047,0.08358404985782908,0.023355035507118944,0.11952251057063928,-0.017220157629588555
2008-09-12,US,0.9434346977907134,0.27333107178582794,-0.30919740940988455,0.048133796572669724,0.0897283391818124
2008-09-19,US,0.4480080492796753,0.7726028742235418,-0.46602568702329694,-0.16164460157579633,-0.12219730494802959
2008-09-26,US,0.3266125178775012,0.3723930160293327,-0.6614815477625686,0.14740367552919695,0.06103320555494517
2008-10-03,US,-6.014019341602917,2.8691770424641336,-1.0647296708477734,0.5320412955079855,-0.2817847613303137
2008-10-10,US,2.3562817637523406,0.40961136575247853,-1.0731859847426566,0.9013292363765796,-0.13638277826367787
2008-10-17,US,2.3224772180413003,1.2667823645622638,0.4417518352311589,-0.10475631985478767,-0.7228716903117826
2008-10-24,US,-3.5434560860469735,-0.7824422834232706,0.23856841803608017,0.05216087134086077,0.01735189104628131
2008-10-31,US,3.695976736231011,1.8149100205143247,-0.40226784682836303,0.09536309988167711,-0.3209149164080676
2008-11-07,US,-3.5416612463921275,1.117506063587839,0.0065630825165642215,-0.07909510519302193,0.31809675044628233
2008-11-14,US,-2.3839717011002914,0.6898641283395328,0.6435983967231059,0.26310521464728,0.6048119043726621
2008-11-21,US,-7.7386898581162065,-2.4816687787076854,0.005546214842315763,-0.3823405235052317,-0.257631366347499
2008-11-28,US,-3.5969314970493445,-1.1127319128876472,-0.3352009023927287,-0.6075930942366314,-0.34094836120805005
2008-12-05,US,-4.792722074592896,-1.4152063739134197,0.1202197609835169,0.5297587528396753,-0.0965969423990084
2008-12-12,US,-1.641382943189457,0.9738093053119424,-0.16631315589024812,0.01253596343887109,0.02782004525280695
2008-12-19,US,-6.669857703810255,-3.2590360046870948,-0.19814728249173655,-0.442002492869864,-0.3707853495451983
2008-12-26,US,1.6016575410773337,-1.1539437925079012,0.14877986420156042,-0.5229479055763087,0.1304975059325064
2009-01-02,US,4.0447047835438354,1.6856574160414588,-0.8764789777855718,0.22208257144255517,-0.34889687546055137
2009-01-09,US,0.10601498244513705,2.816217826858934,1.4436858108054043,0.034425280719898546,-0.2287824585751624
2009-01-16,US,-1.7615218330454812,-0.9797733443820674,-0.44233876883899154,0.12459283142987322,0.31512523000081083
2009-01-23,US,5.563886571594717,2.2298154312101746,0.8559997098363562,-0.07730571567371201,-0.2779790255255694
2009-01-30,US,3.9338790123930307,0.5963662065676355,0.05017245129502403,-0.25631623371202045,0.255633912514872
2009-02-06,US,2.147124313967451,0.23803978861266312,-0.3722222600441377,0.20936260330842352,0.45546118247204564
2009-02-13,US,-1.2427515943608427,0.03321452270291418,0.7534903457886732,-0.48309733461249904,-0.31647863017882855
2009-02-20,US,-1.5608367935727718,-0.6330650280939483,0.09001091788352396,0.016863624725650946,-0.20692031708083244
2009-02-27,US,3.009782882244306,0.5885347134177051,-0.7097401851754672,0.21710964129332458,0.19580355990592893
2009-03-06,US,-3.465409781302348,-0.7550042481693192,-0.13043763497225716,0.032919435783487314,0.23337760817379372
2009-03-13,US,1.679223201865828,0.41238138364322513,0.6922308275310944,-0.18810104839010053,0.1689742404119011
2009-03-20,US,-2.792050329188683,0.3505956222181692,1.126495239203686,-0.6393156684528161,0.5036210078133486
2009-03-27,US,0.8918818426928056,-0.44439845518071985,-1.1369141292902372,0.24302219001087447,0.26743556199416485
2009-04-03,US,1.7977932649904207,0.16039729856082652,-0.08329026861942729,0.288200270939737,-0.05748525798099115
2009-04-10,US,0.8695046642771918,0.4591982075993016,0.00684907335741564,0.008328452740325253,-0.14785733921484087
2009-04-17,US,0.5901273978662743,0.08609065855280319,0.21927648281506726,0.06588653366283635,-0.22764608391219385
2009-04-24,US,1.1012771507874746,0.5662483651918903,0.0647994501597998,-0.2223110309914635,0.019505358007703907
2009-05-01,US,2.1014971629537778,1.7611619366468168,-0.360283651679416,0.03256869491040954,0.364854086259794
2009-05-08,US,2.254542522846751,0.3036019917503901,0.41734813589866604,-0.529469407084701,0.2584762953919677
2009-05-15,US,-3.026334953450923,-0.2826809595768355,-0.37115958386430703,0.09958155620834995,0.025919858178824917
2009-05-22,US,4.503299508118548,1.5310907761556547,-0.4531240150692083,0.06148299386155056,0.11238250399631249
2009-05-29,US,0.2627597736763895,-0.5022896766975992,-0.7751970326212781,-0.2862532687867012,-0.022806383220553623
2009-06-05,US,7.219482194149297,-1.6784682057536418,-0.19758037234807857,-0.36152654235028747,0.056282834480549104
2009-06-12,US,-0.30137204785904853,0.2546624604486479,0.25590531262395877,-0.09128248968310866,0.08556606375427202
2009-06-19,US,-1.090168768354857,-0.5116881069678221,-0.8394297048903718,0.12286521973763304,-0.010991443583310256
2009-06-26,US,-4.616120095080288,-0.1740653475456761,0.3956679428501564,0.10678977147862319,0.1496252983474749
2009-07-03,US,-0.7817993527654985,1.1697875889082603,-0.022405809770031055,0.15024827083869502,0.11395326551468934
2009-07-10,US,-2.749854403178059,-0.018301402844231977,0.6921566492025378,0.09605412474549196,-0.17477995246111963
2009-07-17,US,5.620339292408399,1.2201338777658604,-0.393882149361466,-0.05794923154127093,-0.045235171594337695
2009-07-24,US,0.5824060231029489,-0.17809633994171764,-0.08944750375684746,-0.06506427906482963,0.015393666930993869
2009-07-31,US,-2.4556203057705144,-2.3791933176171924,0.01200077792576636,-0.09403846979709743,0.06035494717555849
2009-08-07,US,5.720444765944766,0.3680230291944553,-0.26913769222355505,0.2038223151216692,0.20802128186308722
2009-08-14,US,-5.340754378513953,0.6470607620858834,0.3865015850239489,-0.34074773521281265,0.06103238432420549
2009-08-21,US,0.2972446937665929,-0.8381337701364716,-0.2689551810786246,-0.012102885818553968,-0.15738402108857708
2009-08-28,US,-2.4764010683953313,-0.02928882444322791,-0.44682218736307383,0.18132558573288438,0.1358259321974217
2009-09-04,US,-0.2794318545984643,1.1057458919855472,0.43201140393565174,0.1304025071848295,0.00895997717656458
2009-09-11,US,-1.6351473019107245,-0.36634275093456703,0.03037287093545294,-0.151238154394899,0.0652087592062707
2009-09-18,US,2.4729432847293102,-0.7407380436537488,-0.45888291755529914,0.01027823599274764,-0.07462755197996954
2009-09-25,US,-2.3326812239941837,-0.44189582800205185,0.18699663017388451,0.03981737758855162,-0.11028679138699364
2009-10-02,US,-2.003746969484537,0.3152087035448022,0.049532548715649216,0.1549043179246721,-0.005963631789103441
2009-10-09,US,3.238403150134648,0.6241946358393622,0.35433343029760717,-0.10843135125107044,-0.1795506883996075
2009-10-16,US,0.2822514874001948,0.20911329385270047,-0.10123671404809026,0.0581219745369091,0.03669639606224409
2009-10-23,US,1.318059034411644,-0.2993107323884327,-0.0953538110238182,0.022310676803674725,0.06798100209905719
2009-10-30,US,-2.0338217228496585,0.7756437703057407,0.01965356173018978,0.04213092346993014,0.0668091201186408
2009-11-06,US,1.6358703302943298,1.6226547126470015,0.2411965780128741,0.28414715635299553,0.04479183986236503
2009-11-13,US,-1.0524872325718753,-0.1366221613759869,0.03656364592888697,-0.5172466553052958,-0.07643232134639541
2009-11-20,US,-1.4289772092146047,0.0953824086140306,-0.07040904680722095,-0.00891127889367731,0.18609190976794937
2009-11-27,US,-2.362519747173949,0.0036186227226196826,0.47090403645468576,0.026583076763006155,0.1270419384658384
2009-12-04,US,4.165139441351717,0.1107240116908474,-0.09766249540509724,0.37686086808551394,-0.11551117765623085
2009-12-11,US,0.9913579112708513,0.6954265184098204,0.05329149639291294,0.052443389151074306,0.04770518395450506
2009-12-18,US,-0.11844858600896646,-0.260216363470677,-0.3940608440923673,-0.12808618781537212,0.05893736874613906
2009-12-25,US,4.583199887122602,-0.06820259636565963,-0.16906290789293293,0.023692613464520996,-0.01034829361551817
2010-01-01,US,0.8243658637538225,-1.5463525683299093,-0.17789725819361168,-0.009197371955241632,-0.06122266124103499
2010-01-08,US,-0.8063262733905431,1.9320731528537123,0.025863896757673595,-0.05746752956900778,0.11515898279958023
2010-01-15,US,-2.2496559195169765,-0.20123705749481272,0.09524635620072659,0.05379323331139662,0.03905296544895717
2010-01-22,US,-1.4743217161805668,-0.19393726674140216,-0.07112788234061626,-0.020932275981970255,0.13054145545347656
2010-01-29,US,-0.10395514431426682,0.2603830129330323,0.04680968485809821,0.13367869958495213,0.08745369607480608
2010-02-05,US,-0.8348943000976158,0.5280861185607181,0.38535932450880206,0.1929939482563215,0.06829335002652415
2010-02-12,US,2.339061430077854,0.39591289185872935,0.19952396333224873,-0.25432093240602466,-0.19745657310742804
2010-02-19,US,1.6977491016766013,-0.6443305865209172,-0.10592634845474987,-0.035127964644754525,0.007896014105401306
2010-02-26,US,-3.2139529985298303,0.0632920100548151,-0.09800274894416715,0.039088114443801454,0.11679397631286897
2010-03-05,US,1.5950262142978657,-0.11726008493094502,0.44977503772443783,0.15893445196770267,-0.018594702224986565
2010-03-12,US,0.41460104312373874,-0.7408976474364909,-0.19720370774814075,-0.0645321249615554,0.07163507866037426
2010-03-19,US,-0.017027033161800736,-0.8827368808957832,-0.22124619649486146,-0.1712741359188027,0.17397041474896524
2010-03-26,US,2.550677879823382,1.0109470184921994,-0.09802357028137162,0.011981376359233074,-0.1268076887671041
2010-04-02,US,1.3990646720758575,-0.21340990882281202,-0.07493927381670624,0.15094879167988343,0.1745364943743147
2010-04-09,US,-0.9733183209075786,-0.3097059338860194,-0.20532485782884838,-0.11910829067532494,0.006231137604045072
2010-04-16,US,-2.0008645741700812,0.46988221467227975,0.2675830868115888,0.13250612944125523,-0.008305366250846283
2010-04-23,US,1.1440026341901648,-1.0891301528630444,-0.12102370688840958,-0.07251199875309378,0.014781776436003738
2010-04-30,US,-2.8995219790212023,0.1891852275936739,-0.0032953923811774506,0.127520719256248,0.05712400881091091
2010-05-07,US,-4.424005152364871,-0.3810461290667909,0.0972020576350319,0.26382738879692375,0.02529460363383149
2010-05-14,US,0.013912221160827144,0.5135003208843447,0.051952040903926924,-0.19508943072043808,0.018574484755373426
2010-05-21,US,-3.4416442650690553,-1.3752060045899879,0.11402562837727251,-0.09784119335101807,-0.24185301786347113
2010-05-28,US,1.887036710905872,0.9400778582834589,-0.021084625217317677,-0.13984381574056864,-0.005926378500700761
2010-06-04,US,-1.7836967983514846,-0.20282047184277452,0.28279059225108366,0.09413014940279978,0.016396972273356934
2010-06-11,US,0.6221834250323092,-0.16821002066410065,-0.12271137232415816,-0.007493940666643867,0.04483874362264244
2010-06-18,US,0.005178304306017728,0.035078572713434626,-0.10052765853171809,-0.06306205231052957,-0.0027486212400809036
2010-06-25,US,-1.9670541759792421,0.2970653019356723,0.21685198360997512,0.03064178956280389,-0.09074146411727699
2010-07-02,US,-1.834039577346546,-0.6829437413448003,0.048981967094960506,-0.0005012036087819314,-0.07013993399525507
2010-07-09,US,1.1055089042167525,0.6385085312301096,0.09487795321336738,-0.012293942178054084,0.08616173083944582
2010-07-16,US,-1.8616852862065494,-0.29750993041682766,0.5192986770220555,0.2615507788893755,0.09338849188293538
2010-07-23,US,0.9074698782921856,0.4548521837167208,-0.18517357891014627,-0.053796537241714466,-0.05650857385901844
2010-07-30,US,-1.4607777338987604,0.3123453306879743,0.5411992121858166,0.2134013537080673,0.17583547242389105
2010-08-06,US,-0.8802142689780362,0.48351869612074017,0.4881847462400125,-0.20822262696597066,0.09853861770105621
2010-08-13,US,-1.8170696246965243,-1.3674989613720738,0.3301488715884884,-0.4603580236488804,-0.06631626173134873
2010-08-20,US,-1.9185495811240336,-1.094911712677888,-1.026664277866792,0.10401198385809739,0.18268177518658751
2010-08-27,US,0.6984654138648604,-0.3394098478837433,0.23810179947090984,0.2095645215463357,-0.01750955299305483
2010-09-03,US,0.8032384917993587,0.9895880820054188,0.06804949139533976,0.005883767016987051,0.07413627355481599
2010-09-10,US,1.6736028074569524,0.04364199446763812,-0.03000612198100114,-0.08725281010899126,-0.002794883920162265
2010-09-17,US,-0.9394004613688446,1.1225769150990783,0.4131279803729338,0.054349029599694,-0.16096260499610793
2010-09-24,US,-1.7911146358954941,-0.4516518888673893,0.17838108327503568,-0.07880196695366837,-0.14314954117669218
2010-10-01,US,-1.550213599617511,-0.2300795011896422,0.22458544336959582,0.20210383326824463,0.14318874923322528
2010-10-08,US,-1.2220836700289919,0.8770427349022727,0.9409045144929247,-0.29625535646912454,-0.07139317506723043
2010-10-15,US,2.9486163059052766,1.4517275536810483,0.20749834163862724,0.05106295262100024,-0.0703672831450802
2010-10-22,US,-0.45856873024319084,-0.04583579384200119,-0.14582858034823412,0.22128037956483773,0.04377948020657804
2010-10-29,US,0.5209788300739807,0.4618070218314413,0.0624263627570511,0.08584003642291696,-0.0033107366808023423
2010-11-05,US,0.3991359519232198,0.5228186411389667,1.265288367837267,-0.28854349749031977,0.10191031171311232
2010-11-12,US,3.4513051554482113,-0.23249139091838644,-0.392957802140312,-0.25213245848865734,-0.26949605717067066
2010-11-19,US,1.315330828623545,-0.4027646728322498,-1.2725821894116602,-0.13434982527528447,0.029346943076436146
2010-11-26,US,-0.38564597303214,-0.1787682853097153,-0.15792052930220787,0.08547527175769813,0.005125611507897638
2010-12-03,US,1.9279465130612188,0.8600543074013833,-0.6002729115057165,0.0999957709683153,0.02563323978504316
2010-12-10,US,4.1454693143321215,-0.6530097661432879,-1.2179071754819115,0.08112572506191218,-0.04655269814702751
2010-12-17,US,-0.18334627965641834,0.15880086635047333,-0.21696444073994187,0.12398294874591276,-0.050216638318315805
2010-12-24,US,1.5122951196307244,-0.20299203686828254,-0.23107019803509907,-0.1542318042483861,-0.03489819645540151
2010-12-31,US,-1.9835287398938986,-0.4231263036230576,-0.20018571298512608,-0.017674709398029013,0.033302768484766675
2011-01-07,US,0.9629893426121406,1.178109854649172,0.7280091973723275,0.07480507139314566,-0.06744647442828294
2011-01-14,US,0.24471071017266074,0.3614814465871397,0.1778147260176681,-0.06396459402850799,0.11691914963066413
2011-01-21,US,1.2463508808207329,-0.08532943987406291,-0.31010598099436415,0.07207412906144348,-0.01025576825536304
2011-01-28,US,-1.536413952118686,0.4759641970230354,0.15264900698824116,0.03846093317890263,0.12617420431778298
2011-02-04,US,5.23179805363443,-0.6289797155985588,-0.5319312857978941,0.09130568004025204,-0.05719244463359922
2011-02-11,US,0.4013369498284007,-1.0463079074823807,-0.08833213138683199,-0.5664236941685952,-0.12345296550356702
2011-02-18,US,-0.9153118324578031,0.5083979158196287,0.12167171236722087,-0.014410799210003605,0.05452919566566754
2011-02-25,US,-2.9611433643095104,-0.7904123871433599,-0.01893355241850833,0.0679361875501887,0.09482894055216218
2011-03-04,US,0.8415650599232285,0.9333462162726444,-0.05215665151371766,0.049956667335355844,0.05591601135447931
2011-03-11,US,-1.3503527440532213,0.07187896869922178,0.3383878019909939,0.10089668518021064,-0.13838597433460487
2011-03-18,US,-1.868515018446537,-0.4801287266169122,0.1716160931115389,0.009852029942790783,0.026633316347283914
2011-03-25,US,3.047789982604368,-1.056775061400331,-0.4074544609586611,0.01674037809139726,0.010299499186580777
2011-04-01,US,0.03582189067864674,-0.33672673211626636,-0.26975575706826693,-0.07844835508897313,-0.0804024474791186
2011-04-08,US,2.041061315682778,0.7744183264588576,0.11444202574288005,0.0726599948885626,0.052519166931062185
2011-04-15,US,-2.9822435946981356,-0.029575803054653786,-0.055264650581484095,0.0988580795598803,0.0030161270550157033
2011-04-22,US,-0.1867729698928386,0.1602498462072188,-0.1323636360492611,-0.11465474367148525,0.0428018924637201
2011-04-29,US,-1.9263755009553742,0.26203290318574846,0.4254714854939658,0.27926232791706895,0.08892243804333602
2011-05-06,US,-1.945669529086863,-0.4194564011874176,0.1536295390119424,-0.06435995106347757,-0.0013691877857762989
2011-05-13,US,0.04479203771881588,0.1267744000183826,0.19651033563363754,-0.11093663986967982,0.10547663646140452
2011-05-20,US,-0.5373377432055725,0.030517854604433473,0.07954445394309659,0.028126034521402395,0.04689181819137727
2011-05-27,US,-1.462464797889607,0.26113776171385134,0.14047054457781263,0.10036482199904535,-0.036385844413162075
2011-06-03,US,-1.1891219938321218,0.41472372285094544,0.36808182592557614,-0.0024020595973827893,0.000845828591146337
2011-06-10,US,-0.3835300963175001,-0.14263820229060442,-0.14288127777542287,0.19048381616440194,0.03845379792376491
2011-06-17,US,-0.49507784466366866,0.29180780907312676,0.28084659293813385,-0.14168583515036748,-0.011780636513949855
2011-06-24,US,-1.0330007846371014,0.30761141515215157,0.5628137178250133,0.2657172307953832,-0.005052851806912668
2011-07-01,US,5.477013209470991,0.07291036725002573,-1.0904520586147881,-0.2329910228361394,-0.14773991411577034
2011-07-08,US,-3.095695527659136,0.1090672563382437,0.5636661046069411,0.15041455560160508,-0.001786237842512283
2011-07-15,US,-1.1174138402412057,0.20074243033658107,0.582833995896126,-0.0521655118551542,0.07908259894556739
2011-07-22,US,0.6193010297178517,-0.3228835317915802,-0.34076191042010234,0.014904247816775192,0.047180478084378245
2011-07-29,US,-2.68244093411405,-0.49791867370986514,0.5135840279104931,0.15397755217744521,0.053478037954450566
2011-08-05,US,-3.9873173310925405,-1.4681431771877937,-0.4974412214545352,-0.15528562129572962,-0.0519535070334499
2011-08-12,US,-4.0484926593042285,-0.2787511073106956,1.3652337131184007,-0.6736994524583398,0.38280494860639996
2011-08-19,US,-3.2614684440387465,-2.208220485772703,-0.7151189825528459,0.20621022984632875,-0.08025123206328072
2011-08-26,US,1.85568427124203,1.119546153295686,0.1606682282820427,0.12383389420192616,-0.09740353402024893
2011-09-02,US,-2.5926837170194035,-1.5756710895089727,-0.22467556075791226,-0.11807457483851085,-0.008010724542352698
2011-09-09,US,-1.202087664116212,-0.13595819135818454,0.18552362343636786,-0.08039177000088868,-0.08713365023604679
2011-09-16,US,1.8390120217350605,0.3694408815598193,-0.6584878404042294,0.07476443089803217,0.0574295451281092
2011-09-23,US,-4.1822927933456056,-3.458109367062939,-0.8470139687643408,0.16450434568391195,-0.14057613589437187
2011-09-30,US,0.9789172636122032,0.011039254323163519,-0.38775205947046676,0.18609649500531805,-0.22862350343868848
2011-10-07,US,2.306156832498808,0.3672536301499251,-0.32861377666357994,0.2420716983289181,0.18255184025583454
2011-10-14,US,2.2548758455370996,1.596541207317787,0.15101404245261574,0.17565994420045158,0.03749105704006724
2011-10-21,US,0.0058773642909174,0.11680364492662274,0.5599895534771607,-0.07624290759792546,0.030905560747337798
2011-10-28,US,1.3844617338402105,0.8635939514247482,-0.20457824404248234,0.11435953544689385,-0.005621043387439252
2011-11-04,US,-4.443935472118777,-1.187983551266362,0.4819731221147502,0.16259068465228052,0.009208155001041746
2011-11-11,US,0.15299529922271374,-0.1352639602822529,0.17646356840733537,-0.28571558483238174,0.12972442103396803
2011-11-18,US,-0.7227067667960465,-1.3704990853096501,-0.4603752116265398,0.07304214188442952,0.06994309607465767
2011-11-25,US,-0.7813477744122027,-0.4572943484865065,-0.2176548697237613,-0.018122534671297832,0.05835303614593183
2011-12-02,US,1.08065375670589,1.1341441024011898,0.18332293464992394,0.18387261952176406,-0.0936601489447191
2011-12-09,US,0.3319099511895811,0.741651806452702,0.2486409233354457,0.011849156578543569,0.03989804256126509
2011-12-16,US,-2.989619394316121,-1.9128288126257154,-0.013399792842492275,-0.18502379036120145,0.06443492690308841
2011-12-23,US,2.9317418432887017,0.8282660721859112,-0.1930238854900685,-0.20223756592636982,-0.03209884747827083
2011-12-30,US,-2.4533102367965394,-0.7235622580878958,0.19455205600377545,0.22145892180341914,0.037273798238382456
2012-01-06,US,1.5011914333002971,0.9394517355136014,0.19877828304737347,0.0419107996078777,-0.06473810604429053
2012-01-13,US,-1.4840243647447993,-0.6642586527799487,-0.007985026787837829,0.03427078007458245,0.028323626854082986
2012-01-20,US,2.6289025978638043,1.090715861029989,-0.020745261786082634,-0.055900159498144385,-0.03924323043160636
2012-01-27,US,-1.6201717581199522,0.22848517261189774,0.7738082292160788,0.0471998487319012,0.06049570282296776
2012-02-03,US,0.747829982160286,0.2818428624616296,0.058657002056217815,-0.0571320643151587,0.025937018197100897
2012-02-10,US,0.10962664868768258,-0.49216080050482275,0.004201653841515685,-0.07259632758310122,-0.06650990295453554
2012-02-17,US,0.9365182346392854,0.07631106079726359,-0.15520807846822335,-0.13873213941425952,-0.0053751457345025426
2012-02-24,US,-0.4354873776346088,-0.6070801487756835,-0.1333303145406186,-0.023089900884344445,-0.016968266226984177
2012-03-02,US,-0.13713904418899617,0.4480361058917624,0.1139697440696646,0.22826801650414966,-0.03979218302626227
2012-03-09,US,1.16808324225094,0.04283561460842575,0.17366589321467488,-0.1350140356124539,0.057299598263176196
2012-03-16,US,3.9490323939430056,1.0568969448841798,-0.6824542240081221,-0.011360285259392928,-0.04284717445251954
2012-03-23,US,-1.0957018563157017,-0.679398288841171,-0.1409921741672419,0.06372259943324687,0.010894513257380643
2012-03-30,US,-0.2539309364749733,0.6025293599298884,0.3158293890965921,-0.02364601283117799,0.07677229223892744
2012-04-06,US,-2.377789500774785,-0.7461361193937488,0.5000641879067497,0.12733547412945373,-0.0012812677563941832
2012-04-13,US,-1.0857147912477154,-0.16476202183700647,-0.3036885724810246,-0.05556030523989682,0.11067180469112989
2012-04-20,US,-0.19742507786997485,-0.3243883188056655,0.10223578507948033,-0.08688294532521912,-0.04263824649391592
2012-04-27,US,-0.4567320042432789,0.21314880223365082,0.11647446061661872,-0.04821987018893127,0.06767151353140609
2012-05-04,US,-0.7413726868905303,-0.4174943630317547,0.1511996338000957,0.04020076806995403,0.05700926629125968
2012-05-11,US,-0.900159333511173,-0.45755904138999864,0.09636958648343842,-0.15537430485326575,0.13213324685043804
2012-05-18,US,-1.941203155193124,-1.9817746976143982,-0.36949340056693253,-0.07285969674619823,-0.057196610022171086
2012-05-25,US,0.4815051169448926,0.4738184424127407,-0.04802930084909679,0.013582914051200858,0.062476061707605834
2012-06-01,US,-4.307117770045453,-1.8435560846273322,-0.2240129100270655,-0.19741592045522194,-0.049177763700643626
2012-06-08,US,3.025105773636457,1.4210533302428332,0.29738791855318075,0.03376382730038896,-0.028027626535910087
2012-06-15,US,-0.7819358797162268,-0.5235069693110351,0.02561820521070838,0.0606440979188182,-0.03443830176846642
2012-06-22,US,1.2128056268371223,0.15421949493486048,-0.3147624311412994,0.06046555568023647,-0.027932619800274675
2012-06-29,US,-0.07168231084035225,0.007036700397555704,0.4108082221669134,0.08314973458633118,-0.07099605006426979
2012-07-06,US,-1.70713987200539,-0.1966763393858128,-0.08482575627408596,-0.03739485352053534,-0.010587473982498456
2012-07-13,US,-0.9373727737055793,-0.4688099047102194,-0.285182698916139,-0.06657102150400182,0.05479563839917355
2012-07-20,US,-0.6138272109367492,0.061192078042651164,-0.010345122971457609,0.04542515984201402,0.004552161582210307
2012-07-27,US,1.4114711510777977,0.3527120226703696,-0.0182819430078392,0.09469312778464503,-0.09494429206930707
2012-08-03,US,0.31989374031839235,0.20528667121790592,-0.10537384472973343,-0.038709296114670756,-0.06485912590768474
2012-08-10,US,1.0968764630526118,0.3086283131588464,0.21731256316184114,-0.09918440298514887,0.04350585644249148
2012-08-17,US,2.551482943016245,1.0846561643871673,0.01665573746287338,-0.016639227244752933,0.032867214846678004
2012-08-24,US,-1.9927300140655437,-0.8416362836255542,0.1213559824853591,0.023594527028063517,-0.004472031580894415
2012-08-31,US,-2.053853518294241,-0.17983518199348167,0.12951031682579275,0.15981205854228897,0.07205543988735921
2012-09-07,US,1.728423211792,0.6851745931868956,0.22265944229258974,0.0545296538132723,-0.04738696647684737
2012-09-14,US,3.3451231704782023,1.8039627627528059,0.3819119898044258,0.1260401554460107,0.036080195830662465
2012-09-21,US,-1.5682160865237362,-0.9267307273319595,-0.1027305699174312,-0.057282362344680184,-0.17112200603948904
2012-09-28,US,-1.9527451332375592,-0.6912243605665155,-0.1828314809624731,-0.15319272210733575,0.12966099833561065
2012-10-05,US,1.80491267952318,0.6545003697486808,0.31254901920714373,0.03723052849266164,-0.005047309867677039
2012-10-12,US,-1.1795706169978475,-0.9423897646409672,-0.4236232388827498,0.006875737683525613,0.0043531676895533136
2012-10-19,US,1.7589898605595053,0.4095800111730037,-0.11793870836347203,-0.1311343878821654,-0.01791230232538239
2012-10-26,US,-0.23028601664791293,-0.13725462709472083,-0.018489677294867824,0.04241265226351982,0.023020161730760255
2012-11-02,US,-0.42080572933779886,0.07646197251615285,0.08078260894178546,-0.045075665660678756,0.01856360208084688
2012-11-09,US,-2.1923449977191196,-1.0544455903354002,-0.0036679400721373167,-0.03806430278663197,0.07931733032989813
2012-11-16,US,-0.5370533267018164,0.07483273557005324,-0.020009088817909606,-0.03595381409519009,0.04445128102572967
2012-11-23,US,1.7988634723905104,0.30083846652810925,-0.023998514223729808,0.1461067540760877,0.0020766962214468373
2012-11-30,US,-1.078802855613582,0.18881544556942298,0.36307431022606057,-0.07217246015338052,0.05842179957957979
2012-12-07,US,0.23928800135610206,0.022655723588692195,-0.14230385140325372,0.03763660859566168,-0.08563882124771464
2012-12-14,US,1.0623477325803468,0.42213729478896406,-0.34830755623296905,-0.03353227246236325,-0.00538463992418922
2012-12-21,US,0.9400656728628949,0.20098646993346203,-0.009060563187243383,-0.06961922157079516,-0.02205403267235087
2012-12-28,US,-0.6241756301136107,-0.40154834711131726,0.08053476598382428,0.05851017421475426,0.014343897704618046
2013-01-04,US,2.951966058536572,1.546489296640111,-0.04847251517156278,0.1194229061213997,-0.056257323536609866
2013-01-11,US,-0.7365913727502693,-0.23418729395560423,0.0263370407441035,0.07266509500711135,0.021112152546012584
2013-01-18,US,-0.27006341857727156,-0.14714094637233574,0.014774191272445803,-0.015157686134669309,-0.0064249149608813895
2013-01-25,US,1.8011482834107375,0.5223284355420466,-0.19155087875255208,-0.08202841833693231,-0.05525198862921272
2013-02-01,US,0.8356942660863543,0.6320151203359106,0.057580176559032706,0.11019279261877615,-0.06542124134840818
2013-02-08,US,-0.734875394737547,-0.10132708687289738,0.05789176173729585,-0.0273103801727233,-0.03133545797335252
2013-02-15,US,0.42581219080206667,-0.2782416580966639,0.04213175257278893,0.014646931335646199,0.016717343515537247
2013-02-22,US,-0.578565978940417,-0.045496649683567224,0.025866048168667468,-0.04294174195661082,-0.03021859739224449
2013-03-01,US,-1.5561998756525475,-0.3903655920971636,0.25128419814774655,-0.006723909651464121,-0.06636483757054432
2013-03-08,US,3.0181745657058023,1.089893003943103,-0.3252089747414521,0.0009829175708069675,-0.07345003367005952
2013-03-15,US,-0.7710860861467782,-0.008955138121013463,0.19313715617313865,0.03362526391561392,0.02021299064285514
2013-03-22,US,-1.1761868472908033,-0.7359048474774397,0.0528261391308973,-0.029456270430351962,0.06645446176154843
2013-03-29,US,-0.6605018037210061,-0.16813139333022192,0.13274208712506602,-0.14961804990003863,-0.022323987780053265
2013-04-05,US,-2.702602956536025,-1.4464929362910424,-0.23618351452479883,0.15667984530402185,0.020189101404449388
2013-04-12,US,0.4793892402302516,0.4376883593936294,-0.06306855237588156,-0.09142563035550177,0.029147875291732957
2013-04-19,US,-0.240065602817272,-0.5113652903174596,-0.1267168738616006,-0.07266203059692528,0.02793082352187664
2013-04-26,US,-0.4982253841853573,0.07040227587333223,0.11818360819074288,-0.0058147334072882455,0.09067404735912783
2013-05-03,US,1.3007713864538593,0.6529332829087878,-0.04092494725436877,0.008872573397169717,-0.14062364774727948
2013-05-10,US,1.9953554546079415,0.5369944929536178,0.04190668085098357,-0.04555889250013865,0.10653774017274448
2013-05-17,US,0.8311973684498437,0.49302293222537424,0.08288922685401733,0.013648617065025986,-0.03196466476880524
2013-05-24,US,0.6279141985854709,0.029413827386384633,-0.419030530956118,0.05240164398079916,-0.007836059764361325
2013-05-31,US,2.3817064825424414,0.4263324069526547,-0.3922755913754207,-0.0650637562339001,-0.12067215309536423
2013-06-07,US,0.5443445991863094,-0.05512245213662837,-0.024628914196340224,-0.222610092642861,-0.06649902028000697
2013-06-14,US,-0.7673749794066071,0.03391076298785377,0.008982808721448458,0.20818310771642304,-0.07524607730483489
2013-06-21,US,5.611615168859899,0.8523240671992356,-1.2194038157687959,-0.16103240500801938,0.0689185221813886
2013-06-28,US,-0.4230038094465863,-0.13062678170930395,-0.25333694138157,0.11822669379268626,0.10424059631217002
2013-07-05,US,3.0864989495896746,0.669426794265206,-0.5869061827845561,-0.012448526573083568,-0.05731455738763629
2013-07-12,US,-1.6595685336439165,0.14428587037738774,0.8347226177294426,0.14522046527718124,0.019154010820868282
2013-07-19,US,-1.7422034184094048,-0.06007394548245703,0.2810814446769581,0.0517250126211553,-0.006605561554364888
2013-07-26,US,0.9081541934978574,0.40243694061874274,-0.3012425911375591,0.08710763372823176,0.026826685910569355
2013-08-02,US,0.7973676979624841,0.6882569860686848,0.17778631946809176,0.06611989230040857,-0.047200979148071434
2013-08-09,US,-0.5129648493717323,-0.5458884220984044,0.036568652945703384,-0.13200816256015624,-0.2378750576857877
2013-08-16,US,4.025806278177935,1.0705376024115782,-0.6921181898545766,-0.09273925919659631,-0.0029480550089991627
2013-08-23,US,-0.17240626184255173,-0.9018333980040775,-0.3165110590897446,-0.17760458106769306,0.05840345228040677
2013-08-30,US,-1.0911856863826699,-0.5628232418373343,-0.2104672138746797,0.20965983963006235,0.07511034892347737
2013-09-06,US,2.768935135338593,0.4562683588377262,-0.06769029985864125,-0.11909505589980035,0.055129016205232154
2013-09-13,US,-0.6541734458736129,-0.03732400316619495,0.2220258311178708,0.11601451867700846,-0.020011840778137602
2013-09-20,US,-2.425417046304927,0.599810940592089,0.5800016180392914,0.1145968895278633,-0.037000216283636436
2013-09-27,US,-1.5588653130781718,-0.5375425781542055,0.39118604273052265,0.06582030781808353,0.0028604625905769058
2013-10-04,US,0.3995692921643021,0.35118369876608346,0.05884673810729916,-0.09309339389222353,0.07037067131979013
2013-10-11,US,0.39504785644224866,-0.032560742259907585,-0.019388468862321605,0.1995580086880242,0.018031525910387394
2013-10-18,US,-1.441099423293751,-0.43296680030254164,0.12141408939223426,-0.04402998327030282,-0.04468598032735884
2013-10-25,US,-0.9333432333859061,-0.2699059484312683,0.16352964569500772,-0.06078498793407104,0.004887367749368007
2013-11-01,US,1.5328230236788687,0.5371289274448338,-0.2302383598900542,0.15274188382585724,0.036175202566303175
2013-11-08,US,1.8162105581129435,1.131557573876987,0.05021256467589608,0.05157677183021105,-0.031616735631843855
2013-11-15,US,-0.8523568680182164,-0.16158798375894917,0.22811017231457434,0.018460062299068828,0.013770447778933237
2013-11-22,US,0.5171469753466188,0.2928167317296254,0.015832390237075323,0.0808069671960473,0.01580868742269189
2013-11-29,US,-0.18546215637105976,0.12267078333136133,-0.23200369226672637,0.01897440433920835,-0.08354482473418937
2013-12-06,US,1.7947377221691894,0.2205623741716679,-0.5999149215419299,-0.07935008305390967,0.061441045016069215
2013-12-13,US,0.14730744619892266,-0.5408217053530189,-0.08826745566503723,-0.07064146894854867,0.027279399566933454
2013-12-20,US,0.1773727205738398,-0.8682276934029626,-0.687264446238808,-0.24237169101352352,-0.007688964815335164
2013-12-27,US,1.9216276342040333,0.5962178385263655,-0.06068067793929133,0.11886681891098973,-0.014483294742358604
2014-01-03,US,-0.11403841928389677,-0.13562539014862066,0.0823020204648274,0.033290800698029685,-0.0028675172141231454
2014-01-10,US,-2.0307528933891423,-0.7634966780338672,0.09784259322095291,-0.035165157263825644,0.10898010569949203
2014-01-17,US,-0.4714329248366092,-0.44797617795148403,-0.05347247345332847,-0.07562717005566695,-0.06553276702211831
2014-01-24,US,-1.5190204525338948,-0.49083790298141194,-0.09958375127651645,0.00916476861355037,-0.037018563582808944
2014-01-31,US,-1.0805381059228254,0.07837237959341788,0.375685578645325,-0.021590049616612986,0.013196997853246656
2014-02-07,US,0.3328786828990032,0.7335514443203378,0.033018368347023895,0.08867347893189882,0.12079276516520379
2014-02-14,US,0.6224678415360603,-0.1238951396984875,-0.2222649150851681,-0.0715737892832359,0.04239820645699321
2014-02-21,US,0.07570076829867572,-0.17829888273900435,-0.02810531625146675,-0.23979585590778163,-0.07229013918898565
2014-02-28,US,-1.250560438307342,-0.6691005410201128,-0.022024186256871362,0.09285139929696379,0.05744299156825176
2014-03-07,US,2.340998893496699,0.3797121675940038,-0.23172114664458948,-0.10067228769931667,-0.03566712789955284
2014-03-14,US,-2.1479692224625833,-0.7570255528476045,0.212673450449678,-0.10286762805169365,0.05397306204043897
2014-03-21,US,1.6542265759313193,-0.8088059811118694,-0.6209283672595883,-0.1625641852294701,0.025918670897925433
2014-03-28,US,-0.470464193127187,-0.45607654008384835,-0.2690950284417501,0.0011971522976883878,0.015361955581820397
2014-04-04,US,0.17241445127772237,0.5092501182769786,0.2063356309815924,0.06456549081937824,-0.054108958638156845
2014-04-11,US,-2.014095388661402,-0.14753172160916597,0.14041243767093428,0.16798933229740953,0.00382810433330241
2014-04-18,US,1.6224165722569512,-0.45881398032694115,-0.6381960858257868,-0.22475516914744578,0.05346662107934631
2014-04-25,US,-0.8590711180600337,-0.4852517849882402,-0.03653433830133973,0.03582518155561743,0.035231606344167374
2014-05-02,US,-1.1699739716415731,-0.46405245228419806,0.05907180982910517,-0.03288757005643803,-0.019449725337417255
2014-05-09,US,0.48872074137929755,0.8492936496780842,0.47501404968452743,-0.017716024835807764,0.1054579316761061
2014-05-16,US,-1.6770651186402685,-0.6571114061467495,-0.0549467692886264,0.07537854093420786,-0.08336022589025142
2014-05-23,US,0.44287486002074994,0.5081625682865991,0.21589637423342178,-0.01580320229363825,-0.014535551172109222
2014-05-30,US,-0.8235254695599548,-0.547625631748846,-0.0998767099222214,-0.11662156885960326,-0.0019796897959299003
2014-06-06,US,1.9910029531914735,0.33860993792245153,-0.21892014217424702,-0.08605120673961097,-0.036458276503191896
2014-06-13,US,0.06843695754587549,-0.6130095870062272,-0.13780873075782135,-0.04487797477498323,0.051724505953236716
2014-06-20,US,0.6251427579518896,-0.10974723235243516,0.26670921789128904,0.14038560976693643,-0.06463148122960942
2014-06-27,US,-1.434582858844246,-0.13921666525038376,-0.016059772083020316,-0.062148066869911124,-0.03535829234627576
2014-07-04,US,1.9482756973327398,0.1372317516221796,0.05379911373685141,-0.006997479051665648,0.005762484131935299
2014-07-11,US,-2.0259715792488824,-0.5801896089577165,-0.027019999835038826,-0.0027008303266697464,0.07308299195424418
2014-07-18,US,-0.20625520462643,-0.6841822030540671,-0.17744797706321835,-0.1745263704753761,-0.054505274344552886
2014-07-25,US,-0.35450101226692005,-0.4987621841033625,-0.06874978792104776,0.0561551493487924,-0.008085186197418196
2014-08-01,US,0.21901210645685398,0.8347843124656615,-0.10812163123444025,0.08933096164443231,0.07989568111461873
2014-08-08,US,-1.0496101030464409,-0.2491180442706677,0.10690393734776633,-0.10105620101164878,-0.06689736555144642
2014-08-15,US,-1.5971051502906075,-0.46689949763295546,0.00972027078740145,-0.043085405459938164,0.04942903417158127
2014-08-22,US,1.4206759185824263,-0.8183653076601825,-0.1052172929383765,-0.15631199149219427,-0.0315490031969124
2014-08-29,US,-1.1212797120443183,-0.07997103396970238,-0.19618021144768977,0.047493380532256775,0.05021068858553006
2014-09-05,US,1.9221097363000992,0.6704463856691175,0.24188415139087252,0.05553993463746012,-0.047712678454319535
2014-09-12,US,2.3790603174133387,0.25673827978891256,-0.2965397362050983,0.05687352587871048,0.04622555931145588
2014-09-19,US,-0.5105260115603013,-0.5102777403270807,-0.13627761711342842,0.007706662516088737,-0.011642583944172346
2014-09-26,US,-0.8193129884271937,-0.45294832460392365,-0.025632217456199223,0.04400245531074102,-0.03299572920988798
2014-10-03,US,-1.44108015099723,-0.45538394140924043,0.0772480999797799,0.005363081372766605,0.0529864319183365
2014-10-10,US,-2.5466436434015236,0.38496096839269833,0.20195414124441788,0.09050144981313013,0.05557342295281257
2014-10-17,US,-1.4655108617206263,0.18827375861370432,0.25272186921453954,0.017318084525122585,0.04473607105841625
2014-10-24,US,1.2114755410188214,0.21421569891741718,-0.17095638551138212,-0.12255665697352408,0.000741685151943872
2014-10-31,US,1.1938247664961181,-0.6384011482903741,-0.10144793223754667,-0.013339890754118485,-0.06079675807481464
2014-11-07,US,-0.46851198492911206,-0.3381369490374083,0.07624608581770362,0.0007607707470484054,0.1274703230075361
2014-11-14,US,0.23210639399745098,-0.24109630947218322,0.06707303288696106,-0.035756414131606615,-0.08062935675269066
2014-11-21,US,-0.1923400749294403,-0.11918350987059902,-0.16634634014997277,-0.0691054023615846,0.016696514840885163
2014-11-28,US,-2.289052695040938,-0.2854363597293207,0.1561607447140889,0.1518138498566774,-0.0022887265531446963
2014-12-05,US,2.5392243535673282,-1.1304454443596927,-0.09153112112625644,-0.11406758488599192,0.15151589684150168
2014-12-12,US,-3.5840769441812776,-0.8146613079934447,-0.10254905208527416,-0.0482804730842034,0.13070522562275794
2014-12-19,US,1.3815828318587342,-0.8806668700357785,-0.18802243659847667,-0.07297815892043863,0.022341179881033513
2014-12-26,US,1.281327696313309,-0.23633304856589885,-0.17434126709323375,0.04778707587941012,-0.042585990064164525
2015-01-02,US,-2.2873174447316966,-0.1749932937533182,0.14354947629482467,0.10123143931991091,0.042936075173185734
2015-01-09,US,-2.440884485498081,-0.1798574677014163,0.20704339740018676,0.2145963225512506,-0.13453457595955212
2015-01-16,US,-2.475456136499713,0.14158541094898106,0.20247346070970876,0.005278752542757118,-0.028305247472198345
2015-01-23,US,-0.24534829135012026,-0.7464837654296623,-0.2602531207233178,-0.09119253790362006,-0.00061509126660998
2015-01-30,US,-2.090546463380497,-0.1682339387733576,0.31022489170079903,0.2567800672488865,-0.3409848671577656
2015-02-06,US,4.852633898847604,0.012603797485434614,-0.1594156511846474,-0.254385076275779,0.15313129388279278
2015-02-13,US,1.4157081702961005,0.6921415827307471,0.15950680672279022,-0.13387842617901172,-0.040164609494255106
2015-02-20,US,1.6095776356172777,0.573186726078934,-0.1957363363240515,0.021969845245584197,-0.021598090235869685
2015-02-27,US,-2.061555772342002,-0.47298147998370893,0.12465435061075358,0.05095979080241508,-0.08505053639704573
2015-03-06,US,3.980090623796786,0.7225018313020509,-0.09161156777478872,0.024152405291359865,-0.08440628153849947
2015-03-13,US,-2.1009909408780483,-0.5058043416158118,-0.07413329182030182,0.07748879771682997,0.17608108648275025
2015-03-20,US,-3.3052301177657775,-0.5815599614805823,0.14383265492350833,0.09381275285733258,-0.08709827023049173
2015-03-27,US,0.12703155129967542,0.2713068835239517,-0.05408523549622254,-0.018947115899778974,0.19281390192926312
2015-04-03,US,-1.6870985975706034,0.6257735342024179,0.43419346618954335,0.1294276279268249,-0.05363818127669515
2015-04-10,US,2.01621945481121,-0.2089214750988239,-0.23554861425230184,-0.17601987813902448,0.0337945757248163
2015-04-17,US,-1.5060740545463276,0.0822611523344172,0.12714044062514848,0.03776141437398712,-0.04671149700131157
2015-04-24,US,1.296491446706187,0.5214376198686907,0.34233648571933484,-0.03752557317045336,-0.04028350546829746
2015-05-01,US,3.2046794828552465,0.8114127633644473,-0.09660738135295661,-0.07139982433227214,-0.06876628115250653
2015-05-08,US,0.6780740367674472,0.6137637460224383,0.18924594634512484,-0.0078049936080272974,0.05980861526839458
2015-05-15,US,-0.13820398580006102,0.5747643319466388,0.20238823635103298,-0.06822710940927068,-0.11123082748538964
2015-05-22,US,1.5469875186195525,-0.3983105265257301,0.004248058627041498,-0.11443900881383136,-0.0647878810985614
2015-05-29,US,-1.5943435029633384,-0.43835037549842404,-0.0029775110883206936,0.10404118063058156,-0.029252344134353486
2015-06-05,US,4.439942872521004,0.4410500954426238,-0.45615090668727076,0.05248087269225798,0.104862634011229
2015-06-12,US,-0.1956705552642129,-0.23636239393636213,0.045458527247762615,-0.08807229121892048,0.1002589674781142
2015-06-19,US,-1.9648175512774144,0.45931977394772716,0.46263955510841936,-0.03387444060442763,0.018926366142786553
2015-06-26,US,3.4409243289164957,0.8127028561521162,-0.16751031211016376,0.183700445623691,-0.020655882498571566
2015-07-03,US,-1.6191355677956154,0.2572031663747122,0.10067974878793708,0.009798293482530425,0.07206632256188199
2015-07-10,US,0.35134238988388483,-0.09280948771682686,-0.15992263552203603,-0.08271620249710086,0.0171619514670506
2015-07-17,US,-1.2648176498166912,-1.2046205334600881,-0.1491083219410731,-0.06937439447416549,0.19348264218466502
2015-07-24,US,-1.1787078884963842,-0.9424742004551095,-0.09340788960654027,0.09913980835347008,-0.04077283133286855
2015-07-31,US,-1.1572927178612336,0.042314580959316936,0.3411835550793228,0.10918198896365706,0.07097029065542447
2015-08-07,US,-0.3719250355944798,-1.2332705686364314,-0.3143309189401846,-0.01959260732232619,0.13273673604638309
2015-08-14,US,0.2784003603763119,0.06254014485758567,-0.10366469715561033,0.0036958406669743305,-0.0418565920799649
2015-08-21,US,-2.3571119347175795,0.20176187202089238,0.36247039940864484,0.051772380740904844,-0.11853715224690906
2015-08-28,US,2.5419972523408467,0.6218313034190558,0.4377509756943661,0.08870985779793034,-0.002467048053336568
2015-09-04,US,-0.696066724517608,-0.08334040546291652,0.24025044815840352,-0.04656436412788778,-0.08278510388565197
2015-09-11,US,0.9051081296668378,0.3295729375185962,-0.18899126650083123,0.004060896254307071,0.10794860138215259
2015-09-18,US,-0.8889481858328471,0.005096947949829018,0.3357050468043696,-0.07619524855606447,0.07721551170560058
2015-09-25,US,0.5112185162011393,0.06527921750199955,-0.0899668232221384,0.02015841820554022,0.09927233735600971
2015-10-02,US,-3.0588967309458766,0.08290792841089323,0.1851476352366315,0.010712278923147953,0.03945665145568796
2015-10-09,US,2.142265910641109,0.14440128396331436,-0.0706957093383289,-0.020673982200999794,0.1006686472345124
2015-10-16,US,-1.282751068387105,-0.2447955572782883,-0.06694242476911687,-0.12493053956448694,0.09688755706013039
2015-10-23,US,1.0896992316302874,-0.11822333470890878,-0.04602875642736625,0.0036061455327261994,-0.30194932840791194
2015-10-30,US,1.1952948725981283,-0.5946901043866853,-0.05867164730825855,0.04955061196877366,0.0845409930628633
2015-11-06,US,3.4536379900516856,-0.18886478282884023,-0.019966167934811686,-0.09697788509582268,-0.16928430505541894
2015-11-13,US,-0.885617705498072,0.12227583201559326,0.12390017940663489,-0.05722835969873116,-0.006346940931626606
2015-11-20,US,-0.015518534047709389,-0.890402277594505,0.08123211937884615,-0.036892023565048726,0.016834851004740685
2015-11-27,US,-0.6548192164862389,-0.029743042281614562,0.2497628645203751,0.07389647699319764,0.09199772394366702
2015-12-04,US,0.7355678993783837,-0.3436714359521832,-0.28413620207286244,0.055175460894350686,0.11896521138518924
2015-12-11,US,-2.639409989455039,-0.27464274755067697,0.09714523982593386,0.06023704051597336,0.10648915239937302
2015-12-18,US,1.310356780363885,-0.5924570303786593,-0.10020977723885992,-0.08654159093619732,-0.08912497418534644
2015-12-25,US,1.2067711644836865,-0.06530209297454279,0.12527625966411982,0.015256755006316805,-0.07048969149331544
2016-01-01,US,0.7436751663361331,0.11337197360760061,0.19994855112215912,-0.0968714142115695,-0.14784784502515297
2016-01-08,US,-2.5843051686162433,0.4112047321341957,0.25025726133851695,0.13793965582164264,0.05945653267704318
2016-01-15,US,-1.9720139034152977,0.06142742557568399,-0.1045697848376585,0.0468175629256507,0.07361690841998156
2016-01-22,US,0.5468603746028672,-0.11572249318111397,-0.026105132135964628,0.0873824713503852,0.05260496307109771
2016-01-29,US,-2.2738022137366247,0.48673552349374477,0.17116658267447646,0.0016683878471610827,0.028362067423390737
2016-02-05,US,-1.3209814266093296,-0.30718155546802406,0.18046778084699575,0.05066736367721467,0.10565174111565415
2016-02-12,US,-1.562870315312304,-0.4916942815177016,0.0460179553839837,-0.32916130388584963,0.13856445522939181
2016-02-19,US,0.540608954360595,-0.342740606160954,0.05598117599073801,-0.007972358309663518,-0.056835674321329514
2016-02-26,US,0.31423990437035565,-0.0885478996483898,0.36231536602173486,0.07167285815488246,-0.11931281291119371
2016-03-04,US,1.9777721387001517,-0.27880399835899533,-0.34609079131490444,-0.05056800388345679,-0.02432480591903954
2016-03-11,US,1.5476911061217429,-0.4731429107304112,-0.15598694301282864,0.07585822679918454,0.11621979091672284
2016-03-18,US,-2.0355569731589056,0.665200704329732,0.032264830149453555,0.09271333400669521,0.0215843183923131
2016-03-25,US,0.5398231634642546,-0.4388668931626212,-0.10286412116596327,0.07004130993739244,-0.11883816568941591
2016-04-01,US,-2.036887058977203,0.7251969083122916,0.17607087577937192,-0.09030887864706284,0.050258623344526236
2016-04-08,US,-1.3511962002581699,0.04954626340665956,-0.03599353669767526,0.058025679153339095,0.004412436933515215
2016-04-15,US,0.61835157030495,-0.337200310765916,-0.16930534484413426,-0.012527009893514152,0.06395816772613352
2016-04-22,US,2.644397178622789,0.09528020307686706,0.06993511110109339,-0.1400588394840727,-0.16888061904868618
2016-04-29,US,-1.1498459662953495,0.37279863609251007,0.07641911744055617,0.06910209843126845,-0.03415212325094363
2016-05-06,US,-0.8496528859995528,-0.059245279915307814,-0.0001236510931093527,0.04470197411565688,0.1398899721092045
2016-05-13,US,-0.7885679263638988,-0.6762120993339819,0.08005399339136397,-0.1903016866847027,-0.13198232385043465
2016-05-20,US,2.360744499981483,-0.5658804654276001,-0.15512826011630265,0.07457918577123676,-0.0009757314391965115
2016-05-27,US,0.19791536940121146,0.006033586221318344,0.09015361614253074,-0.08948302919662778,0.013703356424204048
2016-06-03,US,-2.7476901885640674,0.08360633556576483,-0.054178045067273875,0.06473824656167508,0.18936985821732158
2016-06-10,US,-1.2776084001379677,-0.11338433005233158,-0.11998850846660625,0.013731677673077617,-0.04857858424127566
2016-06-17,US,-0.49582509096696675,0.15084723985805748,0.033669316956518994,0.03511396238282559,0.12156169660935377
2016-06-24,US,-0.7649501481026721,0.3591079798880335,0.028012774751831972,-0.1400837746274665,0.04143729393439721
2016-07-01,US,-2.221229685549656,-0.757713975443269,-0.36393530324672224,0.15231622534324976,-0.05059627880445566
2016-07-08,US,-1.4522143610704326,-1.0142506535648783,0.00928269177835906,0.09646176399256139,0.0007756766726607843
2016-07-15,US,3.62483126725523,0.4238639854115957,-0.2565127995786148,0.06963604358743229,-0.016070932684927524
2016-07-22,US,-0.22887372743546355,-0.026292159870929917,0.15678457587178535,-0.04287603894279008,-0.12465932386865233
2016-07-29,US,-1.866114725228142,-0.3996837626321859,0.087101801877317,0.05078072573290071,0.057520965597508106
2016-08-05,US,2.1499296200958264,0.4823818641669427,0.022492235701617888,-0.010607843747258167,0.062429799027523276
2016-08-12,US,-1.054247020966661,-0.49181748026744876,-0.054369342916455565,-0.0774686666345321,-0.20745284506173284
2016-08-19,US,1.2865911125496365,0.02120256765300427,0.0033609691809397793,0.01692451854303916,-0.11171248752137405
2016-08-26,US,0.8082639053942898,-0.5947123900946198,0.018861433266135347,0.104334875977735,-0.12204902278404946
2016-09-02,US,-0.4160244151975387,0.25976904159230185,-0.04407998411420795,-0.012611338723519654,-0.01733351166440367
2016-09-09,US,1.186760413791672,0.8135585179747457,0.10407092648438453,-0.04652180520457578,-0.005068138542327803
2016-09-16,US,0.3685012690042099,0.5749668747439239,0.14104604884565086,0.1065044674336784,-0.02354702136540782
2016-09-23,US,-1.2108215809710234,-0.6143799395290963,0.03304392400072342,0.051635608409020206,-0.10845675623149822
2016-09-30,US,-0.34748307342483203,-0.15320064301515723,0.05217519052140442,0.0241032461187203,0.06568553031740042
2016-10-07,US,2.342146038501917,0.4239426127454768,-0.001059340129387537,-0.07248806564596537,-0.08323366408762373
2016-10-14,US,1.0661121286927906,0.5543092289955992,0.15579234172672793,0.08572667436722979,0.04482003883734263
2016-10-21,US,-0.8988485199893957,-0.49513810426585697,-0.0032704697340250827,-0.02174515684257463,0.00578652965252739
2016-10-28,US,1.8829397119712856,0.7043555461093323,-0.012291044388737253,-0.0314039717077799,0.11330599501413668
2016-11-04,US,-1.2702291071869993,0.18028136918568136,0.07275297933435017,0.08787766474341047,-0.08437689528261587
2016-11-11,US,6.008136778212056,1.3386995915821616,-0.2684039433667038,-0.24014022844035612,0.12568492337495898
2016-11-18,US,2.976081829013448,-0.8427937688859646,-0.6222066309292064,0.06650383034916627,-0.06793727116783652
2016-11-25,US,0.4240769404928255,-0.38868472407266924,0.0547430209920516,0.06522934187241586,-0.028507458210794596
2016-12-02,US,0.716381332594797,0.5799390213963656,0.11320579284852263,-0.013125157932729758,-0.0560840591776355
2016-12-09,US,1.2918738010824877,0.25632104276521084,0.13689721604265592,0.03545502584973551,-0.08316657273289138
2016-12-16,US,1.9621795755834794,-1.0214971808385718,-0.47707912804625063,0.04277263246872389,0.15226583990627493
2016-12-23,US,-1.0038175110601686,0.0027070040230496107,-0.32223263261251295,-0.047670126582608684,-0.09256762941244992
2016-12-30,US,-1.3948921878263223,-0.14373156076124577,0.45234827420184287,0.0602550844879361,-0.03426152503530231
2017-01-06,US,-0.5505685576968916,-0.5868960816770113,-0.04762619519756131,0.063609237377558,0.0590252887755272
2017-01-13,US,-0.3059896934827507,-0.010454116654836285,0.05046604294728155,-0.018301890662924602,0.04268299648967909
2017-01-20,US,1.0267828117837445,0.5069282826562675,-0.24079919519963447,0.0695214133097899,-0.06584575602978923
2017-01-27,US,0.16063447059189034,-0.042035632994080585,0.16610725618267685,0.1135461317553593,0.005689850837973782
2017-02-03,US,0.20493330824330214,0.3515951273095258,0.21107859458498368,-0.12153493242669933,0.08747407293901815
2017-02-10,US,-1.1707790348344322,-0.5377615981791645,-0.05560749791514242,-0.004266966452450001,-0.17912462895120126
2017-02-17,US,0.39253208102568926,0.028039298784575787,-0.01791225092269867,-0.11043455530522044,-0.10107245744071926
2017-02-24,US,-1.891711853253276,0.222160633345984,0.07607975400932489,-0.014841557811158571,-0.0008352713200371545
2017-03-03,US,3.3620573335964266,-0.8490723358341443,0.017554758336997964,-0.00027194305349302833,0.02940971269446457
2017-03-10,US,1.6015909650657643,0.23572554712309113,-0.1010387597780828,-0.022802573877696648,-0.1762635293546273
2017-03-17,US,-1.2403756876470429,-0.12455060783881264,0.21739778752051575,-0.025678541033118847,0.12643143645568083
2017-03-24,US,-1.9384686494316874,-0.17812150923323908,-0.09991333469072453,0.05842613630685678,0.09129375996489333
2017-03-31,US,0.2000119738193292,0.064580810347128,0.1493588570817689,-0.03386754943299025,-0.050640869405619605
2017-04-07,US,-0.19530920115533387,-0.28825823578655474,0.11727503660626493,0.018125599081486067,-0.009310060078047992
2017-04-14,US,-2.323262991933696,-0.01588932292911757,0.22340731738211275,0.04869417014859073,-0.005628425621946905
2017-04-21,US,-0.07224135054154358,0.029018876070613236,-0.06312665928275936,-0.023801120057137786,0.06936182403820317
2017-04-28,US,1.1657791589341926,-0.15623721329881105,0.38538424715595315,0.04372807215749816,0.01695587086813741
2017-05-05,US,1.090022192727082,-0.11874273595669278,-0.23391427801328088,0.03831242620226629,-0.10904504108216494
2017-05-12,US,-0.3765699743649698,0.2701747621177039,0.1105416689043919,0.010252719005129418,-0.18079272229850735
2017-05-19,US,-1.4064646896135307,-0.5544917082508819,0.14119630452241103,-0.125121862109675,0.13022523766568989
2017-05-26,US,0.31694388638901827,0.013794804195249559,0.13408154261404964,0.0979147699714691,0.006806711419080502
2017-06-02,US,-1.7153724144676175,-0.6232866815206743,0.02109338420797859,0.08069870525890993,0.03253244855578072
2017-06-09,US,1.2043901435618167,-0.16816419806596802,0.1656245614858888,0.023721123859271737,-0.0037049284978445656
2017-06-16,US,-0.972653277998429,-0.3397040358772994,-0.27722788064381054,-0.02759718434844119,-0.00810601487206793
2017-06-23,US,-0.3176252779485418,-0.6211322348465264,-0.27589820517184804,0.08673061158733136,-0.07397078728973092
2017-06-30,US,2.2680954085821683,0.4902275179550164,-0.2637951871030754,0.08452588475089497,0.10065915304482526
2017-07-07,US,1.3734289994576805,0.4532687693687595,0.0023706571402121253,-0.013459621150313584,-0.07916456703461686
2017-07-14,US,-0.9592055056182724,0.28520642547458214,0.20789515117556595,-0.01293435821847039,0.04664408024316418
2017-07-21,US,-1.3303996586698132,-0.7331880605409586,0.14405709363876437,0.04179057111717538,0.0009933753506143643
2017-07-28,US,0.8750910416103153,0.7162144225704208,-0.0033342119543270958,0.012172176073490951,-0.02407954934630565
2017-08-04,US,-0.43193993941100267,-0.48240473963948605,0.012817200740361821,0.046023016959118694,-0.033647153164830086
2017-08-11,US,-1.2729907545142682,0.15173224705115096,0.08545076121007113,-0.05924892134710803,-0.005695516976680396
2017-08-18,US,0.15113930092628264,-0.37183141525120444,-0.04167348314506343,-0.06560839972167756,0.00815997546343731
2017-08-25,US,-0.23651816459366404,-0.3866898811812606,0.019430641419381656,-0.0035491127534635326,0.011251936584032644
2017-09-01,US,-0.10730489694555626,0.16562126997397122,0.30278054166828616,0.06531874608455322,0.07334373646633943
2017-09-08,US,-1.8195556146420486,-0.02931528623009798,-0.13902348151380606,-0.023239932728176475,-0.003819219141112576
2017-09-15,US,2.4790117641584932,-0.40949328153988096,-0.1665013735368814,-0.049204924947612486,0.01592085417660398
2017-09-22,US,1.0849564620830645,-0.34636468599846226,-0.00949814219628294,0.06992794788170129,-0.07070739017127027
2017-09-29,US,0.9445818427959258,0.3175615169372971,-0.07853560289468367,0.07631801862602307,0.04216180299374445
2017-10-06,US,1.0083033258353302,-0.233880954532912,0.2309141436218316,-0.01821785275502934,-0.03426686577059729
2017-10-13,US,-1.4799080935136886,-0.4509534817125186,-0.0609445970288699,-0.024775999315139734,0.00676366558493888
2017-10-20,US,1.90149962885781,-0.24063324985034398,-0.07802798555074353,0.016877150423287784,0.0002191031711729992
2017-10-27,US,0.4023309394915695,0.3797328209006148,0.04614895623157965,0.05403319219829176,-0.008310706986140953
2017-11-03,US,-1.221796498463997,-1.091956544905189,0.10749485694605286,0.07199564574101237,0.11101695685841093
2017-11-10,US,1.2094366019093103,0.08187489308249943,-0.014625584918655734,-0.05728746246323023,-0.1397149916544365
2017-11-17,US,-0.6789190968435319,-1.1392916686463843,-0.0007607461702567918,0.08700544920948888,-0.0481925101292033
2017-11-24,US,-0.040450619163696876,-0.29855598360761326,-0.0016929513041039539,-0.011003200782229121,-0.05585853838891587
2017-12-01,US,0.4623265710115723,-0.3487158669896324,-0.23683317403651596,-0.06097549672621491,0.06040076997937765
2017-12-08,US,0.2359575210213304,-0.09452316047707067,0.06950101599448093,0.01866971973832711,-0.0020763686104849173
2017-12-15,US,-0.5199249713242582,-0.9587013865067114,-0.21685429373411338,0.04822293459911821,-0.01862853746351725
2017-12-22,US,2.38307058543649,0.4780593771745667,0.19633859781850344,0.013266494805577976,-0.1013551235840523
2017-12-29,US,-1.3636412238531475,-0.4717413858731195,-0.004318888681632321,0.0154952137624378,0.07854839888575124
2018-01-05,US,1.3962644801555468,-0.1971247487439424,0.02609048688392439,-0.09496392369676712,0.05787304818886164
2018-01-12,US,1.095969924169079,0.08637763716422911,-0.17228105396652413,0.14835403983583936,-0.09483627876978783
2018-01-19,US,1.5141265798416164,-0.21117683481478552,-0.11647740374730761,0.014856588774910293,0.0008705271261161012
2018-01-26,US,0.46116963270004274,-0.5035582497453918,0.20554698641996696,0.14595083309708648,-0.02750949360373186
2018-02-02,US,2.5904745540492646,0.9984161966631159,-0.17545342826113994,0.11894477940049114,0.0003098001702299804
2018-02-09,US,-0.2011589502396475,1.2447502315252161,0.095949776403674,-0.10109797091834048,-0.070472079598656
2018-02-16,US,1.1372016532369114,-1.4271951688808162,0.11600369734785121,0.009685933463109926,0.007894625620566087
2018-02-23,US,0.3533715356870858,-0.071080619486197,0.3567885308569255,0.0871251548692568,0.02214182850225423
2018-03-02,US,-0.19474036814783227,-0.19962847385532448,-0.0818320489157487,-0.11003409815169815,-0.014191134409339263
2018-03-09,US,0.47182174067717825,-0.018920084732509283,-0.029052434708775384,0.11817903475082135,0.057930645353907816
2018-03-16,US,-0.6754485962250492,-0.9184055366943757,-0.02598328300878475,-0.014159371864046229,0.04225709332345977
2018-03-23,US,-0.5349567222837004,0.13337995969586425,0.03919615212132816,0.01966166566844576,-0.019892944804094648
2018-03-30,US,-1.2488444602946167,-0.5362403339374081,0.009530534736319658,-0.007124075882870772,0.004995381048887115
2018-04-06,US,0.5150310986319772,0.2566866487105138,0.0007931387102905208,-0.024201577210657167,-0.0175194989931817
2018-04-13,US,1.074246688797327,-0.7572092693022364,0.009565237400496352,-0.023184928045963372,0.048653373507297294
2018-04-20,US,2.334862955452594,0.01164904958495461,-0.06659676522328835,0.07303675084376776,-0.056891431191093474
2018-04-27,US,0.03815472528212019,-0.2931001240267238,0.10323587713723173,0.07670621830386534,0.01980930463612626
2018-05-04,US,-0.11432283578764679,-0.1799402711142316,0.1818555632258315,0.09737064931462439,-0.00042698004847761356
2018-05-11,US,0.38408258067463147,-0.40606756842072245,-0.2699454931193495,-0.042487025511904225,-0.12483610060181778
2018-05-18,US,1.4546997813291187,0.6059016150066958,-0.03260235900122696,0.0017055804662320265,-0.07272202417069996
2018-05-25,US,-2.2482050857114904,-0.13510887248442666,0.1821886305424699,0.06729067139122298,0.08671830434093816
2018-06-01,US,-0.6612683223208227,-0.2866748214385926,-0.07026919944409106,-0.022211317009919584,0.013345933097554044
2018-06-08,US,0.7046013519089633,0.02865327012530813,0.07297741804960578,0.03585548300325387,0.0037147502984903272
2018-06-15,US,0.14557219588967962,-0.6512647713290225,-0.0756561872457752,-0.02005905841178073,-0.017945402159398997
2018-06-22,US,-0.30657779878677444,-0.07666673747936781,0.2937391178817525,0.06046474192719256,-0.05010834142472487
2018-06-29,US,-0.9673705894655807,-0.10458556076509685,-0.14369163378209326,-0.00906667704174629,0.020439899916418577
2018-07-06,US,-0.4678662143164835,-0.3457179099219852,0.04850905241519721,0.04287881243086175,0.015460758285729787
2018-07-13,US,0.3442569924268765,-0.47518938470021477,0.17665831147523225,0.06356157833569598,0.012715337817263259
2018-07-20,US,1.141415906825711,0.5242388426193085,0.10335209095098707,-0.058542802292865646,-0.06061859285680933
2018-07-27,US,1.3215872003387326,-0.15221818214553037,0.09495969366961693,0.04203053000407049,-0.04637029708448372
2018-08-03,US,-0.25971499940040843,0.3155994787816343,-0.07610569768283573,-0.028242700507409218,-0.01621665108329213
2018-08-10,US,-1.1646912831087222,-0.22893397717199468,0.19260805669082187,-0.014357062749743875,0.009096189451066317
2018-08-17,US,-0.034864241830573434,-0.04153976863649546,-0.011876236615849946,-0.007159477449059269,0.06791925147961868
2018-08-24,US,-0.705446411985049,-0.5541811927492514,0.11550778212526436,0.04334497259820322,0.007901354840701744
2018-08-31,US,0.6360600101362588,0.4416229547327643,-0.02327775658600602,-0.0008591018389866182,-0.07930429168331393
2018-09-07,US,1.6308755515982158,-0.15773619183263268,0.24271313393009655,-0.008199082421039025,0.0394258767149646
2018-09-14,US,1.003970096715381,-0.4546826506707785,-0.07407866881585543,-0.009317102351435682,-0.07959047020083608
2018-09-21,US,1.1756454760149924,0.2322746647124063,-0.008060471129489674,0.09396994205828448,0.04039351845768883
2018-09-28,US,-0.19119292992422612,-0.07495306471912704,0.06431546636523174,-0.04092118030823497,-0.030870021347185198
2018-10-05,US,3.128406973012904,0.8495835118731015,0.17145542441120606,-0.00395467002553222,-0.044222372062293375
2018-10-12,US,-1.3598093691257873,-0.30275109577130593,0.042275083838343684,0.020528282989310337,0.05942897478225516
2018-10-19,US,1.126951216417736,-0.15180675360208615,0.24719155014730046,0.013588991469597564,-0.02926689546525743
2018-10-26,US,-1.9635836753607576,0.517951433887679,0.19162944677144544,-0.07052303151073305,-0.00029186066461413013
2018-11-02,US,2.529335270857032,0.09304712906884098,0.11147324103169619,-0.003966636579097552,0.00478534819951887
2018-11-09,US,-0.3981102689236456,-0.6776387934827933,-0.08207989187370875,-0.006448258276268569,-0.018410838785563807
2018-11-16,US,-2.1150925047211024,0.6230109246678012,0.054626577871627585,0.026965721853383036,0.06036657725472376
2018-11-23,US,-0.3475023457213533,-0.13078350190845678,0.09634117993385982,-0.025289818524348,-0.03198688192829636
2018-11-30,US,-0.46086754777091327,0.022260772272922353,0.21360002027010366,-0.03856615544227569,-0.00844093744515012
2018-12-07,US,-2.7992668434757744,-0.4551485938762108,-0.016976561886421035,0.0067554844564011625,0.12205117875611321
2018-12-14,US,0.39388143914050916,-0.054374046304679846,-0.20588428596507247,0.12198072199160834,-0.03207435014723937
2018-12-21,US,-1.9731803207170353,0.03961412153091024,-0.2910656019404113,-0.030759723770767234,0.023511032362354717
2018-12-28,US,-1.066150353119972,0.8506286986306284,0.060476067329503225,-0.2639995822960728,0.08897379085220715
2019-01-04,US,-1.0056009476878063,-0.16697155895483445,0.10371857183401957,0.16653122619994934,0.02920408397194023
2019-01-11,US,0.9768546762698361,0.06421520440182285,0.28546293441413406,0.025789053627401432,-0.1162879431453325
2019-01-18,US,1.3557205596263697,-0.32555449612992765,-0.14365693111791725,-0.025127529204837365,0.06409789237482669
2019-01-25,US,-0.5387885770110603,-0.0356103304059512,-0.007397820398643421,0.014628596441576104,-0.0007735207005984147
2019-02-01,US,-1.1104491907713883,0.45699793832702,0.015504728927191872,-0.028918518114011433,0.007189568751158948
2019-02-08,US,-1.2720412951013649,0.16604902602548607,-0.08600580436589353,-0.03181766363682337,-0.022473206618435146
2019-02-15,US,0.7710268169670322,-0.42044649750126406,0.15419334115843028,-0.032438476561210024,0.05340560586442194
2019-02-22,US,-0.10197402209431242,0.4599752420880538,0.022976852502736133,-0.07976968885454376,-0.06510686385590099
2019-03-01,US,1.9106141721180179,0.1634755153636757,0.10210223383094857,0.04044072695685125,0.009645593856159144
2019-03-08,US,-2.518096661447009,-0.04539156056281438,-0.0264791982313703,0.019499667271053896,0.042263822543594974
2019-03-15,US,-0.1862908677967728,0.23447839334997164,0.1702011932809022,-0.17798162794501507,0.009572508751759136
2019-03-22,US,-2.747063690247958,0.09844251578788676,-0.037749089057326955,0.05746322360242183,-0.02031211875017895
2019-03-29,US,-0.81394356898291,-0.20342863470324288,-0.3937678854466594,-0.002299850342218712,0.023898494959268306
2019-04-05,US,1.7121463334696612,-0.005103346194697232,0.20774011778865972,0.006966119195504039,0.0458684195788801
2019-04-12,US,1.167297451354597,-0.05329067239324162,0.014820596057972172,-0.0570003673653985,-0.004702893104907095
2019-04-19,US,-0.06919528671052405,0.10188287917075976,-0.17537798391948725,0.05924561741678692,-0.011760091433380082
2019-04-26,US,-1.2619772924282535,0.584474570213842,-0.07733215056017118,0.019177170607031852,-0.029824405575202974
2019-05-10,US,-0.6183241085732554,-0.07780011006788076,0.01496392732352871,-0.05111901571173369,0.03800873816181355
2019-05-17,US,-1.4286351274022473,0.06590370787053511,0.04557345196373845,0.04789354676366254,-0.021149530033898647
2019-05-24,US,-1.12369927755923,-0.13799885684772675,-0.06749993080101001,-0.042828379900927825,-0.0783493729103878
2019-05-31,US,-3.592144045670898,0.5336755461995737,-0.4138278731987628,-0.05359474827373211,0.05754778808777717
2019-06-07,US,-1.0274431585907087,0.720073849940956,-0.03207955563350821,-0.06433572703423748,0.05885691334140988
2019-06-14,US,0.12525775639739414,0.20569809976134967,0.046858011747951546,-0.0671508346491462,-0.04775572428845971
2019-06-21,US,-0.5643664327396737,0.5638169244655178,-0.06258585767909294,-0.0016006224594156539,0.03854265462754756
2019-06-28,US,-1.011283534922572,-0.3053599100034406,-0.013302205561290713,-0.056983300693282245,-0.085117627751778
2019-07-05,US,1.1113201087080236,-0.8496656538682625,0.20453519224086492,0.00814349853564021,-0.048021074131331005
2019-07-12,US,0.995493454798487,0.8863145483705498,-0.043834063260576345,0.04278967440441743,0.12381763493106183
2019-07-19,US,-1.2011189324067912,-0.1440585534905485,-0.030098931552052496,-0.0035674476475341826,-0.006238927632108662
2019-07-26,US,0.7342954788686931,-0.3574688136787332,0.07520588508901953,-0.0069620774854748674,-0.057161386298797946
2019-08-02,US,-3.7659834880035428,-0.24864734920460213,-0.08154538638463722,-0.0982713948443743,0.07123212812410333
2019-08-09,US,-2.173098993170886,-0.19509292503785158,-0.2723699923244446,-0.07773176961193835,0.012068519193099168
2019-08-16,US,-3.68918595553576,-0.4205234475907823,-0.6080935455229661,0.04592626710663314,-0.14166098953210782
2019-08-23,US,-0.03851768326213881,-0.15819925145447195,0.3878141523678021,-0.0608326469759344,-0.04142258320889658
2019-08-30,US,-0.5434062226347582,-0.3007269075094341,-0.21283709007532273,0.08760919546176202,-0.04365658796519315
2019-09-06,US,0.8623616015115831,0.1506118923250252,0.12789397882272158,0.0337215592991882,0.052496949771578795
2019-09-13,US,6.332447087124667,0.13048829808819834,0.2963410180100222,-0.026698020058145984,0.07726870474380627
2019-09-20,US,-3.0304704969785545,-0.47356898953756466,-0.2740340242108205,0.10923527095500295,-0.050192592797728086
2019-09-27,US,-0.9220453547961411,0.2071512556970376,-0.09880680883624177,-0.046438744596521586,-0.021682058014798035
2019-10-04,US,-3.385511123175232,1.0920463939976235,-0.16787897219881565,-0.02398782168911007,0.047529142691802945
2019-10-11,US,4.49655968580688,-0.470355131904271,0.23404577623896836,0.05482971750093365,-0.07368506064859302
2019-10-18,US,-0.09812289507043125,0.6065483910831655,0.025404835610255534,-0.02534355498460418,0.01344612428630116
2019-10-25,US,0.8923401449750625,-0.19119531051339636,0.030568903101128076,-0.07317584980613381,-0.010819723991358643
2019-11-01,US,-1.3900241427746258,0.05397672310338026,-0.1741862337063253,0.027886598465435647,-0.04181032939988112
2019-11-08,US,3.8189806215628757,0.5057814661432721,0.10944272826228645,-0.04207362450497699,-0.14729844062005784
2019-11-15,US,-1.9001613536043382,-0.21194623385931413,-0.17595348818732715,0.0531059719821586,-0.02459891448113808
2019-11-22,US,-1.056608769592012,-0.617096726465576,-0.058187030507141746,-0.019611233138510473,-0.04299566982056293
2019-11-29,US,-0.03419919892142636,-0.07153787062777679,-0.08377925943081059,0.08435162887782093,0.053582099003512976
2019-12-06,US,1.0230717050435763,0.46406238154740287,-0.0566448477479441,-0.10503643049101519,0.02961331191789921
2019-12-13,US,-0.3489339072303231,-0.2193288280255475,-0.034767083820339766,0.010605808038895959,0.018020191425422268
2019-12-20,US,1.4515329695109076,0.4069132229136015,-0.15109935433616095,0.0881836175662414,-0.06793975254331261
2019-12-27,US,-0.6895308877715844,0.18799258848253575,0.05861059727069328,-0.015289383084429677,0.024214996341126102
2020-01-03,US,-1.3895227683820377,0.10578812913943354,0.08421260621138112,0.013952778834973013,0.02263269913385306
2020-01-10,US,0.5845026275210673,-0.11954911581590652,-0.03024226281760686,-0.009448799301194933,-0.048950558898828524
2020-01-17,US,0.23805412543944993,-0.03597593635125883,0.12870625693371993,0.07428519950196731,-0.06642059444031088
2020-01-24,US,-2.5631374796127004,-0.31281349605933134,-0.17091756593823007,-0.007208113790768894,0.08194524330916232
2020-01-31,US,-3.327053056372158,0.28306830630850843,-0.03613146195647446,-0.08766113573378863,0.040226971384673696
2020-02-07,US,1.4343066317756623,-0.29768149544233086,0.0054378867358733625,0.013188825238189008,0.04209332315417331
2020-02-14,US,0.04082016270774478,-0.1459231379696783,-0.03666596744554325,0.004162000834316436,-0.04941599552499283
2020-02-21,US,-2.3673543506864836,-0.2689944794513023,-0.09248761590070943,0.04941764679705844,0.017275305501863028
2020-02-28,US,-6.7767788626541945,2.193413532061569,-0.6649991779031315,-0.1412575103542291,0.1404923684804651
2020-03-06,US,-7.132430248628352,0.23881888509478516,-1.0514967985800239,-0.3343102032502999,-0.2017922401398924
2020-03-13,US,3.339542210515061,1.8206581001928526,0.1917715120239043,-0.28909769100895616,0.39824385507873644
2020-03-20,US,-1.0811735149418957,1.3794119572931804,0.32497404018769355,0.6067149793151855,-0.2886829631025901
2020-03-27,US,-3.7040889376577395,-0.9484624791461795,-0.7074406478046648,-0.15841756834830928,0.10638822580611076
2020-04-03,US,-0.8975517129751125,-0.24313063201285648,0.08896571013802584,-0.37609771625201416,-0.2301092900477711
2020-04-10,US,1.3455856050053572,0.80878891411959,0.07056899497613327,0.24783939700478,0.11515270538988802
2020-04-17,US,-1.2049700594306691,-0.2906317024856616,-0.03252691465957273,-0.057993581517470395,-0.08479191577430925
2020-04-24,US,-0.9079437909530848,-0.9216640105865755,-0.22756667852817247,0.004084331266928092,0.09403245121322953
2020-05-01,US,0.7189216460968985,0.7640912332673365,0.2152738321735059,-0.09232817207348422,0.14881564616247617
2020-05-08,US,0.7287012322662563,1.1382018964900742,0.32350102874023784,0.022746510786960616,0.1439049843713584
2020-05-15,US,-0.8214095928453145,-0.5114955487297356,-0.08483745839543778,-0.011613024452897714,0.03134849661993987
2020-05-22,US,0.7086790785470363,0.2867927234061375,0.10834982663348239,-0.12197742567260318,-0.21319003546204288
2020-05-29,US,0.1720914901809269,0.5097695195247627,0.39422115256750834,0.02985921014983595,-0.24701324596390203
2020-06-05,US,4.072876242146826,1.3596884061387287,-0.030968655768757434,0.10380987923158215,-0.037649598739365304
2020-06-12,US,-3.2043099393112,-1.255891884941741,0.05824846260330515,0.06455862438436204,-0.03650825276140181
2020-06-19,US,0.0035830742804857435,0.028342754623676993,0.09866594044675406,-0.13261135170462862,0.12603863312347802
2020-06-26,US,-1.1306979441047995,-0.5059775390426342,-0.232590898655918,0.0386165879722147,-0.05444767717950729
2020-07-03,US,0.5224296638794672,0.5279352068418278,0.14936863709879197,0.09933747450274313,0.04435460221117599
2020-07-10,US,-0.785965420035902,-0.7224109255899865,-0.4230941394004354,0.05485806434888454,0.015469968881340364
2020-07-17,US,-0.18705738639659103,0.1159349652416033,-0.03281009328825541,-0.050574895054891836,0.04524242962936946
2020-07-24,US,-0.978504799538784,-0.6634522729207349,-0.21165704198351362,0.08203200557804696,-0.03177085532925796
2020-07-31,US,-0.8084439225612257,0.039186365479395205,0.0977207440937731,0.06637668595060535,0.11932797544713275
2020-08-07,US,0.4711374254715077,0.03349515836547041,0.08701657751863884,-0.022725136219126186,-0.025404614415680853
2020-08-14,US,2.4807582659139835,1.4246774100803399,0.36286723674020266,-0.044136478890976195,-0.01415591068596969
2020-08-21,US,-0.9833053859755649,-0.8243422008901842,-0.04262845951506663,0.00017461399782222424,-0.09354615382970408
2020-08-28,US,1.6666153923576341,1.399390937916949,0.34688278886043833,0.049843014357552284,-0.05419475477818779
2020-09-04,US,-0.3930445382796285,-0.4500168434410277,-0.306496027690708,-0.03806377995570245,-0.05674848969646055
2020-09-11,US,-0.6974982860265779,-0.1718857315800075,0.10914218440420419,-0.010668737564644704,-0.03277803053193365
2020-09-18,US,0.5111992439046191,0.08769635860870116,-0.04580083380968228,-0.02923464643752791,0.001599925110314279
2020-09-25,US,-0.7363069562465152,-0.18987241298998678,-0.07321650201690252,0.008585246390519208,0.018671615380365204
2020-10-02,US,0.8281513046188246,0.42015892912522884,0.19514055149074674,-0.06939812040890023,0.04915725070277403
2020-10-09,US,1.4499377394853776,0.40017740482384223,0.048094244642310685,0.018634318172143106,0.060847501820246945
2020-10-16,US,-0.6582222584898064,-0.21381081833844473,-0.182520524080819,0.06083542046400781,-0.06777598237402536
2020-10-23,US,1.6073943002877211,0.500238287164645,0.2467303375888873,0.031187178441603524,0.01439782621328672
2020-10-30,US,0.13100780224707834,0.3809048067051363,-0.29362713629646114,0.04213781464136574,-0.0027581154297671457
2020-11-06,US,-0.6286725277501187,-0.5405405352218509,0.10584381627881075,-0.03803400133899727,0.04780047428422134
2020-11-13,US,0.9033536070610741,0.24154701264929168,-0.13221400866911245,0.00525024214800733,-0.03494861258987664
2020-11-20,US,-1.2510618126999284,-0.7209119470561637,-0.2804230261745794,0.10678521892742418,-0.007000036965483269
2020-11-27,US,0.2827335894962602,0.28334184099545334,0.20132811528207445,-0.005204909736618741,0.0034670123502761278
2020-12-04,US,2.0119936870391593,1.175376590485017,0.12864251471341576,0.10820253241803539,-0.09628667343914071
2020-12-11,US,-1.4772041114950232,-0.3486107778688787,-0.289178420436556,0.001465912501448845,0.1328831899152126
2020-12-18,US,0.9059515858717817,0.35190564281115566,0.1853900721878366,0.04693190228118102,-0.034849809885968995
2020-12-25,US,-0.3859303895358921,-0.2230831662753304,-0.05836698654119982,0.1495551203742895,0.007566148673542629
2021-01-01,US,-0.15141552799486363,-0.06506674544151078,0.031051597797917014,0.016649158089954475,-0.0014249446555431949
2021-01-08,US,3.0625696132588627,1.3648959003242012,-0.15303357363208833,-0.014427343051188986,-0.0011218897138235697
2021-01-15,US,-0.3430054480848416,0.008208686202079131,0.0710321296388732,0.07125435702940427,-0.06544345850789648
2021-01-22,US,-0.11020656455653567,0.03336489995319359,0.1288959929848007,0.03832386992490212,-0.02198694131761863
2021-01-29,US,0.16531957483050577,0.2598993000045803,-0.08595939958036986,-0.07366034486754823,-0.02075118476246461
2021-02-05,US,1.152144952407971,0.9126662848163861,0.04012272194175346,0.08396313827786565,-0.08230694428968278
2021-02-12,US,0.5478920374099172,0.06955295699956993,0.121518601084639,-0.15349717479939545,-0.08317790721785627
2021-02-19,US,2.0055638535010956,0.8960276702213421,-0.23555553866350504,0.061487803057989524,-0.07726605203955351
2021-02-26,US,1.6323020100533112,-0.09926140181143236,-0.7277727837543594,-0.15241475425886047,-0.3232414584587031
2021-03-05,US,1.4606860573641585,0.7661877059142158,-0.059301113779378696,0.21053332338594313,0.13683156263307078
2021-03-12,US,1.5352862479948874,0.810949703742608,0.04849363708475002,-0.12403338888716801,-0.14961474107636524
2021-03-19,US,1.0600821938566432,0.1782301846683281,-0.22492118111659995,0.24399596459372197,0.14961645717216693
2021-03-26,US,-1.20733180805602,-0.4159109486837881,-0.03634460225025802,-0.0001361480214489304,0.07966525946685879
2021-04-02,US,0.7643800255401302,-0.7072919428353776,-0.5679570948972046,-0.12929923490738568,0.005542661564626686
2021-04-09,US,-0.8808845776762094,0.2463474040898611,0.4123775223779094,0.13885490948421647,0.12475246043385
2021-04-16,US,-1.0572738125011627,-0.5870986244742971,0.013715992307817084,-0.11112233946538722,-0.02865851734445537
2021-04-23,US,-0.15141552799486233,-0.0650667454415093,0.031051597797918468,0.01664915808995326,-0.001424944655544063
2021-04-30,US,0.7906727202171845,0.34217604373268984,-0.13102418056027929,0.1328780762000233,0.07193259166285759
2021-05-07,US,-0.7654420435050502,0.174267495140995,0.3984899123933558,0.15835366152271696,-0.060810122124816214
2021-05-14,US,0.9791394872900633,0.28570517341575874,0.1179105698853128,-0.20234611878562012,-0.17361662799599278
2021-05-21,US,-0.00038880073058357456,-0.2443547833643829,-0.13451036263242722,-0.017512711000630926,-0.0288539988629202
2021-05-28,US,-1.0067673649895428,-0.18878486299960792,-0.0827772452687323,0.08895393950353576,-0.020901792085685225
2021-06-04,US,-0.2700634185772707,-0.14714094637233419,0.014774191272448252,-0.015157686134672103,-0.006424914960880101
2021-06-11,US,-1.0237478308140766,-0.8042304181765221,0.06253843186720588,-0.14890683072724673,-0.10865407804524094
2021-06-18,US,-0.19620245339957137,-1.9894842845099316,-0.7107542019538401,-0.17918239282492682,0.013445093287586102
2021-06-25,US,1.6144122391298144,0.8457998282528539,0.3676553160313422,-0.0008647247884700787,0.08816854272810559
2021-07-02,US,-1.6359330928070643,-0.46246903793623345,-0.12847242622125096,-0.07322448614784009,0.003206267838180038
2021-07-09,US,-1.0875367724683935,-0.28960630260148923,0.210594610790417,0.05985491825652548,0.0370986935841303
2021-07-16,US,-0.5924811086374088,-0.6104953428670343,0.014764411255423219,-0.1483627100704027,-0.10142038657768311
2021-07-23,US,-0.4895160054160922,0.3040717711287866,0.16711905036177968,0.2513534663168052,0.02620143136557276
2021-07-30,US,-0.7352560211429445,-0.027014103916002962,0.030241241791248173,-0.1829013351161954,-0.01943884266289195
2021-08-06,US,1.0139764340798874,0.03753647522668305,-0.2809410565420922,-0.07920694238151477,0.11785923347860534
2021-08-13,US,0.07541635179492362,-0.2226137637046199,0.07144822650954036,-0.17571600729118916,-0.06984960202333847
2021-08-20,US,-0.5891120837095953,-0.5381507410146733,-0.2853724349672203,-0.030609691926937042,0.010361985276484393
2021-08-27,US,0.48398234776840704,0.45805268358165463,0.038826460036187734,0.22478934875831233,-0.013764779432681843
2021-09-03,US,0.2460215236944415,0.32390238371128444,0.07817466980020621,0.06966455398218294,-0.009427567567250198
2021-09-10,US,0.27009088030896305,-0.267859474461464,-0.16911560879305318,-0.04848833947057901,0.1083918208488273
2021-09-17,US,0.15332263625583833,-0.29888297633691563,-0.4841401570580027,-0.07482573291769629,-0.027835940985717293
2021-09-24,US,1.6366063251513823,0.03988765621785459,-0.05360602470186072,0.051696502226402576,-0.013248926672040326
2021-10-01,US,0.2136234147160505,0.6076817636716823,0.3041800261684763,0.08624020265432487,-0.07467095530023263
2021-10-08,US,2.1072698228520115,0.3178220337618506,-0.16229443382700737,-0.045779993662033384,0.03532645679762147
2021-10-15,US,-0.2250338518578352,-1.6034466365200344,-0.3827673197170429,-0.04410076166625337,0.029195230862450766
2021-10-22,US,1.16029878480903,-0.4212693545881495,-0.15027037179693406,0.02444460050773852,0.0191988026259696
2021-10-29,US,-1.4880540566454301,-0.8697047674479069,-0.10866336162965641,0.0011902268493816498,-0.4195862418694041
2021-11-05,US,-1.8887909133457803,0.3319998622600596,0.20579831328035555,0.06154638299155741,0.19216781870961636
2021-11-12,US,2.548748437254812,-0.7189970239939886,-0.25292432841333257,-0.14792506029780872,-0.11562315514038982
2021-11-19,US,-0.5823978336677781,-0.21448693978538144,-0.020727924351305934,-0.04797481118348332,-0.011099173288748964
2021-11-26,US,-1.085941542442864,-0.28287048451173075,0.011401011811946995,0.12940421765062496,-0.09168856077942913
2021-12-03,US,-1.2760964076908907,-1.7106370370841004,0.41709615294704716,-0.06162209282391502,-0.18009365917876777
2021-12-10,US,2.5353268126810935,0.520502613998519,0.23248473293060518,-0.23372753643645677,0.2024622447465996
2021-12-17,US,-0.9682623835698768,-0.19269592144854075,0.24330097332583914,0.0843867395218952,-0.16758331307803329
2021-12-24,US,1.443724863836145,0.12832500963060042,0.041848573944103094,0.022065617798227893,0.1467516889192135
2021-12-31,US,0.1577520752774313,-0.19670914412155902,-0.051943281913263875,0.13594432023877617,0.00803158529970934
2022-01-07,US,4.0429879229277645,0.12630951343258048,-0.2007091493593959,-0.0638614074735007,0.07963587321097457
2022-01-14,US,0.8796683701849357,-0.8305914224679002,0.3773331354101441,0.06925820769349117,-0.13904412750968173
2022-01-21,US,-0.47169806904384354,-0.5147082000238028,0.0019150798952220702,0.03784574320399383,0.034580182389224605
2022-01-28,US,0.9508944216797834,-1.11880126212502,0.2895204760505243,0.08282163970925238,-0.027577973443303053
2022-02-04,US,3.0620042735843405,-0.31332117194007963,0.2806798574298738,-0.09600352866875198,0.02937967342420473
2022-02-11,US,0.980121191322676,-1.4450115777606432,0.7657703379960699,-0.050754062763294645,-0.10490580411079686
2022-02-18,US,-0.1825604887600814,0.25492715335213906,-0.058119143583240426,0.045969280498858074,0.011785853049768057
2022-02-25,US,1.127312570526614,-0.2037025954522826,0.319008059505803,0.11978688177000178,-0.1388359230214174
2022-03-04,US,-2.9528384117594486,-0.3034553114064362,0.8672695728676892,-0.08335772321267106,-0.2027729624044932
2022-03-11,US,4.797967369722809,-0.8213502468654403,-0.06934111121921922,-0.05561206236404697,-0.016533604341544085
2022-03-18,US,2.6147205515035408,-1.3977715585810015,0.11043675351210915,0.18100454557404208,0.02716510885772358
2022-03-25,US,5.673835859319378,-1.6812387906384447,-0.4966603087038709,0.12340598770321291,0.14931820869920973
2022-04-01,US,-1.012234766791516,-2.1764333933329856,0.2450504588775606,0.14443820152274842,-0.030842759046601657
2022-04-08,US,5.04820605554221,1.5054845206450913,-0.044668451806559005,0.24633415469638628,-0.04184708595609997
2022-04-15,US,1.553336921219514,1.5668364268868018,-0.037530285655491255,-0.0282661355200344,-0.0023005009143714427
2022-04-22,US,2.0988140225276233,-1.8164840813807805,0.4933206364879786,0.047542205157183874,-0.09829349732792382
2022-04-29,US,-0.14584842295826272,0.21436661063630733,0.0650343018986262,-0.028900183219941544,0.024680432967294032
2022-05-06,US,3.7308091555035525,1.7232987787431222,0.019632740392983874,0.015024185385363998,-0.17679254496133395
2022-05-13,US,-2.7480709665504226,0.15137716013365446,0.26620544475600383,-0.11814722803706663,-0.2965516658455096
2022-05-20,US,-1.9947058704964737,-0.7740591187584186,0.29289906151778566,-0.20154572730950984,0.13621183809312679
2022-05-27,US,-1.0970547077635013,0.9926023665811362,-0.18762648466481666,0.04104320498717232,-0.08372408284283261
2022-06-03,US,3.7174996309510613,-0.6546611390777235,-0.19201186200429973,0.1090824092508395,-0.020033404923254172
2022-06-10,US,4.2147034161164,-2.6844536264748915,0.4465135236742194,0.13003412364265465,-0.039735785142242755
2022-06-17,US,1.9414747163794803,-0.2008332643955928,0.2908265179731112,0.07520045316454099,-0.0011246666835010403
2022-06-24,US,-1.8764037066403594,0.9205389348599397,0.30662163350167493,-0.04410234554674605,-0.17498537997970895
2022-07-01,US,-4.089744550521274,0.8269698310120173,0.5006865006599973,0.030347803293537107,-0.1561863271183935
2022-07-08,US,4.169760580308399,-1.2137467215387199,0.34238311981153025,0.09414438621458401,-0.04700762158490795
2022-07-15,US,-2.315774202441789,-1.3198268603423733,0.10491724645838357,-0.10233547394841325,0.11021447376980964
2022-07-22,US,-2.6985716437603067,0.6091677243431137,0.1256327312234596,-0.06638688105236257,-0.06721634830878312
2022-07-29,US,-1.4887944274388092,0.876161903788118,0.6588574449645016,0.0574573097308289,-0.01108082598957654
2022-08-05,US,3.479373365904494,-2.5637586352759683,0.26453430935527383,0.07736544844368794,0.10058116701544376
2022-08-12,US,0.5950294599937225,0.3955221166219008,0.3251622097307355,-0.07117391397394189,-0.1872035538132483
2022-08-19,US,1.8777437543498718,0.48363828578560847,-0.6474992061026311,-0.11476729197412831,0.1131083896063199
2022-08-26,US,0.9919249718223174,-1.0727004240141575,-0.05891949026621925,0.1531364518442046,0.08032128868663369
2022-09-02,US,2.3535401269933254,0.7823719529512745,-0.13619173195358011,0.16152898125164986,-0.11925916799660002
2022-09-09,US,2.5518863350511483,-0.6016612700094769,0.23474661353641574,-0.0213910905089658,0.1442635005886448
2022-09-16,US,2.72003162438667,-1.925095367613401,0.5453814151615544,0.26373434097141407,-0.08172217187915665
2022-09-23,US,4.21831846453588,-2.5164177030545107,-0.21287889625385142,0.11221568353866578,0.3720793644281743
2022-09-30,US,2.5520901690358326,1.121909485715996,0.07725068288527925,-0.0733073148470735,-0.2744871743665184
2022-10-07,US,1.3164445320895952,-0.28362940937149034,0.14800577736710485,-0.09663168723349097,0.09909584421692111
2022-10-14,US,2.5548263956742128,-0.5207813405911103,0.6683331931643234,0.07709539528154742,-0.06287913650929701
2022-10-21,US,3.65959800036889,2.15219109210042,0.5359976142195684,-0.1253297532324712,0.15987836256340784
2022-10-28,US,-2.9549690332533185,-0.4737257097367164,0.07564409710460981,-0.03428124136203602,-0.18642007103819463
2022-11-04,US,2.969931721726698,-1.1583692096924265,0.6886779213432034,0.2991398495237645,0.12582627511486733
2022-11-11,US,-5.94717047394169,1.1350695497742553,0.15887359924795194,-0.1336781963551012,-0.18225538806127156
2022-11-18,US,-0.0766245384359306,-2.10777502142434,0.13211656316970996,0.3775713325185615,0.228531913782109
2022-11-25,US,-2.755797607102766,-0.3799792323830228,-0.19022878849296648,0.18949060201233145,-0.04163522474563125
2022-12-02,US,-3.2921777165702517,-0.016476832482976496,-0.1752810574394549,0.10696965030117758,0.029229517977370778
2022-12-09,US,0.8510104335495434,-0.4157513449010483,-0.2980238120574173,0.07467421293285237,-0.06659737117347628
2022-12-16,US,-1.9535580656997324,0.9877534186784442,-0.05939893036724807,-0.09101980689774031,0.2948302552605225
2022-12-23,US,4.711671174256437,0.6103173795966664,0.014819963051422639,-0.1692283729413426,0.17320914913340274
2022-12-30,US,2.568428357580722,0.15534869144443017,0.19427838469179684,-0.08730046915085796,-0.04910483487842265
2023-01-06,US,-5.439131639986139,-0.5143114217440699,0.18833171165260154,0.014339710290862902,-0.09762539808677438
2023-01-13,US,-1.0809432704137658,-0.09206689036514025,0.24449080143466617,0.21201457357391412,-0.06070210882529812
2023-01-20,US,-0.36850094883835327,0.7851367706689033,-0.013109618614328602,-0.18599124607639028,0.35268567554634866
2023-01-27,US,0.4986334723224507,-0.5597156796640307,-0.24487450576529812,0.09775966274551046,-0.0006037567816438418
2023-02-03,US,0.6050147526056643,-0.9465983207291391,0.24936191027983573,0.03839594127923135,-0.049929083316082146
2023-02-10,US,4.104612801549053,-0.4836801821634404,0.04953535621787809,-0.21401275861818794,0.06755143027646156
2023-02-17,US,1.4678518857592688,-0.537230430251255,0.010094336882807099,0.024797398619393077,0.05977017469908413
2023-02-24,US,2.3905155645463423,-1.0482132720474502,0.018470259042623952,0.20203936419950608,-0.16898035842699788
2023-03-03,US,0.56951729042398,-0.8249889769666593,-0.10063565412654672,0.027223749448665218,-0.17971430228670446
2023-03-10,US,-4.827672579543888,0.8373061920490842,0.0011032054841020752,-0.06400253203861006,-0.0159681776646124
2023-03-17,US,-7.087133876401687,5.772003782491795,-1.045836570285077,-0.40663990091810215,-0.07986011764826648
2023-03-24,US,-0.13854606761241992,0.6042430326901326,0.08640573758007306,-0.12503193506661103,0.09601061231646153
2023-03-31,US,2.515919743096583,-2.2768968624337798,0.4456665428990435,0.10553133560296754,0.035523766611235276
2023-04-07,US,-1.6565126765065792,0.3277618110818182,0.049429326121028405,-0.006843349125545427,0.07350889512046459
2023-04-14,US,2.332983308923311,-0.03940164947041863,0.23215037651619097,0.0675673000662589,0.0743363603381103
2023-04-21,US,1.1213841113811311,-0.43124010967990867,0.2132088460465884,0.05913833277949268,-0.05537227308809711
2023-04-28,US,-2.390854874293502,0.41139714065267924,-0.044304422829461766,0.03941084301663833,-0.10542515724550547
2023-05-05,US,-0.26944478953047596,1.6203821589897116,0.2693150056218674,0.011119602511680352,0.10873726861030912
2023-05-12,US,0.6170984220917739,-0.37341482959916905,0.14587075290529272,-0.025271483630275496,-0.014496017712159954
2023-05-19,US,4.708444773092626,-1.3781762935315325,0.11571703481674403,-0.0020767698442139743,-0.0775286369128746
2023-05-26,US,2.2547182738338045,-1.9310929141500155,0.33010014570869284,0.26551546656381947,-0.17107574342535903
2023-06-02,US,-1.5939383384723937,-0.26791110553985936,0.12821726612233522,-0.12956344255994592,0.04464676254419146
2023-06-09,US,0.9998730977807877,-0.6904049628449102,-0.06528508798727628,0.0991227416813513,0.03964190331400426
2023-06-16,US,0.6418904869240513,-1.0689683714723086,0.04221349302903695,0.06897140351777258,-0.11581468440839693
2023-06-23,US,-0.39254316388704075,-0.3982054374049739,-0.04809718777300061,-0.05199759958616429,0.0076945388372737745
2023-06-30,US,1.724758518914185,-1.1552125152752974,0.08036995257989804,-0.05479437230700422,-0.08142723457645897
2023-07-07,US,3.7066901544306927,0.6427094518740581,-0.5347588906545179,0.006034612613860355,0.08316294809339204
2023-07-14,US,-3.9305141948166398,0.9926394971154255,0.5983793463623983,0.09110438231236304,0.03793362349236903
2023-07-21,US,0.41401293781971094,-0.8071102682610248,0.04606936718632731,0.014234507628562714,-0.021156259254028587
2023-07-28,US,1.9545078452784903,0.3866670057087213,0.01587879502260154,0.03896428596531971,0.017530709278663674
2023-08-04,US,1.174148228347149,1.9636676870553424,0.23144109169314503,0.015238686297933512,0.12222751561300778
2023-08-11,US,2.048675229098203,-0.5664944367683261,-0.24601792908861,-0.07171085253723074,-0.10576293917840626
2023-08-18,US,1.606247155282506,0.4560078420131693,0.016068531073685152,0.003002956388248709,0.06196436240135938
2023-08-25,US,0.09054431265601136,-1.4333229738297082,-0.0573981566388486,0.07251606519954529,-0.07804127282757631
2023-09-01,US,-1.5551331615854407,1.3396628862031703,0.07596960700349766,0.06091845633563703,-0.03242337217484163
2023-09-08,US,1.4263585058171893,-0.6799769566115796,0.01180348445693504,0.0672025354010416,0.08277270852681332
2023-09-15,US,1.2891314260517388,0.20535477952398087,0.10542900850591463,-0.06227849559771847,0.09318721781873655
2023-09-22,US,2.060975856473153,0.014185579432081877,0.008443296215563266,-0.08523224846061317,-0.003446307875105147
2023-09-29,US,2.109825763736691,2.0626022564701594,0.009035280314910762,0.10685142003575705,-0.18554005379659647
2023-10-06,US,3.2078655669699794,0.98798401435084,-0.022276375430481055,-0.10848479678921609,0.02412385946580428
2023-10-13,US,-2.4189310055981963,-0.8077494088932753,-0.055286132719857564,-0.008565115308220787,-0.05004337395934543
2023-10-20,US,4.506466319936755,1.7300791682487449,-0.3346270197342735,-0.02499504323845767,0.10760023236892552
2023-10-27,US,-1.5814740425808897,0.23095940263322454,0.052376628693841736,-0.037639912525980285,0.0681832128376507
2023-11-03,US,-4.734623589442658,-0.31553191539713726,0.09325466300446203,0.1310347885682762,-0.031827265213398036
2023-11-10,US,1.3950577458047309,-2.0308604749305164,0.014822747468972318,-0.04247457975300768,-0.15008047329672983
2023-11-17,US,-3.087014900176596,0.49818297141139095,0.02789155863119946,0.07368607416291287,-0.12612687855628027
2023-11-24,US,0.4237348586804669,-0.35920602332917606,-0.061239477778903616,0.00842451621507489,0.17873398159105228
2023-12-01,US,-5.270438359235614,1.726187556767205,-0.3255110370039775,0.1300900224746867,0.008535914371576574
2023-12-08,US,0.2721087746659188,-1.969858231875056,-0.19438432111044437,0.06570216130238216,0.18867326447293137
2023-12-15,US,-5.92522225983083,0.24000821456023474,-0.251166177549148,0.0817490085624998,-0.08588749580437954
2023-12-22,US,-0.39635397386184473,1.2671438357417188,-0.22575324856831783,-0.23649036409628743,0.08698919612304182
2023-12-29,US,-0.6046452090616163,0.5021191991518467,-0.2877208290294807,-0.045237141227142626,-0.0553454505978265
2024-01-05,US,3.3743386886748428,-0.24597517852703377,0.3161819730536243,-0.06318640361993727,0.03405393175207024
2024-01-12,US,-2.2407180170965204,2.007297604790579,-0.2578038847840965,-0.10285584978135405,0.13944353586253844
2024-01-19,US,3.8211385362035375,-1.0925100433840715,0.2707563465041055,-0.04801483366288631,0.10699505909394463
2024-01-26,US,-0.17489677930536063,0.5929077335557664,0.035068801456708334,0.05603541895260063,-0.026452995157224265
2024-02-02,US,-1.8479161624504945,-1.2927767167416724,-0.05045164864319106,-0.007136042436437609,0.054003101310699256
2024-02-09,US,2.7582830273614567,-0.02836980617515588,0.16690912127010774,-0.09132325755353685,-0.03031112275240688
2024-02-16,US,2.3954368989703045,-0.7611989550850483,0.08018999654583084,0.11437198120578987,-0.030865416082352236
2024-02-23,US,-0.6709516985885396,-0.7794133485838434,-0.05129233330376907,0.08238480368970152,0.00880051674385916
2024-03-01,US,-1.5289672005527977,0.80644825215623,-0.11211543065052672,-0.0016189573534816364,0.021051790411413855
2024-03-08,US,-1.7027873705889254,0.0017082156453495528,0.17600106675114716,0.0030974607189402487,0.13240854269342978
2024-03-15,US,4.21422308647637,-0.9019254692624402,0.057052595481161844,-0.03549175201013738,-0.044003580493700886
2024-03-22,US,-1.8031194437394757,0.7422527599310391,0.01831218413687666,-0.04641504339820887,0.17460986313874793
2024-03-29,US,-0.3120774452084572,-0.3192817376620042,-0.19774951165868368,-0.008211794365627814,-0.14553782191259018
2024-04-05,US,3.5015997481248773,0.18839638158175404,0.2541907590430833,0.006117836768710987,-0.015962635791334535
2024-04-12,US,2.1975378933294536,-0.841148054712187,-0.013279205018470816,-0.047262323788736994,0.0004763353090728492
2024-04-19,US,2.0983722374806337,-0.07879020638173338,0.015527729470013078,-0.01919754120946714,0.09278353181200953
2024-04-26,US,0.7149497710858264,0.49139369527927573,-0.017902470905670525,0.02277046863051264,-0.0060769858239160535
2024-05-03,US,-3.011171203058042,0.4750897088577549,0.14551816894825448,0.014268907158482886,0.028222342774692454
2024-05-10,US,0.26181979325369603,-0.6496355343829252,0.02513551051392599,-0.02918090997726231,-0.043833081104286464
2024-05-17,US,-1.3950898734186363,-0.17364522693838638,0.050229902110668544,0.05950212014486613,-0.003472678488987265
2024-05-24,US,0.8760825389492429,-0.9038903910016863,-0.02851641081525517,-0.07134631978083618,0.18010807431006856
2024-05-31,US,0.6475748466148559,0.9261766839315115,0.0723381715614663,0.06363317048469155,-0.038990151748098126
2024-06-07,US,-1.3629954532405217,-0.47932234675770574,-0.032055922084138044,0.05761325544625307,-0.03346116583605104
2024-06-14,US,-4.098411008761167,0.3853664387362845,-0.10929912421537182,0.04814930410072425,-0.24683353597887214
2024-06-21,US,0.7813945084404156,0.01987678654600292,0.019147462790699215,0.003869573709116516,0.14128628198770454
2024-06-28,US,1.6898989580758186,0.7115027927425348,-0.05925278688952651,0.00970378915184451,0.0016221422698049993
2024-07-05,US,-1.4542322554273863,0.6877481038487121,0.03455140409574553,-0.0177287367803971,-0.07950576695144561
2024-07-12,US,-1.996680844324054,0.7200057416348852,-0.2428824088691592,-0.04076652755119129,-0.09918943038501452
2024-07-19,US,1.0922780897254354,0.021094594948661803,-0.0322926959272941,0.02318926067810177,0.09829520142359988
2024-07-26,US,-1.1360270465000033,1.0564251931984907,-0.039683308353250304,-0.04514773701500389,0.0465057440793058
2024-08-02,US,-7.719007131149956,1.6824634950011226,-0.6895057301041452,-0.13735471853343628,-0.10687722392782806
2024-08-09,US,2.90105793986699,-0.6118510451261902,0.15143229073427766,-0.05678463250774279,-0.11229266666719169
2024-08-16,US,-0.8608063683692777,-0.5956948509642458,-0.023923069882079293,0.08640759209238397,-0.009993195382162218
2024-08-23,US,-1.8769242017485144,0.897686828319592,-0.2556452267729073,-0.05226707090407551,0.1607173186141524
2024-08-30,US,1.4547190536256442,0.5834844738999947,-0.07676834841367816,0.05109864510929971,0.024950388074997203
2024-09-06,US,-3.8567529328735746,0.8585113332333825,-0.48895945511088823,-0.0828552450872092,0.04163922107892349
2024-09-13,US,-1.2281476219408958,0.3892405163705329,-0.17222924317424596,-0.03329410462835231,-0.01458809119593741
2024-09-20,US,0.9476909893055288,0.5903434907395,-0.17557464909171078,-0.13104469274791966,0.24218043400256553
2024-09-27,US,0.4758994673152497,0.2392193685483218,0.006319973875099362,-0.03965387392503223,-0.15897414040663274
2024-10-04,US,4.849055622565126,-2.057023112503558,0.49854088878140135,0.09107225304066038,-0.02584185213280981
2024-10-11,US,1.6868528942447962,0.6386387896423871,0.05299853774720484,-0.07334294832207842,0.08274405774138216
2024-10-18,US,-0.03421847121794412,-0.04912072952107363,-0.03961327001835402,0.03495856423475258,-0.04409031324218272
2024-10-25,US,3.059786921179032,-0.4979927850588395,-0.009273703481029764,0.01790576614154339,0.017384255409836232
2024-11-01,US,2.0531721267347156,-0.42750224865779013,-0.2713269793835908,0.02483332301651407,-0.13921951575800304
2024-11-08,US,-0.9506903191083395,-1.1006250557801474,0.08931856679537588,0.0337449943118085,0.03858079960265202
2024-11-15,US,2.0710591314427775,0.41019398251373546,-0.027049039391165233,0.015155650426306911,0.08687490541382581
2024-11-22,US,0.030327347310841437,-0.5492711962030221,0.3403497948299522,-0.03880484610721503,0.13682833385295726
2024-11-29,US,-4.561950564411748,0.4449776759622752,-0.42552364091240114,0.09813414844249206,-0.09561748130735223
2024-12-06,US,-0.4993918014870959,0.04858897182855658,-0.06831220891201546,-0.08339202010370192,0.04056817130150391
2024-12-13,US,4.518042315056949,0.5512520054053359,0.21113129548511128,-0.049353979491599344,-0.03126604152533081
2024-12-20,US,1.9488638026367566,0.20344437244670624,-0.18947396119761972,-0.08576411164178488,0.09855382204633277
2024-12-27,US,1.530042104055082,0.5309969464170062,-0.17337458860187918,-0.043777766907727854,0.017184168626547296
2025-01-03,US,-0.37719647268107886,0.2553385818955777,0.09411271289444947,0.01752774196438118,0.02888925466899166
2025-01-10,US,2.9912455794063244,-0.08502310045137608,-0.1055288781166391,-0.018808818700693414,-0.06563478657197047
2025-01-17,US,-2.7438968784297475,0.2974309078809868,0.08074790627760249,-0.029014813497583728,-0.02509439037756437
2025-01-24,US,0.16122257589591055,0.024176987830448738,-0.07716581875179016,0.03477949916524031,0.09848118875237018
2025-01-31,US,-0.8420084488413498,0.3011524413950186,0.13723028335929227,0.005375047926326627,0.003978711656527926
2025-02-07,US,-1.2312147305244752,-1.5179630499781196,0.07108416973783009,0.06311885318097568,0.006358591093372738
2025-02-14,US,-0.22445376740408166,0.20891075105541485,-0.039894526542710605,-0.11660960230604103,-0.050987410057746554
2025-02-21,US,-1.0360370551618066,0.3453593496562894,0.0020230754900574547,-0.05244005855519142,0.21154586343584417
2025-02-28,US,-3.507268160267247,0.7371902192645939,-0.08711733252726038,0.15156804546020428,-0.15748945862235023
2025-03-07,US,1.4166576297090014,0.7064583617050857,-0.011949758853173188,-0.10644716846872293,-0.05694229913600896
2025-03-14,US,0.037489682372967154,-0.2631020220354369,0.17513889995219,-0.01480488802302016,0.03414645711223013
2025-03-21,US,-1.187868845618948,0.4509382416841929,0.05290572817615013,0.010342414139378526,0.07930001402944581
2025-03-28,US,0.21659254094194602,0.7767564895876385,0.020558649412241514,-0.0009907987887482908,-0.0486643803813101
2025-04-04,US,-4.52794248062859,0.3020744294028005,-0.07413637202285121,-0.00297722709289245,-0.20884242572009637
2025-04-11,US,8.130012296254918,0.6244739790065658,0.006124198810708117,0.02388491330955746,-0.10402191700888426
2025-04-18,US,-2.419261835964304,0.9454569174944374,0.370711247205537,-0.00971908437215456,0.0818964992536012
2025-04-25,US,-1.2322446208754856,0.15351820419640147,-0.16343566234566217,0.0751457394044385,0.10464428231890625
2025-05-02,US,1.0851541476753803,-0.31645101982132423,0.3926202298948842,0.0706809122247652,-0.10149623671758268
2025-05-09,US,1.0074213250373454,-0.21137937761206746,-0.05513521624192726,-0.15987498806803851,-0.08681327899387435
2025-05-16,US,1.316521469694715,-0.37984013218730067,0.3193758294866169,0.07364605168350687,-0.008032646173588977
2025-05-23,US,1.4972151823528987,0.8298538123324178,0.4383201838476128,-0.019174130933271222,0.13083391131474265
2025-05-30,US,-2.122896234459536,0.1813230965779238,-0.22514369772752957,0.137031293330513,-0.07540663062817492
2025-06-06,US,2.037681039308715,-1.0216539010377201,-0.12740100673082075,-0.10074387984830996,0.01603836166580255
2025-06-13,US,-1.6185090694795041,0.2720393465968376,0.11710870479788751,0.0025232705232781927,-0.13761565440560988
2025-06-20,US,-0.7230568694586734,0.4051243821847588,0.009788157711299487,0.022495108177428214,0.10421055704190328
2025-06-27,US,-1.8333534896848347,1.121397719912425,-0.15398314399533894,-0.0884497925651519,-0.024301853289083054
2025-07-04,US,1.3371203256907624,-1.19248812231205,0.0973080877318881,0.05665797930427498,0.01933713878982419
2025-07-11,US,1.335121703630328,0.4870934939948284,0.07841081063681103,-0.008139456825611019,0.03672810741141418
2025-07-18,US,0.13265632164488514,0.47694665789266466,0.195433510136452,0.05638821706425865,0.014118376915896869
2025-07-25,US,-0.6709516985885396,-0.7794133485838434,-0.05129233330376907,0.08238480368970152,0.00880051674385916
2025-08-01,US,-3.118617424952335,0.988700575977746,-0.26029975481551487,-0.22286249728865357,0.006109024850002337
2025-08-08,US,1.0445140172445535,-0.3262529032847962,0.09566874918599184,-0.07915349684337265,-0.0858153143868051
2025-08-15,US,0.7959361364535211,0.5997116599515956,0.046678055713893,0.1020155188636533,0.0028060942056472343
2025-08-22,US,-1.3088977571232294,0.2660019356619463,0.07697662347245253,-0.013000061232293608,0.14108480671957585
2025-08-29,US,-0.5161588027557708,1.0302272520551325,0.20034950536269328,-0.06137087849760537,-0.005921037765406789
2025-09-05,US,-2.254369775042328,-0.3477257706757842,-0.23739697618299968,-0.0928969712284887,0.005625976329181674
2025-09-12,US,-0.4861145731334189,-1.1315182992433228,-0.2675853969357316,-0.05364140527933158,-0.10106463532995505
2025-09-19,US,1.0611331289602137,0.3410884937423121,-0.12146343730845229,0.052509383087006,0.11150599912891151
2025-09-26,US,0.9666122603009323,-0.40654114707037037,-0.16949508089521786,0.023434319683558656,0.019524514603438865
2025-10-03,US,-1.0445443724024257,-0.021496094228901853,-0.11751219846923075,-0.13267172269108748,-0.1052350164623395
2025-10-10,US,-1.4719406952586986,-0.09107516164997588,-0.11147618416238314,-0.02939664483492313,0.06375669245800583
2025-10-17,US,-0.7615234578662545,0.35765900003128853,-0.05658802993884652,0.09855391778993078,-0.05158123684764704
2025-10-24,US,0.036342537367753676,-0.307332467186916,-0.05552290656301347,-0.04298911007636686,0.08171299330030775
2025-10-31,US,1.8587531007025615,-0.41959429504391266,0.23885725977280683,0.04653781346817224,-0.05523254843940352
2025-11-07,US,-0.09602629065231519,0.6650956152089786,0.08461007654949265,0.030271924779030727,-0.05089810154351746
2025-11-14,US,1.0047366153152018,-0.33613922256241263,0.12893261775330658,-0.1367238352415624,-0.11526039107845303
2025-11-21,US,-1.532297680887577,0.6892693680904664,0.09968943674720565,-0.020585846210819648,0.1046142430486427
2025-11-28,US,-0.7719488146482412,-0.008870702306874239,-0.1370781931030713,-0.05863880675432487,0.06533898966527639
2025-12-05,US,2.294420510614086,0.031760832298616516,0.03857012615898231,-0.07604469388130379,-0.07199935540662912
2025-12-12,US,0.6802380998004834,0.7091293260434278,-0.209054738155363,-0.0664153914471055,-0.07385971342646011
2025-12-19,US,-0.7683821041281148,0.09338756572262571,-0.03509666723454643,0.05986717573219762,0.14633251497313424
2025-12-26,US,-0.30360867256088436,0.09240798843658636,0.010117741125511153,-0.026766259515878715,-0.02410176650579999
2026-01-02,US,0.8614796007136033,0.17311346924586868,-0.1581553810410345,-0.10793557601381988,-4.946345168796895e-05
2026-01-09,US,-0.0908223121806334,-0.8603318912182142,0.13367237015459013,0.10737745309504391,0.12227348269889075
2026-01-16,US,0.8524612673550345,-0.349623159890658,-0.2110815377156749,0.08817165101268208,-0.018932032281500175
2026-01-23,US,0.03872355828962789,-0.20447036209548944,-0.09587120838478028,-0.05145347892932071,0.014928230304830791
2026-01-30,US,-0.04828149046796245,1.0348602545491357,0.0008146208486660258,0.08322161765743484,0.035540002021178546
2026-02-06,US,-0.49969549028737353,0.026691231969640475,0.07540732326145255,-0.06870523613017693,-0.05466370377854522
2026-02-13,US,-2.911721130705473,-0.24295325850708915,0.017157691698769004,-0.07787572403737618,-0.06652539089388515
2026-02-20,US,0.8105198023926387,-0.4548750591892661,0.2204830153521247,0.08921171045357484,0.08529121972170586
2026-02-27,US,-2.004412012393689,0.34520680553608357,0.12143557153061038,0.06339321159779404,0.008373520686999796
2026-03-06,US,3.368915979858288,-0.5848009015254851,-0.003936604367302392,0.038414799004232954,-0.16850403912630385
2026-03-13,US,2.8271664509465197,-0.4708181915261106,0.3791467946766737,0.0021961529460389206,-0.15453352057244807
2026-03-20,US,2.083102483879797,-0.8285449484980978,0.04468788092208509,0.08155485615698078,-0.03553967441022534
2026-03-27,US,0.5498295008287678,0.05335223273484689,-0.30972650889220105,0.00015146990731624654,0.07861153799002804
2026-04-03,US,-1.35809339111307,-0.1698908886886029,0.07382980483153216,-0.07944719219053,0.006981364262888964
2026-04-10,US,-0.5341709313873609,0.2295062466975282,0.1980414492780327,-0.0583520025786064,0.042109546563995556
2026-04-17,US,-1.2207490566934074,0.6604890745018444,-0.02365374478574341,0.09024494708504996,0.04728601000842081
2026-04-24,US,1.0033243261027518,-0.447101689786199,-0.04634163541334821,-0.05143514403525158,0.032419094520965995
2006-02-17,EA,0.594433996476283,0.15760353081711528,0.09763398089218533,-0.008920522998615118,0.008872913289246403
2006-02-24,EA,0.3582034220084728,-0.7704272579461247,-0.1742525449891941,0.011049978819460224,-0.008417929448281387
2006-03-03,EA,2.2802726989405793,-0.7003080620469807,0.19542266717948598,-0.050571621934296214,0.02776303937987461
2006-03-10,EA,2.05584916292387,0.9147721169110969,-0.1656778275595569,0.05649892643963391,-0.050505715505140616
2006-03-17,EA,0.19747839041348908,-0.8404636335385729,-0.1097821674719277,-0.017381159865504068,-0.006928291038654333
2006-03-24,EA,-0.8616787125022571,0.002637240227212381,0.07407889564362244,0.0974056236593995,0.08655316299167351
2006-03-31,EA,2.7216718831571853,-0.15116107231530465,-0.039540344196478436,0.029466329962275377,-0.000611190764764374
2006-04-07,EA,2.8276206868195684,2.196558254214195,0.23169675487120794,0.00898645202323027,-0.040936602611161874
2006-04-14,EA,0.6877984031719961,-0.7212334847139037,0.14899829455498095,-0.0917816468399383,0.0029438947865191825
2006-04-21,EA,-0.4705681482673858,0.13647712393147474,-0.04651236414016481,0.017873243092740708,-0.0006282623773813503
2006-04-28,EA,1.418089176860396,-0.705762519717776,-0.2644580325109251,0.07723035112846843,0.003499892900755051
2006-05-05,EA,0.37056961553083534,0.5866200388486931,-0.17497172589589693,0.08256666678258039,-0.013668616441581702
2006-05-12,EA,1.1753353133416506,0.37228000236429926,0.057521832059951296,0.04082038478476488,0.020100337949635737
2006-05-19,EA,-1.3313717127069764,0.772046343129375,-0.07984907468914021,0.16806985363393367,0.06811731725215603
2006-05-26,EA,-2.0906350868493773,-0.3066085029095416,-0.4596561552657991,0.004165056023878847,-0.07981490211691196
2006-06-02,EA,1.415351850913541,-0.5646289373889115,-0.08480396836680139,0.026435435481017525,0.008916336791943832
2006-06-09,EA,-0.10434705693675814,0.21866276192181308,0.1131759742221693,-0.06541218438195673,-0.01912255285485129
2006-06-16,EA,0.13662862812418497,-0.23530697304019482,-0.07230672521191857,-0.002095569608886068,-0.008048765729058919
2006-06-23,EA,2.855713627999961,-0.3630679574251441,0.08745970053548452,0.05869260190631279,0.05121074329730303
2006-06-30,EA,-0.10939451112137659,-0.9313644448340505,-0.04462456476991516,-0.013859171603484915,0.018765365723025347
2006-07-07,EA,0.053408935226709614,-0.2128661906742848,-0.13163968925373734,0.09835040793471758,0.04180814991230843
2006-07-14,EA,-1.3673406839159223,0.5766749400239832,-0.2545490184889418,0.0709760231478695,-0.02917863314758154
2006-07-21,EA,-0.6473284577019011,-0.283724622511051,-0.15062187364313662,-0.05859317138625716,-0.053989514181397316
2006-07-28,EA,-0.5785870523839206,-0.05909319643968764,-0.013600782888978279,0.058878737522654497,0.03982496573765478
2006-08-04,EA,-0.3572779023833784,-0.864524108280334,0.16997121000309753,0.053523747536070074,0.1152832316878668
2006-08-11,EA,1.3103828127532822,-0.13220433561218448,-0.010076738501432371,-0.0287885640102414,-0.02330718717032362
2006-08-18,EA,-0.9461335137794449,-0.6710609899031416,-0.26167069412207267,0.09059248832560249,0.03026521968382788
2006-08-25,EA,-2.184136061943922,0.5370585573866499,0.02776183164618531,0.08175825686157706,0.05660968062641156
2006-09-01,EA,-0.6658683974010806,-0.31610853273397493,-0.4585239696320999,-0.09814509940947752,-0.12549610415143153
2006-09-08,EA,0.3508668073571162,-0.7913210042199765,0.04762350063888684,-0.05323606644806889,0.007280628488624855
2006-09-15,EA,-0.36396951557522217,-0.6814671395945111,-0.08754552595192225,-0.10512389228111463,-0.041850305809684574
2006-09-22,EA,-1.4893607575443202,0.11435988286138281,0.11407081933811276,0.05378463000311414,0.051597514278158674
2006-09-29,EA,-0.3818340369779094,-0.543837895756179,0.1167359752225318,-0.07887619733776782,0.001551679572633873
2006-10-06,EA,-0.3035689595552927,0.3884597620066379,0.15302278183685114,0.056774735603143625,0.05058129345153647
2006-10-13,EA,1.3978933385344645,-0.5425643815558203,0.1987125728436533,-0.08351435328510783,0.006575614579296185
2006-10-20,EA,0.3476608651777179,-0.042836759734179566,-0.01813078465385108,-0.010568474858150583,-0.009702461902138812
2006-10-27,EA,-0.6263463502424307,-0.7326243316374581,-0.00661393502907818,-0.03734505083394646,0.009108708744581981
2006-11-03,EA,0.47875758318116074,0.10455143286531933,-0.41894188646306196,0.07694954217650372,-0.04454688758216849
2006-11-10,EA,-0.7589363636687747,-0.39362572754865444,0.0016256525197919465,0.041769790716982516,0.04027890578409243
2006-11-17,EA,0.27652449919048366,-0.208586581255985,0.12004296970615932,-0.08737706931882197,-0.017102693330926712
2006-11-24,EA,-0.6127998538146576,0.3583109301071739,-0.09145792610221094,0.06070868527917153,0.006881581765664081
2006-12-01,EA,-0.1888362003414619,0.13686637993133957,-0.023685456607050247,-0.023805740763396338,-0.01898678489419946
2006-12-08,EA,0.0471536280435503,-0.5353901131894201,0.05077321812778467,-0.10283811299160982,-0.02400550552372751
2006-12-15,EA,1.734575188268266,-0.15889575457578314,-0.0054603438073258705,-0.037770922267916375,-0.020485444068025317
2006-12-22,EA,2.252499554902732,0.1488389431882578,-0.0380406416665579,0.04970098636971701,0.0022503544453321145
2006-12-29,EA,1.314075992581004,0.10530336185178463,0.12357772120746995,0.08360889405625982,0.04776078539143841
2007-01-05,EA,0.451486042118736,0.08786240000194619,0.052723373730846464,-0.027031986454854266,-0.003560184463684855
2007-01-12,EA,1.343864054532544,0.5064662045725509,0.10851313761219307,0.06179209501117706,0.03242950013231774
2007-01-19,EA,-0.3552083142948231,-0.6353421659489458,0.01589857660723261,-0.0795948528360307,-0.016633928708939465
2007-01-26,EA,1.262334460932854,-0.003292529891717301,0.10800638795141722,-0.029829585074284296,-0.001212044292608004
2007-02-02,EA,-0.5434140277297821,0.5102961815499479,0.0042898352304780035,0.03320232865020676,0.006001108264079309
2007-02-09,EA,-0.052229920281299344,-0.3839925806776593,-0.35996921318114,0.009472434421230545,-0.04846018949758459
2007-02-16,EA,-0.617211793520971,0.05598470299177272,-0.05117581540083178,0.05372905087053451,0.021007115008163643
2007-02-23,EA,0.15275211367383806,-0.3243710957436961,-0.07856933222333702,-0.035681437323848104,-0.019540914939309584
2007-03-02,EA,-1.9458525854869255,0.7507968053217079,0.03859838064586264,0.08060279456546322,0.032779160895365846
2007-03-09,EA,0.6247060890275129,-0.28832587194131387,-0.34016279865867793,0.08784193841419488,-0.00677913920346538
2007-03-16,EA,-0.6028644801640248,-0.3404333364376812,-0.025101365068577568,-0.04593736453711133,-0.01062253025691266
2007-03-23,EA,1.7998315405737084,0.6006082500706702,-0.10218393426790862,0.04797343281243231,-0.021575023414029393
2007-03-30,EA,1.172021692696052,-0.19598576596474496,-0.03355902041785137,-0.03816593149830942,-0.020031386368133917
2007-04-06,EA,0.6687459592760535,0.16383134110323605,-0.03145967645041695,0.020672199649449167,-0.002939784436917215
2007-04-13,EA,2.579829825598116,0.17723282862562673,0.11417211131132547,-0.00472579821400742,-0.002542648989320078
2007-04-20,EA,-0.14814811901588787,-0.3831555383174967,-0.0008401820676582464,-0.04836286547466754,-0.006784524252558762
2007-04-27,EA,0.32941507766999467,-0.28483740958408826,0.02552545275624641,-0.057632816891838974,-0.011087018252280543
2007-05-04,EA,-0.5345829215587607,0.11034938445433913,-0.1634875815284026,0.05739476256924181,0.0008462170919464155
2007-05-11,EA,-0.07868785003279186,-0.06470180887758609,-0.0013334839613937943,0.00332985257140718,0.0047657922696876225
2007-05-18,EA,2.5737529681760813,-0.4185518017927307,0.029075001787272212,-0.002289818430167885,0.0058325936034311285
2007-05-25,EA,1.1701050159758777,-0.14331554421710693,-0.007829037598705985,-0.019595737487977504,-0.011781869818510319
2007-06-01,EA,1.4275663529359839,-0.26403078186591034,-0.046768298973948685,-0.007489105616569617,-0.007958325268884106
2007-06-08,EA,2.421820945019794,0.8797744731136774,0.23305717995146222,0.027058270821400478,-0.010324726463478935
2007-06-15,EA,2.272395584543647,0.548074343926948,0.06241841033979899,-0.01596408338255151,-0.025680195786401214
2007-06-22,EA,-0.2149915634207612,-0.2553414311394548,0.18094994879760232,0.006151674300398839,0.04051219896284554
2007-06-29,EA,-2.0021946463938627,-0.617395365105499,-0.2580273593666038,0.062342910432571515,0.020032587424686193
2007-07-06,EA,2.341415559575952,-0.189229912210905,0.25912950994363465,-0.058212070564537456,0.011650125921592333
2007-07-13,EA,-1.1149004892214043,0.012341191093657063,-0.2390600622561747,0.013606979788385045,-0.01730114899941878
2007-07-20,EA,-2.710320262133305,-0.5923066065804493,-0.11101450165289338,0.09388159646798044,0.051327487753728626
2007-07-27,EA,-1.7792378472827817,0.6739596226684815,0.07693825146682004,0.037624435594450646,0.03321776964945094
2007-08-03,EA,-0.058502752404547026,-0.15444860539760577,-0.024609536864358825,-0.046137410574253496,-0.022383064127340674
2007-08-10,EA,0.2565879592956117,1.0420512456250983,0.2729287248955561,-0.05910551991576361,-0.021290659955240314
2007-08-17,EA,-2.0989946404589093,2.198729756662198,0.5093448591277019,4.887091374724249e-05,0.043740940668441204
2007-08-24,EA,0.07155142602754974,-0.5825812777492945,-0.35400983448592754,0.17613526960881537,0.03936532009078371
2007-08-31,EA,1.093902595668906,0.009100833828766055,0.04564235048918369,-0.13459856921781635,-0.0762021239715463
2007-09-07,EA,-2.017013874773576,0.7765465007655555,0.18799429858056702,-0.0015777712311261852,0.03431388385562198
2007-09-14,EA,-0.4895730316232303,-0.7236195489043212,-0.3938135870288385,-0.04116861063114824,-0.07736331969476647
2007-09-21,EA,3.502667420741528,0.697903425690437,0.2521908541553469,-0.041858192678334946,-0.016871233653041304
2007-09-28,EA,-0.21981559791112038,-0.28854754062176907,0.02734492850695781,0.029674918167552584,0.025517198508250818
2007-10-05,EA,-0.44474278268782,0.2430785403050455,0.16250138860338323,-0.022687979577470242,0.01759329218686188
2007-10-12,EA,1.5343204317249692,-1.0037478612418869,-0.29711505041607433,-0.06571016476987324,-0.07320695206676557
2007-10-19,EA,-2.396652922264732,0.6599174581500156,-0.10493112740388638,0.19460285426295265,0.07840355800878683
2007-10-26,EA,-1.6879838038591288,-0.07737109920770793,-0.07208120037066551,-0.035289661632381855,-0.016725142099885286
2007-11-02,EA,-0.20807841275827854,-0.29713895048028277,-0.1159347754013434,0.12541833533741334,0.053968130148967314
2007-11-09,EA,-1.2327676621482977,1.1659346396912373,0.06302571672366378,0.14042494854442147,0.06527197589475722
2007-11-16,EA,0.30088653576128277,0.09378715463429035,0.037625154602779036,0.041790399211433266,0.02998460575570481
2007-11-23,EA,-0.30866240658367883,1.328485663267039,-0.09226139500572873,0.07495332602436243,-0.01963324376069618
2007-11-30,EA,1.5213967102870674,-0.3670568997352813,0.05318508500593425,-0.1975150403478104,-0.09413357233362596
2007-12-07,EA,0.8088826742900278,-0.44113901656714427,-0.01257886165320295,0.13793748081502463,0.08098909680677951
2007-12-14,EA,1.3486574809190073,-1.1669731406134862,0.05431306205108111,-0.01903794962022172,0.03896101617293332
2007-12-21,EA,-0.067872688184213,0.05145611576211461,0.23396421254086014,-0.12113438744547969,-0.022318605453757155
2007-12-28,EA,0.633195225279505,-0.03455434230714505,-0.006664116878544926,-0.031395906379197994,-0.023454889627860572
2008-01-04,EA,-3.392785035312342,1.544946691040293,-0.1344335857016306,0.28314003815118677,0.11385228267359035
2008-01-11,EA,-0.20755459500561083,0.402632795326735,-0.31300741479951133,0.03451169405087268,-0.06617996226456868
2008-01-18,EA,-2.647949983562111,1.7652577351177559,0.40371149429238856,0.042854552678608375,0.07276577618058636
2008-01-25,EA,1.6710429153736546,0.1769756799614856,-0.030110682637009556,-0.26840107855144535,-0.16011615889042244
2008-02-01,EA,-2.4266980021905704,0.7269172814216723,0.2536616757714597,0.10295648245720286,0.09362701079166587
2008-02-08,EA,-2.3098732498113037,2.3232541581503487,0.8214396879211217,0.05266311404582099,0.15435475699353235
2008-02-15,EA,1.781218464463566,0.18509992661027366,0.20260771764447008,0.3731793533743293,0.10945343171151367
2008-02-22,EA,1.9077055075933964,-1.427185991046621,-0.6213054898600452,-0.17966347685108444,-0.15106411786005852
2008-02-29,EA,-1.662955771617586,1.8640162932147386,0.18675677058891793,0.09678173266085874,0.09917522841417553
2008-03-07,EA,1.18524775159161,-0.6789439991194949,-0.5227713149745419,0.740982273893495,-0.3039921784984689
2008-03-14,EA,-0.3998242287648917,-0.24392254639440097,-0.6064745908842198,-0.1313641680822892,-0.1044743423678833
2008-03-21,EA,0.2117922842240899,-2.202348261020529,-0.2992166071277249,-0.6908954755833057,-0.026821298236879232
2008-03-28,EA,2.8695401920412684,-0.19017733670588477,0.2900689687664491,0.24671958611687886,-0.23731610277554502
2008-04-04,EA,-0.9137330576242099,-0.8816860393713428,0.352768770412796,0.07512633075093729,0.03384473340391563
2008-04-11,EA,-0.7604845336786982,0.16705744392030264,0.23674267144058125,0.24970889203107044,0.02509594901440473
2008-04-18,EA,5.702074177340338,-0.9260438330795058,-0.6205874763021735,-0.8674293411433494,-0.12694107562139767
2008-04-25,EA,0.21614161348645,-0.11633291362528078,0.07818310630750071,0.18262369719107613,-0.05865939642724588
2008-05-02,EA,-0.6130107779848867,-0.7994053157154756,0.8261105322483836,0.2748727611276353,-0.02192645369898126
2008-05-09,EA,-3.241125192880043,0.6097442819436902,-0.08610699605923082,0.6173989237590138,-0.09468937807956304
2008-05-16,EA,4.2010260829305075,-0.8091026532838421,-0.8320830111635213,-1.2204619030073418,0.2101405652811911
2008-05-23,EA,1.3670972302820164,-1.0100514113438996,-0.2069122836990149,-0.3483400287225238,0.15466195624815052
2008-05-30,EA,2.180163832184349,-0.09658799962351626,0.4301301864884445,-0.07177248281373061,0.08811711829873663
2008-06-06,EA,1.815347412238476,-3.8089237425236107,-1.4425540917041026,0.8874617872955604,0.20853831323493627
2008-06-13,EA,3.4441894784960305,0.20937359318672327,1.2650850351846572,-0.5807821691812395,-0.08258395834940008
2008-06-20,EA,-1.2849942078669827,-1.2934575707031561,0.17624184157177278,-0.09502775898340969,0.05257956781010584
2008-06-27,EA,0.1846574599088738,2.83274229289441,-0.634496014591034,0.27679758141114097,-0.09738628814550969
2008-07-04,EA,-0.20439799423933616,0.24811128856392756,0.014798518753799395,0.06423736719631172,0.036214246593779885
2008-07-11,EA,-2.205894886041995,-0.13520109924549872,-0.38347725517613185,-0.12555913709184777,-0.12912697532744388
2008-07-18,EA,2.5249447698317637,-0.4735076080478536,0.6907082567169897,-0.16277157939876105,0.05484331879834402
2008-07-25,EA,-0.4793530836596362,0.31366636698333566,0.08014993300224815,0.01705470188695922,0.02617608806119254
2008-08-01,EA,-3.5671131517204047,0.5112782823990083,-0.3626095112941824,0.3523926029490438,0.12713647283901774
2008-08-08,EA,-2.1238286550949677,2.1865421804341,-0.22635556335504914,0.11410772618777176,-0.039194105502064244
2008-08-15,EA,-0.7956896233385828,0.06371754443618903,0.006005163638006535,0.013457307333174061,0.016034539683962647
2008-08-22,EA,0.8916731582451453,-0.8289806246795268,-0.11780873043856115,-0.12456465061225248,-0.073802370762962
2008-08-29,EA,-0.8217816902722549,-0.8707157785694235,0.4134307279461651,-0.09864753614112147,0.0672617666906488
2008-09-05,EA,-2.3704188615772317,2.02970911838944,-0.7155009528787587,0.5248706595994881,0.08861523263032832
2008-09-12,EA,2.375394370100137,0.6118391526495339,0.28688053630644755,-0.21733858118175828,-0.083694547510479
2008-09-19,EA,2.499620442367131,0.7711452419429613,0.33179751529633095,-0.1965997622026564,-0.055542184922389756
2008-09-26,EA,-1.4675177713626812,0.7071837716364491,0.9138000205291623,-0.3264677727624749,0.002455845456771621
2008-10-03,EA,-7.7642520064897305,-0.43765868606725133,2.776690929450181,-0.8866986197960667,0.1456970705178246
2008-10-10,EA,0.5036011545661948,2.0248188534473415,1.8363465586856904,-0.9435038776448715,-0.25434211461598133
2008-10-17,EA,1.0607447294525438,2.6856518775407108,-1.5724209304306092,0.6594023428328304,-0.057520029176806806
2008-10-24,EA,-3.822116002462437,-0.8110662608526474,0.6402822333841631,-0.030367490968652912,0.17117345614028948
2008-10-31,EA,3.100801930500094,2.872527846914923,0.23663341926496637,0.28045032942386605,0.10938509357251629
2008-11-07,EA,-2.7722637055100767,0.20356937798199298,-0.07644751641583572,0.02506597694075241,0.005431485744024793
2008-11-14,EA,0.14619228497418726,1.8384646219416831,-0.6599607320848658,-0.004536739991139718,-0.24291087458031038
2008-11-21,EA,-4.2445081115354935,-1.709644108184572,0.7385659153454105,-0.4630788527771716,-0.031764450556715736
2008-11-28,EA,-2.658393905070328,-2.0968335287208952,0.08379571120931202,-0.09072484090662236,0.060338108853535424
2008-12-05,EA,-2.204704624158244,-1.6954517806140286,-0.09332647807649853,-0.18880955138435254,-0.061082833763275834
2008-12-12,EA,2.7587272050870206,0.87362384613726,0.43850875880551743,-0.1417000743433626,-0.029276031649015113
2008-12-19,EA,-5.190052256971757,0.48083811937971255,1.9570613599314606,1.8262163137797507,-0.4477658756508307
2008-12-26,EA,-0.4184795000502703,0.27479816791542155,0.18552128735805706,0.02341604537836838,-0.00446262802786705
2009-01-02,EA,-0.32051614513379395,-0.40345814323568346,0.803549557376235,0.025340962903207448,0.009851685547992399
2009-01-09,EA,1.4735722444488792,4.628651945085468,-0.17770629947675123,-0.6505910555586114,-0.14612008632429968
2009-01-16,EA,2.568351688143819,1.8371679647441599,-0.6373734160048573,-0.2966609706790976,-0.045958746326126246
2009-01-23,EA,4.013960987634743,3.7935782465572343,1.1884938262733842,-1.654002408603544,0.5438322828022004
2009-01-30,EA,-2.128675695318696,-2.838944298249361,0.3237960860001314,-0.3641576122461705,-0.0256100819376797
2009-02-06,EA,-0.78633647012772,1.943593309874886,0.06645860090893375,0.18039394093364614,0.06500862791913231
2009-02-13,EA,-1.9031949787787028,-0.5265723656392031,-0.1208928594877591,-0.030541471350977397,-0.020504551588415208
2009-02-20,EA,-0.5197153936433374,-0.7031715222571125,1.1033222685443782,2.3074811716863564,-0.5703044414644768
2009-02-27,EA,0.07175889512058878,-0.5416941077199874,0.23918262521372366,-0.13768786428552843,-0.08058876688522745
2009-03-06,EA,-0.8936245543521928,0.48409481061274445,-0.414131788257918,-0.004116833528920269,-0.052029336904750846
2009-03-13,EA,2.435665109078628,0.5355609288531392,-0.657418496668575,-0.24631924040814512,-0.00655634143585665
2009-03-20,EA,-2.9516322715878434,0.8169486428258125,-0.9271136493549016,-0.3031707225239816,0.018169239561310353
2009-03-27,EA,0.5361098501586163,-1.702259059423169,1.9957491502803004,0.62606196703195,0.020106835146172026
2009-04-03,EA,1.7093258604934314,-0.3513074716007958,-0.4521302105080242,0.07031427057771324,-0.009052314627536953
2009-04-10,EA,0.8027110704176487,1.0248663040783472,0.3473689571326848,0.2629025817822062,-0.0033791197203255534
2009-04-17,EA,-1.0348113255681917,-0.1476576715203,-0.12407210295595082,0.06576221219170147,0.02361906987682737
2009-04-24,EA,-1.7334285803229088,-0.7000349165597581,0.6124412662717376,0.04021221728856585,0.040665255528451974
2009-05-01,EA,-1.5083220681452367,-0.12108696269754039,0.37196257606685157,0.08635386703077229,0.03606275849981151
2009-05-08,EA,1.4774429112569738,2.7040322425154666,0.0953667956836905,-0.0414373642752867,-0.072337325692666
2009-05-15,EA,0.2811618086652662,0.1898341780082121,0.09586064284503273,-0.16604934631414137,-0.0181887326953111
2009-05-22,EA,1.776511357805999,0.5061627865525896,0.11661308784028598,-0.6219212436016912,0.3885600785276947
2009-05-29,EA,2.155474494558899,-0.35692983740083145,0.9815997583918333,0.21767021146913276,-0.1170287463436298
2009-06-05,EA,1.6402101613840319,-1.61085181544695,-0.7917006770212823,-0.22124103040009174,0.08751317353123574
2009-06-12,EA,-0.6140064112049836,-0.10975159020212771,-0.19712390069946456,-0.0744086548796188,-0.01619433524317836
2009-06-19,EA,-0.07580030486642417,2.9381038148261127,-1.319018632404763,-0.8288625376528808,0.1932720743217118
2009-06-26,EA,-3.7055080351870764,0.12243394062916609,1.3618017688529729,1.3348063380142143,-0.28923803630945094
2009-07-03,EA,-2.1486574109793057,-0.5164242053659983,0.5134947215767355,0.4577268005598128,-0.2533344300235302
2009-07-10,EA,-0.3037707533259123,-0.0970715401900087,-0.06145626567591882,0.049874031130565835,0.008943018947933533
2009-07-17,EA,0.7301927984172699,-0.10882100989183102,0.07184183897133693,-0.003726730672818236,-0.005386472110080817
2009-07-24,EA,0.05427592122189444,0.22013490577142708,-0.8886536467854225,-0.07735387452306908,-0.030115910089531912
2009-07-31,EA,-3.153208153427721,-0.7129997644781045,-0.7590444331260032,-0.21009863267242807,0.019950922267732103
2009-08-07,EA,2.177895559304983,-2.11178288652136,-0.8609591965543212,-0.3067480564323202,0.02886899691384477
2009-08-14,EA,-1.7762280480804853,1.5471005120335695,0.4736871614756867,0.16232346065193748,-0.011476388781352249
2009-08-21,EA,-0.4980804443315331,-0.7009955359265208,-0.43115249580897674,-0.2753802358732497,0.018120493513881876
2009-08-28,EA,-0.24300280493343612,0.7433506348027006,-0.23954547443722796,-0.07012235159234502,-0.012576131627584244
2009-09-04,EA,0.27152685989961683,1.01930181804299,1.0072202801294725,0.17334244876716445,-0.009875607091485964
2009-09-11,EA,-0.35337871821996314,1.35061963242094,-0.055212290830782294,0.11437780045969721,-0.008928050440690203
2009-09-18,EA,1.1018730132525159,-0.6321075203809754,-0.3187375149183619,-0.09038310514101836,0.008707875025546076
2009-09-25,EA,-2.0720836728349736,-0.313237463589416,0.1661475742691257,0.09109934206187482,0.027711087916332047
2009-10-02,EA,-0.8878564282190827,-0.5378707943437958,-0.06631291672455372,0.01598018306356157,0.021082159739617176
2009-10-09,EA,1.2272911913874334,-0.8918102703689496,-0.18148061571997665,0.270776131046077,-0.01035440581393521
2009-10-16,EA,1.3257581043661721,0.27084993375479416,0.28196733992121503,0.12323315256602847,-0.015572300200501198
2009-10-23,EA,0.6203305075536019,0.5958740356035415,-0.5768343819607333,-0.12960976000217406,-0.03688870413902029
2009-10-30,EA,-1.925225663038341,-0.4837935393803856,0.6970256134335396,0.12977305221048974,0.05403406312432319
2009-11-06,EA,1.450467849130742,1.0294456076499838,-0.3921528312471309,-0.1252227983791709,-0.03823818597835462
2009-11-13,EA,-1.6480415206168435,-0.11565592859224828,0.8038692260003352,0.19125617942771517,0.028696489950520942
2009-11-20,EA,-0.47940426226861865,-1.2295137387272428,-0.20166842564935336,-0.09829650867891762,0.036690027194658255
2009-11-27,EA,-0.6249856917487686,1.0339158778296955,-0.6904338610644863,0.04425961082975784,-0.00980237811886102
2009-12-04,EA,0.5034329021297576,-0.8683863564064455,-0.08424575851579147,-0.12000951494604795,-0.0017386612798033535
2009-12-11,EA,-0.033905375711046425,0.7556399919948774,0.10993918549490059,0.15430264175729808,0.004109299524717146
2009-12-18,EA,-2.20854931068571,-0.5130214788485146,0.21281210884226226,-0.03477768854245604,0.014494740839761872
2009-12-25,EA,1.8638385118244574,0.5589145601715032,0.3924391945297602,0.1272079474422959,0.0041299050511689785
2010-01-01,EA,1.9693541347703767,-0.624002402730249,-0.5967695757636361,-0.2424288512294605,-0.02628490359271324
2010-01-08,EA,-0.8305801047331809,0.7248662823415736,0.13488030689506234,-0.05216307919907167,-0.01760170794433212
2010-01-15,EA,-0.5676097044509038,0.4939348177661933,0.5803626940747917,0.137163150730588,0.012014115031383442
2010-01-22,EA,0.17124568732881135,-0.06211849534317804,-0.4444188663177168,-0.05077001410223019,-0.010401665928407477
2010-01-29,EA,0.2979919547174521,-1.8409891501383713,-0.0546641807427529,-0.03699152267841726,0.030494809479731145
2010-02-05,EA,-0.9180293515090563,-0.22903630794203414,0.19656728869322634,0.1060912551353613,0.006100725943146511
2010-02-12,EA,-0.8379098033166993,1.295682895596843,0.9970734044713766,0.2588680317586829,0.03672038448229943
2010-02-19,EA,0.8368925034251155,0.6659766128860565,0.450041533375041,0.20577771668516515,0.017161291643676843
2010-02-26,EA,-2.522710214250378,0.10865173835238807,-0.25455063744911266,-0.4501481067899879,0.5154309192819714
2010-03-05,EA,0.8864149459424354,0.6864853592000035,-0.4110932252875664,-0.5664994007088892,0.26312957331272185
2010-03-12,EA,0.4215001984944208,-0.03744189043729964,-0.3493311278481972,-0.22876150565788397,0.03472365141394453
2010-03-19,EA,-0.8248576084415197,0.1501819949429462,0.17598740522403483,0.3496529321287609,-0.07724507541816998
2010-03-26,EA,-0.3378229550367697,-0.30608529473413365,0.3076421709099219,-0.13602884070383908,0.15719336553628652
2010-04-02,EA,-1.173802967876732,-0.4475663720536698,-0.006488491280077656,-0.0819524229788957,0.13484250463787856
2010-04-09,EA,1.0635947065218163,-0.014730745680309102,0.2250351461031632,0.3893899186269534,-0.1995400227037606
2010-04-16,EA,-0.8547237730234578,0.9689253687434989,-0.20162590125054788,0.24179404621989103,-0.013893857403702449
2010-04-23,EA,0.7985151682057392,-0.6023201355212957,0.2557286192643351,0.14054313132062776,-0.15082358066263812
2010-04-30,EA,-1.2896916207324194,-0.8539718578194823,0.03687564912925982,0.8518565970236472,-0.5048362188022102
2010-05-07,EA,2.1844624751720256,-1.9129928411146895,0.197660968315813,-0.1641561289618175,-0.1716899870392378
2010-05-14,EA,-3.3062108537332433,2.8577317048393014,-0.9011148690770554,0.017024139951659054,0.25012930504571257
2010-05-21,EA,-1.7767630553638782,-1.0700321309928786,0.13256410989726528,0.0988955754667196,0.004707606707477669
2010-05-28,EA,1.9079502266326829,-0.6643680901051775,-0.05303081395215446,-0.15539747592610514,-0.14201668486035887
2010-06-04,EA,2.7705529786975864,-0.2234411623716465,0.2217017047368204,-0.3237530243520527,0.06001136883449576
2010-06-11,EA,-1.2590246294634795,-0.028373866933117393,-0.01915292805545674,0.062161103131257174,-0.0261240008838348
2010-06-18,EA,1.3338243681393547,-0.06305078514717972,0.8658566488252359,0.29058987365200967,0.03738718142241244
2010-06-25,EA,-0.04052555420054576,-0.48391138901436703,-0.3127569681611046,0.10992334651347423,-0.015696125562045606
2010-07-02,EA,-1.2995064911089433,-1.1356002114966044,-0.8625386056277861,-0.3906115312636464,-0.10854538083631905
2010-07-09,EA,-0.6075691976569336,0.19538590101553754,0.47745718739253135,0.4450056695650684,0.1650546614560425
2010-07-16,EA,-0.6662426246762775,-0.27427000243087224,0.8946211706959384,0.6926291190800865,-0.1398120985232895
2010-07-23,EA,-0.12297941617833634,0.22996288535693532,-0.03486536745725113,-0.25965414418098,0.20493198249573782
2010-07-30,EA,-0.5602366215560458,0.19436038376474385,-0.9314598726567627,-0.2873892393830012,-0.09069697884215042
2010-08-06,EA,-3.0751713064488935,-0.6537871121071096,-0.1372781600272603,-0.23860734274845932,0.2507646577600492
2010-08-13,EA,0.8593966379092296,1.3393353034750801,-0.25251944137631155,-0.5909302375998626,0.358602138954011
2010-08-20,EA,-3.1938504457140926,-1.1507208062758882,0.10779419326848089,0.1624760852142835,-0.08262025255454652
2010-08-27,EA,-2.436658287199819,-2.282073462862486,0.42883383910041994,0.20257852327668638,-0.06684058017483124
2010-09-03,EA,2.921442308669251,2.085651754407738,-0.5047473948695249,-0.1973066895069255,0.10969202572267159
2010-09-10,EA,2.4113818834221963,-0.13568042401942382,-0.4824564773984089,-0.21235735916802095,-0.16178101559756064
2010-09-17,EA,1.4749294198015286,0.4477754826538862,0.010836754346138365,-0.11323869886594043,0.13445371292925082
2010-09-24,EA,-0.9668897477896542,0.5467894356402836,-0.5205492903723915,-0.08485163238647503,0.07182777540271121
2010-10-01,EA,4.360254791557511,4.155419975433609,-4.439917076193994,-1.1906057690592773,-0.15694796504702088
2010-10-08,EA,-1.6482717507098976,-0.06310642328363036,0.7672926924602625,0.1520379204590666,0.16664903947627302
2010-10-15,EA,-5.072940474840494,-5.437667512938691,4.322865370600406,1.7133429465815,0.11302675846239287
2010-10-22,EA,3.113261107381832,0.022938935765109605,-1.6645381408582194,-0.8555536484976409,-0.1623557409392646
2010-10-29,EA,0.9488323845620124,0.15201174961505468,-0.51534351142716,-0.17792495697722627,-0.05472052753622117
2010-11-05,EA,0.8177261067930295,-0.11727646587200405,-0.42275865877550756,-0.0686909300005417,-0.11282572080683968
2010-11-12,EA,2.620737295214839,-0.004735883787785976,1.0353577523124837,0.11530612599072484,0.10711978556088879
2010-11-19,EA,2.514439383707889,0.3963154437235952,-0.6332978466970584,-0.4011460016325286,-0.08289513020275592
2010-11-26,EA,2.176558464885876,-0.7795133823360333,0.6358972230690222,-0.3421742550749037,0.282171751929418
2010-12-03,EA,0.9145840066976781,0.6653038594758175,-0.27445967363958623,-0.09834724631829665,0.13000130784643496
2010-12-10,EA,2.3115177435594747,-0.7877074910300784,-0.3972681283201423,-0.45713374509521637,-0.17806929613600397
2010-12-17,EA,1.9620645292304535,0.8086969802184699,-0.09139083348467993,-0.25468335787333374,-0.10404995883757769
2010-12-24,EA,-1.162578681954549,-0.07102841060789186,0.43788632674404165,0.3868127748282465,0.051471559603663675
2010-12-31,EA,0.7952575497486829,0.07358059334566867,0.2138541402851288,0.17703682173166752,-0.09008244589560713
2011-01-07,EA,0.35357932112847085,-0.08478749160095189,0.5596075072930148,-0.04988863786320377,0.010699272022238126
2011-01-14,EA,-0.27792898631721324,-0.15666373137827608,-1.0879709409591494,-0.8618714158909085,0.020272187150974504
2011-01-21,EA,1.1854772235810989,-0.32933736437723354,1.0164354178197552,0.6758281921472983,0.019448460898331108
2011-01-28,EA,1.8949006257106322,-0.4553527722436765,-0.627113214775471,-0.5087937943902096,0.03263203466860512
2011-02-04,EA,-1.7385948710335069,0.6821669980813823,0.44058701616694473,0.5689223700304572,-0.05234368263801572
2011-02-11,EA,2.6155788116442387,0.279687751259831,-0.18330835824373795,-0.468416753954666,0.04751949129140236
2011-02-18,EA,-0.7853956393337299,1.0867626382444842,-2.3828878757414733,0.5816302227745255,0.16421186872248347
2011-02-25,EA,0.78897263948204,-1.3788605560075706,-0.021390127695167394,-0.035979433094723935,0.03705656312895682
2011-03-04,EA,1.608335371674865,-1.1814008363850321,0.6147443286869786,-0.44916123830602384,-0.09237291641794816
2011-03-11,EA,-0.30941692428261625,1.6394235372079173,-0.23428520946567913,0.25862684599865826,0.036378694783489186
2011-03-18,EA,-2.3846968754490807,0.17237891745341458,0.34876272517831586,-0.10574930838751317,0.0401132165683153
2011-03-25,EA,1.9940795420288084,-0.43676553601309637,0.01862399339710286,-0.04114821315764632,-0.013515574687462869
2011-04-01,EA,2.3810524967238607,-0.517489419749718,0.04133889654162726,-0.11102552854518781,-0.05970826949541897
2011-04-08,EA,-0.04444903871481335,-0.8766443959953437,-0.4018856245562421,-0.003230791810510238,-0.08302399605740317
2011-04-15,EA,-0.6053660292409034,-1.4082129969132946,0.31829148020243747,-0.2371336127933212,0.003635687831115875
2011-04-22,EA,0.3878159346417903,0.24819235453101507,-0.13755846529117316,0.17913150550275633,0.08131655517507484
2011-04-29,EA,0.7473931636801844,0.7851676459190243,0.5542100408299754,-0.14407111749267484,0.024916049920288667
2011-05-06,EA,-2.415804933406691,-1.45867265305173,-0.37071558067137034,-0.08215042100933821,-0.08984693161801334
2011-05-13,EA,-0.972732592498411,0.0774668060813704,-0.08754646805549482,0.08687588484247612,0.04377710589801579
2011-05-20,EA,1.4298137227782908,-0.1066167111960261,0.05266266606658216,-0.005075764728183527,0.012299714945783604
2011-05-27,EA,-2.7033692617069747,0.533556602452747,-0.4268163378878934,0.22848650153262057,0.025567738501865674
2011-06-03,EA,-0.7800815620475282,0.18644889814549867,0.21711544592145085,-0.05897622082466266,0.022718807804312544
2011-06-10,EA,1.1369006882804287,0.5859493808073332,0.05112948549087225,0.04730040308421223,0.014294076630535571
2011-06-17,EA,0.9526923799378002,0.45691594263790475,-0.23901315766900752,0.22397354744559472,0.06624114364373503
2011-06-24,EA,-0.4033427019636305,-0.4137631055290415,-0.5482429045358669,0.1402213622128494,-0.0443568131867258
2011-07-01,EA,1.5011982882371488,-0.3164119161015526,1.1921463446179354,-0.5232534605262129,-0.002952196557534647
2011-07-08,EA,-1.0402591253267346,1.0895622634892421,-2.1263838298463544,1.01210065176792,0.03811919819884497
2011-07-15,EA,3.7190855906935307,-1.3538020060650253,1.3272133805150204,-0.506651045680296,0.09495621801435492
2011-07-22,EA,-0.4758498833852447,0.01396293125900929,0.5439350435410448,-0.2900807156600096,-0.041248181928737915
2011-07-29,EA,1.354820305425363,-0.667868894272929,-1.0900000587820924,0.6045873269901398,0.1438656105124244
2011-08-05,EA,-0.8772932431194224,-0.5240595723210845,-0.21804679858167858,-0.06616687205623115,-0.09206907752512333
2011-08-12,EA,-5.831885853185075,3.7131873829060367,0.8369065673583749,-0.02758587749083152,0.08555879814023419
2011-08-19,EA,-4.557192905321068,-1.7384398392512024,-0.6163135456931015,0.07835311964219586,-0.01217082997548799
2011-08-26,EA,0.7957293501721091,0.6049195131744439,-0.8028785049473018,0.5375003766543301,0.11756053716652126
2011-09-02,EA,1.9862883088251178,1.1555738259895643,-0.2954526167033589,0.16965415427293254,-0.044296343127121406
2011-09-09,EA,-0.24685675076620436,-0.043160646260047814,-0.6182093418195023,0.27214308723290115,0.015469592332529156
2011-09-16,EA,0.642875912084851,-1.3760569629098738,0.004084894420040389,-0.03649435688477622,0.0478133415313553
2011-09-23,EA,0.14530134104641565,0.47006573486436676,0.15578994778857377,0.06814185060451079,0.07996721241318083
2011-09-30,EA,-0.4756376731267218,-0.4706052329191379,0.10356654562432632,-0.05362023656931488,0.02493561491014104
2011-10-07,EA,1.1275300770833965,0.5942722082433172,0.041180476024513836,-0.017281092850711697,-0.04170530204133139
2011-10-14,EA,4.622925196047993,0.20771779359641787,0.4027142591203707,-0.1456038649094506,-0.022689027954100015
2011-10-21,EA,0.9045598298627421,-0.49240729098477265,-0.8188762795665976,0.4931106780184708,0.14136280798159295
2011-10-28,EA,1.091834648847357,0.40007471191323957,0.31839806197209486,0.05776151178277441,0.1277979753850034
2011-11-04,EA,1.8015422057171482,0.525235589099332,-0.9143412307001426,0.5827214731544013,0.11275919494438295
2011-11-11,EA,3.8113717681113437,-1.2131789500386236,-0.6864462487346319,0.11872835428678041,-0.09206280010794848
2011-11-18,EA,5.850774243356729,-1.8131953093235476,-1.0277265011128067,0.4387819676628208,0.06964336659106676
2011-11-25,EA,6.750338639311129,-3.6205242513546447,-0.20623951057690068,-0.17656581325442083,-0.04240176683504928
2011-12-02,EA,-11.779485629245967,1.5942080523687614,1.4376368468542364,-0.6524199166067552,-0.043492741637024074
2011-12-09,EA,-0.9429950995425692,0.9735215772163603,0.24638308792710073,-0.1998285075864858,-0.1288106118858479
2011-12-16,EA,-4.0943547436235095,3.395555291742117,1.0482123725289259,-0.2236821853555199,0.00618784283624627
2011-12-23,EA,-2.1474876896946866,-0.6134800588091284,0.23710657230746146,-0.39217691417460493,-0.1826536421169201
2011-12-30,EA,-1.0976188274827474,0.36775910591267713,0.43105152838216765,-0.2152776916007096,-0.03872097917589948
2012-01-06,EA,5.281051185095798,1.0697556613570045,-0.08143206143785207,0.06552615736172053,-0.07308713331193038
2012-01-13,EA,-5.835860998371897,3.8303838909787506,2.0454036913925524,-0.6196080243061768,0.014463496223978207
2012-01-20,EA,-1.5511814925713088,0.1824694360901885,-0.6714401559600911,0.46871885415846287,0.1491346281493272
2012-01-27,EA,-5.475407867323708,-0.48709662713175644,0.4835040241739252,-0.31894788411565356,-0.022387390451299585
2012-02-03,EA,-2.341391847279666,0.637954215079212,0.7345138504842779,-0.7714027022946066,-0.5345680393270974
2012-02-10,EA,-0.05529787545985261,0.020516670737390885,0.04122492649382893,0.01135677435328423,0.004186064646690831
2012-02-17,EA,-0.3854331735328528,-1.5777769319338804,-0.33649965553763656,0.3258763248419183,0.40918587751479635
2012-02-24,EA,-0.4036413442691289,-0.16968603742399152,-1.8703274601610935,0.8358729044832763,0.04919871080276693
2012-03-02,EA,-5.75247953303338,2.9592274669848235,3.28818144366106,-1.4609007123465143,-0.18799593852791002
2012-03-09,EA,0.08162716740243142,-1.0233400186734645,-0.23952549154624644,-0.025061607288547155,-0.040639079412315045
2012-03-16,EA,1.7565681128784978,0.4501136640136897,0.6820762070536385,-0.28929641298950737,-0.0366819167887192
2012-03-23,EA,0.46077230124417706,-0.07256475774759584,-0.28307105368632046,0.18483285828914173,0.05451608608931249
2012-03-30,EA,0.5850719817584039,-1.2296610263047505,-0.46628926546351585,0.09250909721205387,-0.01511075669873874
2012-04-06,EA,2.52230598670477,-0.02271856297475408,-0.33627102311491264,0.2544819685592105,0.07523279972810777
2012-04-13,EA,0.34415621338499036,-1.6925958179399831,-1.379711004394151,0.6537795286490119,0.1537936472627393
2012-04-20,EA,1.2218797581607903,-0.0008284571969546824,-0.04282180698094805,-0.014496191264390796,-0.03376173580646803
2012-04-27,EA,-0.8732416798518423,0.31115072965343565,0.2394930573420325,-0.07491476350408456,0.010864848554524348
2012-05-04,EA,-3.2580215789906037,0.6864411838066911,0.6716622931569839,-0.32807536653775143,-0.05075897564999222
2012-05-11,EA,0.14105234632688993,-0.5117026256332367,-0.44375741038395555,0.23076897106182317,0.06491476204031774
2012-05-18,EA,1.960280288393805,-2.4578449539561125,-1.060549056589899,0.3303952677567398,0.036682248261325864
2012-05-25,EA,-2.180049102576797,-0.7464301690503656,-0.1666504195353775,0.017253396906485297,0.01811604913443162
2012-06-01,EA,-1.313656487875376,-3.2023244064127963,-1.0462913737617465,0.27311810396279823,0.06365294973459992
2012-06-08,EA,1.6352128633969647,2.0804970073791917,0.9108469641609651,-0.24872367990759794,-0.021390609769136336
2012-06-15,EA,6.103293456493306,0.6152694779628672,-1.179019728696493,0.8538541385664561,0.20531348835213442
2012-06-22,EA,-2.562387178056128,0.2966820318252933,1.263142034230293,-0.7564361890974651,-0.1741925418590363
2012-06-29,EA,1.1784494307711355,0.8270778866203837,-0.014750229993439145,0.19587584405239622,0.09791800565210583
2012-07-06,EA,-1.1795825626066787,2.376718817346606,-1.260941955829876,0.7977677077933403,0.07546728096877801
2012-07-13,EA,-4.674929415062567,-3.125139552381517,1.049975003138993,-1.1738496614687417,-0.3664349340402871
2012-07-20,EA,3.215015710746094,0.17097728011450253,-1.6680651608266066,0.8470926260491749,0.08432872294896905
2012-07-27,EA,-0.20243547419691044,1.0709527293129235,0.4631146846855717,0.11966705946642829,0.18990496634504112
2012-08-03,EA,-2.16373862014663,1.7782935418160997,1.2504732223821764,-0.5953553684045382,-0.14047080239502224
2012-08-10,EA,-1.9553339132116003,-1.3236774998944478,-0.07896008370356528,-0.033529404938091034,0.039136368311733
2012-08-17,EA,0.47277253537536346,1.6099283703897138,1.114390362696764,-0.4412924817792915,-0.07146063991210008
2012-08-24,EA,-2.105335834075151,-0.8983742709296962,-0.2712152021744084,-0.025840179214282805,-0.04438351838068754
2012-08-31,EA,0.9550291110823601,1.0543426267116478,1.2884907607023603,-0.5795928899113988,-0.09316744698619481
2012-09-07,EA,-2.47299995271576,1.31927965392742,0.7206616576395711,-0.17480157967846552,0.04825419901947298
2012-09-14,EA,-0.9732602793397602,-1.2702731544786188,-0.5853711108585896,0.12651554002544962,-0.016255522213801547
2012-09-21,EA,-1.1116859428747092,-0.5256767376089272,-0.5192885205421452,0.1417624577175249,-0.024473940112299412
2012-09-28,EA,0.16995574205742875,-1.077942746831421,-0.30824651232614336,0.12646102560718467,0.061280500132043704
2012-10-05,EA,-0.5148514227360234,1.6539868391957624,-0.358253618005929,0.39638511834657225,0.10266348712828034
2012-10-12,EA,-2.5729121377651705,-1.3234039985505455,0.0016067576415015224,-0.219956130775333,-0.07872319039386179
2012-10-19,EA,0.5307393392194274,1.8209676234311802,-1.178164991747272,0.7683853412583669,0.10755938156843275
2012-10-26,EA,0.9324802412944106,-0.32998330085307326,-0.5837275371356045,0.2865683743292155,0.046267251930139495
2012-11-02,EA,-0.9544697768578655,-0.12167092766271471,0.45737269085317867,-0.21928581834115446,-0.006592542573868581
2012-11-09,EA,-0.381806418911116,-0.2005090428946037,0.5407818247324553,-0.3039912315442501,-0.04199622904968268
2012-11-16,EA,0.043849826435837604,0.3814950196175564,-0.3431169392738753,0.17725785749185466,0.002294591102572881
2012-11-23,EA,-0.4294132980242354,0.5083604308227414,0.2475607020607511,-0.09386584728308024,-0.0165892830148992
2012-11-30,EA,-3.3279713223535494,-0.10843489830872477,0.8016431735945606,-0.7259109130875947,-0.27240423513208506
2012-12-07,EA,0.7150294334057673,0.19347074093402342,-0.273365339470041,0.06686373828557192,-0.0475102253824714
2012-12-14,EA,-0.9368567289355122,-1.2658945467661455,0.3505909730853893,-0.22392649947704524,0.013673009637750947
2012-12-21,EA,-0.883229899737851,0.570270436263602,0.20734406663636026,0.06547108689334193,0.09294000419938489
2012-12-28,EA,-0.07744944521841508,-1.028305501949162,-0.7961988156311677,0.5300460355936074,0.2147956774005519
2013-01-04,EA,0.9266257610353065,1.484535315491859,1.0901698581123407,-0.5781687843556991,-0.18478377721852118
2013-01-11,EA,-1.094293047502589,1.2798403369179636,-0.2479937894137068,0.2405818116595655,0.043944996388373916
2013-01-18,EA,0.8987759698183554,-1.4134993367444801,0.32109494155241336,-0.25409939080037747,-0.01854044679647919
2013-01-25,EA,0.3126871194837674,-0.31822942885807326,-0.12194090408816577,0.012474098298908757,-0.01338531064860314
2013-02-01,EA,0.8732796006605421,-0.3150171149832019,-0.31275436208143836,0.11281359363829518,-0.0015375898835435834
2013-02-08,EA,1.0468086692730667,0.3183479923592615,-0.25797107041716943,0.06322410842514313,-0.058263223842860305
2013-02-15,EA,-1.059122256715235,1.0762924812763746,-0.05581550149633748,0.14939059331803134,0.047093655131642646
2013-02-22,EA,-0.0163086043566609,-0.1989573328162835,0.12010063191942377,-0.04038490666164944,0.019822494269137497
2013-03-01,EA,0.7318911285632157,-0.5577376227033057,0.5994795733566635,-0.24973447191028447,0.02931941765887684
2013-03-08,EA,-1.284464843833343,-0.07289042074331031,-0.21612011538480938,0.060428289584910644,-0.010005764195308398
2013-03-15,EA,0.11167534305009615,-0.10083558773185894,-0.0981972139701576,-0.03357159214127171,-0.05253045776089327
2013-03-22,EA,-1.2347569285510587,-0.5812869652777666,-0.06266895794401985,0.024608037027079727,0.04144666211020899
2013-03-29,EA,1.2803663493342377,-0.3363876547278078,0.7719750933872214,-0.3776151021079945,-0.028344905813728463
2013-04-05,EA,-3.6383435331015663,0.7715285630356922,0.10038509210939077,-0.0482828514993882,-0.02365602110581201
2013-04-12,EA,-0.0549654049182225,-0.4026049310052317,-0.3317088001020528,0.035287713528094705,-0.05780724196692233
2013-04-19,EA,-2.528428128739696,-1.0408792834580998,-0.05820964620877083,-0.17072160700565894,-0.07499572316911715
2013-04-26,EA,-0.8813963394206883,0.7101760072742112,0.1530359118796582,0.13468576461059428,0.12319221613248935
2013-05-03,EA,-3.080842350559599,1.1684244132755701,-0.36662304407515317,0.2576959966090905,0.03801448303327537
2013-05-10,EA,2.7218801767131966,0.3755457677340574,0.26920506925799553,-0.032113498234020973,0.0245914702343545
2013-05-17,EA,-0.6558071258420258,0.24364858071962583,-0.3637287188974431,0.11422634335037272,-0.037104350267932164
2013-05-24,EA,2.776979757339283,-1.5080380074512851,0.3877761188920112,-0.28549867832431636,-0.02992122759173833
2013-05-31,EA,1.1024485620949243,0.8960119130725578,0.12019875971511149,0.07016447738969982,0.03787808282759268
2013-06-07,EA,1.6780693800036077,-1.4842112598659523,0.5507040764207883,-0.42593325137137766,-0.07708837869926452
2013-06-14,EA,-0.08312272549172117,-0.7042579975562925,0.2838481317526008,-0.20564034433739953,-0.023251630026017836
2013-06-21,EA,4.193766555945388,0.3920157793060777,-0.4695397940947966,0.3142915505605648,0.03997178781230961
2013-06-28,EA,0.37183447606235387,0.29214956719058854,-0.07874596126719363,0.10978841324598365,0.04303988655239504
2013-07-05,EA,-3.3771017887624177,0.7611834687689029,0.6430608383286337,-0.30765675135734133,-0.04770621782758495
2013-07-12,EA,-1.056489460189724,-0.17095833919545003,-1.3968840373687506,0.6544737749672731,0.06800643845199311
2013-07-19,EA,0.012050048187729744,1.1887193794260833,-0.30597965357547785,0.3008357960324088,0.06940079106142501
2013-07-26,EA,1.1767512035351597,0.04406241170402235,0.9096815135813319,-0.36827660384151734,0.003208868829302695
2013-08-02,EA,0.4532080920210605,-0.06373037004764608,0.6843044255805556,-0.3395857667081571,-0.036126614708996335
2013-08-09,EA,-1.992781697586429,-0.0021753219537001185,-1.1416762431833218,0.46746076725118385,0.0009656824492064585
2013-08-16,EA,1.8391757484314657,-0.07125435640295438,1.0334137225241657,-0.46481962081289246,-0.028532137162037702
2013-08-23,EA,1.5748485163502541,0.2077424320220122,-0.7933641624900454,0.3526590693565819,-0.009072343096831515
2013-08-30,EA,-0.16999309908743454,0.03316906626792294,0.05378826004868378,0.10034460058392243,0.09904244242932697
2013-09-06,EA,0.7439740785264215,-0.023085133887161744,-0.10234927741353232,0.03240161421471752,-0.011432817077068363
2013-09-13,EA,0.525832219214393,0.3414714668359924,-0.18643795873853772,0.12318212166722467,0.01305328155394054
2013-09-20,EA,-1.7286282790509857,0.8023894956441832,-0.30918726977222827,0.13664767800655434,-0.027151496229650823
2013-09-27,EA,-1.4308122272176258,-0.7719865700293509,-0.3145105143075552,0.04637474663924599,-0.012093607372043569
2013-10-04,EA,-0.7048962981933198,0.9721489557094746,0.07743310731889941,-0.06099181001455746,-0.0681469296077816
2013-10-11,EA,0.4508684729886556,-0.27507214119468726,0.1641890773344196,-0.05606856522560122,0.021890504210000546
2013-10-18,EA,-0.7273565259591185,0.8454824313575627,0.04602544105304356,0.07309918871314651,0.03125101526225735
2013-10-25,EA,-0.9533155332694079,-0.4712439228677672,-0.04362977624961255,0.06569941497059613,0.07036717958952735
2013-11-01,EA,-2.3715588944907497,0.5188352495375002,-0.46173953769819825,0.047947638407800634,-0.11883071162526954
2013-11-08,EA,1.0303337854866934,0.9030233707058524,0.32645199471170594,-0.012286487874730639,0.03860815043118603
2013-11-15,EA,-0.6660341536833255,0.06705828019302994,-0.11153330407413106,0.13666152686668276,0.07056042443734482
2013-11-22,EA,0.3116437729423862,0.09757512212357174,0.2585423191166064,-0.05827858965553845,0.031342322412460634
2013-11-29,EA,-0.38654083171644404,-0.23542299222210375,-0.17872637215983758,0.05430561001936755,0.0013951881619108171
2013-12-06,EA,1.977035689522211,-0.6529288855097328,0.24696187606032352,-0.10042885153245512,0.0257532421040487
2013-12-13,EA,-0.860224706707818,-0.49067265784855113,-0.1380831819191718,0.06543192857289508,0.04095234482926559
2013-12-20,EA,0.9023917214769993,-0.09265895449361762,0.8079285870197329,-0.3405858901720302,0.001395014563578439
2013-12-27,EA,1.530550138880011,-0.2905459073484512,0.00900541876634472,-0.09260266861168949,-0.0634253617280572
2014-01-03,EA,-1.9996622114187301,1.532456652270468,-0.24702887468356935,0.2427311101402775,0.036359455468833964
2014-01-10,EA,-1.039875768129332,-0.05174688556506699,0.047951353858872905,0.019687361620515466,0.04314987530318016
2014-01-17,EA,-1.7088290762292455,-0.7384032480537335,-0.5058602419725255,0.20630383761798432,0.05021257683575736
2014-01-24,EA,-0.05689053818223436,-0.720187690385577,0.564493795742956,-0.3411933477207465,-0.037568945876605565
2014-01-31,EA,-2.6766281367919618,0.31055392138332627,-0.7703115343009866,0.36320743461110294,0.031451586945830314
2014-02-07,EA,-0.08202813483621751,0.1319503168772602,-0.055485482375306774,-0.02193770250596971,-0.04121989214379009
2014-02-14,EA,0.12162592388583655,-0.19215607748920824,0.033431167727212587,-0.06812838350603131,-0.031019126512100245
2014-02-21,EA,-0.5032199575323658,0.2312065949592561,-0.019326109067362325,0.030378580006266327,0.009154635154986629
2014-02-28,EA,-0.8697102861402046,-0.4892920519449619,0.14895459209276732,-0.08007871858821626,0.021201121395826198
2014-03-07,EA,-0.6726377560987882,-0.1084790988700039,-0.1038276825989285,0.04756180173577971,0.015334060626024968
2014-03-14,EA,-1.221944393427995,-0.16647124832739904,-0.45795309740200535,0.15394481921102912,-0.010722001245933458
2014-03-21,EA,1.2768295412568278,-0.4659533640888087,0.910179710493081,-0.3631503224999664,0.03564926295215829
2014-03-28,EA,-1.3334478809956472,0.2903391299316738,-0.10463796426203228,0.11189070540700985,0.047767521934524
2014-04-04,EA,-0.5525035998162344,0.6739174829472256,-0.24036044467701098,0.21317558973492615,0.054631281609667244
2014-04-11,EA,-0.2716331396518828,-0.5745581094107746,-0.09254585132260004,-0.024726316392209253,-0.014213061984460991
2014-04-18,EA,-0.7423761947103152,-0.6670863192003215,-0.2489196450523806,-0.018600132723011007,-0.05366178076327008
2014-04-25,EA,-0.7418911413305016,-0.5211787957797247,0.11696614136783694,-0.058386932552376244,0.03013613141989499
2014-05-02,EA,-0.07805213253347906,0.4237643647503506,-0.4545457406678184,0.21148229759163753,-0.007647386040223311
2014-05-09,EA,-1.0206814495850982,0.3295325854879241,-0.3743226617183824,0.21657089462589474,0.03624743260405519
2014-05-16,EA,-0.22797265407942854,-0.013228941483525236,-0.009243257487937933,-0.031069931940269326,-0.02384727138221353
2014-05-23,EA,1.0877400582195187,-0.6367072130390192,0.0696564027545041,-0.17205038339784148,-0.08221006266960802
2014-05-30,EA,-1.8429406846105842,0.33779348006815557,-0.23190335115029928,0.08215735260946468,-0.01585752653753745
2014-06-06,EA,-2.6551429653741185,1.4649113953020962,-0.14271467236567867,0.2752950461315232,0.1059265757988941
2014-06-13,EA,1.2393892597103853,0.38096175218651585,-0.06657367828523264,-0.14233012654691293,-0.15588678196974232
2014-06-20,EA,0.6009777463511181,-0.5567379834487565,-0.4622993739770056,-0.013059959672181508,-0.12251043473541706
2014-06-27,EA,-2.452083585618916,-0.8155589139588908,0.24968767070206754,-0.0792497370880988,0.07455141491251596
2014-07-04,EA,-0.10958367915759938,1.0382956934853447,0.08074710045782875,0.1233877229575769,0.06508223435303574
2014-07-11,EA,0.21756891352425786,-0.4522980613846924,0.08581558299791167,-0.06621489699900382,8.676953744903436e-05
2014-07-18,EA,-1.9699085147877355,-0.8519908595948534,0.004952569674788733,-0.08729890140517355,-0.004873204066378458
2014-07-25,EA,-0.8844686732811872,-0.09754464662978833,-0.325553741841883,0.03599767223033087,-0.060358510147427276
2014-08-01,EA,0.37960986070343045,-0.4174256173481729,0.2757853963997958,-0.17206424613057603,-0.023677576014106593
2014-08-08,EA,-1.2240497120216745,-0.6826753358214023,-0.0011383460839434233,-0.16436005008329851,-0.07674809935542123
2014-08-15,EA,-2.058324103368702,-0.0027331578565014452,-0.3511223399813093,0.12915953849913248,0.005255733229185096
2014-08-22,EA,-0.60530711739141,-0.45938101683604876,0.424581832280311,-0.07350740919117918,0.10174875014240278
2014-08-29,EA,-1.9830799904899932,-1.088763936398173,-0.8480194876880472,0.02488447183981283,-0.1648156639711057
2014-09-05,EA,-0.2040833593281766,2.0837990055868034,-0.7366845650812712,0.302377182624799,-0.0852321348759064
2014-09-12,EA,3.8981662794801695,0.4654501088853344,0.516331997784983,-0.12618565678395063,0.009288888411438118
2014-09-19,EA,-1.5673257368447306,-0.16023276818240204,-0.44898390990780895,0.10063540130167323,-0.034091681009880685
2014-09-26,EA,-0.6849577451184844,-0.5254962022766474,0.2755889502229192,0.01345988578439897,0.11094497426504261
2014-10-03,EA,-0.6150271901882628,-0.5085367801405837,-0.05877422642689801,-0.06654869902643533,-0.0334758466956963
2014-10-10,EA,-0.45168464165963046,-0.4070698332537889,-0.2354193724950326,0.03382216433558414,-0.019251356310519455
2014-10-17,EA,1.6466296630609747,-0.12237331417465193,0.021343812856216393,0.004442250264562523,0.004230102814850224
2014-10-24,EA,0.28227398412753074,0.09404527360180671,0.05502048990439315,0.04420426856865117,0.04038789681594051
2014-10-31,EA,-1.939287169998816,-0.7559934183028401,-0.5404780011055141,-0.02939455063323565,-0.11875399037830449
2014-11-07,EA,0.5183620734587009,0.3033177211706044,0.021993540235817365,-0.13732390072792483,-0.09563516189132223
2014-11-14,EA,-0.6408662240017932,-0.14193793662064244,-0.14960546894202528,-0.032125573093543955,-0.045370001850521875
2014-11-21,EA,-0.7321343235719946,0.005703780475787822,-0.3103488900304891,0.07552458217139069,-0.02398878025169652
2014-11-28,EA,-2.469371516738599,-1.3064796015544697,-0.44644033870480065,-0.1610133682163399,-0.13185465127050644
2014-12-05,EA,-0.16112791025715406,-0.16610985086702298,0.08211535156131232,0.05444395820965467,0.05578545511317367
2014-12-12,EA,-0.668260170956325,-1.5112198405361303,0.06468666856446235,-0.2199461395823197,-0.052502292510097616
2014-12-19,EA,-0.9529184160042203,-0.014450288214949883,-0.04822250243474562,-0.042247044167777074,-0.024923121737430567
2014-12-26,EA,-0.540127058864311,0.0313145630929772,0.08833451404082482,-0.0537894628159503,-0.004616847635507306
2015-01-02,EA,-2.105616866438914,-0.1718597864637847,-0.2323464312899099,-0.07802622595996084,-0.06542706341648022
2015-01-09,EA,1.1101586282012703,-0.24324788816290713,0.5520704786619336,-0.2510453259763846,-0.003252085742459719
2015-01-16,EA,-3.4317156375477675,-0.8054347746766628,-0.5409317364586375,-0.20068299359610384,-0.12277358779910465
2015-01-23,EA,-2.8978715938535182,-1.9064927612974354,0.5837902225298527,-0.19144030460169797,0.09033877934942146
2015-01-30,EA,-0.2203104486674878,-0.7116998739401283,0.17754377652118333,0.06465477363824121,0.06278936666873172
2015-02-06,EA,-0.6257445863486066,-0.20918211649859292,0.5413995914865852,-0.025478192315376024,0.10463365407534261
2015-02-13,EA,0.422036491174044,0.11177855835694563,0.12259437198253224,0.07137957413988298,0.05658077446069095
2015-02-20,EA,0.3788815835823063,0.5064362066057722,0.12329544932780274,0.11673860604547903,0.07619385123059595
2015-02-27,EA,-2.104262373607264,-0.1865633225808872,-0.6031891281793701,-0.1133110053586289,-0.16731095936128687
2015-03-06,EA,-0.5164900903116645,-0.27325653949817197,0.26691486339275355,0.012047057600110133,0.07089166437620478
2015-03-13,EA,-3.1690723824999814,-2.405242780266572,0.3564839038397228,-0.3088860248093712,0.01174650580467662
2015-03-20,EA,0.37612710905830177,0.09203756136056884,-0.05892297830000222,-0.071071797039225,-0.0443015266448407
2015-03-27,EA,1.1665413678360275,0.4503914653983588,0.3811929942417224,-0.03639948636915809,0.04081773797295374
2015-04-03,EA,-1.108925165336864,-0.3291481319862622,-0.07373198410557337,-0.0169578115155453,-0.0033618350143816474
2015-04-10,EA,0.1516493362729336,0.6953305541558646,-0.2967890998120871,0.07810475781376218,-0.03432826385214778
2015-04-17,EA,0.5421189920609744,-0.2531759683160387,0.18623037177300147,-0.04451292845724697,0.01638538521559202
2015-04-24,EA,0.5513149331478643,0.5576175869480265,-0.3227021877727349,0.20917675957909374,-0.008429017080168402
2015-05-01,EA,3.256781884066262,1.39796689624534,0.22437975813097463,-0.028482568316109312,-0.02615003798604161
2015-05-08,EA,3.8048278228404513,1.9045399838311021,0.8332124106196845,0.24270525378519026,0.01482450780027287
2015-05-15,EA,1.966234289106731,1.3061269504995527,0.12898065374879822,0.15728048164266925,0.017526248128229876
2015-05-22,EA,-0.1281533466987676,-0.073466653819979,0.1572472775644855,-0.03858468647553548,0.03486608307177623
2015-05-29,EA,-0.7732103801967969,-0.6596733994411919,-0.07125849214451016,-0.11270290868564778,0.022115447411045017
2015-06-05,EA,6.295088062189402,2.2584035928451054,1.288409016616102,0.2920629721296925,0.128292939174193
2015-06-12,EA,1.9906799260537815,0.3895678127043242,0.047347568178220514,0.39743218756495363,-0.18145610190151484
2015-06-19,EA,-0.9086956117616148,-0.7325754565682676,-0.051521572440191156,-0.12034016668196419,0.01989114107021585
2015-06-26,EA,0.4480329177261955,1.4494802094626644,-0.030872231375298397,0.519161635196111,-0.11233357659019308
2015-07-03,EA,0.7276952028431383,0.0017321556026704162,-0.0012401361279630065,-0.07021031945850761,-0.04716318696896515
2015-07-10,EA,-1.0863343002944932,-0.43821594077462145,0.2054239514365702,0.10761360105156961,0.01022390402005467
2015-07-17,EA,-3.501722819407928,-0.5064474519392345,-1.0588680658451888,-0.356155099102326,-0.034508170091689376
2015-07-24,EA,-1.5615158093844907,-0.7055110387394999,-0.04388811904847146,-0.02005428938449682,0.01597024578901521
2015-07-31,EA,-0.9970301163887216,-0.5213249375130377,0.18020034568679008,0.09083209340115637,0.001915595736735986
2015-08-07,EA,0.8403027142127522,0.8280387911785159,0.07896294433133902,0.27612815899866167,-0.08455928135146323
2015-08-14,EA,-0.731675707436643,-0.698446958428847,0.18639812039052234,-0.03199987397241912,0.034544701032165503
2015-08-21,EA,0.07090449004372783,-0.41095824920799323,-0.16149594540231918,-0.22737443775771682,-0.009160004650651626
2015-08-28,EA,1.633040435129921,0.5938270061029587,-0.004209525061454035,0.009719410896939607,-0.03366657557113831
2015-09-04,EA,-0.10332284502828866,0.5547828705839806,0.10970505190849345,0.20671098904931814,0.021342821114997468
2015-09-11,EA,0.02587073338432659,0.30159161081914065,-0.5050815615441521,-0.22361830442150246,0.05846220714651927
2015-09-18,EA,-0.8624518118253757,-0.3047932979285775,-0.49387312997304955,-0.25809089667146035,-0.025771943930805626
2015-09-25,EA,0.432845890173562,0.11266073840290863,0.09678836152442608,0.03128764142566285,0.0025951696072622214
2015-10-02,EA,-2.9799454703342487,-0.8014635699321427,-0.5244188273698678,-0.10832426327891571,-0.07429127432454131
2015-10-09,EA,1.5820722247711037,0.5290616467990984,0.3282072289600382,0.01927272455957205,0.06609791857995621
2015-10-16,EA,-0.8918013659393902,-0.1934271143085735,-0.23711635556907196,-0.03170077261941715,-0.019417373689992145
2015-10-23,EA,-2.0109411295658774,-0.2523343446886971,-0.22255361816480146,-0.09356095476859866,0.4765793882704554
2015-10-30,EA,0.11407622795277773,0.04464985498659958,-0.158213301970338,-0.016330968427763944,-0.05433253668124451
2015-11-06,EA,3.4154220077007746,1.6850138146822773,0.05146518101058479,0.06491017176190855,-0.03404118246552739
2015-11-13,EA,-2.1719672444835427,0.10404123320820571,-0.5434217532582102,0.14561219348639412,-0.03551713945666375
2015-11-20,EA,-2.1940624175532086,-1.2674535047444868,0.13810842607909138,-0.12429364277178415,0.021441463485978293
2015-11-27,EA,-0.6726435647520265,0.4166451231983326,-0.34967481322054217,0.07212767633525849,-0.052887055883497014
2015-12-04,EA,4.1993323425539195,0.4856829349627685,0.5116813928105755,-0.12797099321813946,0.006469712260398341
2015-12-11,EA,-2.3644233746492733,-0.5930847392865743,-0.40051257895919884,0.10666768010945005,0.00440782403137672
2015-12-18,EA,0.42006300962209414,-0.28378337977737117,0.4301085580046334,-0.01975987715157707,0.10303648426352209
2015-12-25,EA,1.7225018652955009,0.8566241542704573,0.19320539621274305,-0.07695244448568404,-0.04437592873334
2016-01-01,EA,0.1391078357529713,0.4976730996832542,-0.0930874541977412,0.09260101429875109,0.01424828905267419
2016-01-08,EA,-1.5275842543323002,-0.18453674797504444,-0.23800873879685983,0.017390705611408222,-0.03214789621545095
2016-01-15,EA,-0.9697282514293308,-0.9569574745965889,0.3568238856233459,-0.15507173546333589,0.04115898956659078
2016-01-22,EA,-0.3186627467713549,0.33107488929105894,-0.10478544421727232,0.12585423162438839,0.04403204808300873
2016-01-29,EA,-2.8428617184016374,-1.00745597847801,-0.34984681090067726,-0.026552126715045567,-0.046449292745397025
2016-02-05,EA,0.29910343358835856,0.08606442653095234,0.17250418428015307,-0.09944861458425082,-0.02266491498292302
2016-02-12,EA,0.2023040275930025,-0.5601355415850943,0.16311843221098096,-0.13595163846356523,-0.02109162593079884
2016-02-19,EA,-1.0375769221102589,-0.3497086926351026,-0.18293591291116776,0.01676683303912494,-0.01345872849635909
2016-02-26,EA,-0.9658153067245713,0.014984030801912537,-0.2077114380530475,0.007298905898056917,-0.036545557512070205
2016-03-04,EA,0.7461373749599918,1.0292313594846216,-0.062272870526284836,0.22552933236515152,0.0731684092773381
2016-03-11,EA,-0.31367808188054086,-0.6117121602161637,-0.23160275697021138,-0.017485938711639823,-0.042735132631269074
2016-03-18,EA,-1.4723164326655551,-1.000689349936947,-0.011435738760862183,-0.034494035009421005,0.023441900503420873
2016-03-25,EA,-0.07195828130489478,-0.16950019656995205,0.04647578409310403,-0.10278839841673627,-0.042828316320359695
2016-04-01,EA,-1.385137351515799,-0.5289269541422562,-0.041799725291546186,-0.12588798685520963,-0.054959177542525474
2016-04-08,EA,0.3604257580811098,0.15821583356143848,0.10092865961663185,-0.053112375089757,-0.012042185170997493
2016-04-15,EA,0.5539085817994727,0.3909178582073029,0.047089051739119626,0.07380947149640088,0.033607867548867854
2016-04-22,EA,2.0624733520703917,1.07542881876023,0.06964263772525026,0.1445834727092684,0.05021245271566113
2016-04-29,EA,0.8654779956228238,0.507570442516967,0.22135055941148676,-0.06071117586084097,-0.005121326944978931
2016-05-06,EA,-1.5460645097427281,-0.4134938662210605,-0.10121145530211662,-0.1599332183570058,-0.09154059578097926
2016-05-13,EA,-0.29704566449693376,0.048593883665714134,-0.13649294977163973,0.00352186160563961,-0.028854445324783977
2016-05-20,EA,0.27243023672303285,-0.10358322816494664,0.0527745115175959,-0.07059120964853524,-0.024583142301609674
2016-05-27,EA,-1.3171795820235854,-0.22255209290927866,-0.24872471711127042,-0.021036449026905085,-0.046292828195117375
2016-06-03,EA,-0.8653206625641707,-0.7668744555269507,0.17231669971204472,-0.021601972899061128,0.053313124174058764
2016-06-10,EA,-1.604819235186805,-1.5208837055748312,0.33083505158884463,-0.15622201121527948,0.05537647550144711
2016-06-17,EA,0.90369877078116,0.2780067509076613,0.07665037733570325,0.03326748646550618,0.028897637835659372
2016-06-24,EA,-0.9658847050001053,-0.44508963704118687,-0.031065688554985652,0.12919228581361025,0.08724963008119276
2016-07-01,EA,-4.227952775595815,-0.88153222853645,-0.17449629720557108,-0.19743961424575462,-0.10465170077406813
2016-07-08,EA,-0.9070696141453732,-0.5055886529602335,-0.10538811502888148,0.053548326243252585,0.03111452195694475
2016-07-15,EA,1.615284641057331,0.5818323507606995,-0.030729618179149844,0.11827420829847682,0.03370456883339345
2016-07-22,EA,-0.06886788580031787,-0.2892491880282531,0.1087338172143104,0.04134815516220132,0.06779486073020181
2016-07-29,EA,-1.711109029988209,-0.964552591352505,0.026556612465018316,-0.12212305469351621,-0.018346030263777024
2016-08-05,EA,0.2152764970154104,0.5152893237112564,-0.04446546285510649,-0.10236470991750031,-0.09507859307540503
2016-08-12,EA,-0.9589080223381811,-0.2854966811918016,-0.25343387040443416,-0.0014712475061660112,-0.044432256835327866
2016-08-19,EA,0.6746651368525505,0.13129644379177832,0.16004913111658484,0.003598978640846227,0.030954585815788898
2016-08-26,EA,-0.07576323200689249,-0.10249235355103921,0.11809732746444408,0.1037757122526557,0.09855276479753346
2016-09-02,EA,1.121325014626524,0.6104855240229801,-0.04077258625684222,-0.043766091572186853,-0.06778897470392542
2016-09-09,EA,1.18908115313562,0.853310405177895,-0.2969731435097821,0.08672790641942994,-0.057724897687312336
2016-09-16,EA,0.7750705443303949,0.5435207995059714,0.07868022150551782,0.03965121778894918,0.018049531182130995
2016-09-23,EA,-2.3379674767907552,-1.2717745992306921,0.07312437239126438,-0.0276611825866372,0.06461085571014262
2016-09-30,EA,-0.7911197141483793,-0.12614878314055877,-0.09780862309856536,0.0038832781216802106,-0.014322376866624402
2016-10-07,EA,2.7130177306890877,1.3309918226798998,0.2821040532772408,-0.13100505850326682,-0.07133783540279323
2016-10-14,EA,0.8317831937179381,0.1843869771005832,-0.07521880522803918,0.010170449569443395,-0.022802108183764786
2016-10-21,EA,-0.9722110332282426,-0.5352312823976941,0.1015568993947674,-0.01523190243016519,0.0335605301964004
2016-10-28,EA,3.910750300709405,1.1994543958841233,0.23137128226209666,0.03053512335940995,0.00848295726690802
2016-11-04,EA,-0.5666345467816291,-0.03768951038912586,0.2648116991222163,-0.05353222841278232,0.03928528544844292
2016-11-11,EA,5.061798839990156,1.7299237172490602,0.3958643164122089,0.04304826916239382,0.027812155632705532
2016-11-18,EA,-0.14696169923970992,-0.308625959775513,0.3461161741921152,-0.11223768446695423,0.03194712104025755
2016-11-25,EA,0.849417325403936,0.6554636838752854,0.0745895127381213,0.019287314872978426,0.0017182531871758376
2016-12-02,EA,0.028456297995488607,0.35587788137250254,-0.2611393130535094,0.056960881708937414,-0.04147883299331639
2016-12-09,EA,0.17192275112430871,1.4555340572570141,0.0890063698269271,0.21505053454270923,0.09921851931635994
2016-12-16,EA,-1.885008674862185,-0.7573111286058578,-0.02264010494585769,0.24391123055558875,0.20576040521281122
2016-12-23,EA,-1.4652247132838523,-0.5949257413223891,0.10128848212077292,-0.2398127685286326,-0.10051052318162298
2016-12-30,EA,0.1130301320282426,0.2770879832640679,-0.1336365965050094,0.08578490205590376,0.009638315641212071
2017-01-06,EA,2.8620828231100037,0.7663625650232603,0.10096595337888256,0.11633978627860982,0.05719740507513011
2017-01-13,EA,-0.3333845669551669,0.34111377382267244,-0.49945029094053556,0.02151502031595117,-0.13476324471827097
2017-01-20,EA,1.9138135501486655,0.7327289869458853,0.04433046824597232,0.23720480971843896,0.1295824197935675
2017-01-27,EA,1.805624662729098,-0.15476621751831085,0.7507977969377839,-0.2639393263865417,0.026264879769170465
2017-02-03,EA,0.4755091372309498,0.9199800036357626,0.11134721305431067,-0.005934657548333101,-0.017154175143094298
2017-02-10,EA,-0.5698754136126924,-0.24593908795385258,0.09594254786421416,-0.3212335154268412,-0.1703779138389765
2017-02-17,EA,-0.8024063384738662,-0.45170650191407913,-0.2058971575877561,0.08645830743409144,0.02149323718055984
2017-02-24,EA,-0.8665308813195579,-0.42978977910955857,-0.11492373376002078,0.03106654796547314,0.015323738364390263
2017-03-03,EA,0.3217806389829056,0.09670685935328513,0.3250044768173108,0.012965551672529772,0.09221513788367024
2017-03-10,EA,3.1513055665839804,1.0325879792452146,0.056258937963849884,-0.12691070879801178,-0.13708665705537057
2017-03-17,EA,-0.018577317911618953,-0.9185784358313073,0.3654983679599926,0.05462513196249894,0.18246758995517193
2017-03-24,EA,-1.5652525603802334,-0.3956683797617128,-0.25164495270043896,0.06960521597698163,0.007225586385126396
2017-03-31,EA,-0.9321193409818537,-0.31085337935960083,-0.5705810940481518,0.01826772817653415,-0.12701966932173162
2017-04-07,EA,-1.863554306546731,0.05091837628481951,-0.18286638227616256,0.01924871660007058,-0.02262039607259572
2017-04-14,EA,0.33699768256316215,-0.580197854533293,0.08729745853663134,-0.12867715838233662,-0.03812150872566519
2017-04-21,EA,0.41275216705204226,-0.15081492514039632,0.026197178369495294,-0.10745070602079981,-0.05500125657418478
2017-04-28,EA,0.07398701574145097,0.6169405659250241,-0.18101063557181712,0.05933813179458355,-0.03153049674783931
2017-05-05,EA,0.03127373861746366,0.044415481988834465,0.023827218091379967,-0.14483035687556367,-0.0750804756721598
2017-05-12,EA,0.7818178558662237,0.44733052602369244,0.07568835220123168,0.08132716697763366,0.04448952523638135
2017-05-19,EA,-1.0101534727742238,0.09460442429171785,-0.42458025700804125,0.108045440674382,-0.03562735181291682
2017-05-26,EA,-0.7693353011540339,-0.5326549161520684,-0.06464730389683233,-0.048701066306099695,-0.017445354634015336
2017-06-02,EA,0.986835164834751,0.22269581283724316,0.3344143917206118,0.046630960978820045,0.08939516901130698
2017-06-09,EA,-1.3935751782531727,0.4816905954559334,-0.8346272856562432,-0.10420832646633559,-0.2267949429117708
2017-06-16,EA,-0.9485876628247232,-1.3920505895650805,0.5013229806849524,-0.047956657945124305,0.11380695856112702
2017-06-23,EA,-0.9214049259918901,-0.353320114063288,-0.1172742813378104,0.005399316040203333,-0.005842173368874651
2017-06-30,EA,3.853665104453909,0.605429593376477,0.8755731602942969,-0.09345325735092726,0.10215628851147722
2017-07-07,EA,2.2221141164499207,0.5956403495915431,0.6592014878640116,-0.17793595817594188,0.022782999036626797
2017-07-14,EA,-0.9306966924589601,0.08996434408498799,-0.723920598929286,0.03416437297046819,-0.13544331244592736
2017-07-21,EA,-1.9599187605835537,-0.6817588025488697,-0.09683221748739025,0.07592750432535149,0.04906198265141833
2017-07-28,EA,0.8484535690844989,0.5766394979024875,0.38309299992467144,0.04412554674004186,0.08773723803679345
2017-08-04,EA,-1.6192965855307304,-0.8133141958719637,-0.14612928296449396,-0.004836068027794412,0.0003916249300062788
2017-08-11,EA,-0.43983254858332677,0.1108921307826786,-0.23570738053251603,-0.03987326228896303,-0.07419414862725428
2017-08-18,EA,0.13997556701398547,0.06688089643106576,0.0739894308107867,0.10558128658124835,0.07216520313127402
2017-08-25,EA,0.9150675493845946,0.18863027140060667,0.12384730342460604,-0.052675644642956765,-0.012781818940742666
2017-09-01,EA,-0.4774889783016511,0.3210711147667351,-0.2835940421301826,0.07522212338136124,-0.028344242135110685
2017-09-08,EA,-1.3604872015315677,-0.6314545384007154,0.15577616656282223,-0.005317126113488926,0.06466342559764993
2017-09-15,EA,1.9918116657528717,0.7261372174097389,-0.05244626875208461,-0.0729826311510074,-0.08631902582151763
2017-09-22,EA,0.4395973875594862,-0.28402494914779375,0.7066939719209208,0.09496179461444851,0.24085199194902643
2017-09-29,EA,0.303049054555045,0.31575550151998455,0.06192019986742944,0.045105012669886174,0.03338006232952183
2017-10-06,EA,1.1055093366524105,0.15020955364092645,0.04933151710152037,-0.09182870623332,-0.06238710957025579
2017-10-13,EA,-2.257966715205585,-0.7194218019631011,-0.35920571631784215,-0.02959376851601084,-0.06917226654675028
2017-10-20,EA,0.5617994157644827,0.4727915984685121,0.025909651823899045,0.014790846865002098,-0.004437470274176136
2017-10-27,EA,-0.7677663499426837,0.17412499405327428,-0.21139792050340397,0.14095695312236972,0.03276845667678211
2017-11-03,EA,-1.8782883359946954,-0.6928917237732919,-0.2819972826922864,-0.06592916430039689,-0.07286997897370281
2017-11-10,EA,1.0814477010571142,0.6112675215058972,0.19400159229185532,0.08755914279777352,0.0738975879099374
2017-11-17,EA,-0.31674758879380366,-0.09459633885067283,-0.027249081522766755,-0.008692168042253002,-0.005918336408106187
2017-11-24,EA,-0.4841017887532951,-0.6734693154474929,0.144050646943776,-0.12388192898527522,-0.009546259898382299
2017-12-01,EA,-1.1044037119124022,-0.3450370550018027,-0.2514004836335462,-0.06411541590455601,-0.08189550998761908
2017-12-08,EA,-0.7443135310949945,0.19759682009488805,0.015181971627663347,0.11948640960582539,0.07610642915490622
2017-12-15,EA,0.9051135565372311,-0.33450253441157,0.135030193539164,-0.13915903013547107,-0.04707360646543277
2017-12-22,EA,1.6045612438997692,0.194391576151783,0.1778854325937305,-0.0722374047488094,-0.01785611271790931
2017-12-29,EA,1.4731837556481655,0.19344823605180456,0.017952660573921485,-0.13438857422929934,-0.08583750715261622
2018-01-05,EA,-0.3857670144598872,-0.08310681256889718,0.008885565154639398,0.15775545556763587,0.10157172035886207
2018-01-12,EA,1.099006740928197,-0.3326569671398012,0.187830836082534,-0.1307692754142291,-0.02252038707960125
2018-01-19,EA,-0.3461438120533583,0.099268679396649,-0.09724405565926632,-0.012047277153884215,-0.03218774234642285
2018-01-26,EA,0.16435009215271656,-0.8115488866769058,0.3493033066532843,-0.2311618734155109,-0.019606699602471408
2018-02-02,EA,1.094457574380643,0.022788746263034926,0.5874628299612946,-0.08389716458663408,0.08237020848888246
2018-02-09,EA,0.004530327968584816,0.061601594441849906,0.282748717845984,-0.01852439534227625,0.062206581567847155
2018-02-16,EA,0.130484820394605,0.2134946491607618,-0.20404447054081742,0.0695000859607822,-0.019080169157417653
2018-02-23,EA,-0.09522382128745895,0.03409695682104814,-0.25203913128076416,-0.029074366894614723,-0.07975860699123791
2018-03-02,EA,-1.227613260439042,-0.4933754554093281,0.07808333066461276,-0.061505312700455964,0.009477243717667914
2018-03-09,EA,0.09333139268452838,0.12059720518529013,-0.2711105461688931,-0.010825327171094861,-0.07204699249726759
2018-03-16,EA,-1.116516911712582,-0.34489850432224595,-0.14624133050624646,-0.008598497796775443,-0.017525726761592187
2018-03-23,EA,-1.1157572322036335,-0.23535075060574046,0.0438918001204618,0.033645756874024706,0.04681152678064447
2018-03-30,EA,-0.9826516441390922,0.09013390251689155,-0.34472623622042414,0.08043396213061689,-0.02693026738890419
2018-04-06,EA,0.45799703192069996,0.014849347304328613,0.04040822829262369,0.03524012635523433,0.005077739154132511
2018-04-13,EA,0.4028745894056836,-0.009000630006269737,0.029956790068141836,0.1229772055480281,-0.017331903439860484
2018-04-20,EA,0.7630836961759546,0.09036985899760955,0.14669212573383067,-0.026613221616862207,0.02863101407281356
2018-04-27,EA,-0.6341541174669527,-0.05751047965820404,-0.13324245335079377,-0.09277757167628817,0.002007296894870926
2018-05-04,EA,0.21380149415966296,0.2167118812110805,-0.08516005736888117,0.09779228903874707,-0.009851108711615831
2018-05-11,EA,0.6027209838123522,-0.022590026021618474,-0.12464462874734437,-0.11982996902112793,-0.03782879835376326
2018-05-18,EA,2.336534456878305,0.2636491485359733,-0.14612629020414603,-0.03980690709477781,-0.06411159925857528
2018-05-25,EA,0.46172469467987554,-1.0740974639896783,-0.9030780666760603,-0.11301555498277417,-0.17855273813714606
2018-06-01,EA,0.09964127562678016,-1.2431605627701445,-0.03837681843543423,-0.19370353400995682,-0.016603014750843578
2018-06-08,EA,2.0639593644637904,-0.8822880770884619,-1.2623009078133676,-0.9095982385466923,0.008871021438896771
2018-06-15,EA,-3.1583178704934256,2.3462309167807973,-0.0074429918388563875,0.7110891844849926,-0.07374474565435406
2018-06-22,EA,0.5467256947626421,-0.2690264425906637,0.10145053238796156,-0.08110098417571476,0.01917614176092885
2018-06-29,EA,-0.48493425311485205,-0.19187311008610558,0.010074946600721835,0.025693275298291556,-0.037088902624585564
2018-07-06,EA,-0.7191331044880813,-0.9341859526343992,0.17177067170894744,-0.08819142562978169,0.0072176607047591745
2018-07-13,EA,0.06174374656794535,0.843009222845581,-0.06377892084504873,0.15493338076209642,0.0010714711807022692
2018-07-20,EA,-0.17895898915504369,-0.2645920489599008,-0.0681022703505625,0.1215208271281136,-0.06780627953214258
2018-07-27,EA,0.5852145623734063,-0.03226229966895917,-0.3330152175709517,-0.2683708284986037,0.004920824590518387
2018-08-03,EA,1.7204277369967125,0.00828769654696862,0.44435426308001724,0.38767753265865046,-0.0038291546985354964
2018-08-10,EA,-0.14653929581713393,-1.1241628492581326,0.5859732463408335,-0.14873082542404667,0.07740443534904586
2018-08-17,EA,0.8871746053906286,-0.16444558166336756,-0.037335536655770586,-0.020702247034862082,-0.01130329988669765
2018-08-24,EA,-0.2083865917360455,0.45199073513604165,-0.14002388632480348,0.07302874403738785,-0.06405927653310538
2018-08-31,EA,1.159064004435332,-1.111980826089743,0.16883086852470025,-0.23263299719116373,0.07144602004567722
2018-09-07,EA,-1.8103057402069158,0.2863854493233364,0.3739514956113232,0.03873563500692663,0.03142167528711325
2018-09-14,EA,0.7794681295812523,0.5313910448418834,0.1962772367985739,0.12032123242352669,0.05005873633854379
2018-09-21,EA,-0.6780163864394052,-0.5932575889216775,0.9095261046343852,0.13695254180971334,0.1732995284198609
2018-09-28,EA,1.9613656936686494,-0.8576013808260744,-0.9179548981066374,-0.39619365048892874,-0.1982829065817543
2018-10-05,EA,1.9702114061242704,-0.03597551132379286,0.2803158572376362,-0.19251856003519807,-0.03882517286110321
2018-10-12,EA,0.5428254726549463,-0.2870604126904509,-0.2303497970156426,-0.18174012895476477,-0.02416715286086218
2018-10-19,EA,0.25749331695740835,0.0633659089336328,0.03465095688623349,0.0340184728426176,0.0003733967533491561
2018-10-26,EA,-2.661421432986523,0.28536632748991675,0.40500239450773523,0.33505136765430427,0.13265509622941127
2018-11-02,EA,-0.7511334108458735,-1.016585019969071,0.6554139720504718,-0.23516077504584157,0.04250408217272362
2018-11-09,EA,0.6532463220645605,0.9207698748385671,-0.6903901542906835,-0.17252645439986017,-0.11170831358245994
2018-11-16,EA,1.0166029176767604,0.2741311153838894,0.05357753185991836,0.050282491570689904,0.006471472940611927
2018-11-23,EA,-0.7804744625117357,0.40191892112436517,-0.06972222599572034,0.14098331801729141,0.01738758611796449
2018-11-30,EA,-1.4752474690009159,0.7884569417873744,-0.3024742628754558,0.28469584662049974,0.011025524697216125
2018-12-07,EA,0.19437355747101265,0.6055604763271685,-0.4627552791043802,0.08650309376298722,-0.02252613539576126
2018-12-14,EA,-0.6187410479063965,0.13852122935711467,-0.2871496004073389,0.14540519593134132,-0.11995099269559233
2018-12-21,EA,-1.0442320718723739,-0.11740930812785329,0.6072938803498703,0.15383799929194286,0.12160289499128019
2018-12-28,EA,0.1613701274236204,0.260816053393799,0.21697523011835487,0.009621347928756274,0.08128119805360634
2019-01-04,EA,0.4527465832629826,0.003913402844136664,-0.021385505866153363,0.062421415089594715,0.02560790971443606
2019-01-11,EA,-1.1411265900624608,-0.0636538522363282,-1.3666990927783214,-0.2538849580418163,-0.21343649404449017
2019-01-18,EA,-0.3962587673233987,0.7907081808161032,0.19769980084186728,0.13878340176752862,0.06779991574060999
2019-01-25,EA,-1.6757508438217812,-0.5421954359681683,-0.6690320971970508,-0.14426253933505612,-0.0701877249217462
2019-02-01,EA,-0.14227912751342744,-0.7677821597206413,-0.17297428365614978,-0.12188256081456773,-0.01959743971991394
2019-02-08,EA,1.2772530016674954,-0.31998170372694396,-0.5712828224643943,-0.23392286551042804,-0.1361271547126786
2019-02-15,EA,-0.6122797028901407,0.6054570307307084,0.10113294091309698,0.15353988764880966,0.04054005266556777
2019-02-22,EA,-0.41183331962476,-0.26687347544315504,-0.09623930355586086,-0.06776270067369142,-0.01664533247588799
2019-03-01,EA,1.487182416704707,0.606124568182016,0.9109909533363952,0.3901041959353373,0.09992284732109329
2019-03-08,EA,-3.502415357113875,-0.27776412156440256,-0.6950661241573212,-0.14969460249935448,-0.06660412789024087
2019-03-15,EA,0.4725155968755121,0.17337733853017848,-0.532030426738789,-0.28976348499200427,-0.04551702222041814
2019-03-22,EA,-0.9227279100642126,-0.46519468745873654,-0.11427081072451484,-0.08354059318702864,-0.00772638163054568
2019-03-29,EA,-0.6478647584735635,-0.7159833591511505,0.7091728787225076,0.26069244059937696,0.06719166152255697
2019-04-05,EA,0.12438692372987555,-0.009355042848474607,-0.5392891647330162,-0.245854921937085,-0.07583434957923908
2019-04-12,EA,-0.21560491915222765,0.3320050950725741,-0.2867021712777624,-0.08433580848468301,0.02136182271357865
2019-04-19,EA,-0.20943568304801127,-1.0460970361275417,0.691526445162458,-0.030101045109906455,0.19485401630380245
2019-04-26,EA,-0.013188668702130531,-0.16624257916533175,-0.15761852141124483,-0.061299094475951034,0.0018107109456255773
2019-05-10,EA,-0.4799000983799809,0.5100748530828214,-0.5727281782794669,0.03143869443808218,-0.21706724294500668
2019-05-17,EA,-1.5756856951340685,-0.9540554540159807,0.3876188013756076,0.08584918518787445,0.054633609757773934
2019-05-24,EA,-0.03277192093467538,0.8015743478444879,-0.26365014634719025,0.10198122591498,-0.03299349379785801
2019-05-31,EA,-1.245131617014178,-1.3396689702087057,-0.43023438020956156,-0.2533694051925895,-0.05886704021234455
2019-06-07,EA,-3.2138740743243774,-0.6584343264160554,-0.8808227200753109,-0.2945905147355343,-0.04138267047672256
2019-06-14,EA,1.0428144070641794,0.8221898704572372,-0.057811550201227926,0.30914412341751635,-0.07996961223073937
2019-06-21,EA,-1.6303854381334886,-0.43602287249743577,0.25830165013619727,0.07187755263393246,0.02699629324625078
2019-06-28,EA,-0.7692385762198435,-0.12004033811955242,-0.19332702076319438,-0.015742512821039896,-0.032964393706558945
2019-07-05,EA,-1.920289365051257,-0.26833424430182107,0.2490933622616397,0.05219034256680522,0.06361369341387672
2019-07-12,EA,2.061379341611297,0.9507639255024098,0.5271149796853081,0.26116541667148235,0.04168685846545732
2019-07-19,EA,-2.5133371868450567,-0.004535946482846527,-0.82437691891142,0.07434940941096206,-0.09914822304166754
2019-07-26,EA,-0.8816255436530336,-0.45586852217204976,0.34653927275001345,0.008117615803007506,0.08179797866689557
2019-08-02,EA,-1.9388698947795473,-1.0326518297381095,-0.4767830886993633,-0.17499917307984558,-0.09143991207892961
2019-08-09,EA,-0.9492707039870056,-1.6208110168454672,0.10333010655313815,-0.5204037524601312,0.13209528161374634
2019-08-16,EA,-3.9449266178288407,-1.4339785760260138,0.2923046810893482,-0.014325673843154953,0.018346717698024383
2019-08-23,EA,1.9858108943531647,1.065007986338207,0.3883961059487481,-0.12441328104975403,0.17629302045703824
2019-08-30,EA,-2.107904134500079,-0.36418345675849567,1.219897464876364,0.6581415230192457,0.0564539263182469
2019-09-06,EA,0.9190758399708597,0.7815666582986653,0.1001936954243791,0.10493216368910105,-0.057918539174698275
2019-09-13,EA,3.19124830574979,0.9119564139539594,-0.6416530601706145,-0.14829655547880446,0.0385214722311204
2019-09-20,EA,-0.575156296578563,-0.8054490322517427,0.16114726910643282,0.08768680610781653,-0.11631425103614036
2019-09-27,EA,-1.566641416608019,-0.5234875972787014,0.14284713535047927,-0.07102914817184015,0.07297808341926366
2019-10-04,EA,-0.00195228398824197,0.38941029553711376,-0.08089855100043902,0.0545498868509118,-0.027035729795810252
2019-10-11,EA,2.3286758279532904,0.5501048702100202,0.016229950569515064,-0.04236758560994106,-0.02160117644658462
2019-10-18,EA,0.7334013531090486,0.18475806656180754,0.20184317084563463,-0.051267819728978634,0.12930990462114492
2019-10-25,EA,0.28858764498960643,-0.15970443483972316,-0.09694302575783087,-0.05772510339630195,-0.04140881781589745
2019-11-01,EA,-0.19757733289737323,-0.04096149640867903,-0.03158857515453649,0.05978178954602943,-0.04827293490830967
2019-11-08,EA,2.2309036647553304,1.125100693631344,-0.21382208288516782,-0.2073013423915334,0.0007748784157812134
2019-11-15,EA,-0.2526498101466453,-0.2939297464734264,0.19216065086599438,0.08691737930649919,0.03677838359699344
2019-11-22,EA,-0.4831523074801263,-0.1138415064160378,0.19669104303857823,0.019178619163804797,0.062171085782496145
2019-11-29,EA,0.19964284405461932,0.06977163377017136,0.14859784651548685,0.02872422434468749,0.004815884539624198
2019-12-06,EA,1.0135663285342782,0.416892749829419,-0.20541961442237947,-0.15496607442805285,-0.07133103566089487
2019-12-13,EA,-0.4932761084906767,0.011303854377665954,0.2680189944299412,0.1345385685755307,0.07780141991250071
2019-12-20,EA,0.7922560700500964,0.17885628234710912,-0.10144803508207735,-0.04825390274381177,-0.00036857864416906384
2019-12-27,EA,-0.12669412332078292,0.190786841863862,-0.009054764871794041,0.04919438744060732,-0.003411542031010002
2020-01-03,EA,-0.4243813964490166,-0.16804254430155988,-0.15928064048907412,-0.11464636230915783,0.0195963661023211
2020-01-10,EA,0.6860381949042383,0.1620573443256654,-0.08784820786372233,-0.1191363845878058,0.015851850926470987
2020-01-17,EA,0.28399495138995157,-0.1732744781003689,-0.3904212932801953,-0.19484631532964014,0.02432890388922986
2020-01-24,EA,-2.140524489192805,-0.5538150241057734,-0.43506769259252376,0.06007129104516123,-0.09256755881222736
2020-01-31,EA,-2.989228899355619,-0.7433355318418275,0.16101759933097406,0.1665693457339101,-0.04887726746898443
2020-02-07,EA,0.5941666738255131,0.008885913654358396,0.25506147762790765,-0.09599531491302739,0.10275258316519392
2020-02-14,EA,-0.4650978901398591,-0.037589178254196685,-0.020428746440850337,-0.07945959563374215,0.03041399918247938
2020-02-21,EA,-0.9488179954182289,-0.7576386689775073,0.10465159397332058,0.039607262434313964,-0.0038516987373063043
2020-02-28,EA,0.14260406533807116,0.06838243524002487,-0.159394626172047,-0.2382226984491912,0.10353676174695789
2020-03-06,EA,-2.2148976019905615,-1.582672292191215,0.6884681409245554,0.18771515786089854,-0.02624582171178366
2020-03-13,EA,6.068332449649977,-0.6577124318532651,1.8034636824238992,0.6844216940256102,0.06004210426344158
2020-03-20,EA,2.9486945507107625,-0.20016402272700465,0.09309410524039614,0.27450865991530693,0.08795585260198843
2020-03-27,EA,-2.5980103647033665,1.6087990901200224,-0.6843050768822735,0.14185028770367286,-0.10385876925556047
2020-04-03,EA,3.157723094989854,-0.1913915375670152,0.04291755541090223,0.05082304975124312,0.020290608377763458
2020-04-10,EA,1.6290727038303268,0.09593515033086855,-0.40453180424514884,-0.5314646521921184,-0.13220192512397438
2020-04-17,EA,-0.028260701619978238,-0.7284872229004661,0.34988852336839066,0.4773722217946058,0.11848999571128564
2020-04-24,EA,1.2296321794404985,0.32351743688552165,0.2595289930009947,0.02181436956495317,0.038761792120767344
2020-05-01,EA,-3.2176377468358845,0.5300921640238816,-0.647509992311847,-0.7328550045160367,-0.11007062691115518
2020-05-08,EA,0.8649244597604826,0.7587825855816798,1.2681386126535805,1.0732726391498923,-0.2419586766672897
2020-05-15,EA,-1.7965042416507453,-0.5792860880347257,-1.4234887943805845,-0.9240231357108822,0.21250065584236494
2020-05-22,EA,-0.6221313023925849,0.5834633641795035,-0.18857448273621785,-0.058814964006755364,-0.07310016587932966
2020-05-29,EA,-1.978274776675347,-0.08973537063211517,-0.27736760886588724,0.22120694538167487,-0.052724899131520946
2020-06-05,EA,1.28571452080737,0.9079161882503372,-0.035182512354723396,0.1524735624336082,-0.04010351012410364
2020-06-12,EA,-1.4010057373557268,-0.7866025200999468,0.04074800349677731,-0.09976604519631996,0.02449466556967997
2020-06-19,EA,-1.429604003453284,-0.11307060893493605,-0.10172555757590003,-0.26019679321468164,0.037607487725241764
2020-06-26,EA,-1.1366071980299524,-0.08040747602035798,0.003170545131563093,0.11253621518318001,-0.023272895274849336
2020-07-03,EA,0.48902296147998553,-0.19895398949028653,-0.05003611207070099,-0.08397620216334113,-0.013658968078972558
2020-07-10,EA,-1.0794350064274538,-0.6813282170227298,-0.18894884596496603,-0.03499634878290725,-0.04536701764610512
2020-07-17,EA,-0.06389379335820443,0.8814468094675653,-0.4135216049307223,-0.054479722487096434,-0.008932693709661583
2020-07-24,EA,-0.8531678107973906,-0.618635919245484,0.76378028429609,0.4137566032285977,0.08952834669894899
2020-07-31,EA,-0.7320690889158278,-0.23425610619471987,-0.17995675052397,-0.004328840200862091,-0.020296980549861537
2020-08-07,EA,-0.7364219456874093,-0.12878721507077703,-0.2313305347999606,-0.31140049071115783,-0.03091170150018315
2020-08-14,EA,1.6589245237440904,0.23396438674171788,0.44676578528875727,0.057108989967596106,0.0536713620246535
2020-08-21,EA,-1.471637081606757,-0.1254326662930602,0.013553800220776744,0.17112115682640425,0.0164901576134427
2020-08-28,EA,1.7126146741928197,0.3527142631075192,0.3704087220962264,-0.14969973589976698,0.031545153774400654
2020-09-04,EA,-1.1131698922057585,-0.38458279806040346,-0.2365011023110151,-0.08333334869996242,-0.040080933234501175
2020-09-11,EA,0.5985680148313993,0.4955807567855744,-0.3770083327002756,-0.131114684744361,-0.012765102830596333
2020-09-18,EA,-1.0174587128077204,-0.26820404435449924,0.24172599939870465,0.0669262398363276,0.06079303432386078
2020-09-25,EA,-0.6065974360516645,-0.5900120062970171,0.06891856817413466,-0.022450332879411616,0.013100706824086482
2020-10-02,EA,-0.35892704721331875,0.07179532724679899,0.2119802884399755,0.2296333121629824,-0.02658363419007448
2020-10-09,EA,-0.7770258889037892,-0.028872671863586774,0.009803409116511393,0.0018703663674344236,-0.006279806031318886
2020-10-16,EA,-1.3131597681930978,-0.3483982114992196,-0.11362544713423241,-0.010679407201249323,-0.012365729992289696
2020-10-23,EA,1.5073529430119892,0.43191698367119924,0.3889285429281919,0.09440704202709237,0.05137399839567447
2020-10-30,EA,-1.3748090523510006,-0.30467280571987204,0.020711488800528935,0.037395070495565515,0.033208860315539025
2020-11-06,EA,-0.37570807511265697,0.05144227468060198,-0.07058543371942105,-0.09292376672657847,-0.006661939589660169
2020-11-13,EA,0.7543461436536599,0.1257929145789337,-0.003116554989323379,-0.07920917677816357,-0.00503656206232716
2020-11-20,EA,-0.7156162308565305,-0.12149861387566421,-0.28379878705663497,0.00591319027192246,-0.05002268978196886
2020-11-27,EA,-0.23992358950322148,0.051453808440520166,-0.0037404370740089054,0.015564942110019363,0.00012189417684588845
2020-12-04,EA,0.659621420301629,0.13459352885065548,-0.08151570876798142,-0.09376502022718351,-0.05371034385651444
2020-12-11,EA,-1.6105341962687132,-0.2953286257453421,-0.2128662697761296,-0.016142408341994957,-0.016021821767990108
2020-12-18,EA,1.008607256174937,0.46195765692503554,0.2502851170845196,0.14539575383796322,0.055971472801487974
2020-12-25,EA,0.8768117696030774,-0.004638788386752369,0.19665113385372424,0.003002116892897954,0.007017404706274243
2021-01-01,EA,-1.0331138419152728,-0.48482902092285335,-0.02544000564018049,0.00799395260669649,0.0016051812663116633
2021-01-08,EA,-0.040268292021867304,-0.001848512203151064,-0.5475370373457693,-0.16348121388524733,-0.050717282259307425
2021-01-15,EA,0.7186238764233944,0.18544682563966894,-0.23310029253012318,0.013616667872159961,-0.028305382163728174
2021-01-22,EA,1.3051008494761318,0.10270724073365141,0.4526983083069261,0.17731257937670952,0.05910150873227775
2021-01-29,EA,-0.4542810610905346,0.45758793872664943,-0.21142559781713777,0.02326369416668192,-0.022404774867965733
2021-02-05,EA,0.8721787469596228,0.43325754614276707,0.1756443167503234,-0.09566400209764228,0.0326652931228784
2021-02-12,EA,0.7449286742544798,0.3954609837148792,0.21924099469704264,0.07643242497157265,0.03013383748519804
2021-02-19,EA,2.42471020536258,0.700788695522435,0.2998486052315997,0.10372711685094724,0.04297096984000151
2021-02-26,EA,1.2150921614344141,-0.18331098891527703,0.3406009173867967,0.10558652095832684,0.045350584610499345
2021-03-05,EA,-0.35514298784647647,0.6875154672851154,-0.4372237557415042,-0.03207099274292323,-0.07992218092880912
2021-03-12,EA,-0.6704783621468222,0.013557450152070973,-0.2684796831319297,0.024879881354933978,-0.03184103145321411
2021-03-19,EA,0.6171641988928854,0.5779829970258672,0.18176733505359194,0.04289475080862078,0.02884217982982389
2021-03-26,EA,-1.1254965445299483,-0.25272799727605016,-0.22919135530736137,-0.030276270774510262,-0.027579210870286308
2021-04-02,EA,0.28503196686538557,-0.15034146971676404,0.1547455667968459,0.06549603206876396,0.020688082315835247
2021-04-09,EA,1.0101322186037636,0.2928002713903993,0.08882048362842754,-0.17051682878804722,-0.015717409370206537
2021-04-16,EA,0.3834775731605289,0.02886279181425227,0.005688853433748389,0.015731612992804005,-0.000766899090492265
2021-04-23,EA,-0.3641648891463046,-0.3768820872868653,0.30252620385171225,-0.005000691305120688,0.047861805782166006
2021-04-30,EA,1.705329238669313,0.9258960702264108,-0.10082701262690145,-0.025435596269787884,-0.0189967932855166
2021-05-07,EA,0.4841701410304316,0.242938207436237,0.1326297205776581,0.07129313292042641,0.017689382443466153
2021-05-14,EA,1.461111687511777,0.10595117613141185,0.2914525123902241,-0.042130702896947064,0.015714607006731232
2021-05-21,EA,-0.5562643703653759,-0.16351275823803976,0.2398045136151092,0.19161425657502384,0.08479977777443311
2021-05-28,EA,-1.1099937518141416,-0.08985170997017367,-0.27828036657366606,-0.00559161527823791,-0.03390979680438849
2021-06-04,EA,-0.651389706608858,-0.02428472053058419,-0.046678135868681775,0.09574355361839205,0.025392315016699647
2021-06-11,EA,-1.2642838897388975,-0.31878872290483773,-0.1854882762688893,0.03013128617320805,-0.006363790100674124
2021-06-18,EA,1.180886629248046,-0.1339518670192255,0.2928418541046202,-0.0693059525739067,0.0186169489191371
2021-06-25,EA,0.7229884091885056,0.26653440533773853,-0.05330603322937193,-0.08380613403383323,-0.047379471437138464
2021-07-02,EA,-1.7685066589297909,-0.19868885440470888,-0.11923807176091271,0.07542425994469613,0.031571423629206424
2021-07-09,EA,-0.7787672485230877,-0.46906438866814504,-0.1278362220924769,0.11792609902105612,0.03334514219286659
2021-07-16,EA,-1.2668395969018074,-0.2900040232051724,-0.3098854689337215,-0.002370059643677449,-0.04457561867144253
2021-07-23,EA,-0.9546643392112805,-0.4127963967763639,0.05740469901203414,-0.1611976780412165,-0.036561016063419806
2021-07-30,EA,-0.33631267003675663,0.08084408704512748,-0.013526219353262491,0.006054629606147714,0.006325141306258132
2021-08-06,EA,-0.5106571303503293,-0.2591391336405223,-0.0579282342501986,-0.06198997429800375,-0.02737860455204476
2021-08-13,EA,-0.16862890378922227,-0.2966077512341029,0.035597632167404865,-0.02936816159520565,0.00017658639568326285
2021-08-20,EA,-0.549323507083717,0.06910553627644599,-0.03435163335831231,0.010301462660375009,0.008494258197356165
2021-08-27,EA,1.9253995683677914,0.6609067058114838,0.18473007283508797,0.014835158438366046,0.014587092366663761
2021-09-03,EA,0.8699510836168078,0.5031618206149012,-0.04944051829623868,0.03161279485247088,-0.013984533292924546
2021-09-10,EA,0.0654067265163614,-0.03956515076676523,-0.17982530042605047,-0.28024332054630546,-0.06486556202800314
2021-09-17,EA,1.0723918762177809,0.4421985311668931,0.13920476044151112,0.10526501728719267,-0.000636674980837665
2021-09-24,EA,0.7065286231245073,0.14048203942883547,0.18640976448510202,0.07732116621437714,0.03512705989624953
2021-10-01,EA,-0.11363769290840668,0.024488857078023795,-0.12390698890279143,0.06917916589594787,-0.009291041005920802
2021-10-08,EA,1.0800860037487139,0.5210193904492886,0.2501496797383778,-0.008952023677897764,0.025703978999616545
2021-10-15,EA,-0.09112719505695525,-0.6755724093326506,0.2864739681370313,-0.032503749506090904,0.05052176943050254
2021-10-22,EA,0.8378967647246315,-0.5848550257282031,0.5520031169396039,-0.1422599404302956,0.05412994940532821
2021-10-29,EA,1.3691658802846018,-0.9432131769146784,0.7622801585940537,-0.216213580489535,0.07294882516872038
2021-11-05,EA,-3.9587819976256027,0.746029752277889,-0.8033200753763666,0.2608298030459712,-0.04294494106773698
2021-11-12,EA,0.8453788059822193,0.05482944788296909,0.41073540011352255,-0.1695643788348404,0.00044204684940457774
2021-11-19,EA,-1.121363364768153,-0.00349419532932981,-0.18301107451369758,0.0773052446675832,-0.007110010816607281
2021-11-26,EA,0.6948761827791962,0.3645248998722419,-0.18787866235798234,-0.012341430596242788,-0.048339668882105766
2021-12-03,EA,-0.644225390868036,-1.0722770657601028,-0.21161441446459064,0.0023695741777536097,-0.023651560526333656
2021-12-10,EA,-0.2147513419780097,-0.07573903016775889,-0.25760238890297826,0.01818039790315025,-0.022219624616929574
2021-12-17,EA,-0.21727799729210284,0.08247257689006801,0.09604221275163224,0.006744358361079352,0.02578422857471467
2021-12-24,EA,2.915461241861794,0.9786121597721702,0.20785552827752674,-0.029794304701169592,0.004134830530393625
2021-12-31,EA,1.180530561866195,-0.0013615485475533759,0.1932094777755334,-0.06898874827994002,0.0008541490875640587
2022-01-07,EA,1.5010843598763064,0.2935126236060771,-0.3490486781103939,-0.11280651659036149,-0.04945767610684865
2022-01-14,EA,-0.41978486402188214,-0.4879137412736062,0.1918756773083704,-0.012061813681389795,0.03601315661696876
2022-01-21,EA,-0.06215279419908553,0.1931165487667586,0.46053249455114553,0.13809059306313293,0.06361943874176176
2022-01-28,EA,1.1436122451288593,-0.10149634984391831,0.10288902413636786,-0.10800328391702775,-0.017126497092185455
2022-02-04,EA,5.552511377265941,-2.313517991934327,0.6218366617633848,-0.24372324081387037,0.011512427114045645
2022-02-11,EA,2.4671720300213504,1.2308832131307377,0.3294949196292475,-0.040805929837096896,-0.014088320284909518
2022-02-18,EA,-0.9816583194661765,1.506949973915575,0.005545032473778343,0.0790223586384376,0.007662885344400485
2022-02-25,EA,0.4803980829975411,-0.6177902917111429,-0.010071877702693011,0.004236308438359432,0.010572902434274199
2022-03-04,EA,-4.574964484437241,0.7914933261036704,0.04945419111726727,0.041481051594219026,0.03979961100415487
2022-03-11,EA,6.019314947340513,-0.8667600648332406,0.5870342263100945,-0.23153420439171785,-0.015550404936215408
2022-03-18,EA,0.9629658647775243,0.568740070438607,0.06627988147571497,0.02930767601495639,0.0005343181597254103
2022-03-25,EA,3.4745279230629,-0.6028216205415665,0.02123519796757418,-0.13891833356917319,-0.07124624315945642
2022-04-01,EA,1.625373606633138,-1.4362453462293847,0.07357455888655094,-0.12229460593096075,-0.01036389802164972
2022-04-08,EA,3.2585730358155773,0.051585292168022004,0.03326328331969244,0.010727332634276348,-0.0141462481972321
2022-04-15,EA,1.5385561255345273,1.277259058055156,-0.05878802608459745,0.13297169323434332,0.010420746247778705
2022-04-22,EA,3.329257006541157,-1.1157727530349681,-0.0032736199831534833,-0.055180018710937535,-0.011025405632430317
2022-04-29,EA,0.27612739505480755,0.06924154591108127,-0.17071642733653294,0.06580912754475808,0.0010956622662288125
2022-05-06,EA,4.502026531552909,0.11344245018484547,0.5899205531039214,-0.1379279823712707,0.013463682858071603
2022-05-13,EA,-3.5749931024045805,1.6308297724569127,-0.2612345975463767,0.22050150494270115,0.04678218959424372
2022-05-20,EA,1.9637392432081893,-0.820863567602074,-0.13379315102590364,-0.05188926157735714,-0.032053033339995714
2022-05-27,EA,-0.18188607545219387,0.7711768073158811,0.0971497236726963,0.06548089756567602,0.03509637251245108
2022-06-03,EA,7.920767082219186,-0.423131220795538,-0.20703517328202595,-0.04389277589556332,-0.09294121167223289
2022-06-10,EA,4.395650429626209,-2.2836525253806323,0.614746172425409,-0.2934931570767809,-0.0011531269430448772
2022-06-17,EA,3.759247583651694,0.2880674647568575,-0.13436269887910027,0.39674333257584005,-0.08902733165251184
2022-06-24,EA,-4.0920871103812475,0.8877427048604345,-0.7729149699905176,0.8412962028273997,0.2274463792316353
2022-07-01,EA,-4.749652227191881,1.7358493642219381,0.20590402219146864,0.2203102874269171,0.08947491699412538
2022-07-08,EA,0.7691485942042285,0.31004747793056137,0.1966964755088609,0.19594612143165752,-0.060976153206687624
2022-07-15,EA,-2.020082137924798,-1.7043450743227975,-0.4988753116455122,-0.0038538707585822236,0.014300288059322831
2022-07-22,EA,-1.969917232809137,-0.42096458213512594,-0.205862563295217,-0.16106945778753187,-0.1289128266412702
2022-07-29,EA,-3.8391476550904025,0.63166077266689,-0.5998329751584939,-0.023480732763188034,0.009188662697603456
2022-08-05,EA,-0.04756440059093609,-1.2972131185371272,-0.2323480859066273,-0.11608610313879704,-0.020272586069758434
2022-08-12,EA,1.6390517112261933,0.752588089781425,-0.10277548294204875,0.08014425867383639,-0.035753665825813116
2022-08-19,EA,5.42049528701182,-0.8619665476352846,-0.0329655672955899,0.19288616215071452,-0.029407623519042546
2022-08-26,EA,4.327740920134296,-0.6099086971034293,0.7726561326006954,0.3548790808924738,0.1316447639570311
2022-09-02,EA,2.6895926214801427,-0.22674159150320203,-0.5457554933119477,0.2334044470615751,-0.0036920859997843507
2022-09-09,EA,4.6185616688514415,-1.3036405363702062,-0.46004653183300137,0.3185700221812397,0.22780249112786935
2022-09-16,EA,1.703671756151871,-2.765515544661908,-0.5076382910446935,-0.10676252522118848,0.008684218404117343
2022-09-23,EA,4.357400568374123,-2.601525146693077,0.27269674914417924,-0.17958572957060687,0.16625328698187614
2022-09-30,EA,2.9195719761324725,2.7229618072065396,0.3721550650462716,0.467209220095208,0.014886558452867028
2022-10-07,EA,2.335207994859971,-0.2986392242164704,0.08392423742937499,0.18716074088968937,-0.013182982558064433
2022-10-14,EA,2.0587986040617317,1.5032658367021756,-0.21337419258550241,0.26216452321939676,-0.06635835978227
2022-10-21,EA,3.2330964910942748,-1.0865307575013108,0.31484332832907064,0.09798439349291081,0.0391093777222379
2022-10-28,EA,-7.795637212959691,-0.7797292673134596,-0.38770828830076487,-0.3724105358459282,0.05558333221140289
2022-11-04,EA,3.462857199152703,-0.7251977453569398,0.21936786733119068,0.25695519330786976,0.09439267517027487
2022-11-11,EA,-2.105026974388727,-0.29487050563992667,-0.593312955661447,-0.011732464534528652,-0.03818422175154312
2022-11-18,EA,-3.6756645540271964,-0.5598134744075332,0.04170614906721289,-0.2607878761937098,0.08848449236087857
2022-11-25,EA,-0.9550255675096045,-1.662690062235231,-0.19399881737753163,-0.2124052687946702,0.01856437815984022
2022-12-02,EA,-2.905818066981331,0.3322377449434744,0.11072970576937718,0.22259601266163795,-0.16294374824259406
2022-12-09,EA,1.2672696547479074,-0.7854636584489042,-0.4197594363661753,-0.13784121160392984,-0.017193800725018422
2022-12-16,EA,7.423023287904813,-0.7517713345408631,0.0792368451378737,0.09933789943174819,0.1142712195804362
2022-12-23,EA,4.404023504182721,0.6614286306885268,0.17595413571604393,0.14165875646093218,-0.19652995184507438
2022-12-30,EA,2.9868966964539196,0.6676225906378397,-0.24961516922039925,0.31340313509960877,-0.05126132010716808
2023-01-06,EA,-5.053494609791585,-1.0169397821437778,-0.8799389713077218,-0.05246587271500666,0.01966374491148058
2023-01-13,EA,-3.6483633518406497,0.4615752308094994,-0.766638184733092,-0.3676028227062548,-0.059377110128880424
2023-01-20,EA,0.008615709921918277,0.04118914716854036,-0.08497917421719973,-0.01262080543954885,-0.0025413562880662478
2023-01-27,EA,2.2102935116906712,0.21907379400931876,0.43626246126572427,0.012622957603445407,-0.048605423998705516
2023-02-03,EA,-1.5565796790724231,0.5406751022671763,-0.475728452237875,-0.14764153510089478,-0.016506858118047942
2023-02-10,EA,3.6329234113472384,-1.3114609566742639,0.20335469286900074,0.23289378865707008,0.01840804217206593
2023-02-17,EA,2.822908933842305,-0.40078413383495587,0.08915143872644937,-0.002132885119213314,-0.008353689384128102
2023-02-24,EA,2.81800578621455,-0.8204394815704371,-0.16516182682008942,0.18019218369717901,0.009440611677011502
2023-03-03,EA,3.1426291102100055,-0.4283162450975223,-0.11838712324089076,0.05238092246512969,-0.011414463894970209
2023-03-10,EA,-4.559559234596359,0.011175522844102035,-0.6836367342850482,-0.16569820796851417,0.046196668223627724
2023-03-17,EA,-6.730669336056957,2.558727692412918,0.9729458772988666,-0.6804107543714845,-0.08864154864853771
2023-03-24,EA,0.030342838422000473,0.5032191127544482,-1.0056126271666586,-0.4623681727664215,0.0583118297944643
2023-03-31,EA,3.413031692405173,-1.036461349857393,1.4056654658413432,1.482269197265031,-0.37265313052262117
2023-04-07,EA,-3.3364209337532764,0.2980903035217766,-0.07135581142339827,0.3041209556409638,0.0180369754445064
2023-04-14,EA,5.451316910139344,-0.43117059565026344,-0.3772878378569015,-0.5972692648162996,-0.026326225955474986
2023-04-21,EA,1.723382060768462,-0.09771857691334304,-0.0649147588103215,0.34276270789219576,-0.02608229936699598
2023-04-28,EA,-2.61446934181706,0.6412060186051756,-0.3370793547712855,0.025372318683608633,-0.05946148763540041
2023-05-05,EA,-0.9426115078858359,1.205767300694839,0.38976766991476774,0.7280514352622192,-0.013129275352686574
2023-05-12,EA,-0.5295393120689715,-0.366297846223278,-0.29930643998857265,-0.04578006476150455,-0.01764063041503063
2023-05-19,EA,4.590746491075079,-0.17740886845262113,0.2153748695297602,-0.14370424263561676,-0.02113890652234335
2023-05-26,EA,1.1229856485037337,-0.5636936510983811,-0.05245251343164207,-0.16568931397129508,0.019842774212928675
2023-06-02,EA,-4.807399932730665,-0.2361265903222211,-0.7542442229824763,-0.04581276988276705,-0.005276091465183237
2023-06-09,EA,1.8866532333924015,-0.5748171898594956,0.02902500855456342,0.008583679767659363,0.013658775368738201
2023-06-16,EA,0.48654821551603,-1.9979134326290438,-0.6273872220188458,0.06497056646627014,0.5597809231536167
2023-06-23,EA,-1.7598673088364432,-0.7948273148325191,-0.35498225102846026,0.02746184731532732,0.033328966303016336
2023-06-30,EA,2.24259993373217,-0.7426798946687474,0.03470995576604978,0.027981013639146648,-0.010722530937271765
2023-07-07,EA,3.4712221517796893,0.6460325258799371,0.5748914341011402,0.006885248195399031,-0.022663677626015344
2023-07-14,EA,-2.9281924336562777,0.2577932137149346,-0.45494400554048664,-0.09624987531697249,0.036810547483399514
2023-07-21,EA,-0.9788305698555592,-0.017876904702820367,-0.18112174456867025,-0.03013465233563311,0.00677341261112366
2023-07-28,EA,0.6461478405954113,1.0575373262731815,0.17737784082867086,-0.06852432901520439,-0.025142519689905638
2023-08-04,EA,1.473946436000596,0.6243254516322686,0.5469290622160843,0.08423686964276775,-0.017944511510952776
2023-08-11,EA,0.6713624192093597,0.06769399153350916,0.16203819821957738,0.1276184594318807,-0.009516191351385754
2023-08-18,EA,0.7387465252908016,0.2636044205769604,-0.010242586990079546,-0.14226774340533374,-0.0006493696792708315
2023-08-25,EA,-1.753509904192756,-0.7390756517033111,0.07474141730348796,0.023176617623885242,0.022301201404264007
2023-09-01,EA,-0.3525344812721265,0.5393596232755418,-0.19327319794090778,-0.06262974839715395,-0.007635891867322329
2023-09-08,EA,1.6137067542129244,-0.2267157663883577,-0.02379756321217298,0.13172422588618665,0.0040686904076710105
2023-09-15,EA,2.271812495260633,-0.11983360832289713,-0.23893218295265975,0.13360355969516155,0.005481374751385863
2023-09-22,EA,1.5961955812303554,0.3006895860282487,0.18515314563423163,0.05983640968764611,-0.019094412579227157
2023-09-29,EA,1.9824758089076817,0.8259341560978097,0.3432272311119851,0.12715636456584256,-0.02798794283289873
2023-10-06,EA,2.6224482022889704,1.324415970795684,0.31365311554589825,-0.21633239484721423,-0.0653042863523208
2023-10-13,EA,-2.6775954642566964,-0.771780312496386,-0.6765483671428401,0.005560082065900002,0.014276788827459636
2023-10-20,EA,1.9120182156456333,0.3246417870178099,0.7066659146833288,-0.035439378063554364,-0.003025157467104526
2023-10-27,EA,-0.867591246076079,1.0597248612923083,-0.4095154506598296,-0.12950168726469963,-0.024494840111854734
2023-11-03,EA,-4.343895117734044,-0.34464578752265973,-0.4763361940165904,-0.18866900555121557,0.023692090350025508
2023-11-10,EA,1.266859994615447,-0.5142598751308919,-0.03574594219989938,-0.0675087272729244,0.000758748762935486
2023-11-17,EA,-2.9184131241987266,0.4590189735341476,-0.40617505711039403,0.09827088149674383,0.027187336267245333
2023-11-24,EA,0.46466257546097234,-1.2047735158021604,0.13000688556243217,-0.195272325639931,-0.011449012944203352
2023-12-01,EA,-4.587253024979959,2.3232328241822557,-0.17816583128078517,0.3046380522656739,0.07103920530293087
2023-12-08,EA,-2.4711189410127328,-1.044931574039519,-0.16910485187913224,-0.13965620600086304,0.08423796483236809
2023-12-15,EA,-5.504905962081373,-0.6908734303729541,-0.24451515968527385,-0.04425035234622336,0.0960955413148655
2023-12-22,EA,-2.8565857141226956,0.8795192326152308,0.2797294988863083,-0.04800160021848136,0.11333419134750909
2023-12-29,EA,1.817524996881675,0.6526764276411857,0.3404386434725058,-0.02636387730132923,0.004748066777351374
2024-01-05,EA,3.966524208896712,-0.6879562472760469,-0.1370151048579527,0.010527289334333572,-0.09479470822222456
2024-01-12,EA,-1.4665134213319466,0.5088723672392463,0.02314996320300332,0.030608580998692424,0.044586101919458526
2024-01-19,EA,2.98596975643959,-0.6483193460143808,0.30668314809478076,-0.15479273687861933,-0.0385810291458354
2024-01-26,EA,-0.8017726163216466,0.7908540704829297,0.07090771631519226,0.09030006085491885,0.033031196675648286
2024-02-02,EA,-1.133158499104384,-0.5324489973130977,-0.5705933471209701,0.12999196010381853,-0.01871731037513387
2024-02-09,EA,3.457442467707174,-0.6898711098174747,0.2391718023017709,-0.10255758673591456,-0.09193797049230674
2024-02-16,EA,-0.22388239930601392,-0.8718185385087396,-0.2735364178269412,-0.01573271770424729,-0.019809408231155227
2024-02-23,EA,-0.8252490380753392,-0.592271596624315,-0.138476811318847,-0.08345510787575053,0.0006544191151012583
2024-03-01,EA,1.966238689081813,0.0820156248244928,0.04696886976102602,-0.05866999331834411,-0.03207364948166374
2024-03-08,EA,-4.9504077142182314,0.11303691495622539,-0.18364992783081324,0.10057132784846612,0.08543066507821039
2024-03-15,EA,3.1960056418689207,-0.5064838939776506,0.23658742672040414,-0.08479033526518745,-0.04461590807362307
2024-03-22,EA,-1.6833116364280243,0.49723522612049326,-0.09547157417675323,0.05198406151847181,0.01310885907843685
2024-03-29,EA,-0.15525147864054245,-0.24705557002567327,-0.015081949582616022,-0.058797561763349576,-0.011348357368492738
2024-04-05,EA,1.5404489049488959,0.5407582617477549,-0.08785672820014813,0.10903448317975362,-0.04992489469420389
2024-04-12,EA,-1.260041411456275,-0.5737622029099166,0.072579875635283,-0.12611432663122,0.036980045103310856
2024-04-19,EA,3.5234832591016993,-0.2935092588049334,0.29576050909546714,-0.12882780608473826,-0.05809386297034743
2024-04-26,EA,0.603736401875442,0.1932249109134508,0.03395657330064334,0.01285401391577185,-0.018680095102319893
2024-05-03,EA,-1.795251586469624,0.019788897336579018,-0.06702336963957324,0.00845276630489074,0.007768128865578656
2024-05-10,EA,0.7561310657491563,-0.1849263819026578,-0.06275529498629422,-0.003490950518808314,-0.031196085626751628
2024-05-17,EA,-0.04377081117694962,-0.06104508337070513,0.009316037221810491,0.017744353220289354,-0.016592224516497462
2024-05-24,EA,1.9173517405982015,-0.5333962412858022,-0.1709345609050337,-0.024348861778367807,-0.06797071701685536
2024-05-31,EA,0.48216341030179116,0.5493587328895697,0.4269746446036617,-0.01679732456390177,0.012399620187545998
2024-06-07,EA,-0.07100707126146603,-0.39777378967792026,-0.11360707246660183,-0.05974926993277852,-0.032254230883940686
2024-06-14,EA,-2.2779907738629657,1.2125602510715818,-0.14940441305828536,0.18797588688657532,0.004586785733227211
2024-06-21,EA,0.4476448460382823,0.37039671901819393,-0.01196629050092978,0.03664509281405054,-0.02381624365072272
2024-06-28,EA,1.4079323779605333,0.18065520789391376,0.2199000000592314,0.019505907742129628,-0.012558865313850354
2024-07-05,EA,-0.08936620871132524,-0.17041427872434986,-0.09710846860101574,0.016335850099263055,-0.04748140451439903
2024-07-12,EA,-1.8984351632061753,0.4322544690980588,-0.19518426994100202,0.025033977115281974,-0.00026513040986158253
2024-07-19,EA,-0.7191081957999441,0.30354099457706396,0.16016242503673972,0.01847272004755858,0.05099560871588233
2024-07-26,EA,-0.5476128594836259,0.945850197112354,-0.3827908620737884,0.17107635617028175,-0.041992727702291226
2024-08-02,EA,-4.170034593291035,0.46226754686312,0.5228489715303956,-0.07573707481085659,0.08337013792946209
2024-08-09,EA,-0.23444088404400845,-0.7776400299562821,1.8524527925219985,0.6089894655454783,0.20496534724323012
2024-08-16,EA,0.09529819126938387,-0.26992234536810406,-0.06470019458496294,-0.07476948719416643,-0.03955056367578139
2024-08-23,EA,-0.12132963543399079,0.1278413306721271,0.12326305966943757,0.06339431225244571,-0.023410417377704645
2024-08-30,EA,0.6809699216049762,0.5994536517785071,0.17212999841399962,-0.14173664709274758,0.037021168478642466
2024-09-06,EA,-1.7745802043255487,0.40763284694824026,0.07841458047217122,-0.21785192878032741,0.06232365419589659
2024-09-13,EA,-1.26782102454881,0.7984678836335286,-0.12524745289096645,-0.15921940588711986,0.02046729575966896
2024-09-20,EA,1.3427763259271412,0.17164029759395927,0.43298078756461056,0.021301793643366533,-0.012532080485116176
2024-09-27,EA,-2.1726550711492405,1.069661105640295,0.294733620118343,-0.36529558702492015,-0.02042415753038553
2024-10-04,EA,1.0516101673211433,-0.3125300688476514,0.08162394646584228,-0.29619808263392644,-0.06888029952471751
2024-10-11,EA,2.0429764878040855,-0.45751879727335093,-0.14617178356582927,0.3323816333619051,0.009731877923135374
2024-10-18,EA,-3.1762121919022035,0.7628701553055688,-0.04994847874234239,-0.0782760714504902,0.0019682871742964297
2024-10-25,EA,2.0236549552956546,0.1517011285925733,0.34743227534873555,-0.29369468428294526,-0.10828388928369893
2024-11-01,EA,2.0750980832025125,-1.0161601148090047,0.10321256238278415,-0.0734101754064491,-0.07581327725745929
2024-11-08,EA,-0.049109202421134555,0.19654496798577736,0.2407219034034508,0.13467245789709995,0.03367981740923336
2024-11-15,EA,-1.4812826606383342,0.01549620340440491,0.3292529417964887,-0.31965461535665934,-0.05346116692717837
2024-11-22,EA,-1.5331214314297195,0.747134667726176,0.06862073256490842,-0.009017158536841676,-0.007155570205640669
2024-11-29,EA,-3.22481306661008,-0.5942716219812575,-0.396523011371625,-0.03209954010477604,0.07301629612885094
2024-12-06,EA,-1.1182995462867784,-0.5362581693008349,-0.20732811892042666,0.011581660379420499,0.012269112596658537
2024-12-13,EA,2.760441233676747,0.8392366925210604,0.35177932394624417,0.2144727434134017,-0.0470783816630147
2024-12-20,EA,1.4073361840275194,0.6429541352929968,0.3477584375035809,-0.06355199536690498,-0.04206143847364809
2024-12-27,EA,1.1662039277496632,0.012902966704354922,0.1005884236095847,-0.2740920008942368,-0.07153055377276737
2025-01-03,EA,1.791000563428674,-0.04309581602826359,-0.45269201204035286,-0.04916823997080513,-0.05684084933866822
2025-01-10,EA,2.9525631889478903,-0.162371598797174,0.49428858350628363,0.35371215883245255,0.0196235626150797
2025-01-17,EA,-1.5759240448266443,0.15942880675511165,-0.27219439286120506,-0.07309081155774416,0.0018039179159009106
2025-01-24,EA,1.0955286440746346,-0.3717709793378026,-0.006629897239895004,0.11651507949921946,-0.006177927321502161
2025-01-31,EA,-2.670319599526658,0.9372232993216657,0.02228005449404695,-0.11992964074607167,0.005894420229698215
2025-02-07,EA,-1.5730316176814523,-0.262732516378194,-0.21676447975640228,-0.19808938818518865,-0.026280595898839163
2025-02-14,EA,0.7214120333391372,0.08009279934907848,0.09105113145280526,0.13033846774489083,7.893911630523213e-05
2025-02-21,EA,0.9146817355022029,0.5168251645610278,0.3673675466497755,-0.02076393331944939,-0.02064838757841231
2025-02-28,EA,-1.3106198281804347,0.5004241451022009,-0.27303754475315406,-0.03464402008273837,-0.01603205541135957
2025-03-07,EA,6.9912205772415055,0.6671051097707202,1.0367056641189867,0.46780945931112583,0.0015634818941444308
2025-03-14,EA,1.2289927385472579,1.1968763015198043,-0.03458179032475548,-0.0646679837099916,-0.06705174572333174
2025-03-21,EA,-1.828006598372945,-0.2319027181676101,-0.053668570763959804,0.2789570261027357,0.08645463101963445
2025-03-28,EA,-0.9228866751364524,0.7077797368062712,0.2401432619384132,0.012166303330272533,0.026450779045413746
2025-04-04,EA,-2.741837062380816,1.0012200854919495,0.10695877161045997,0.16005606226295713,0.08860346637371463
2025-04-11,EA,-0.513558986879893,-0.4514972095177815,0.45321004501518036,-0.21945274315874208,-0.003138368625806751
2025-04-18,EA,-0.8859471182621595,1.008926901952502,-0.34202513944334273,-0.3233771957828781,-0.053805593401159466
2025-04-25,EA,-0.6700030491413544,-0.25148974098375315,0.027025272338526654,0.16280258684146437,0.023088870282124703
2025-05-02,EA,0.6103966390622111,0.20370745340883076,-0.08812485161842669,0.054985729295080055,-0.03236209480263695
2025-05-09,EA,1.2311935184391365,0.4001174700789936,0.13005387793275874,-0.020983331483973255,-0.05294591786625001
2025-05-16,EA,-0.0006842808330512781,-0.6865811425557479,-0.4480603562911744,-0.40794612499227384,-0.09990780338480774
2025-05-23,EA,0.21336858670189565,1.33020074089304,0.19553447935322796,0.16294718106828412,-0.00913464157770994
2025-05-30,EA,-1.2903946572644547,-1.0205309059759708,-0.19147370945176212,0.019349621555983257,0.027711143566633286
2025-06-06,EA,0.9664466697268358,-0.7435295108808752,-0.010190837734662167,0.25163223368846854,-0.004285343730954199
2025-06-13,EA,-0.47481320049332837,-0.08272563864977706,-0.1228127807088581,-0.02806880502938469,9.666256375334517e-05
2025-06-20,EA,0.40279478381978423,0.10556535508092917,0.22481896978737814,0.15571020059569546,0.0033996984845943248
2025-06-27,EA,0.7999769748986123,0.7824575794997767,-0.042036542371733515,-0.14307173809673654,-0.06102259239873746
2025-07-04,EA,-0.6375761316034897,0.31102562501220105,-0.09734998774062807,-0.1493297839307519,-0.014479266010551122
2025-07-11,EA,2.915922419025845,0.19199091861383535,-0.0530266528100127,0.22394905561460282,-0.011390327099388791
2025-07-18,EA,-0.5623835311234296,0.5068186483968582,-0.07591004352505691,-0.1491754296991351,-0.022009293497769
2025-07-25,EA,0.5246918970311841,-0.879665687331432,-0.04619063169114518,0.042692929723260345,0.004379296453105864
2025-08-01,EA,-1.1616709735084882,0.05998486651303141,-0.262549471956795,-0.009150438366784591,0.0063794407350888475
2025-08-08,EA,0.38363540651318645,-0.3163065713276691,-0.025675045901917354,-0.10512054308165349,0.0012743873918910564
2025-08-15,EA,1.8043864327331567,0.9106798243509102,0.0006734863876541096,0.043543911092724374,-0.019157610120130883
2025-08-22,EA,-0.2970017036101795,-0.17132065531395957,-0.09831835493032856,0.0037344520817421483,0.002649280104100731
2025-08-29,EA,0.33159528021199003,0.7597243389028577,-0.1653218514523542,0.11474791072792759,0.006890086941097628
2025-09-05,EA,-0.9965234415040893,0.004666787829276843,-0.23524796042940502,-0.016028457125611736,0.0129992354485226
2025-09-12,EA,0.503868554288889,-1.0448341822892568,0.0018952879137654804,-0.13398809037275483,-0.00774119920505312
2025-09-19,EA,0.38152150381350425,0.18534890688184524,0.044550985176913166,-0.028126149820989165,-0.008736070423875827
2025-09-26,EA,0.4824735554163217,-0.1281100022101833,0.10574485409672012,0.00713097373631033,-0.014680617305042899
2025-10-03,EA,-1.0681626532861053,-0.27977860937820476,-0.19722268313121066,0.006850669683375788,0.021728876572420973
2025-10-10,EA,-0.5021792616651678,0.2385379559302819,-0.08733718299613892,-0.10536985741472675,-0.004705092024007209
2025-10-17,EA,-1.9110513649090488,0.17604663951072344,-0.19967877546769452,-0.029974604354056782,0.0344878302540534
2025-10-24,EA,1.109411113476539,-0.2874058263462733,-0.007390246232096301,-0.0052136012476206636,-0.013026530447301132
2025-10-31,EA,-0.12724705417263632,-0.10947042624085676,-0.005913829578126311,0.014385298872544658,0.0026593823953950614
2025-11-07,EA,0.7638888434993449,0.06307146346182553,0.2139769431594414,0.06096774256950983,-0.0037396280059430412
2025-11-14,EA,0.2755471738630676,-0.2706912770650436,-0.017941289142530115,-0.03674650110305997,-0.00637821009806171
2025-11-21,EA,0.21756466135406421,0.6181080271794517,-0.14463724613419746,0.007682737467153606,-0.007812749253159737
2025-11-28,EA,-0.46183420360109445,-0.4228018292926418,-0.19739595497406234,-0.07091240171817674,0.010413236777366074
2025-12-05,EA,1.7497003553140678,0.3015997911060405,0.03991024071253483,-0.056900152523906095,-0.017528600172174044
2025-12-12,EA,1.4577851444416892,-0.7612214715206619,0.07368351585376083,0.3215656388777528,-0.13276264217536002
2025-12-19,EA,0.24140580064441614,0.36023515357269975,0.6016056258974516,0.5773337855581258,-0.03152664993783856
2025-12-26,EA,-0.12519681236099542,0.12224502063430993,-0.5768203560708589,-0.9235633888188823,0.1446282647051107
2026-01-02,EA,0.2477161946820539,0.442515521358086,0.10615772437473542,-0.12423462120579189,0.03518402645938427
2026-01-09,EA,-1.0787411699087706,0.007940163043387235,-0.313258931078559,-0.03300959784401441,0.01081394080009735
2026-01-16,EA,-0.6839165965417435,-0.4474898623859594,-0.014111686679344598,-0.04084640095142318,0.015288554827297412
2026-01-23,EA,0.6853047575102164,0.1621058281743948,0.02868909819786297,-0.010648724142803491,-0.008438847851305388
2026-01-30,EA,-0.8145856923495025,0.4266348169542016,-0.08511109621856741,-0.02881324445507511,0.00032940841171849296
2026-02-06,EA,0.14437724141138847,0.09368859159110587,-0.013388766937149861,0.2349091002683868,-0.0023995865724906547
2026-02-13,EA,-1.7493095867023916,-0.18257299776677968,-0.14573554865455768,0.05260102043812455,0.01935734717536532
2026-02-20,EA,-0.4853862935772314,-0.599104186973929,-0.15737955294502265,-0.026741409355954995,-0.023777490178705448
2026-02-27,EA,-0.8891160904660211,0.004788241699741081,-0.07226888745783099,0.2828413761431581,-0.09334707119766417
2026-03-06,EA,4.874501507408242,-1.9652906395045007,0.2644543531758068,-0.513220565803688,0.031148335473439932
2026-03-13,EA,2.2976514547025277,-0.10960263716252575,-0.19909001363842857,0.3821658072072357,0.09643418981906403
2026-03-20,EA,2.619671788682029,-1.9913310032553948,-0.5379720378344773,0.20694368634229668,0.011664301376286566
2026-03-27,EA,1.5153062594446407,-0.16026640944651485,0.45396510966047443,0.14251510505252835,0.0016830961308773556
2026-04-03,EA,-2.0546899348628376,0.10603158865953359,-0.26034722034782837,-0.014039259472782437,0.031812585890496604
2026-04-10,EA,-0.2186166466470526,1.2246732850079554,-0.0274877045369072,-0.11675243761955943,-0.03485578391506362
2026-04-17,EA,-2.063344899902114,0.7500030779178349,0.07571810683799973,-0.09930036941972162,-0.016583323868379036
2026-04-24,EA,1.4759859718127872,-1.1865369282607476,-0.014193832444027063,0.15552985808365904,0.008524303278543468
2006-02-17,JP,-2.519941350540105,-4.073097879544367,-0.8204365110672855,0.28831452672254504,0.5431938154588756
2006-02-24,JP,3.654578756837491,-0.5651042198535771,-0.3241987751027901,-0.06213069264296421,-0.27223993735614244
2006-03-03,JP,0.014341030443527667,0.1352358862281366,-0.4439740458491479,0.5936026547079906,-0.21262979711395175
2006-03-10,JP,0.5790774906967079,0.6666092913802038,1.004477567031578,0.06780046548349582,0.06079977355722589
2006-03-17,JP,3.300040342167463,-1.4711326671655687,-0.590364615993067,0.1736747068731676,0.10061865523403403
2006-03-24,JP,0.26452226574975757,-2.3299783551345854,0.1783284573032013,-0.037587835629507856,-0.13973407670439353
2006-03-31,JP,2.2587887359356627,-2.315648539104827,-0.6330211524679481,0.10653855147404984,0.016474702034804712
2006-04-07,JP,5.122346274301605,2.4429559905005704,0.6196629554169384,-0.4848880441308196,-0.2665594406137661
2006-04-14,JP,3.5721035058479225,2.278391796623113,0.12422675304125333,0.3355171103152671,-0.3239012896695193
2006-04-21,JP,-3.1619052112329142,-0.2595989944358674,0.7524102968936246,-0.15012815573085442,0.5684035328457753
2006-04-28,JP,0.18651830559756477,-0.9801081452399256,-0.053756068413971236,0.268294784143138,-0.24626431405476798
2006-05-05,JP,-0.3556072686522654,0.4261652140992669,0.017031372660689516,0.25540336256962315,-0.0431490076015444
2006-05-12,JP,5.0735062853514785,-4.079594857481679,-1.280301226576523,0.12710436808399816,0.3952855095630018
2006-05-19,JP,-3.1410598320255843,0.7677589841878371,-0.47680652548750857,0.41079722070517266,-0.06772851148664215
2006-05-26,JP,-0.7312857567202873,-2.37451050202629,-2.3136811159437514,1.0458644837934445,-0.2645071187553796
2006-06-02,JP,1.7214228242134095,0.6933601708475208,0.17931571432857388,-0.19530557626698947,0.13607017703860283
2006-06-09,JP,-3.639394049745905,3.6166831318897406,0.7418795949229222,-0.17680230540436465,0.10580351607953785
2006-06-16,JP,0.19012213900740554,0.14823445964858004,-1.215286369076261,0.20175470366792642,-0.06610352564485049
2006-06-23,JP,2.3238430943663104,-1.3269235762530938,0.3650518210944882,-0.07977572617086565,-0.08965830299609234
2006-06-30,JP,1.9022662173216387,-0.5379097857001895,0.10400487929256974,-0.17855939755836855,-0.053673111268430086
2006-07-07,JP,2.9305015417071036,-1.475841239099265,-0.6792378093526074,-0.2399276135540724,-0.4062596364344868
2006-07-14,JP,-5.671291512722241,2.282131139626381,0.6555238232507629,0.02114961417654716,0.4926968939211043
2006-07-21,JP,-0.8566786501839013,1.0244374765354356,0.06443414867380833,-0.21313322435302895,0.04949245695305428
2006-07-28,JP,4.025826347516346,-0.6027087273208906,0.26589308824863267,0.44455549109929626,-0.0401027343262725
2006-08-04,JP,-2.1137630805752066,-1.032992841223916,-0.19518410892012036,-0.14221526225247463,0.006986146334684066
2006-08-11,JP,-1.1086826933122083,-0.016305215730006335,0.010678336656930567,-0.325915274708453,0.21691147857864135
2006-08-18,JP,0.3652140091799561,0.0219174266104604,-0.09938597592296529,0.05299905464853149,0.06843988959682089
2006-08-25,JP,-7.5964904909301,2.4751697523685343,0.7006964699218999,0.004708752921700737,-0.16325944224261732
2006-09-01,JP,-1.5838398858751004,1.7344859387537455,-0.8900222564098744,0.32428306559399395,0.050490958037159236
2006-09-08,JP,2.4353076015310866,-2.043145560577653,0.06460509491841063,-0.17110395247683027,0.023108833162592702
2006-09-15,JP,-2.5177341836555462,1.3949299339010979,-0.10665898964326331,0.07996273971949565,0.270448834165715
2006-09-22,JP,-1.290710604420803,0.765132648316049,-0.1681308792725012,0.08995858405743194,-0.024106135231441502
2006-09-29,JP,2.0743869293597808,0.32581586008235125,-0.029885559693340273,-0.10937489795785597,-0.2818447294221751
2006-10-06,JP,1.7063457455738018,0.20362877843506513,-0.30414719833684134,0.09513017605789675,-0.06553531802382094
2006-10-13,JP,2.459067871830953,-1.3440612797884486,0.32696876566155814,-0.12489556536588389,-0.10947787582863486
2006-10-20,JP,2.2305777267629057,-2.212148668622617,-0.7102650410488758,0.2697578603097996,0.17015172341995588
2006-10-27,JP,-2.967235053855733,0.4717626856105092,0.05228362984119176,0.05690609544581106,-0.1080642853719436
2006-11-03,JP,-1.324674840672823,-0.08920559437416765,0.006044362312620824,0.14084121601691985,0.0571691172575097
2006-11-10,JP,0.016899573014481698,-0.539972547442062,-0.6723578234820734,0.1537817988992047,0.03158223887492936
2006-11-17,JP,1.9049348480278188,-1.2058603183565728,-0.44416136328917594,-0.018683245456008322,0.15785937498496208
2006-11-24,JP,-2.116783982770767,-0.6378898756145861,-0.37337670529179207,0.20754901625351596,0.1729785900543866
2006-12-01,JP,-2.670128608224497,-0.8685251803490683,-0.0293064317443691,0.045465692029911735,-0.010367510550884716
2006-12-08,JP,2.555574535944539,-1.76648378480562,0.46259593682040556,-0.3142638737156217,0.15053412869712646
2006-12-15,JP,-0.951175297863314,0.8871259568467865,-0.15570525212578318,-0.13869428501414102,-0.09087639817084647
2006-12-22,JP,-3.568922925658927,0.8477739186229614,0.5105663436868119,-0.18550640580332603,-0.04114896377831526
2006-12-29,JP,3.0584036945300634,-0.21890847858978765,0.4879527728009019,-0.06407562214652682,-0.2755142167252285
2007-01-05,JP,1.7374633872740495,-0.6577443392340164,-0.2023295259095707,0.04229672767307484,-0.07455565740653249
2007-01-12,JP,1.3373581564615862,0.9643858469312983,0.11317099555982624,-0.1131560129250009,0.17755724009925414
2007-01-19,JP,-3.3703206875160987,1.5346977534553494,-0.23687285501958238,0.42580540093419217,0.23800468153991322
2007-01-26,JP,0.1596849467724087,1.3940294745878152,0.7263264140405075,0.023077238114252857,-0.2262516966671647
2007-02-02,JP,1.2605909534792281,-0.8939096569715677,0.5604409559397717,-0.35996309751309313,-0.018336398405319393
2007-02-09,JP,-0.937863117468924,0.22658188397323945,-0.3563237962229707,0.2141871692671805,0.13710603331977703
2007-02-16,JP,1.2298379406589999,-0.8815143914371747,-0.5623108151809851,-0.0019733009372394274,-0.005039209324146332
2007-02-23,JP,-0.631543181114076,-2.5432917346933515,-1.1858920841771645,0.4663791221298999,-0.16196848549658402
2007-03-02,JP,-0.9777741552061843,0.7318158208829629,0.12773827205563842,0.005943776022820441,0.19594302349427883
2007-03-09,JP,-2.3940418151855956,0.12337412929433612,-0.17023716530100386,-0.07423083097258741,-0.06353630985303423
2007-03-16,JP,-0.6035891073925115,1.036566392465976,-0.5299935272819897,0.1496867795205735,0.060951571281066555
2007-03-23,JP,0.9693511904758658,-1.147212163748132,0.15110639571879345,-0.01992134120390367,-0.01718228441602044
2007-03-30,JP,1.5537719059905837,0.7312559627338395,0.23875105020719578,0.1332632071569013,-0.25813219324924275
2007-04-06,JP,0.5831924712407854,0.26257812449350165,0.39832181145842366,-0.36515346083727784,0.0004370689563599401
2007-04-13,JP,0.1451698232066231,0.062389248160114666,-0.403813655158418,0.22341045290307346,0.10365254242107969
2007-04-20,JP,1.2579985449772377,-1.600346862579522,-0.02468436060784821,-0.13219674059360523,0.12759495387489875
2007-04-27,JP,-2.21373188394064,-0.39906222521414947,-0.6393928911595828,0.07742045386662806,-0.003578562052384614
2007-05-04,JP,-0.13664220959689283,0.32664685706157287,0.09681087517545887,0.2736045455881152,-0.004846213698684736
2007-05-11,JP,1.3149596081286679,-0.43605563727456104,-0.17780544420593153,-0.320278985497447,0.007506678584217869
2007-05-18,JP,-0.3651817151610385,-0.4699887588188656,-0.1252721920079177,0.25612172689912305,0.09340042395134321
2007-05-25,JP,3.3621569498059265,-0.6235163738551043,0.3012273316804036,-0.13193256793064925,-0.1445139414165889
2007-06-01,JP,2.27394927746575,-1.7593965523011703,-0.04455548727214891,0.09078832035983894,-0.015160256066670721
2007-06-08,JP,4.41175438023879,-1.3765303750470075,0.5542501511799337,-0.45542928621577383,-0.20102165538684907
2007-06-15,JP,2.238854740294275,2.189196248453273,-0.12300279764157217,0.25846403446998995,0.1603236918574421
2007-06-22,JP,-1.4921384899990362,-0.01171963598579167,-0.12355715469825325,-0.3229440222970054,-0.16144521889304947
2007-06-29,JP,-1.1764341794935642,-0.35393729874045343,-0.08617674444802799,0.14979191610613196,-0.03189795470995446
2007-07-06,JP,3.042887382442596,-0.5488829626931384,-0.12954377546337034,0.08499966944182688,0.021077719685482388
2007-07-13,JP,0.2541837991210754,0.7000367701484913,-0.08357432502476649,-0.0075785684973263484,0.03472573913357962
2007-07-20,JP,-1.937925713756781,0.12321285548866319,-0.2740500785344319,0.021911915900894825,0.09811649980483632
2007-07-27,JP,-4.7251224055041074,0.39551969332007547,-0.04437176555791992,0.313526451655283,-0.08016710874758659
2007-08-03,JP,-0.2906267629524077,0.4156188640906265,-0.36504467492618836,0.2918363380577523,0.09051533374853919
2007-08-10,JP,-2.5702012096779474,0.452746577451799,-0.11981406847972464,-0.017804601556059764,0.07749654830316476
2007-08-17,JP,-6.259590626122602,3.6083476260309286,-0.18871344206242463,0.2890984776845067,-0.19561002549369388
2007-08-24,JP,1.604380333073779,-2.232915053645452,-0.5790429926262763,-0.1897398738232049,0.3686976186809327
2007-08-31,JP,0.3434587219856068,0.6955238468868434,0.32798762140682686,-0.08762609537888219,0.11869208568380457
2007-09-07,JP,-1.8726777006539532,1.0304254006981461,0.6650740236929109,-0.2988033146524746,-0.1483237389384993
2007-09-14,JP,-1.2160266800178787,1.102059883113181,-0.4668698605898193,-0.020398704607565155,0.09299677577475796
2007-09-21,JP,5.144482659654796,-0.11889414220432994,0.6823277040819552,0.08741554625249164,-0.07664320031497071
2007-09-28,JP,-0.4215872265703681,-0.575329588361695,-0.11943763213515803,0.4301816070613762,-0.12215872951147942
2007-10-05,JP,0.9264504986525095,-0.2691594243354249,0.31924794620236463,-0.5043771506251817,0.08850116980649728
2007-10-12,JP,0.5730789725394692,0.15933573942798074,-0.30979190694493824,0.17846589623906972,0.04713693667100894
2007-10-19,JP,-3.9534089562977814,1.8063702070052985,-0.1016580779484463,-0.06454494387827063,0.1162317126650507
2007-10-26,JP,0.11725586099594124,0.8759921281628834,0.25270896502687806,0.12966370544395345,-0.13855350845564993
2007-11-02,JP,-1.6082875255922975,-0.5333402627120037,0.14528170463743267,-0.05218063958779177,0.12975835153414997
2007-11-09,JP,-1.6775746750762734,-0.22374016810486777,-0.490136883418084,-0.04823282181455606,0.13935480358297395
2007-11-16,JP,-2.3340968175415537,-0.22682854211744766,0.055732066204579545,-0.4245687647182083,0.12045576109350048
2007-11-23,JP,-1.9065305475748173,-0.5280868635405319,-0.18037726306196883,-0.07540142055937792,0.1360920670991798
2007-11-30,JP,2.2575665300911476,0.46262686079626675,-0.21619763870683054,0.4470803398674229,-0.37072136640393943
2007-12-07,JP,2.2452484650324256,1.2232123532684038,0.9857232542541932,-0.613632851733383,0.02791852873583239
2007-12-14,JP,-0.560098563216155,0.5054293316195944,-0.3739488657686587,0.3336124910071859,0.2805989659082894
2007-12-21,JP,-0.5336843157305602,0.3182019933596315,0.5112366605377592,0.05084732064359731,-0.23198240416308646
2007-12-28,JP,-1.8094401223800487,-0.1273544295541014,-0.3654388409293383,0.0756010831150289,0.06377419799015933
2008-01-04,JP,-1.5266282202345676,0.30650540317316116,-0.06007606297623551,0.049666779991557004,-0.01431243021177864
2008-01-11,JP,-1.923652172508754,2.955946667125094,0.25274060894219286,-0.12358663409332864,0.016395918128898495
2008-01-18,JP,-1.616982063150616,0.2960792242721992,0.3021023399832728,-0.025222992944325617,0.06792793579907155
2008-01-25,JP,2.8244572195261317,1.3362513974848709,1.1760063015459576,-0.35852867236367447,-0.005463036816710085
2008-02-01,JP,-2.3481266185553715,-0.7292495477155501,-0.017316738562850743,-0.13736114851740747,0.08193193609677807
2008-02-08,JP,0.13816800928056308,0.24905362767395695,-0.16456915575994965,-0.18896073082624248,-0.04443428268567875
2008-02-15,JP,1.283399069827518,-1.073460852896129,0.09868493625386632,-0.03555503386330776,0.04245933748676065
2008-02-22,JP,0.009202251155286896,-0.11232583789397303,0.08595670427385449,-0.04628869404197313,0.06521926568975808
2008-02-29,JP,-3.929837583433791,0.10245962622384014,-0.6479029714134825,0.4390828117152702,0.08458862670269558
2008-03-07,JP,-0.7163422206265284,3.0618992407427887,-0.5778958828007867,0.582670523829603,-0.14486087855347501
2008-03-14,JP,0.25921147054260707,0.01392378175088129,-3.0020605376352494,-0.02045547782669965,0.06673443985810672
2008-03-21,JP,-0.44279684953792314,-1.5204216792836267,0.7688375043063215,-0.3651321548459458,0.2300420945055927
2008-03-28,JP,-0.08487860076639715,0.4978736520997504,-0.26004623918089825,0.5638608912589413,0.18158598110209337
2008-04-04,JP,1.3463972597183573,-0.03821199265434675,1.3082936274144572,-0.6332606660679415,-0.3556203174367776
2008-04-11,JP,2.4040574125288336,-0.505091749924836,-0.42681332531634786,0.15380247197872357,-0.11391572559777016
2008-04-18,JP,1.8763422787088129,-1.2051081846144915,-0.165364762109656,-0.4565750300520499,0.5632964238805142
2008-04-25,JP,8.877795354123224,-5.099869253918812,0.36780881588537273,-1.0503955121504251,-0.25400734221573895
2008-05-02,JP,-1.146723643190703,1.729139427029553,1.682422684029798,0.6025236941296663,-0.4646735916410004
2008-05-09,JP,-2.2449583726096445,0.05227079165027885,0.09925767502039143,-0.18326554295447098,0.19480339085613765
2008-05-16,JP,5.907441593837168,-2.920874521008712,0.12845229939546451,-0.2918441106658854,-0.17840680369296627
2008-05-23,JP,1.885505759156992,1.094150227100708,0.24112823694736016,0.10167275916450481,0.41842967777665835
2008-05-30,JP,0.25936611045705316,-2.569259318387665,-0.44706896903673515,0.5999878598018941,-0.12528485842506765
2008-06-06,JP,1.2044383961574192,1.109763749935582,0.6929774329952814,-0.8314152021211347,0.19185445387538966
2008-06-13,JP,4.7968029027075465,-3.7535693944084083,-0.947093157968166,-0.18371581013084706,0.04091844388680252
2008-06-20,JP,-5.683174360780463,3.449160839933165,0.5361984143886744,0.42136475738929247,-0.030423894930962963
2008-06-27,JP,-6.7363458001844,1.613282799702185,0.016344177735175422,0.3088543957394768,-0.013948572496236544
2008-07-04,JP,1.576065094400502,-1.0996392269102657,-0.3038601282655861,-0.10925913136609301,0.16015045788915097
2008-07-11,JP,-2.3356248980919685,1.770512240722721,-0.030861587787140217,0.5221527270337841,0.03542885443434726
2008-07-18,JP,-0.5228869451251575,1.056207918251075,-0.486417585357063,0.07589624847436865,0.09250516004946882
2008-07-25,JP,0.5746020377450005,-0.8939315790315835,-0.06773552106998132,-0.29356711000209074,-0.08573623526094677
2008-08-01,JP,-2.31537062045684,0.7193637845459536,-0.45298774377103407,0.06795036410594353,-0.001838949246892943
2008-08-08,JP,-3.3773605014550157,0.28749580764261257,0.7792923483374763,0.07172705776955147,0.16670473218969933
2008-08-15,JP,-0.5135126561335667,-0.3711301471386219,0.2598431561406203,-0.3740910627956849,0.22086616561092354
2008-08-22,JP,0.4837469585902992,0.9144761326257415,-0.712807710145627,-0.0889699707483191,-0.18461193660530495
2008-08-29,JP,-1.5880147960412863,-0.88560135385504,-0.7072919272447081,0.6547890554842164,-0.08283628912541677
2008-09-05,JP,0.946279549186747,-1.116616522759576,0.8897792948128278,-0.4121633737113171,-0.011004134068049598
2008-09-12,JP,2.2745928282999106,-0.194060565580705,0.5924653580217877,-0.1458644044367412,0.01593978223869964
2008-09-19,JP,0.2871660319300801,-1.152440258317271,-1.5331550864312915,-0.00945813356969636,0.5212959096176627
2008-09-26,JP,-1.0708344830106018,-1.0731115035983518,-0.31479521314797027,0.4506768081932504,-0.0959220730197481
2008-10-03,JP,-2.1056790779059975,3.2226618276942203,0.5141645140812142,0.6348313074354777,-0.6654459314942714
2008-10-10,JP,1.4333896578849947,-6.129482793016189,0.6908899614454245,0.4802548021178692,0.31501674397615304
2008-10-17,JP,3.1648547067590393,3.821887586951743,0.7769114168907496,-1.2351485334635304,-0.22881013283446003
2008-10-24,JP,-3.3947432682716374,2.0183158239677885,0.04024280467302419,0.3908414472124786,1.6346208607352437
2008-10-31,JP,-5.11381674997331,4.544399107314691,2.690593445080115,0.4572241681724122,-0.4611847833721734
2008-11-07,JP,2.06806430885818,-0.5781713031479946,0.14003381063586776,-0.2641537638063254,0.12101242375437694
2008-11-14,JP,-1.4795208012215006,0.11018024944946185,0.33597834293909545,0.41778968715171816,0.3281742787605254
2008-11-21,JP,-1.642296790750425,-0.12452659454078908,-1.6681662483788144,-0.6309491370717718,-0.4915114579910471
2008-11-28,JP,0.2570305300423499,-0.986769667291281,-0.2228050652292654,0.46646477626705546,0.35276264489790515
2008-12-05,JP,-1.3119379212505722,-0.08548909375569505,-0.12264569791563532,-1.0859380303297808,-0.09238319767158469
2008-12-12,JP,0.2990679633819931,2.1516593228213647,0.16020442500877197,0.5493964806583203,0.05047201360655547
2008-12-19,JP,-7.396195279080654,0.09520377561434737,1.160745076147581,-1.4348587817445355,0.013857437622311005
2008-12-26,JP,-3.745085873133129,-3.1179315058312076,1.5855593073512448,0.3423636652987062,0.2570122597710546
2009-01-02,JP,-2.5342304947068075,0.044968788092751774,0.40429136371295216,0.2277442236463607,0.030166403921912232
2009-01-09,JP,4.72251032598889,2.4979823147189117,0.648880173915705,-0.02760102063816119,-0.35424352574925067
2009-01-16,JP,-2.0129092158710833,-0.10903271034378934,-0.8028766786550248,0.07010422356382408,-0.11685438205632159
2009-01-23,JP,0.6084181712297186,1.0553576451205613,-0.18981888203717606,0.6693300816652326,0.5557415934271333
2009-01-30,JP,2.070558379643901,-1.4068404281920468,0.4044346568973585,-0.2508413181726952,-0.3588335203916401
2009-02-06,JP,1.4332421190427933,0.026602075606762213,0.45593539508420644,-0.15271380012446695,-0.1774361860551094
2009-02-13,JP,-2.88998927527144,-0.2517820671593681,-0.32040869565024366,0.057777072705933644,0.22940861937796028
2009-02-20,JP,0.7414959345733461,0.8755001106095053,0.2645492754879474,0.23823836731502446,0.23023548670107075
2009-02-27,JP,0.084197041393051,0.18573965001497283,-0.5840982764850412,0.19152363579494844,-0.43138402695868344
2009-03-06,JP,0.2818157088707401,-0.6607953714374168,0.0251207291707254,-0.7547380437887101,-0.1539876163823743
2009-03-13,JP,0.6758517998294257,-0.0890157659325766,0.08818529202008868,0.2227662965132797,-0.0754734118475538
2009-03-20,JP,-0.9498888500448989,1.2811310264340519,-1.0162654106182067,0.024557044760425795,-0.04800129608964588
2009-03-27,JP,1.7672648167465632,-0.7612228127274253,0.9678801857767756,-0.3845961985589024,-0.18744145625093295
2009-04-03,JP,2.504050018285244,1.1215988627107003,1.3616036423794733,0.11427737756410294,0.4026660687996899
2009-04-10,JP,3.092528226682416,-0.11648148452513529,-1.1338268803148255,0.027319110595077772,-0.12197098076387018
2009-04-17,JP,-0.8246536546262011,1.6680734266288966,0.717983957589727,-0.27780475564916574,-0.08335557361870434
2009-04-24,JP,-0.42402920277061884,-0.22451656642133364,-0.3386869783539743,-0.09501680502048988,-0.3295496653164165
2009-05-01,JP,-2.5794445638965193,-0.4802262575634268,0.8923055598734906,0.036213942489471074,0.20606300382726025
2009-05-08,JP,2.064414479205476,-0.16477285762903734,0.1771964327397232,-0.09079874893011629,-0.08781912536399679
2009-05-15,JP,-0.23335457132300721,1.3615954667105061,0.08069005019485054,0.2606814756046585,0.44706036848144987
2009-05-22,JP,-0.00498399315810768,0.9204731035472918,0.19473246598061064,0.051168536568340445,0.07125694186103339
2009-05-29,JP,1.2363638996232893,0.3757217263333786,0.8610331604328791,-0.1153994350755029,-0.018153251323654564
2009-06-05,JP,-0.44384124444417666,0.5126874351556078,-0.2038578043325712,0.22113605389557814,-0.14215622528368838
2009-06-12,JP,1.5763599948789195,-0.7781796281597054,-0.3497334813912169,-0.12878030030831508,0.03130254639254448
2009-06-19,JP,-2.7176902465365527,0.21879765161247636,-0.6113093739585683,0.4393617321272002,-0.010764735927243786
2009-06-26,JP,-2.1337063815226927,1.4019928252403295,0.22858590469971246,-0.13576428964445617,-0.045032400545948016
2009-07-03,JP,-3.0735691405296723,0.4000982973211954,0.06979727711496389,-0.5626945159133819,0.017235784684720916
2009-07-10,JP,-0.7931565280395726,0.1477477667308719,0.07041759548951146,-0.2939774324460544,0.18149777386319477
2009-07-17,JP,1.1219142509308828,0.0015524112776684749,-0.37196322588736125,0.4525162414479933,0.12422173456639059
2009-07-24,JP,2.5520334828724294,1.6969233174629168,-0.16404757738761605,0.27306116898587535,-0.19277696340826767
2009-07-31,JP,0.849483544337409,-0.28653268435190654,0.5985497078066064,-0.09653907544992746,-0.41738120737475204
2009-08-07,JP,0.27718979344758926,0.036546434743047876,0.6563325748542197,-0.17826344960890045,0.032225096967805525
2009-08-14,JP,-1.396746205739348,-0.3237998020884616,-0.6100308660293836,-0.14071216429762878,0.20565974616858088
2009-08-21,JP,-2.1087733943185047,0.6747460087603147,-0.6987430644177469,0.21470897312557766,0.15366470628655074
2009-08-28,JP,-0.642227594460185,-0.3124927470938152,0.2973922982929042,0.2812610371861956,0.14153540581619073
2009-09-04,JP,-0.9194734473715858,-0.2782148506140321,0.2863069590647092,-0.1304166194190359,0.05060620415357278
2009-09-11,JP,-1.164622338822613,1.237324223263616,-0.05710966935647586,0.5273790260993518,0.10252288097689513
2009-09-18,JP,1.2745931725349402,-0.8276480496221331,0.38338797170481137,-0.18707199030627003,-0.3396829241243788
2009-09-25,JP,-1.3868252983860925,0.1536368611262975,-0.034858381100211625,0.2527635940886072,0.1083417595513044
2009-10-02,JP,-0.6963886759062246,-0.1137178382385432,-1.3622589782011982,0.004930538950875045,0.1025213026983948
2009-10-09,JP,0.9213437140683244,-1.2385480542537668,0.4133974470234852,-0.33685550822459537,0.1711026539475197
2009-10-16,JP,1.7230548584270784,1.52809172592037,0.36763320021446316,0.06414571647688107,0.07847209609137529
2009-10-23,JP,1.4420516500640699,-0.8954202441740325,0.013868125248978349,0.03981345787699562,-0.14132447040863125
2009-10-30,JP,0.5417195442423642,0.47607154348614394,1.1840046800665063,-0.0937775604395819,-0.019678721852497007
2009-11-06,JP,1.0343547981443104,-0.7132859979350099,0.5153593238602375,0.0918197949072299,0.11428155093050883
2009-11-13,JP,-2.917677079538228,0.7092877865637298,-1.3483609985756786,0.24540849369938775,0.0878555724123956
2009-11-20,JP,-1.5437590674914095,-0.6244694387839307,-0.09069750939211925,0.08907564976280813,-0.19331585261371986
2009-11-27,JP,-1.9873765724556327,0.3545257610646072,-0.30439152748563214,0.11933316505117722,0.1772345406224558
2009-12-04,JP,-0.6274393673809323,2.2844980483947714,0.6688931149264286,0.1516382118553771,0.19768058227634183
2009-12-11,JP,0.25921423761783174,0.6545564534768767,-0.42031177004180426,0.013875754863843142,-0.36147058610337024
2009-12-18,JP,-1.3009369423222883,0.6937741781581446,-0.7717858611794107,0.21058856263352935,0.3178292139564804
2009-12-25,JP,1.0861287170103175,0.41882846643616695,0.6128551842925668,0.07644433704716427,-0.2369341632312304
2010-01-01,JP,-0.1448750501600491,0.38481405155158616,0.6528987226772245,-0.016051925924240717,0.02847196297299553
2010-01-08,JP,2.5536646515782353,-0.20620733699526042,0.40826935871805536,0.16798927343931297,-0.05705980786410995
2010-01-15,JP,-1.008575296552484,-0.40374418330725953,0.025373765352940014,-0.47539927696547607,0.11502734710540582
2010-01-22,JP,0.18773775965028197,0.10044037010397522,-0.2105732754483775,0.09071342492762176,-0.15271142052459713
2010-01-29,JP,-0.45965017148515885,0.1452555261247413,0.0999729477220553,0.2307779635873222,-0.02772845976881286
2010-02-05,JP,1.4658516498907785,0.14776758311097513,0.6937354387210233,-0.25251763252656323,-0.0673482026378882
2010-02-12,JP,-0.6393241961026953,0.04524877433577667,-0.4942241783206381,-0.2396595934518527,0.2355048950286209
2010-02-19,JP,0.3858114984778507,0.488901411686084,-0.11559798601618113,0.2016705353088958,-0.0009651520451230821
2010-02-26,JP,-1.1176486974928121,-0.5655461302789696,-0.21420089409791934,-0.1797150104816921,0.16679679052304366
2010-03-05,JP,-0.5084772580949036,0.8127389048347262,-0.15820356060918012,0.10715622868266658,-0.04040079292976278
2010-03-12,JP,0.5402855168357358,-0.2885844943030114,0.7584665323588302,0.11235883596448926,0.0438767551465839
2010-03-19,JP,0.578235998882814,0.060978445963553424,0.21587491896280064,0.2187393521463013,0.05046198020711162
2010-03-26,JP,0.07753986692591046,-1.0126858935857563,0.36008600633236515,-0.107511029978111,-0.1927529937772708
2010-04-02,JP,-0.6847071384774646,-0.3884941479086736,-0.23009573574990777,0.18181943904935743,0.26181322301297066
2010-04-09,JP,0.2306946293156902,-0.1976401816847618,0.8050426344223859,-0.08276035848046087,-0.2026576513195516
2010-04-16,JP,-0.6517084933285887,0.09126694851505177,-0.8689058205038734,0.2546237631438647,0.19015881003458204
2010-04-23,JP,-1.3172980282205384,-0.23758758102089175,-0.14052758146139605,0.21097295557912146,0.031732312752252474
2010-04-30,JP,-1.2828466492942712,-0.6459745760780303,-0.10333268972571359,0.04105783532795625,0.12003680571617091
2010-05-07,JP,0.005504836938898222,0.15457331115947287,-0.1062549674599001,-0.016626579975318898,0.028792976573506754
2010-05-14,JP,0.8280048147067839,0.640713975670153,0.0012504476456637026,0.0832306306361685,0.07303180653686722
2010-05-21,JP,-2.5109613421567163,-0.9262275877748024,-0.26941311359236186,0.13670990843361547,-0.056285560310184495
2010-05-28,JP,0.33429511990715893,-0.46009239039029426,0.38445054709691695,-0.09126628198158791,0.15386847888573082
2010-06-04,JP,-0.7980232603401849,0.9753383178819945,-0.3015383570374662,0.43666366653379857,-0.07732678245126451
2010-06-11,JP,-0.8784928264759309,-0.7892230738609152,-0.2643199043498855,-0.4072667904884854,0.07616137328607503
2010-06-18,JP,-0.7515732266089254,-0.045394130538281834,-0.6000988061834513,0.11104811931798038,-0.1421990705087302
2010-06-25,JP,-2.445350962891293,-1.5158316578185187,0.10719173451819032,-0.2685655441728919,0.09077477111092654
2010-07-02,JP,-3.043626513707419,-1.286428140779728,0.19585258519384202,0.4007375578279168,-0.22428803623550891
2010-07-09,JP,3.141184239672092,1.8838976335790054,-0.02281568997391199,-0.36113259173881945,0.05591549009638766
2010-07-16,JP,-2.7113510317272826,-1.5819287583605295,-0.24949034803214037,-0.21379990406553576,0.05389041663408082
2010-07-23,JP,-0.4800950886574374,-0.5313143658341439,-0.08704825963783326,-0.2132986076795114,0.07493444331044742
2010-07-30,JP,-0.7374482238910288,-0.8245384772990288,0.40345985091761755,0.0970072918467566,-0.16301730153682245
2010-08-06,JP,-0.8849018707625836,-0.5711524871524326,0.3069111037362385,-0.05083531772840533,0.0004620950408818029
2010-08-13,JP,-3.2108126341713814,-0.926425573938992,-0.38604342497107974,0.3062678365280575,0.0187151102923252
2010-08-20,JP,-2.0263389159431555,-0.26098781681760513,-0.1527334682394662,-0.2149285076255703,0.020206667828406275
2010-08-27,JP,3.3316986896355543,1.6199558316551321,-0.02897586326953688,0.38724401167743394,-0.1306533582580372
2010-09-03,JP,4.333640043083662,2.8613725003211896,0.09317902899961174,0.15488800972481573,-0.21143266225460275
2010-09-10,JP,1.60300739787934,0.09149510570813807,-0.17306534145267455,-0.5010402655542749,0.1460088880140014
2010-09-17,JP,-2.7319805085306896,0.3705709935627068,-0.7734247452766175,0.34540386064670403,0.2781064581464858
2010-09-24,JP,-2.7272714125260262,-1.9157408545867725,-0.3448856321334363,-0.33449203049532716,-0.04956019271230273
2010-10-01,JP,-1.2171722149396929,0.02321114033527365,-0.496262872881704,0.13538719277784128,-0.07588896488519081
2010-10-08,JP,-1.0580969809788867,1.1335680473700298,-1.7787117791655043,-0.8681386857058262,-0.005726172846351948
2010-10-15,JP,1.2923476446251276,0.4217624078123684,-0.1529604878418535,-0.445737951869232,0.014686288117096685
2010-10-22,JP,0.48253044603992584,-0.6058589545213455,0.1710802288907159,-0.2710936644800994,-0.0016710116574730875
2010-10-29,JP,1.3542582849293907,0.6409004347901627,0.41900046475425123,0.30420151644794907,0.32545746493999483
2010-11-05,JP,0.22892152035670701,0.12094976267546041,0.07699544224941739,-0.19106809381512227,-0.05328364823992202
2010-11-12,JP,2.298276869735804,0.22393190827126494,0.6393715382205374,0.20770603939990168,0.1795045450015934
2010-11-19,JP,1.6324881338782034,-0.020995706525101555,0.7513105472400123,0.03943257815685008,-0.41239997897931724
2010-11-26,JP,3.1128904605786953,-1.2284674126543433,1.5187047050942477,0.1992384280062164,-0.1025140873335922
2010-12-03,JP,0.8740985517217339,1.5986442196451938,-0.35165609064407993,0.543595913279391,0.48679924257866936
2010-12-10,JP,1.905489360653952,-0.44420192255322255,-0.8733440195277901,-0.9620118168084675,0.1033307566146146
2010-12-17,JP,-2.169136786559485,-0.6138339232988254,0.786787990528546,0.6965060208162817,-0.2183185272138117
2010-12-24,JP,-1.2060897723148005,-1.4714430313560278,-0.3337853684900531,-0.44695655994066497,-0.37447188272521775
2010-12-31,JP,-2.7152929943907007,0.8654829855968703,0.5814476204113116,0.7286052914552551,0.17966989884216025
2011-01-07,JP,3.112683917959784,0.748051682349376,0.6602489064554424,-0.4996717109704781,-0.0659256693212882
2011-01-14,JP,1.4291701698500914,0.6934398693840333,-0.5873992837881423,-0.2990770151589065,0.3374124213393617
2011-01-21,JP,-0.20659885793736787,-0.404681265018387,0.3470138516427434,0.12746940461010886,-0.43087289523453465
2011-01-28,JP,-0.13236761035825317,-0.38767991340387714,0.028725553478923586,0.3020268581969295,-0.10545003218103365
2011-02-04,JP,2.236587443843792,-0.3973140259837456,0.8306699733875438,-0.5096093664804645,-0.33119208883010204
2011-02-11,JP,1.4217335498150856,-0.7043378307369701,-0.07752342780393666,-0.053691837372548734,0.43379597859170593
2011-02-18,JP,-0.06725926418624885,0.6390150165776478,0.05455544737089201,-0.00934395137716232,0.06471461728788105
2011-02-25,JP,-1.7845269478983443,-0.7684292641743593,-0.821729950286636,0.03384402248999965,-0.15786939113528586
2011-03-04,JP,1.245705981647882,1.0289406602010525,0.2695878433992143,0.15251920380502415,-0.019114845536101932
2011-03-11,JP,-1.5232968053366571,0.18528018699780055,-0.32553767862037386,-0.11536747329169894,0.11238869294878939
2011-03-18,JP,-0.8824465515883144,0.9835325574164238,-0.9626595742660965,0.48434712185892126,0.07559385883107488
2011-03-25,JP,-0.42379166210882363,0.08114791860511546,0.4500336306157776,0.28704138698967124,-0.03026004422071867
2011-04-01,JP,1.641889839580591,-0.02189100895225393,0.8342683243542396,-0.02061768035944516,-0.08033370529703852
2011-04-08,JP,1.888881166535291,0.8801620980337018,0.4014521800516618,-0.5409820984641037,-0.2593952658107139
2011-04-15,JP,-1.200698711191466,-0.628160414806549,-0.3730457681012924,0.10139502364579121,0.05073589212822929
2011-04-22,JP,-2.63634997777184,-1.0527290644000997,-0.337193271021665,0.04836397617433288,0.33067635027288705
2011-04-29,JP,-0.23220990007296474,0.7335468730636386,-0.10982399522013728,0.048214824680715286,0.061511980986528846
2011-05-06,JP,-2.3314922066838246,-0.3105892846888833,-0.4851426415924467,0.13030713592758983,0.08693041015298657
2011-05-13,JP,-1.3724705878066905,-1.1956794256176266,0.13445034893292104,-0.2729384938021409,-0.16865123825237296
2011-05-20,JP,0.636280499467909,0.40151334364319047,0.024146448872762266,-0.06445272704507894,0.06659670471460573
2011-05-27,JP,-0.9759365056363358,-0.5205115764706558,0.09871035379771928,0.24836505363979616,-0.1539348007841272
2011-06-03,JP,-0.34283609081882155,0.8304753593442394,0.25933037867391956,-0.28302168901522934,-0.0452377491085437
2011-06-10,JP,0.6766326676429103,0.4022814534489737,-0.655806166039798,0.17790892758831656,-0.1647040006745098
2011-06-17,JP,-0.42992560746182096,-0.2643177812065135,-0.030276738233901687,-0.11419321068242985,0.0033343783780931725
2011-06-24,JP,-1.161592105950542,-0.24047343676466124,0.461963516885983,0.09600777188319606,0.019059354034072037
2011-07-01,JP,1.0077918921881313,-0.2906668310659613,0.4568211159325842,-0.12660229809929596,-0.14888503160266142
2011-07-08,JP,1.546550290282668,1.0303707679388976,0.10077054476092165,-0.15395241262397652,-0.22657420360686675
2011-07-15,JP,-3.0345250925357123,-0.3600061456395315,-0.754868283232487,0.34620185610971627,0.3310437507700268
2011-07-22,JP,0.2706804426493204,-0.5722668798266294,0.13754838853017334,-0.05249414673621592,-0.18120044437478228
2011-07-29,JP,-0.546403707093301,0.2613605009009832,-0.18954340896663327,0.04057771597974337,0.047725777315490756
2011-08-05,JP,-3.0991899273131156,-0.9743638627333726,-0.18862469676289909,-0.3957708770192388,0.02619531507190402
2011-08-12,JP,2.135519150035419,1.3489989422819741,-0.12242661573103926,0.3998930632326056,0.19463842591475794
2011-08-19,JP,-2.062983998295311,-0.5040683453709729,-0.5003682786094833,-0.02344105605726969,-0.09341137944336451
2011-08-26,JP,1.6885101275325225,0.7450796312035429,0.7459952345443172,0.006406494723151943,-0.008675617819913372
2011-09-02,JP,0.1593504708200935,-0.19740988994481518,-0.33872527635134847,-0.3803579908766611,-0.3272621934533925
2011-09-09,JP,-2.092230098724002,-1.0707575368068378,-0.2038626281956006,-0.33044130156703155,0.13546093595484804
2011-09-16,JP,-0.5819567359337032,-0.616173092435008,0.5194096798243304,0.08908748185320467,-0.06255881135293948
2011-09-23,JP,-1.610380159056408,-0.9674036979470026,0.4267183311518582,-0.2011259930739644,-0.12175475050921093
2011-09-30,JP,1.803317393930765,0.421630466920357,0.15673711505941731,0.07413965539872672,-0.24286446950682522
2011-10-07,JP,-1.1573427199156898,-0.06460351825963126,-0.7012774662787774,-0.12125439349310745,0.03889092580225549
2011-10-14,JP,1.142660768268678,0.24549029964953506,0.5372138534108659,-0.19716364211101806,-0.08294994668969524
2011-10-21,JP,0.606360015075117,0.5315435455293859,-0.6917455421527952,0.03346650182569062,0.16242506443938412
2011-10-28,JP,0.5352061445818125,0.09602642892871624,0.6334627049957304,0.25602212602930946,-0.0844380685929124
2011-11-04,JP,-1.751701942213256,-0.32166350845518255,-0.43009086115464434,-0.1240656632919557,0.009193815389348277
2011-11-11,JP,-0.8538350836172985,-0.15937054935090594,0.10990782159303429,-0.2919248935857622,0.12421524114446539
2011-11-18,JP,-0.5484894704223645,0.6616109181322755,-0.49397736604897885,0.2845636055901617,-0.17366823405940388
2011-11-25,JP,2.423422915085466,-0.2598884640073355,0.9082658025314635,0.28772810324174947,0.1560880838007827
2011-12-02,JP,0.379286166329506,0.4673956768105338,0.4081674725794165,0.006084866017162458,-0.04290510118869718
2011-12-09,JP,-1.4175241742113056,-0.5592950368680151,-0.4993414799019126,-0.3180031021463914,0.2407289857682294
2011-12-16,JP,-0.6706422831796295,0.12280664456505389,-0.5146619900438832,-0.025102109914094773,-0.049110973823926
2011-12-23,JP,-0.12876416927451473,-0.07061521430537113,0.011942021455592373,-0.04814365820656842,-0.044441957060066116
2011-12-30,JP,-0.13653841321373145,-0.1622191542951321,0.17404886493327046,0.16720791770501572,0.1759360334007661
2012-01-06,JP,0.09287027514985831,0.35741218737619823,-0.020347353274923635,-0.012047889288162986,-0.0730981037899198
2012-01-13,JP,-0.5735403324083602,-0.17973248400104128,-0.526775590793776,-0.4463755574159924,-0.12554817138512614
2012-01-20,JP,0.6669068721912145,0.3012824490140666,0.5445960262335705,0.3060340658130696,0.11119204951638961
2012-01-27,JP,-0.5577933808161337,-0.23694687264565198,-0.11187740301406265,0.02262344976924645,-0.008001973251235217
2012-02-03,JP,-0.6018620279269647,-0.3446271053641609,-0.0657502844124,-0.029283414647463347,0.1416556304653216
2012-02-10,JP,1.027039818700951,0.486189061805606,0.36366636618404935,-0.15558820645356228,-0.1702090527344397
2012-02-17,JP,-1.440800223102506,0.4632296143001711,-0.057357087084253425,0.3086260826449609,0.09691985510971014
2012-02-24,JP,0.931619901641314,0.4609567126360547,0.24554200921881722,-0.01079230535360763,0.011455016536822328
2012-03-02,JP,-0.07483780381890419,-0.03377809417999188,-0.25103380704911815,0.08323528311917698,-0.0040018236187208565
2012-03-09,JP,-0.10497583689132987,0.2749387520686662,-0.23823137968467256,0.3542437979333424,0.0934450528855349
2012-03-16,JP,1.776663648771807,-0.1735828730790057,1.2263416716994282,-0.5069816217321912,0.004799186414476085
2012-03-23,JP,-1.0042027277232912,-0.2791857073827953,-0.24408322737485075,0.20412751641978402,-0.11986479773006398
2012-03-30,JP,-0.9859814672611067,-0.2543092809674054,-0.5837886771911105,-0.045731731876538805,0.0217983680814398
2012-04-06,JP,0.2996714171441694,0.5296515189223324,-0.12687461698878752,0.06211869367996528,-0.016205322126805692
2012-04-13,JP,-1.535892027594815,-0.7152313616740292,-0.3493908794411056,-0.019913670254881437,0.17951131278379925
2012-04-20,JP,-0.22001430518366716,0.4204006149486499,0.025368230571246587,-0.06473708409790087,-0.016712417516550674
2012-04-27,JP,-1.280064862658377,-0.353584420445145,-0.6497944457346804,-0.006772157348778091,-0.07848994312777852
2012-05-04,JP,-0.28925396835395095,-0.3710466077180185,0.23859187699145,-0.09008194369549512,-0.07325508205415854
2012-05-11,JP,-1.1342629329044591,-0.32693353973605577,-0.4442237459456328,-0.05870589663611585,0.19647669194429065
2012-05-18,JP,-1.793149607591564,-1.0075870573366104,0.5031751942765076,0.13977062697736042,0.0490295498661751
2012-05-25,JP,2.2538057340199833,1.57827831569924,0.06928577498325193,0.21681582095262816,-0.04877717555862196
2012-06-01,JP,-2.205328757562017,-0.8383390247018758,-0.5855606021531824,-0.0881527618938671,0.09241089093725888
2012-06-08,JP,0.8622274657033557,0.818729085466228,-0.19138912451179604,0.02202988327254988,-0.06492090121893931
2012-06-15,JP,0.40898765740833426,0.3529213472807529,-0.1825985414607823,-0.2412277501171713,-0.2645579076096527
2012-06-22,JP,-0.502820839859971,0.08534159713795246,-0.3893108119777836,-0.056912971220496315,-0.005139155161679868
2012-06-29,JP,0.20764783052507976,0.12849419058574305,0.11247955902822819,0.0839010579607476,-0.11454575725838738
2012-07-06,JP,-1.0413461706390572,-0.17299957576857336,-0.4830954331814405,-0.06447702378370943,-0.16482473488613322
2012-07-13,JP,-1.493428561776893,-0.94024254506067,0.03225971106690269,0.007246454563403796,0.34896705089632024
2012-07-20,JP,-0.9786592519473852,-0.757057641127527,0.04659970717816791,-0.21085948114208872,0.06069428838841154
2012-07-27,JP,0.19690436185205634,0.26806082394251046,-0.14589694972734446,-0.09834006361135496,-0.2834814381472541
2012-08-03,JP,-0.3156498279071186,0.3965853491146926,-0.09908849590947118,-0.0206018949089325,-0.07122589191643151
2012-08-10,JP,1.8613854053936474,0.6703380749772884,0.7554591153208507,0.18200297514883237,-0.13768177369352994
2012-08-17,JP,1.3629341685213145,-0.187332217478155,0.4538376641615285,-0.24079954428971131,0.12481384347993606
2012-08-24,JP,-0.11561039898492628,0.7509180618988752,-0.6778224475182233,0.14375813273990365,0.09499518812291285
2012-08-31,JP,-0.21319037921751938,0.013529007736771122,-0.04238113600500024,-0.18942627101714354,-0.08980349618219349
2012-09-07,JP,-0.21734353620834762,-0.08128260154132236,0.013521088600250414,-0.06202959057115495,0.15096415016247566
2012-09-14,JP,-0.3555071864180552,0.16994074456090325,-0.45011196908945034,0.19651747441982725,0.1555532641910159
2012-09-21,JP,0.2647014009465002,0.2635176951532971,-0.029707114052630393,0.012192914306829908,-0.07421248349080835
2012-09-28,JP,-0.862079861491942,-0.3671786472743499,-0.21235245483924428,-0.12411972035931529,0.08621876105444423
2012-10-05,JP,0.4252240124021036,0.4421855113427161,-0.11306529771020617,-0.0020563556755973495,-0.03736056824484543
2012-10-12,JP,-0.25554615044436446,-0.07502333943073461,-0.13789267090543442,-0.16537252345930273,-0.08191738412795695
2012-10-19,JP,0.5454479798741532,0.21983414726520067,0.26973650538844884,0.13454096104760577,0.12933843999133005
2012-10-26,JP,-0.4814639976430259,0.13583428236099213,-0.28095487078757364,-0.007289001979531732,0.04382212837005912
2012-11-02,JP,0.46223163719669935,0.04575577592276525,0.296997752769621,-0.10692320280182378,-0.052314265198146616
2012-11-09,JP,-1.0413047019829997,-0.33705626365627944,-0.43550171157649414,-0.3414802899988404,0.11389067189802503
2012-11-16,JP,0.3366701443796116,0.6750065330250496,-0.4873568990791754,0.22799401652562232,0.06775399922049066
2012-11-23,JP,0.23743673409846805,-0.04016058268507648,0.25155028161633064,0.007396703246094833,0.010147258067042487
2012-11-30,JP,-0.7663677950188293,0.01865511656719463,-0.35542517945200675,-0.11172916099060501,0.03826271202435386
2012-12-07,JP,-1.1109488582208684,-0.4465447339246355,-0.15881133069235515,0.001863048302748104,0.305106678528486
2012-12-14,JP,1.295217444938263,0.7539924314842279,-0.017623516976452026,0.1178325664076822,0.04505422389841921
2012-12-21,JP,0.1822235633036435,-0.1110395249083334,0.5538410196047077,0.43795719709168685,-0.02063344561997565
2012-12-28,JP,1.2102420752531162,0.6418247955589363,0.3504283593505451,0.06773746369485596,0.12556071973320082
2013-01-04,JP,0.9531823746352815,0.2247564102591545,0.5970023235405018,0.15438789319197888,-0.05623560154769217
2013-01-11,JP,-0.6481143131060253,0.8784099849694676,-0.2256752688143847,0.06453169954238613,-0.023988960404223776
2013-01-18,JP,-1.285107105796035,0.010201184389001213,-0.7497616359242731,-0.4065815992430041,0.11708834396300812
2013-01-25,JP,-0.3319537554849622,-0.016063732548982124,-0.47977718047778034,-0.1732269433685914,0.26840485700517747
2013-02-01,JP,0.3764576826096156,0.13562015720182227,1.1121658568807802,0.4275186516689079,-0.10055731490903087
2013-02-08,JP,-0.7478881411944773,0.877365209950683,0.4214699296753992,-0.446227412515283,0.01724047270541023
2013-02-15,JP,-0.5599032594502219,-1.1094138395418807,0.059781043691503805,0.00748594244068501,0.09553106344281738
2013-02-22,JP,-0.5666760955603172,-0.07142688367284053,-0.19542272327171134,0.07139547683050268,0.21490070782329773
2013-03-01,JP,-3.2928573552559284,-2.3655444349468624,0.07762928456613963,-0.34095398365696444,-0.26747382637640515
2013-03-08,JP,-0.6766001997696807,0.09658016969533882,-0.24597326160361704,-0.0839023719672621,0.8934983004180543
2013-03-15,JP,-0.366042711182394,-0.2195991137824722,-0.5799945185284076,-0.5355890043354437,-0.22892257678983677
2013-03-22,JP,-2.7033282757245765,-2.2307319754444066,0.26513528614497023,-0.43281889050237904,-0.024704710918534194
2013-03-29,JP,-1.4108860230829214,-2.207460093098828,0.7359177005088562,0.12578161578004549,-0.3221065741195812
2013-04-05,JP,-4.056660429744751,-6.059425812335504,1.7565242494740152,-0.4639151851856168,-0.31687383696139587
2013-04-12,JP,7.909713644582991,4.315657678924455,-1.9786887640698398,-0.23290405221793986,0.7941526566802454
2013-04-19,JP,-1.2717443974995333,0.08733470928402674,-0.5978416621085717,0.03813013765246489,-0.2985900307167713
2013-04-26,JP,1.1270439892459776,0.7034299510772348,-0.13104708504899723,-0.43156174474810016,0.013884698387203458
2013-05-03,JP,-1.3389040403145074,0.1451507633496871,-0.17332627718840643,0.057924464219986746,0.0012316300881126591
2013-05-10,JP,4.304938360908228,1.3610130470853168,1.4607769250111107,0.16724326751049653,-0.41044963125785866
2013-05-17,JP,3.835829885225269,0.2509538605527241,1.13330135127152,-0.2713483741131146,0.05323300401314516
2013-05-24,JP,0.7996590463564511,0.674208893041149,0.3473169351279218,0.2618773096067851,-0.43875173480373747
2013-05-31,JP,-0.710690098995966,-1.4281494759272177,0.6840687808118279,0.7508175711563727,0.08702681720745334
2013-06-07,JP,-0.8515436092527728,1.5092508819276813,-0.5360916956345664,0.6008809081869861,-0.30063003892566087
2013-06-14,JP,0.4083005228567025,0.016711407469410546,-0.7104535189461524,-0.7063022059156173,0.6209060124381174
2013-06-21,JP,2.34917266662408,1.140444598334913,0.29781757874827325,0.15332548212297484,0.1414631654421141
2013-06-28,JP,-1.7452470703296379,-0.5693862423858009,-0.2740808203826214,0.6425786973005669,-0.1645315944005878
2013-07-05,JP,0.6570750712899502,0.5412497485485618,0.05841796706845884,-0.174397383277073,0.15009749011238518
2013-07-12,JP,-1.0128726988676762,0.17402299646215075,-0.4187498317130374,-0.16890612963421103,0.09814091995644464
2013-07-19,JP,-0.3182415431930512,-0.07169301389265541,-0.30346361872323746,0.09910444988348216,0.1841159684719107
2013-07-26,JP,-0.3395025196679941,-0.11283380205551763,-0.08859890218992329,-0.15104872145766501,0.02168503919265399
2013-08-02,JP,0.23774951151614337,0.0005239415522793368,0.6408581304308117,-0.2200707699054513,0.023565650935364016
2013-08-09,JP,-1.5265664694819883,-0.11693437152764316,-0.45618002239201555,-0.34693087526712674,0.0953990049927555
2013-08-16,JP,0.27689831444269797,0.2779404519671347,-0.03558894160390425,0.10516119887835426,-0.07028405323877472
2013-08-23,JP,0.45855226316896774,-0.07737152593575276,0.16199513095481413,-0.33332910048743214,0.09974228619146386
2013-08-30,JP,-1.8466906053179193,-0.6709530018759398,-0.42437496107604067,0.43539885471530243,-0.02224717085486168
2013-09-06,JP,2.0180603354243876,0.8607013483996243,0.3251913022866523,-0.09232444787123473,-0.046223025285946
2013-09-13,JP,-1.91725795447752,-0.532259835189451,-0.7795578508449448,-0.024808611258861083,0.12378131528284725
2013-09-20,JP,-1.760334520162417,-0.6329413901817781,0.4273345736604373,-0.3367438583014991,-0.17952901555128464
2013-09-27,JP,-0.8490258095451015,-0.3383059665440727,0.04044226351983866,0.3157842935767332,0.05974556236662761
2013-10-04,JP,-1.707434521865403,-1.0401708113868484,0.15192810205381127,-0.01601463635472542,-0.09579244680152131
2013-10-11,JP,0.20754586530449784,0.253338498379533,0.09411985163424999,-0.29681836451782034,0.0036860708935879446
2013-10-18,JP,-0.9989533947520073,-0.4671770329710453,-0.5608699885538132,0.12353703119422874,0.05730640308346491
2013-10-25,JP,-0.009423017006797381,0.14455914908021453,-0.20063793131019375,0.01409822443519888,-0.10465719653221701
2013-11-01,JP,-0.17952379450885858,0.5855494675978609,-0.38600675291686154,-0.044080104623519877,0.22032509456325056
2013-11-08,JP,-0.8063516037358187,-0.6189801979844265,0.3346161908372188,-0.25699766472033436,-0.19043824196301543
2013-11-15,JP,1.3808574203547357,0.5869280968600651,0.32718511117566873,0.31654412843862545,-0.049315799979496054
2013-11-22,JP,-0.13599705328602624,0.20529328053863158,-0.14985017686829252,0.14065439868103138,-0.06498157383937894
2013-11-29,JP,-1.0563158831765294,0.003573281397753986,-0.02279521897019941,-0.12709567869297414,0.04777366418038989
2013-12-06,JP,1.5781338710957757,0.39354602327178184,0.6135822012000822,0.17106504513640577,-0.20512054976277524
2013-12-13,JP,0.7645938736264752,0.4098957807571556,-0.21509302452927495,0.2580849049270392,0.03949395764692534
2013-12-20,JP,-0.7155768348840936,-0.9051475712768668,0.2607118359633102,0.08401664923731414,0.06778666175819074
2013-12-27,JP,0.839122425440575,0.4105222689786515,0.3495214703129924,0.0794140277111661,-0.0871831864353255
2014-01-03,JP,0.7782711905032306,0.16369212632662408,0.38501308046474053,-0.011786881690701339,-0.06375194891311313
2014-01-10,JP,-1.5655626324654919,-0.33552115757366424,-0.27344839963379763,-0.08718238894708467,-0.08006890463273353
2014-01-17,JP,-0.20459660650455086,0.2583594794418032,-0.41195773102592176,-0.21643053576739188,0.18465158970664886
2014-01-24,JP,-1.8855690915909578,-1.289700067892078,-0.02108401253145252,-0.1424609294409325,-0.18341423706981055
2014-01-31,JP,-0.08275851516270846,0.3395000415146256,-0.11768265542632914,-0.19919774593894263,-0.008219212799239229
2014-02-07,JP,-0.3516194857707452,-0.006363083937985988,0.23297211121446199,-0.1850943973986523,0.11830668849470818
2014-02-14,JP,-0.7821554236470323,-0.06669825100223416,-0.3542080950410253,-0.04613007596315358,0.06359972020096423
2014-02-21,JP,0.7250798440280416,0.4852982332052281,-0.179008640366446,0.10967511014062568,-0.0707953473057265
2014-02-28,JP,-0.6371938265155147,-0.05892493959108772,-0.012871547161912057,-0.18715466156116928,-0.2736359636551342
2014-03-07,JP,0.6447274720530988,0.3459875218911054,0.23675793753140467,0.08778974179402468,-0.08209253537288236
2014-03-14,JP,0.5501080470899353,0.24549317780998584,-0.3167658353964503,-0.03895804771796244,0.001580437267621334
2014-03-21,JP,-1.041051625683534,-0.3726087178437454,-0.05883712990882645,-0.16072149639848163,-0.13118956809317828
2014-03-28,JP,1.0072393413972478,0.0489656384588796,0.09514863785545331,0.29570752823808577,-0.034594265819398104
2014-04-04,JP,-0.022739192877167046,-0.023497124304197998,0.4824759750616595,0.12427108839601667,0.06975812217826745
2014-04-11,JP,-0.5719544459198006,0.21423215356851083,-0.6555842531497127,-0.2994495831531742,0.059171823178203714
2014-04-18,JP,-0.23333432064097115,-0.4711673508737327,-0.10635040949748072,0.054836657409303935,-0.2109441447721145
2014-04-25,JP,0.6007629526401596,0.27512015809342494,0.36377762681521203,0.13282159722351916,-0.004329220614547481
2014-05-02,JP,-0.3254441988099441,0.16227522804191682,-0.22778962816202708,-0.13377076069888139,-0.1574132083690604
2014-05-09,JP,-0.1724194863774947,0.027202251005677722,0.07970231334734822,-0.104578199681508,0.02068285363251118
2014-05-16,JP,-0.3881095428424553,-0.2118355121378617,-0.26456375763578416,-0.08229288972905617,0.18777253241004876
2014-05-23,JP,-0.0681890137658055,-0.10574999672743017,0.14016417513554114,0.038428492822223756,-0.26813552794183426
2014-05-30,JP,-0.3688280845391125,-0.08455952067611942,-0.2091426463215285,0.09837328495764575,0.04479615116233073
2014-06-06,JP,0.15483244566011747,0.2948829644345531,-0.02981200312291846,-0.007679504697447755,-0.05047687821832971
2014-06-13,JP,-0.06977740764965126,-0.12625622008585363,0.3774225229101847,-0.0684326008644398,0.1840274666450977
2014-06-20,JP,-0.2841803870713486,0.2680541434772231,-0.6617575561615452,-0.06298738952677152,-0.2710662500414266
2014-06-27,JP,-1.0950857181529092,-0.31364826256678024,0.14846511902978726,-0.13642603726656632,-0.215985767278483
2014-07-04,JP,0.26851973026983444,0.3456166077673987,0.05287776702824403,-0.00264483400185741,0.023369169425067223
2014-07-11,JP,-0.7381041118956903,0.369737831360988,-0.3497514322322273,-0.3063464322904975,-0.2663790919556267
2014-07-18,JP,-0.2866611673718132,-0.6456613967617226,0.3811971656000103,0.1584513952575643,0.3184205273568144
2014-07-25,JP,-0.27119927955829315,-0.19770211812325858,-0.16665237782502978,0.06777775554773195,-0.07881957059708697
2014-08-01,JP,0.2680118487463567,0.3858928177940217,0.011099518871205371,-0.005463166582832101,-0.1110971390496511
2014-08-08,JP,-0.6246284247247215,-0.24702169173822566,-0.25449152808944353,-0.3388383554912789,-0.22121175597181797
2014-08-15,JP,-0.08233047441412238,-0.1440768355421232,-0.06531403177950847,0.03007658735909736,0.1147058789170115
2014-08-22,JP,0.11273622372575558,-0.5503675233191674,0.05061834371984282,0.006855080813881338,-0.031595020436249524
2014-08-29,JP,-0.7774156173049372,-0.32347962869518126,0.1842452530079547,-0.2392156720339517,-0.06828128849718582
2014-09-05,JP,0.7926245426664159,0.43324342362406715,0.05244232538732049,0.14473647541670784,-0.19249578740771117
2014-09-12,JP,1.1073731739540191,0.4774905206902074,0.4384970056427685,0.1454570695850602,0.25696762847076005
2014-09-19,JP,-0.35067522848290306,0.1551528057464748,-0.1328192948248968,-0.14958658401785357,-0.07187736556154546
2014-09-26,JP,-1.7487614935883873,-0.9546580090068006,0.07968748286519163,-0.22783497024561136,0.0503601680746041
2014-10-03,JP,-0.05207510474105842,0.546010223219593,-0.12003237231781388,0.2797485061422228,-0.06957289687029818
2014-10-10,JP,-0.47958990934717266,0.1300693844196471,-0.004417693412423491,-0.4012133760755007,-0.1073875852816819
2014-10-17,JP,-1.4646430751838349,0.4936604891323934,0.30801681519822655,-0.40927823167778116,-0.05116366505886577
2014-10-24,JP,-0.2487498524622494,-0.07502582883979718,-0.05064122081138321,0.3365448115359581,0.04865096319975876
2014-10-31,JP,-0.406662287920952,-1.011170982246167,0.06546526779761494,-0.16936425707705133,-0.06506037066161462
2014-11-07,JP,-0.38115147628352536,-0.6552957328271212,0.624119864541188,0.26370080525094414,0.13299497123961168
2014-11-14,JP,-0.630819551070054,-0.7094978172878603,0.8844964311102749,-0.061359795378158846,0.8808188254773887
2014-11-21,JP,-0.8713440603504097,0.18638533081403497,0.012981244121258298,0.12365053020343274,0.03512675221152564
2014-11-28,JP,-1.3677238871213822,-0.6227570902960736,-0.3867531239374501,-0.19970489083309675,-0.18021969851394126
2014-12-05,JP,-0.4562948253411955,0.8888036714560049,-0.3061008060518159,0.11974586725052429,-0.24043401243761317
2014-12-12,JP,-0.8030033030248225,-0.9728035081154219,-0.03840598608016093,-0.13849143396719324,0.3815006389419411
2014-12-19,JP,-2.814670659192655,0.0062698160467430765,0.5048797306681674,-0.026269722843696684,-0.20510288346671007
2014-12-26,JP,-0.9151595095315103,-1.1004895305300078,-0.027182980356515753,-0.3021051432267711,0.04939446883881498
2015-01-02,JP,-0.6084012079799289,-0.2370726164744972,0.08422836211316083,0.29945428582019723,0.1332113005878566
2015-01-09,JP,-2.3134451180424733,-1.499926655125289,-0.01065139430529572,-0.2036115280544397,-0.3397994687450531
2015-01-16,JP,-1.2694708497461082,-1.132032538988451,-0.112043501949674,-0.3970839260296845,0.2786493549004117
2015-01-23,JP,3.1027110727379883,3.240138424783865,-1.8875012404452243,-0.2339338068667457,-0.17817863746973953
2015-01-30,JP,0.7074842421939717,-1.2861629972446658,0.6043134162282512,0.3909109533624351,-0.08079837248947311
2015-02-06,JP,2.1778689337909705,-0.033830263602174705,0.18626753992951806,0.20062600354755739,0.07315860896517273
2015-02-13,JP,3.9301185598178647,1.970130278759937,0.23690740441051564,-0.1615579349715211,0.24560392139820725
2015-02-20,JP,-1.123974361299376,0.036842103467675184,-0.33803293214688723,0.03941133008471046,-0.14095834591355635
2015-02-27,JP,-1.948693769653312,0.12179487296502876,-0.24343123396894906,-0.013580860509201069,-0.3189184061251252
2015-03-06,JP,0.5519502618854615,0.17260227064675354,0.6193235104785864,-0.12088593260823335,-0.0032256173594190783
2015-03-13,JP,1.737146080868878,0.320029049204716,0.13924369741500897,-0.32248320801575464,0.15008877610627386
2015-03-20,JP,-4.294019356177744,-2.196133702293909,-0.06519712964451407,0.1887731383828619,0.3506776344167189
2015-03-27,JP,2.253218419648865,0.04470530496733487,0.010090909452828744,-0.03744966927453955,-0.3962274333351536
2015-04-03,JP,-0.9327245610329976,0.5373554478456048,0.02552059877968741,-0.058461548927263865,-0.10756333257884709
2015-04-10,JP,-0.3591025559755424,0.16131481222508953,0.005653144976693871,-0.2752724270084822,0.036314458341631425
2015-04-17,JP,-1.9473247622636891,-1.090137061932457,0.033434177242578786,0.14606437191545557,0.024382013801808152
2015-04-24,JP,-0.5331121770674138,0.8366413700404118,0.022269518573383697,-0.0898581806246825,-0.002701323537348495
2015-05-01,JP,2.6905674429163238,0.4172231753692402,0.49400320446734325,0.24338899019698562,-0.077902464955838
2015-05-08,JP,1.798267780697429,0.9375122421960103,0.24185929784197324,0.3079543904322015,-0.10282418577041279
2015-05-15,JP,-0.8019569270362553,0.165344053370889,0.09829769036484738,-0.3048380138442308,-0.08795553303126334
2015-05-22,JP,1.0798074925560475,0.5727615328543111,-0.020059325721967527,0.04732829519375592,0.17354658366522588
2015-05-29,JP,-0.6527877878764787,0.06902857961329702,-0.2714322090041583,0.07756264687030733,-0.19716385538055528
2015-06-05,JP,2.267283164075397,0.9635027031889445,0.5915582129144884,0.33591312593646383,0.12234971538270724
2015-06-12,JP,0.07045373462585001,-0.42720082638104545,0.5636781989740766,0.15526438143364338,0.029464799883525353
2015-06-19,JP,-2.298774878587962,-1.1328600080902775,-1.070557861384791,-0.418290939495795,-0.23196185962686863
2015-06-26,JP,1.1743477699603684,0.4681140525059098,0.9248050164295238,0.29247207329573477,0.1877429023743851
2015-07-03,JP,0.3816919057002294,-0.03772414385004001,-0.14158537638961186,0.3318310259620676,-0.014835650239190663
2015-07-10,JP,-1.3474639567282845,-0.20639733522727088,-0.5094383579202502,-0.30217429777081933,0.026852372609220913
2015-07-17,JP,-0.017025011305154665,0.01177144208552603,-0.12114585286686148,-0.24628693724499054,-0.024504545241182518
2015-07-24,JP,-0.93478962697792,-0.6666658056833379,0.1687377245075266,-0.006441473570844695,0.11785728423136128
2015-07-31,JP,-0.04978061226165453,0.11861764868907013,-0.07062273133097537,0.13161074887512123,-0.166690554948092
2015-08-07,JP,0.5329261496060405,0.47915881257045007,-0.03777060832016652,0.067204674957476,0.042119748633864765
2015-08-14,JP,-1.1943362511458753,-0.22428243565061257,-0.315460058044259,-0.176841970264859,0.06538094465788644
2015-08-21,JP,-0.9370310249846341,-0.6204198951891442,-0.18107792562176073,-0.034085660818653205,0.054009760981395996
2015-08-28,JP,0.8408286278435345,0.2980996291003218,0.25744425983134894,0.3010838128941373,-0.05315180719527798
2015-09-04,JP,-0.7621067801875201,-0.30934818110761425,-0.5031605004708425,-0.2360336766034031,0.021053451987371546
2015-09-11,JP,-0.4261504699301102,0.26301181962341386,-0.3424826562377041,0.0401002806449178,0.06342089444665894
2015-09-18,JP,-0.7612129519623586,-0.7585547526314976,0.06521689680458499,-0.04091794998646926,0.026987124747205667
2015-09-25,JP,-0.4703518934196478,-0.08851700230011812,0.08081833117426407,-0.0714857511722812,-0.005902577127888261
2015-10-02,JP,-0.3110492631576262,0.16773873995648886,0.05683366098949838,-0.04914828923603367,-0.14161201947479157
2015-10-09,JP,0.08905939011806649,-0.41695604292996685,0.26872343005641824,-0.13856743572579028,0.10685289386700894
2015-10-16,JP,-0.10802163779748318,-0.07367512774419001,-0.16071980478296932,0.10701362472576192,-0.060413310611393184
2015-10-23,JP,-0.4284433991247521,-0.003323768246873094,-0.18300119140920584,-0.03562321955815926,-0.004967887404705958
2015-10-30,JP,-0.27861570869448965,0.267910251867914,0.03369601307084346,0.040776179374452944,-0.0648210060050675
2015-11-06,JP,0.6251080687354716,0.4602174775512577,0.1715542268406257,0.09399008342236244,-0.11491954329395487
2015-11-13,JP,-0.22300193384355046,0.2981528037778094,-0.22551327646381195,-0.20270884472484324,-0.20884660889163584
2015-11-20,JP,-0.12126460573678023,0.5101607902275822,0.5742204543591843,-0.15072484043288736,-0.05481893085379944
2015-11-27,JP,-0.22965785752898868,-0.7214523951664774,-0.32497748779942975,0.12621690045652717,-0.024730934416251904
2015-12-04,JP,0.15650494042810406,0.646472297948745,0.3083359522719379,-0.2810592713250008,-0.1324520088136826
2015-12-11,JP,-0.8806859791256023,-0.5760849794524007,0.22645440913376408,-0.19238981622003215,0.08230488256490219
2015-12-18,JP,-2.19092663927159,-0.8711101673782622,0.36573170336993616,-0.46242071575902965,0.027340089276864158
2015-12-25,JP,0.3704132686114477,-0.2557276193604103,0.04786440981461962,0.2087397863316592,0.2792457389368826
2016-01-01,JP,-0.3275616931994976,-0.13104713936708293,-0.2931354551286236,0.12084696303883971,-0.15445011619782784
2016-01-08,JP,-1.7043346309798697,-1.0484373663554325,-0.12739735497622867,-0.02225779081825039,0.008750857989512768
2016-01-15,JP,0.29389945467006234,0.485046041396675,-0.41173496324877573,-0.1866016540131125,-0.057205323392951826
2016-01-22,JP,-0.33986658261380515,-0.8931482537030714,0.45348401059769067,0.39220838460002855,0.04875732889137337
2016-01-29,JP,-5.224600142351882,0.1821652184201579,-0.3092374166127087,-0.5792040471492329,0.37571773941458936
2016-02-05,JP,-3.9946870002066284,3.0330796045904593,0.6443638272012004,-0.16758086994057123,-0.4974058302785906
2016-02-12,JP,2.277216153588874,0.0840805576230964,-0.15684850041206153,0.09948295954615781,-0.4357046763536103
2016-02-19,JP,-3.5192082541597616,-0.7742602228850127,0.7865682293549371,-0.8260866681894836,0.3713057545136371
2016-02-26,JP,-4.540947548492195,-2.0867872354856782,0.573258570982564,-0.00953309336294829,-0.30409929429644167
2016-03-04,JP,-1.2376420320769772,-3.42896498635143,0.8892451881904728,0.16735211603005354,-0.3258481030129658
2016-03-11,JP,2.1532306587368395,-0.21473917904619214,-0.4880154970666976,0.23379860798368682,1.1286659654087299
2016-03-18,JP,-7.209396462892597,-3.431973040035871,2.2009482920579884,0.19326063247615347,0.8394299046911726
2016-03-25,JP,0.5324363740985218,1.1591892302726248,-0.4111422711548928,0.1881921816384006,0.12285592167210471
2016-04-01,JP,-0.19066637204316242,-1.634031943406633,1.2008622121575803,0.3490428437919465,0.623184731418049
2016-04-08,JP,-1.1617481927190274,0.4602014754811029,0.19984817224884055,-0.3101580120203232,-0.7208485491842458
2016-04-15,JP,-0.9807951116159404,-0.20229131596308533,0.06539077787615556,-0.48429701685459153,0.23396695016458133
2016-04-22,JP,-1.5684530486065393,0.1820073120454219,0.6196643407690616,0.4390115223642005,0.48200451092734564
2016-04-29,JP,1.6028742921760393,-1.4393973911098328,0.29877417920653526,-0.263543085987914,-0.1495907674634639
2016-05-06,JP,-1.9674349816132641,-0.8327281773928847,-0.07243897233742888,0.22431269990220912,-0.09781549309050304
2016-05-13,JP,1.0205901040214693,1.310410715798813,-0.383770341610131,-0.2169378846094714,-0.2776186407741405
2016-05-20,JP,0.1377815375822013,-0.7375744971947663,0.011934975033200446,0.17092820248137264,0.09424902112472865
2016-05-27,JP,-0.6973685494320355,-0.1775512656872298,0.036639138351917434,0.04174659347630448,-0.047785993296972265
2016-06-03,JP,0.14334240340607754,0.03970643971661377,0.08004841269585011,-0.043452327008741416,0.006226184867657814
2016-06-10,JP,-2.5235186598262196,-0.1348727644489174,0.21035957445985215,-0.200047639155591,0.024501835088492806
2016-06-17,JP,-0.1264973463982825,-1.1255294690723892,0.13136870638678438,-0.07616078863008106,0.12557362761650745
2016-06-24,JP,-2.884451091312616,-0.5196805969418516,0.6523234150816571,-0.004704279802456334,0.41429528054965226
2016-07-01,JP,-3.000625064571629,0.5981346547022723,-0.1421220881754642,0.07140232761162917,-0.42439054267457843
2016-07-08,JP,-1.0120971631208493,0.49750211604771855,0.07961489167484988,-0.4108052530836052,0.34507766886049546
2016-07-15,JP,3.2511947560534,0.8932622741398554,-0.10061942699447024,-0.2569138611803528,-0.04287679503432164
2016-07-22,JP,0.7685836619525152,1.3516841187519892,-0.6067034147920707,0.3035659897107519,-0.1320571318489527
2016-07-29,JP,2.5876521348016324,-2.322560580118997,-0.5192774886286184,0.21263978200935196,-0.2541323798351134
2016-08-05,JP,4.424592822533775,0.29615640466939436,-0.5889846381567049,0.1852163897315849,-0.24432582795580582
2016-08-12,JP,-0.7726543817233456,-0.6251997964772424,0.2725782574336037,-0.21757752747819376,-0.11005073396986748
2016-08-19,JP,0.057596463894448925,0.02482027434806162,0.7156535631099631,0.22002599831609304,0.4992954209500342
2016-08-26,JP,0.827915464585139,-0.41100658536879753,-0.4115173919894675,0.30682907017480837,-0.24288270485432764
2016-09-02,JP,2.923585584043109,2.7206906297389346,-0.4041454038468867,-0.2374360651292383,-0.062141364362102436
2016-09-09,JP,0.22017111645119272,0.8534623305977709,0.2764064719223667,-0.06486382078131789,0.3401439574710397
2016-09-16,JP,-1.1132223111151336,2.422507705578895,0.4454573648299546,-0.31250808155711624,-0.06108555395493942
2016-09-23,JP,-0.835097717314619,-2.7044302138116327,-0.31869077428703596,0.2530396069666608,-0.1531963435070729
2016-09-30,JP,-2.1778148085668363,1.720794352265024,0.7064616224443927,-0.09641928312930778,0.0469704271164411
2016-10-07,JP,1.2514204204928019,0.3377313536772031,-0.18489770028944325,-0.3143010963438115,-0.16959444782941482
2016-10-14,JP,0.19133231975794862,-0.3882878925093313,0.19096612322018183,0.04340188088619799,-0.020694563082621322
2016-10-21,JP,0.2280850612986674,-0.389753609630696,-0.30829992765407166,0.11828024646452458,0.000611362471965556
2016-10-28,JP,0.5933276094388751,-0.03714942469639714,-0.05463108396908145,-0.11502818665515517,-0.18077326624832374
2016-11-04,JP,-1.1303590024215044,-0.012046716564346806,0.2796829882763728,0.0439732176902665,0.01696197312191657
2016-11-11,JP,1.592613153710787,0.06802191785615952,0.01592192358654792,-0.132275717509043,-0.05480894586662799
2016-11-18,JP,4.111048008585449,-1.0794185119886859,-0.7618112096997915,0.23616118845811845,0.06621414629400371
2016-11-25,JP,0.348314730953219,-0.5094308169855625,-0.5474379319125587,0.060247729078753406,-0.02994916504797934
2016-12-02,JP,-0.8750506516091225,0.845125253440396,0.6662510983070046,-0.1549849358119001,0.17358550495566372
2016-12-09,JP,1.787046661285933,1.9092230698178498,-0.36329913915801565,-0.38549462079746516,0.01670095704969463
2016-12-16,JP,0.41233585647074983,-0.7266430381181006,0.5799253459454956,0.08414789404780315,0.29171675056239604
2016-12-23,JP,-0.666715764701082,0.30776953050378514,-0.5202556244522599,0.16648765433970994,0.019352529341963545
2016-12-30,JP,-0.133663009122128,0.817468312801727,-0.3955127716202578,0.1704937637483207,-0.30314367156057176
2017-01-06,JP,-0.03074677415383093,1.0461909785468884,0.44388386089302806,-0.05538933035343021,-0.026168782971032853
2017-01-13,JP,-0.3541045795667546,0.24950747896763784,0.17567700329534186,-0.048894687663094065,0.09541526306090488
2017-01-20,JP,0.9262505874689608,1.1592086574782698,0.012973775762269274,-0.18146527491111064,-0.14577373886248735
2017-01-27,JP,1.3535465577840322,-0.3833191180182559,-0.6408946833309048,0.08085536735484536,-0.183734288605435
2017-02-03,JP,0.38300499180161224,1.1439089990587754,0.7690455665202889,-0.2630293868393661,0.0995551674380343
2017-02-10,JP,-0.21381237975472345,-0.7130357446289692,-0.4149214737904034,-0.11373534849662179,-0.05884647660426056
2017-02-17,JP,0.38273955328782633,1.6767722003326515,0.18701836489910725,-0.2557379587396857,-0.13130042660085883
2017-02-24,JP,-2.0617893803704326,-0.4079803788319573,0.4282210854183018,0.15438123556427238,0.003534230130909364
2017-03-03,JP,-0.43929061618336995,0.8509108960032473,0.4135953520111209,0.006899518294825717,0.10641049030133151
2017-03-10,JP,1.2786276262943934,-0.3351488559166369,-0.37579858611823447,-0.07264743057435641,-0.12219026968599733
2017-03-17,JP,-0.8918936627939886,-0.34799197114179914,-0.023590518667656483,0.14904057932349601,-0.06563385163490837
2017-03-24,JP,-0.46780166321881533,0.09906585938774867,-0.24904179017912462,0.24636362780450285,-0.09360135991855845
2017-03-31,JP,1.1449904880507724,-1.493001220398506,-1.0110712437964067,0.22131506850976035,-0.27604226455428
2017-04-07,JP,-1.028415500557252,0.3204755072606668,0.0006310464888612268,0.1135030033597041,0.02826466516296825
2017-04-14,JP,-1.6898584177140856,-0.8939408084485183,0.05888370428130067,-0.13292373774396965,0.10600607915067771
2017-04-21,JP,-0.2721534667151913,-0.13190865250420855,0.004616680870715914,0.17379636303927518,-0.18300841244062385
2017-04-28,JP,0.5161466069205897,-0.13540162123380656,-0.358561216318567,-0.03815214169065836,-0.12124369259360389
2017-05-05,JP,0.36235507123329214,0.08207723969263173,-0.08458402827434812,-0.00817028723745669,-0.03768282346350205
2017-05-12,JP,1.6793113291489787,-0.02799191597105646,-0.2992462588989304,-0.14774642369400554,0.01728596253606801
2017-05-19,JP,-0.6332796458890793,-1.1735913464594052,0.004612701853515254,0.25854254028018103,-0.172460588348986
2017-05-26,JP,-0.176028703839601,0.14763654243507768,0.1616806153434573,-0.05204473135042224,-0.0650603329507614
2017-06-02,JP,0.5825219114427831,-0.11755675457298338,-0.25969306081572974,-0.10222110843465587,0.06041231753405172
2017-06-09,JP,0.943509250726944,-1.1622289677504447,-0.8152277943195715,0.08045668117806352,-0.19619923201426098
2017-06-16,JP,-0.4517659314363159,-0.019688124671983942,0.38235210844153245,-0.1386501060666857,-0.06840398249631664
2017-06-23,JP,0.11898878606575242,-0.43472524007909297,-0.25332315035849523,0.24834941877028668,0.1155356693466158
2017-06-30,JP,0.9892541221755455,0.8647650214904352,0.4816241512568614,-0.05594071633455877,-0.2701241493043626
2017-07-07,JP,0.9623452660867057,0.10321286744458079,-0.39898080593196833,-0.36700984720590907,-0.04715522832862389
2017-07-14,JP,-0.6430056095601445,-0.11719070712893327,0.12116142048148831,-0.0574586367115666,-0.016125714361726707
2017-07-21,JP,-0.5286533394880376,0.1707695670284013,-0.02720619860905421,0.046303752917940165,-0.02843281528290931
2017-07-28,JP,-0.03576096581308229,0.0002619372143870951,0.13052870651139326,0.06797281516496134,-0.08085422699786243
2017-08-04,JP,-0.13687097914572402,-0.12134183612452645,-0.2180073614436246,-0.12416697659525323,-0.16762959765738647
2017-08-11,JP,-0.4113856333527924,-0.22370165900898406,0.09243686245593087,0.03785039999138276,0.10743721851253552
2017-08-18,JP,-0.7522639474459929,0.7175641016521773,-0.09981514630500972,0.11788931786154383,0.05872564430641768
2017-08-25,JP,-1.4112891138787946,0.5161600108869808,0.14155108313691928,0.039344714201103935,0.03939156482152173
2017-09-01,JP,-0.620865491392616,0.15920794514455375,-0.029847586455705146,0.027396206833491626,0.03497446070524925
2017-09-08,JP,-0.5465550022311533,-0.23587537532623637,-0.21236801758213508,0.03541710486543284,0.16009456139429878
2017-09-15,JP,1.0301072935244604,-0.23143302580029151,0.1859996068170117,-0.12341574343974508,-0.1738983946963101
2017-09-22,JP,0.17796416017341926,-0.4859846685379297,-0.037105028206276355,0.08517636712080115,0.01145629002406314
2017-09-29,JP,1.7511628798386114,0.02423341301839987,0.14043283951646157,-0.07455665574351203,-0.1430021854362886
2017-10-06,JP,-0.36523142695355326,0.945167383563259,0.013633827018250281,-0.011611675992826984,0.07066786824142639
2017-10-13,JP,0.0682380666050846,-0.09796921309493596,0.36259416912037035,-0.0986054263955814,0.058210460478423494
2017-10-20,JP,0.4487492485812971,0.02543076807201216,-0.07183692594253997,0.10783692077888535,-0.06567931298304391
2017-10-27,JP,-0.4928492189831239,0.15562946916448678,0.2905483094471947,-0.05418311657169346,0.13804141060594838
2017-11-03,JP,-0.7461527547553163,0.0362179435490531,0.21209073454400265,-0.20109878125822692,0.1979764380665615
2017-11-10,JP,-1.0580485998251565,-0.07470536763282438,0.3761971341343006,0.02539706386072202,0.3168118203088952
2017-11-17,JP,-0.2163075928674963,0.6453707167661297,0.08669922751736635,-0.1617871609851838,-0.18322567560285782
2017-11-24,JP,-0.1329890034883877,-0.03648323205059585,-0.2468522655525435,0.23752210677823438,-0.0858282756711053
2017-12-01,JP,0.6106124594355211,-0.5937692325993559,-0.4599952379183787,0.16211335876881192,-0.004715040953757933
2017-12-08,JP,-0.05134731141857939,-0.45092914306845466,0.10897231834130779,0.06293489253015337,0.09618782579953422
2017-12-15,JP,-0.29038341447148897,-0.09269843454294956,0.05588720054299563,-0.02900709137519723,-0.01113692796896557
2017-12-22,JP,0.2854794876501203,-0.12282370603377495,-0.08707430124164933,0.014731241133952543,-0.12152173633713348
2017-12-29,JP,0.022823503032925012,-0.2771677501082281,-0.026414561235702252,0.046359798044063275,0.10136087255089683
2018-01-05,JP,0.3156237330440586,0.09559717270384423,0.06654241091512092,0.029562036772954613,-0.028606058397098313
2018-01-12,JP,0.5894534219828598,0.006220838231200472,0.14869519055825736,-0.08122004073316359,-0.046276139909066066
2018-01-19,JP,0.006495873721125594,0.037677512172798217,0.17048279687381346,0.057268093834820157,0.09360329010904714
2018-01-26,JP,-0.30255631912717207,-0.30432651557217094,-0.038376196336638184,0.04443867158891812,-0.010547020683324089
2018-02-02,JP,0.3052274426397304,0.049995199506048874,0.14799877883138426,0.00684298173275562,0.04129367152588082
2018-02-09,JP,-0.6741419458639876,0.3052271955006456,0.19814629756770724,-0.23550410081012385,0.086585614439565
2018-02-16,JP,-0.8034822205463975,0.02717353652831564,0.1825109057983656,0.07110184401513343,-0.028139541300149784
2018-02-23,JP,-0.5105225156978661,-0.5498975403664395,-0.04187465844226608,0.1376112223446263,0.19073894383707346
2018-03-02,JP,0.30784546007020525,0.15570808346207932,0.16725486452272192,-0.07146345286553252,0.0160100084326898
2018-03-09,JP,-0.7191794728886738,-0.03593625790330963,-0.2339797413220579,0.03898151132487174,-0.09132592471265726
2018-03-16,JP,-0.24603419773787444,-0.25035532705529673,-0.30853987456195026,-0.08764288669692107,-0.1509357000415755
2018-03-23,JP,-0.752881066863632,-0.10425124507217401,0.035966583691594126,-0.0600198188273986,0.006450055763123271
2018-03-30,JP,0.8134302051037475,-0.5006797012533505,0.10017639869281839,0.26796400230939016,0.013949436408624056
2018-04-06,JP,-0.256260992964885,0.22380628713485737,-0.008743876446845503,-0.029536058325796723,-0.08063574369922856
2018-04-13,JP,-0.8084822998218084,-0.29630373126005116,0.6092078637208121,-0.21325918152514606,0.22626954443888214
2018-04-20,JP,1.35381074351822,-0.2139706756334451,-0.3065958929637001,0.24751759691918745,-0.008311882314554363
2018-04-27,JP,-0.16442136660405926,0.3672261741240836,-0.07507948637511834,-0.0020773705127537074,-0.14512147855880067
2018-05-04,JP,-0.5008569663349801,-0.1709777119961276,-0.031350304893694794,0.015211104102770934,0.011712461411212793
2018-05-11,JP,0.11255823012921487,0.14608118936546724,-0.032037597314511945,-0.021933502500543527,-0.04909057715155969
2018-05-18,JP,0.6221635054210264,0.2921995195276207,0.018820558670690064,0.04191592295806014,-0.03413934238414014
2018-05-25,JP,-0.9171498358553963,-0.07753406152979153,-0.022881173215147845,-0.03398824488873575,-0.05228954735975244
2018-06-01,JP,-0.14383092711965303,-0.3356045060750121,0.3859097165873884,-0.03766296785197576,0.15549633737168508
2018-06-08,JP,0.31689564173971274,-0.5005283648594011,-0.25717784797419246,0.023282679815536354,0.04830270129612429
2018-06-15,JP,-0.5437408687591386,0.2578951928278916,0.04459211702808455,-0.05084736471059604,-0.07884954785244842
2018-06-22,JP,-0.20608213607502257,-0.07930656308858619,-0.042386116131739086,0.11459326643983021,-0.011250342467099128
2018-06-29,JP,0.10020628313804607,-0.12832576240546117,-0.11957547256410984,0.054060385603671754,-0.012923656399785141
2018-07-06,JP,-0.774860824704221,-0.46200693722739267,0.15822374359410438,-0.04478252368344225,0.20490619045899677
2018-07-13,JP,0.1772634886577237,-0.012912480063616028,0.2261643979655774,-0.019698960998753463,-0.05025498268008055
2018-07-20,JP,-0.08379644130242538,-0.21330964069901528,-0.14472428709056379,-0.024333637989557566,-0.12050887446855775
2018-07-27,JP,3.0334171855170524,1.8620646064789743,-0.10645217153154835,0.40795234745238607,-0.0680846816115595
2018-08-03,JP,0.9122690594189545,0.2972641578712487,-0.2095494264003452,-0.1582035328430085,0.09781729258631311
2018-08-10,JP,-0.3333514972103426,0.036105172741058136,0.11986291352311927,-0.13507902521541554,-0.06806244994496592
2018-08-17,JP,-0.2941681931848726,0.45418317778818795,0.06604983411464788,-0.051786007186234405,0.06718726686275368
2018-08-24,JP,0.18818791025936768,-0.4847357588573437,-0.026745926772899314,0.0931323104126531,-0.021706591285158495
2018-08-31,JP,0.15058847551077215,0.20859358194250543,0.07654024080075547,-0.06175161768071486,0.043565099702641344
2018-09-07,JP,0.04340680873094696,-0.27924563135738695,0.02408167187594927,0.10222389564499945,-0.09649358976858995
2018-09-14,JP,0.00035265929243302556,-0.060085944886513316,0.10686575045584841,-0.10361182225822786,0.07522110933898882
2018-09-21,JP,1.1259444756030812,0.4648086671656436,-0.13995690931861102,0.0917783109170324,-0.1618998623457179
2018-09-28,JP,-0.13693865353243034,0.6218620714475587,-0.09584347863759146,-0.023420477145763712,-0.034919980506124534
2018-10-05,JP,0.5431208338874572,0.587295712807724,0.14321267670140594,-0.12305083884640111,-0.1499877320431382
2018-10-12,JP,-0.11599619006228049,-0.2923705247852996,0.08026075192691454,0.06206787760795412,0.15164666623103298
2018-10-19,JP,0.08305041793074068,0.17443296180120313,0.0259933080680115,-0.03563388333142869,0.12244845332506507
2018-10-26,JP,-1.634121992025584,-0.5010548907831297,-0.16358417334463915,0.07980680680628707,-0.026642096062699062
2018-11-02,JP,0.46069912225509757,0.41697577604229324,0.2908368312990236,0.020488253433663447,0.13603304175314404
2018-11-09,JP,-0.08628748294072514,0.3669351945296811,-0.0021732342968534173,-0.057373040006442444,0.008827294685319856
2018-11-16,JP,-0.9469891118606196,-0.30644593376731993,0.06796519414748553,-0.1313762938284853,-0.0236571625237896
2018-11-23,JP,-0.725625420032909,-0.5017246919986525,0.07721803341310761,0.16914502808159707,0.0370760181534637
2018-11-30,JP,-0.2783150526472722,-0.3653245389290858,-0.11986399639053252,0.06564911096918626,-0.13719689765887022
2018-12-07,JP,-0.8076062468873215,0.26100584699713225,-0.39314200526753196,-0.017066564110722656,0.10560113556669229
2018-12-14,JP,-1.0690431111569205,-0.17227679915883426,0.04951581575215092,-0.27963842453880067,-0.06920351820278749
2018-12-21,JP,-0.15247589192669525,-0.8166999245259745,0.3080102476056412,0.1785377451696214,0.16037539897370465
2018-12-28,JP,-1.4658511771218732,-0.5222523186537414,-0.5189435153168367,0.12633918129984612,-0.0818217274452665
2019-01-04,JP,-2.174171777833138,0.21969214706042406,0.44840922842836084,-0.1621749869840034,0.04503777647802802
2019-01-11,JP,1.5067340793177204,-0.42499833751194616,0.13532720631589754,0.0030638086794687724,-0.02087746309254032
2019-01-18,JP,-0.47635729049926107,0.37487169755967603,0.28665545539239085,-0.09455327502503214,0.035749879264241696
2019-01-25,JP,-0.7233338094451656,-0.5629581190571906,0.058810621927267534,0.038948334934534604,0.023311971249721043
2019-02-01,JP,-1.449564124598162,-0.6131507117246249,0.37238336353323614,0.02110048728370867,0.07250146434542598
2019-02-08,JP,0.011995682581281655,-0.5507951324963105,-0.16210638819287324,-0.047496852234918674,0.14302438499967834
2019-02-15,JP,0.1477402400797762,0.248589069706022,0.10317513529899369,0.047746932774952656,-0.06259856062900461
2019-02-22,JP,-0.8002627331608153,0.0403360282984536,-0.06536728854189665,-0.12623713804056433,0.05540629853540617
2019-03-01,JP,1.6790302053513784,-0.10545487028777045,-0.26588241082808217,0.1493465846853182,-0.14596029884318507
2019-03-08,JP,-0.9230230765584172,-0.742877510600056,-0.09035156164312844,-0.19070010371427157,0.02823691358107685
2019-03-15,JP,-0.5358645873936119,0.44584670510871743,0.35926978555551603,0.10627566934162454,0.13383039699720548
2019-03-22,JP,-1.608713990461074,-0.4486722436400018,0.1009753118878157,-0.17179705404351703,0.0327691536991495
2019-03-29,JP,-0.8839778713630994,-0.15486365010665992,-0.08896885860497568,-0.02234515936080844,0.06947547033235796
2019-04-05,JP,2.0144951842031413,-0.32353884357574847,0.18595167924968112,0.08907194057023365,0.04523355294212544
2019-04-12,JP,-1.0393278036142282,-0.0393285593217077,0.13513057730977668,-0.050735740917008325,0.10132505038566322
2019-04-19,JP,1.4770020826159567,0.3774148436435151,-0.3790361345448106,0.02926105732629107,-0.430721827854547
2019-04-26,JP,-0.824275633612343,-0.19754801552091972,-0.13114063740438192,0.055233409547994224,0.04622633206486526
2019-05-10,JP,-0.3256211435134926,-0.17437837628876696,0.302399708839124,-0.0012267925235718265,0.19047291313643275
2019-05-17,JP,-0.44153551608386143,-0.10926478416565731,0.09982900557335442,-0.19612710720621737,-0.05419049251698764
2019-05-24,JP,-0.5460333648364232,-0.5493503399386668,-0.22559116084284736,0.06256432934805328,0.034203605373663154
2019-05-31,JP,-1.695799303779724,-0.07650885632345326,0.39938984630343094,-0.015922378361591386,0.06432600667134915
2019-06-07,JP,-1.5620304116980386,-0.20001065285011208,0.37140409328634466,0.1550306490487024,0.2511299885362524
2019-06-14,JP,-0.8101126841138445,-0.2777873911265441,0.2834709054165987,-0.06345493318957714,0.11334391808354502
2019-06-21,JP,-2.2043252680946055,0.2443633716233305,0.23769960138072643,-0.06326314510070438,-0.009661047062760844
2019-06-28,JP,0.9402106670246383,0.11579309755676356,-0.4623028532074131,-0.05796536817072762,-0.017303357059434213
2019-07-05,JP,-0.5168075881233936,-0.7576688597290067,-0.16338290296195165,-0.01732693116954709,0.03780907831608079
2019-07-12,JP,2.3906158962027364,-0.03931212436826896,0.059582612297030366,-0.04945415737448476,-0.07622383781691872
2019-07-19,JP,-1.1553515115008555,0.3027255110367004,0.09928953962217711,0.0072686988494794335,-0.08064453047015724
2019-07-26,JP,-0.7091747049223344,-0.08353862129392298,0.07654750921998367,-0.19099583336058792,-0.07085273860222258
2019-08-02,JP,-0.8402984063783637,-0.5545276765800496,-0.16106028962622373,0.27899376616358507,-0.035107924449730606
2019-08-09,JP,-3.8382659619955155,-0.014429885129526528,1.251962157426066,-0.3683113486132875,0.16424958406190945
2019-08-16,JP,-0.9396957739119283,-0.2219190709373829,0.08934786024753519,0.12420114489228268,0.2853953621771498
2019-08-23,JP,-0.04377942106933625,0.9769896471792942,0.21475503623319359,-0.1539575596061678,0.0002225211741422519
2019-08-30,JP,-1.9549135684688665,-0.7781291318572536,-0.05237411453306684,0.056177976450891995,0.12133396314850955
2019-09-06,JP,1.5965288514419993,0.8949857650801661,-0.05482685660989831,0.06339876542474979,0.025935517817259546
2019-09-13,JP,4.699790175893083,0.46421916026389026,-0.317332897336696,-0.03789786458752236,-0.5094960244663054
2019-09-20,JP,-2.440205304417826,2.0553317011193504,-0.20233041850029482,-0.017463807680491862,-0.06665381906669544
2019-09-27,JP,-1.0426473572403743,-0.023252815608866488,0.13304511479649314,0.15915331400876997,0.13244963871657053
2019-10-04,JP,0.11500503406273037,0.7573861193367074,0.18128066566491377,0.010640915725928094,-0.17866380506679558
2019-10-11,JP,2.059640660111982,-0.7356335536083073,-0.3101523349064324,-0.22219840175974676,-0.058369748919497685
2019-10-18,JP,1.8588515688506744,-1.1626577103206346,-0.4293870373078043,0.12140081506273491,-0.008289739643892634
2019-10-25,JP,0.0530598675972323,-0.03451938764389074,0.13650695317811595,0.11506040414996835,0.23171271385932946
2019-11-01,JP,-2.2618985895257873,0.03238945494133168,0.3623343431808652,0.041048093106747986,-0.11910709860562423
2019-11-08,JP,5.9178705051720595,-1.2407775935330583,-0.34765114547901765,0.15082351442494304,-0.15733116748312348
2019-11-15,JP,-0.3957290149401363,0.6105794059305752,0.2859761406021402,-0.3534366170749084,0.009650530739610658
2019-11-22,JP,-0.5513366453472507,-0.6309253549873833,-0.12745455591968283,0.09526348716632131,-0.01569909221254672
2019-11-29,JP,-0.19186825458114284,-0.7023497794451563,0.009286554258626166,0.10390368181971198,-0.15143547696993082
2019-12-06,JP,2.675309672019601,-0.9885349829912764,0.154685285850287,0.127117326582529,-0.07340723924955679
2019-12-13,JP,-0.2708731832207182,-0.03923928836656094,-0.0901515752092153,0.1695756139026621,0.13060044089063777
2019-12-20,JP,1.5026481878044073,-0.7267140489176457,0.024944053491962055,-0.28603324864251317,-0.004067911208499216
2019-12-27,JP,-1.3142827299574864,0.512181910386439,0.04033688162931101,0.22882408936247497,-0.04326673862703103
2020-01-03,JP,-0.6560278562506232,0.007336249530532414,0.18602360939102136,-0.015727602593528383,0.007985027998385758
2020-01-10,JP,0.6784731467078217,0.31574524219779554,0.13391497727364618,-0.3454101601935385,-0.11973211917511113
2020-01-17,JP,0.28084304457382914,0.18600160519874162,-0.11862491683338917,-0.08771498494007292,0.009699584382990446
2020-01-24,JP,-1.276201605812802,-0.7030708919589217,-0.026050563007534323,0.2506500575980859,0.006808910508971226
2020-01-31,JP,-1.9617957524902678,0.24197899783102209,0.05998065900002149,0.03947308897735379,0.11195509851618111
2020-02-07,JP,1.0913677887978122,-0.0675323841261037,0.09789149484565299,-0.0659550750353562,-0.10145932225982267
2020-02-14,JP,0.15409384335746373,-0.15793605230164423,0.10529753872533854,-0.054243132830374664,0.1132487319897749
2020-02-21,JP,-1.7614891294960404,4.0464165006487495e-05,0.18000551045070645,0.09752544227181777,0.13482571823476555
2020-02-28,JP,-4.612072601993142,1.707164789799099,0.47901026913852573,-0.35267721057984236,0.09577742480913927
2020-03-06,JP,0.2093619746095014,1.245776397304578,0.6790190940553933,0.11849425670279484,-0.02525621945777733
2020-03-13,JP,5.358579444668984,-2.1192474469737204,0.9414786720720695,0.024683470174887444,0.832047338166514
2020-03-20,JP,3.886619341550392,-0.09061375170360515,0.25858078486770697,-0.1705378905392515,-1.164264623721576
2020-03-27,JP,-2.203084796537368,0.3107262419121404,-1.0746380960935795,-0.14093507012716702,0.09856942447900865
2020-04-03,JP,-0.6316589996280055,-1.006216637327482,-1.1600807127288644,0.48932636630678744,0.19712371201692003
2020-04-10,JP,0.31518381742046014,1.7451179934263907,0.45635799505693325,-0.2849475724945137,0.12118713068150466
2020-04-17,JP,1.5760178943838061,0.014501711073200372,-0.717553430857362,-0.0032620097446678926,-0.08484351096970064
2020-04-24,JP,-2.390019193519776,-0.3317356113560611,0.32616274337734974,0.36097490581948627,0.1596687309246943
2020-05-01,JP,0.23269677612008935,0.026442727538771166,-0.1818882768159352,-0.21152721350941348,-0.005437145418031867
2020-05-08,JP,0.7149766617406678,0.5343547389700489,0.4144578852266447,-0.04045599984284185,-0.037173266098227194
2020-05-15,JP,0.3615598191778763,0.061351842599877214,-0.12727232461351717,-0.2933583437546391,-0.06347704709492107
2020-05-22,JP,-1.013752884483286,-0.07628081799977836,0.36637480632188957,0.32730766943157796,-0.08256536398935842
2020-05-29,JP,1.219773036466957,0.392125965760302,-0.5541368229436469,-0.05341657845775206,-0.13615784712754786
2020-06-05,JP,1.994913551821666,0.30402815522222254,0.11060188121810673,-0.294772701837329,-0.1373165078835145
2020-06-12,JP,-1.1907493067936763,-0.13386609877669245,-0.15092493304786103,0.0456017167600015,0.09682785757704801
2020-06-19,JP,0.37348545293655416,0.6106048809119079,-0.18905563173025158,-0.07695913348827552,-0.04916775349847359
2020-06-26,JP,0.35165962024130276,-0.17276677538136476,-0.5432509858917384,0.14241668626172047,-0.1975818292770178
2020-07-03,JP,0.5331694040634586,0.5880680104516993,-0.14394716911200917,-0.20549818751058357,0.04290095793114117
2020-07-10,JP,-0.7953301566541445,-0.5721879785779217,0.1976749863015311,0.32314171057349333,0.17519837229989282
2020-07-17,JP,-0.06287168869634042,0.5495281215930341,-0.12049475829390997,0.02004638154957217,-0.04580648805090183
2020-07-24,JP,0.012462095448702538,-0.42701465463522814,-0.16792186164077957,0.23232474656118732,-0.001224713309755497
2020-07-31,JP,-0.7717911908019996,-0.4961663096472229,0.5593679712007846,0.08346422829022329,0.12562402154226185
2020-08-07,JP,0.5717813246614173,-0.34414926868820284,-0.4502525170986219,-0.3024032941267973,-0.1918769745288676
2020-08-14,JP,1.9788375779644043,0.6506023502981818,0.05480867679582117,-0.1806090100544305,-0.14669444586597494
2020-08-21,JP,-0.34051453176279234,0.0252862411436557,-0.30238917923676506,0.0027110059028236724,0.01646818912861914
2020-08-28,JP,0.4876048029489675,-0.046396413372461844,0.4515467881370494,0.05993153096590486,-0.09125626650909624
2020-09-04,JP,-0.8079498824709924,0.100408193528518,-0.05394215969135875,-0.09570143405595265,0.025808406111723872
2020-09-11,JP,-1.1070250869732678,-0.07250714727334823,0.3077417039272442,-0.1239111918991171,-0.0016747047600762898
2020-09-18,JP,-0.3338603616454674,0.3469344579288517,-0.2213363365661649,0.2733132016722952,-0.12273654723114608
2020-09-25,JP,-0.10068777784769858,0.4850469623021316,0.06584050242865197,-0.20416155000025832,-0.16363977055280138
2020-10-02,JP,0.16872253671549622,-0.35716393209858566,-0.3404428229580216,0.08833809129848103,0.01690016935900436
2020-10-09,JP,0.7575572030786034,-0.06517007518701358,-0.12835086135880666,0.010929368279798636,-0.17520921015212146
2020-10-16,JP,-0.603289550490701,0.4146893244816385,0.25508016779294546,-0.04139118701281509,0.19055645051652478
2020-10-23,JP,0.6727785540162783,-0.21706525360563833,-0.08691106955241552,0.013613488530987554,-0.3038839314434085
2020-10-30,JP,0.0834523197841865,-0.05582981260298602,-0.11449118318389827,0.10411883222954904,0.06153188388709045
2020-11-06,JP,-1.1119479888936508,0.2778203498776803,0.18840572496080424,-0.11804249218153855,-0.100172063994945
2020-11-13,JP,0.44065486237118456,0.43473084794149347,-0.0410765172856419,-0.19015817338520083,-0.10083305454449505
2020-11-20,JP,-0.9020620285018204,-0.3739421612232039,0.09694868175055059,0.22014354576743078,-0.08982665804457689
2020-11-27,JP,1.0860752350108165,-0.1738818639452729,-0.26592519070413745,0.010799931067813061,-0.06120950934924199
2020-12-04,JP,-0.1640897845656416,0.0026531828307319646,-0.05457274941678231,-0.09314231342553154,-0.01445484616481612
2020-12-11,JP,-0.962155776095516,-0.1296428279812881,0.33027520409012767,0.2233877534454605,0.21523773006673944
2020-12-18,JP,0.07062358872465926,0.091825963361192,-0.20439195091087853,-0.0670414230746951,-0.010687685838057015
2020-12-25,JP,0.5838276570453851,-0.07160814648132029,-0.055716873168572996,-0.06941268526120033,0.0020938395295910534
2021-01-01,JP,0.2870760640592979,-0.043842698198945075,-0.0032211418298288596,-0.0011940685740662509,-0.1282850228555327
2021-01-08,JP,0.20374718545424395,0.19431898030443506,-0.08153073718563254,0.15837141472886604,0.28022857779472454
2021-01-15,JP,-0.1607783412590939,0.14929453472634593,0.08482601052116516,-0.18848977747138948,0.06031062089820823
2021-01-22,JP,0.09260775831077883,0.5275421661111515,0.15433277822917768,0.17594593501050274,0.2969682388824071
2021-01-29,JP,0.3782337911024871,-0.05037409341790806,0.05537703859908052,0.26468009419197713,-0.004248006470779403
2021-02-05,JP,-0.06084708413362638,-0.14988705204494998,0.21655589968286568,-0.10012377117289671,-0.12108701666345371
2021-02-12,JP,0.21502275659239703,0.3705375806658943,-0.0033173102043555455,0.09428247848679261,0.055021172032279526
2021-02-19,JP,1.3794986777015474,-0.2169058821815362,0.434445245246432,0.03152209122297924,0.18946475448655437
2021-02-26,JP,2.193472214061282,0.8472808670840185,0.356439413347102,0.12176367983090931,-0.23798995489246613
2021-03-05,JP,-3.008361178499157,-0.7731989402370447,-0.2743443714224833,-0.21375350848808738,0.024165931142983578
2021-03-12,JP,0.5961425263164543,-0.07237939524760287,0.42271728315567375,0.136578398543411,0.22506047979050517
2021-03-19,JP,0.005930860475798552,0.38843914238015226,0.12439540670804008,-0.005869131004284901,0.16751948152195575
2021-03-26,JP,-1.2874517890386938,-0.38583710111580943,-0.3622645836460901,-0.14049871603115954,-0.3619056622827355
2021-04-02,JP,1.4008271119274938,0.24765092107820666,-0.0388643530931488,-0.009973463988357271,-0.08076202512530672
2021-04-09,JP,-0.8238317927468702,-0.17082983448224526,-0.12456274082559252,0.1998085431369586,-0.03262828827381139
2021-04-16,JP,-0.7802969756172613,-0.1702040449663131,0.10642578106655029,-0.023621966300773522,0.03845588859647134
2021-04-23,JP,-0.6907317436982889,-0.26671869288056615,-0.11753688521110171,-0.1727411502567035,-0.11239578752535523
2021-04-30,JP,0.8591380850599982,0.17651119789166347,0.19192878374495126,0.07409591886224341,0.03919446114920187
2021-05-07,JP,-0.293168743792407,-0.039322330152659006,-0.07668376569604514,-0.06206429528513722,0.0283471395181011
2021-05-14,JP,-0.08937362616953033,-0.1203730996911356,-0.021169929965671477,0.053475235135761176,-0.13289403241016057
2021-05-21,JP,0.28709415748020994,0.30109220506054346,-0.1339856815893813,-0.21090740562465607,-0.10452487515298207
2021-05-28,JP,-0.12453787741250537,0.1181805814217179,0.22547634042248804,-0.049398893327416364,0.03512026867889605
2021-06-04,JP,0.3568628103033997,-0.05734338539787525,-0.4175650103458673,0.2488796453702859,-0.12320216129245416
2021-06-11,JP,-1.6739204652465567,-0.34022793335855483,-0.4918871358508698,-0.24228287255766726,-0.053156377958500624
2021-06-18,JP,0.8135032415708978,0.1380877718979977,0.2866541422031746,0.028450609509894507,0.022091203505721156
2021-06-25,JP,-0.040594209932446584,-0.0947531837482126,-0.2761553904519748,0.0012684074187172486,-0.06856221042321575
2021-07-02,JP,-0.5697127698306121,-0.0412962308196073,-0.11414043241758817,-0.11482472287773507,0.03506550317380269
2021-07-09,JP,-0.33370796098377287,0.02422383284075474,-0.28991816327921094,0.10630604738580164,0.0874840202561538
2021-07-16,JP,-0.8265740611028795,-0.23566708675722461,0.285163767999729,-0.16114646569986582,-0.13485140450316932
2021-07-23,JP,-0.1306688992547078,0.4409465321774111,-0.10203320322856785,0.037911339951358654,-0.0781127366573605
2021-07-30,JP,0.029256368702528016,-0.5785821451815423,0.15396759559100487,0.031076124419313202,0.045168494424728284
2021-08-06,JP,-0.29388778681148975,0.29809742895608987,0.12572202963252493,-0.1142069593817326,0.030829562365771102
2021-08-13,JP,0.35900614129745356,0.19655749270428313,0.12279199823920302,0.05341491039874861,0.05543679317679498
2021-08-20,JP,-0.46868153692080233,0.09680501504766288,-0.11735281404162634,-0.187696859224224,-0.04402178914888109
2021-08-27,JP,0.4931134279398221,-0.2646080066333548,0.16156562446142014,0.06608415820166287,0.15312761490613605
2021-09-03,JP,0.4820963329929951,-0.1598122911139165,0.12023503851041256,0.08593342496424275,-0.06624436959248774
2021-09-10,JP,0.18954037375553737,0.11779361222980106,0.06218551894483283,0.005579888146555222,0.14441698489415095
2021-09-17,JP,0.10707690278959403,0.02599353282993392,0.17141665625279984,-0.06437760269837207,0.048233861350232644
2021-09-24,JP,0.3018223042830068,0.278035221868466,-0.008767014260816771,-0.06133728353060224,-0.09684385278679011
2021-10-01,JP,-0.27811781027232235,-0.28001795702664983,0.06892550356277131,0.13876625812609886,-0.06000490062682919
2021-10-08,JP,0.9976482977627656,0.23231161735392472,-0.047115302628449186,0.0028735631751560533,0.08950101478918379
2021-10-15,JP,-0.1446586684510282,0.06873645972939788,-0.03973643198683217,0.016948107608531816,0.0921660296216383
2021-10-22,JP,0.6614837287109832,0.10813141725269441,0.14669983545967233,-0.08728284217336615,0.06899178409772545
2021-10-29,JP,-0.29631290763119705,-0.5628186255463914,0.12769783095518433,0.35153508010273476,0.07236705248400378
2021-11-05,JP,-1.0339036802021844,0.17005263730970024,-0.5310576228773987,-0.060365720462546,-0.33890665169096296
2021-11-12,JP,0.45179251690206607,0.15786445326386933,0.3607589344107295,-0.27190637806236256,0.3421773720433232
2021-11-19,JP,-0.23495045350792937,0.16515952585694815,0.4037788298038064,-0.12459192879998215,-0.05875216298876836
2021-11-26,JP,-0.08977697307606683,0.18178120114725,-0.03625434559065346,-0.03716883397668049,0.08128896371029669
2021-12-03,JP,-0.40851245318526913,-0.3630088174017856,-0.5950048089883676,0.3588385027424118,-0.03007809064832913
2021-12-10,JP,0.2777577578104787,-0.17239922282022305,-0.13484357078951426,-0.13304842946788045,0.023605301536561155
2021-12-17,JP,-0.5386664018329476,-0.026854996593431157,0.1350601139317575,0.1857014484908005,0.04250442624016444
2021-12-24,JP,0.8819866827721802,0.031013179428099093,-0.07750488006901754,0.11891587067605817,0.04387623901264366
2021-12-31,JP,0.4073804851020431,-0.028302527334175567,0.04799491362066479,-0.11059172340320521,-0.16874481102431219
2022-01-07,JP,1.7033306667722414,-0.20721397523077728,0.31254798976610776,0.0672483374965618,0.2935973329998409
2022-01-14,JP,0.6004773294519532,-0.07166558880586532,0.23627841879023115,-0.1682881441903456,-0.04668394793998719
2022-01-21,JP,-0.6252472580814723,0.02896180475305538,-0.15045762680514926,0.08875464914538572,0.0372448930835302
2022-01-28,JP,1.4096431739899635,0.08362590214516213,-0.1100290275646983,0.33820927588307803,-0.2984066249026341
2022-02-04,JP,1.511357676220473,0.40324392621465144,0.036683665359580266,-0.028645902116490277,0.09916283212843194
2022-02-11,JP,1.8051796495435466,0.5888481118022104,-0.21711450292982312,-0.07745615930699139,-0.047084860880608086
2022-02-18,JP,1.1922161503901132,0.3404626303129651,-1.012577019280298,-0.2938707270790162,0.007120802972025965
2022-02-25,JP,-0.8079394822459652,0.2941364815555771,0.24004885387800845,0.04459782931482369,0.02352784432666192
2022-03-04,JP,-2.3957188659750397,-0.7106938125024309,0.03500353657236548,-0.06555349724768443,0.18212268145082824
2022-03-11,JP,1.2684414640675576,0.3632440032036156,0.0113049782520959,0.1178807987871063,0.039461140810948765
2022-03-18,JP,0.8930489091278553,-0.17447724686258545,0.13986784074672967,0.036040358015270925,-0.058983066240655004
2022-03-25,JP,1.493913776289268,1.1464136943245777,0.08640485171979617,-0.11968316410229984,-0.02111963198295952
2022-04-01,JP,-1.2948277566386404,0.19088179560062452,0.06004276424506536,0.09331904510587101,-0.07959293748613158
2022-04-08,JP,0.18493202363051078,1.7239580147969291,0.3930606438208649,-0.5623038787027964,-0.017309827968518585
2022-04-15,JP,0.10699733188265276,-0.8489657026977102,0.1303144410643128,0.3993352998233566,0.17191804352831694
2022-04-22,JP,1.2803327337784236,1.428559337271827,-0.6756184689627016,0.15419760162575913,0.10998920804239128
2022-04-29,JP,-1.4392911574378777,-0.6511555478632733,-0.08407272366262498,-0.051093066663114375,-0.14992310973937326
2022-05-06,JP,1.265076081435984,0.16941240527462387,-0.10342317666054372,0.08506070664864084,-0.13121506521566798
2022-05-13,JP,-0.6916755306301643,-0.007196939234461123,0.3477231870540121,0.07357672060561636,-0.21886519115395797
2022-05-20,JP,-0.17840189093285191,-0.24807600162445495,0.044310199757482266,-0.13678324037788095,-0.013059566679047447
2022-05-27,JP,-0.465460616095249,0.3375054242514613,0.06329526089945148,0.02598673264078515,-0.012493499953509409
2022-06-03,JP,0.3499793076750976,0.6351957293615736,-0.16413618347011996,0.02625456454660653,-0.2147338546798913
2022-06-10,JP,0.9735516935768969,1.0991370412641153,0.11961383430102987,-0.1546315934932039,-0.07658004802543349
2022-06-17,JP,1.8907292443371875,0.8903205752672053,-0.9644391873907345,-1.2519565774280859,0.6737819805319429
2022-06-24,JP,0.2976751890039297,1.0339527441941452,-0.3278292548072711,-0.005511318241321892,-0.529191520446833
2022-07-01,JP,-0.6015712809392382,-0.233357141837997,-0.37134075485441764,0.3903588853550685,-0.25683006546877946
2022-07-08,JP,1.1610518387938646,0.8710570045232179,-0.06713890784443018,-0.0023092017126523194,0.25279539386533206
2022-07-15,JP,-0.9245214386991766,-1.0042704493746062,-0.02561123292820981,0.04654823594987342,-0.3469473949379088
2022-07-22,JP,-0.5520687699950081,0.731621475394374,-0.13569556972913713,-0.03466859374255925,-0.35946135302716925
2022-07-29,JP,-1.5028876564740332,0.09761605046079183,-0.20414349229591972,0.10324009532939751,0.2815002119755351
2022-08-05,JP,-1.0511636115065595,-0.39899395907108015,0.2911924993750773,-0.08825100337495517,-0.10108793959986855
2022-08-12,JP,0.16819427484550956,-1.305051248998171,0.6807445505437738,0.03212856958068354,0.15770397587961238
2022-08-19,JP,-0.13972768041921255,-0.4396979935782907,0.4160724868775227,0.023149861067785344,-0.005420124305534175
2022-08-26,JP,1.6230109597636624,1.2063067790169029,-0.16975534774017934,-0.20170795400243416,0.13904085060040772
2022-09-02,JP,1.8831953283736262,1.5526051053051013,-0.5343397576858394,-0.22978858230297494,-0.279136604962424
2022-09-09,JP,1.2241145528665318,0.5278162225644357,-0.10124684967693769,-0.30534883408090235,0.10057040212486339
2022-09-16,JP,0.06100268880153557,-0.5093967752430799,0.13461452658398518,0.1706379853950799,0.24400984056303696
2022-09-23,JP,0.06867200180966332,0.15144818379545585,-0.29913651896703414,0.06088408400897061,-0.22482359799193885
2022-09-30,JP,1.6696640979031803,0.7861092312944078,-0.7631601326256114,-0.3171029041210402,-0.12161280618882107
2022-10-07,JP,-1.3201427951623739,-0.003185206029994348,0.008394997900482747,-0.09090817955992511,-0.13738331344094173
2022-10-14,JP,1.9865675837634418,1.2620176322253083,-0.9551773720746166,-0.28220892748208026,0.39242168925268456
2022-10-21,JP,3.332563926783809,0.7446904211484465,-1.5251306174903954,-0.4800310701644665,0.7525692903312732
2022-10-28,JP,-3.459570070088595,-0.6900802422300905,1.5967518178405191,0.7337466083849109,-0.2152409189176009
2022-11-04,JP,1.8164695999536633,1.3426431572414979,-0.8140469472160511,-0.3037476928663576,-0.23061209424739473
2022-11-11,JP,-2.564091067134677,-1.2273866529416328,0.8960716314924667,0.5749106940670564,-0.18140557014789885
2022-11-18,JP,0.7670044200749402,-1.4426313874531373,-0.11104210240076691,0.030633383425352146,0.18079040165901802
2022-11-25,JP,1.1497834231058237,0.9479971290538038,-0.3684024740248521,-0.26223497480512303,-0.09570240500174396
2022-12-02,JP,0.14176650001883284,0.1533938010150055,0.2154058327168984,-0.28555004744222995,-0.04884360659919038
2022-12-09,JP,-0.765590188674019,-1.4326770183948745,0.47891094443615484,0.10391253453293597,0.5231296032951481
2022-12-16,JP,1.245689518747493,1.2596177419922348,-0.39415733208132114,-0.36212155188876405,0.26956369023193105
2022-12-23,JP,3.8885671326232654,-0.5628562313900646,1.6630169675155149,0.6949676649875156,0.06083075651099063
2022-12-30,JP,2.3076687346226654,0.881267731999419,-0.40691022141437844,-0.2512063879683785,0.0414198117065743
2023-01-06,JP,-0.051872126189551844,0.4254141881013003,1.194455593588981,0.8234505607080199,-0.3712119461030831
2023-01-13,JP,2.4332047135078323,-0.19666413436436503,-0.34792478007295974,-1.5498741405959262,0.9092270538196149
2023-01-20,JP,-4.134875766807872,0.8556267434988427,-0.8316022593508406,0.9179197917177081,-0.07819832748746067
2023-01-27,JP,1.8690509385532936,0.6915765407082368,0.9142926857578033,1.0193443210934376,0.7178169557892093
2023-02-03,JP,-1.8958451712821132,-0.2532949548925067,1.0467012545684196,0.3036189714988059,-0.8202519597538793
2023-02-10,JP,1.155805041814331,0.6337560252813106,0.41631896702777044,-0.9770259993450768,0.3827999003690465
2023-02-17,JP,-0.476478291261149,-0.9268536734311247,0.8147213117652489,0.05115595734911639,0.27230299269073144
2023-02-24,JP,-0.28635483335026096,-1.1716118913842797,0.07948358610407094,0.11530653680007627,-0.041408357821222506
2023-03-03,JP,-1.100493822976274,-0.1483894506654806,0.3012370832225014,0.2872494044247784,-0.4253350501632075
2023-03-10,JP,-1.4500174041760243,-0.5007541777920884,-1.577231692911442,-1.006680034350088,0.44685827959974095
2023-03-17,JP,-5.073331559596123,-0.28698576876794774,-0.37168143124269687,-0.028360580036496334,-0.445673965666243
2023-03-24,JP,-0.17660490595797204,0.4441780496656199,-0.47165806192777265,0.7810860458200203,-0.4470660992387747
2023-03-31,JP,0.008048480057125868,-1.7495884208794994,1.8032092910528728,0.5575202516919375,-0.10363410007727437
2023-04-07,JP,2.3560067961612323,0.22453795211312827,1.060368366317716,-0.36970485773050393,-0.1398304365794245
2023-04-14,JP,0.10802432443209767,-0.31548898903904177,-0.3790791629102827,0.523965224679542,0.10136392886688783
2023-04-21,JP,0.6346827885108017,0.4029073435004334,-0.2541129228545902,-0.049326370694681126,0.005686790238314208
2023-04-28,JP,-3.493930979347358,-1.3457359570928311,-0.1735023157986582,0.17668467836804322,-0.3762949313686904
2023-05-05,JP,1.3426333928728689,0.4111399150043812,-0.09121530331036887,-0.04785836035579633,-0.05893619753636944
2023-05-12,JP,-1.3621821770606164,0.1111558311327479,0.07614344578035127,-0.2134158491450028,0.19161387999421206
2023-05-19,JP,-0.08124686070060919,-0.11052681188757521,0.5210260759551401,0.10614757956676524,-0.271143435674323
2023-05-26,JP,0.37994821666797957,0.335820100935555,0.2972666205435325,0.07639897436944482,0.11901805422408171
2023-06-02,JP,-0.22051016558457787,0.7680815145854428,-0.14565112407883027,0.30903266901291643,-0.06906684450748309
2023-06-09,JP,0.31323115473256424,-0.45542389052434873,0.2635024747943298,0.20185961898140276,-0.11425517696354993
2023-06-16,JP,-0.8713309138763639,-0.403209830155378,-0.23730289882366665,-0.21233659865185484,0.11539986702820768
2023-06-23,JP,-1.1201786039779862,0.021878719259370866,-0.2430546810393168,-0.11067288343111786,0.022017784973073214
2023-06-30,JP,0.9236526240402302,0.46783215280429535,0.388923113154314,0.23914502385413228,-0.06973901464423904
2023-07-07,JP,1.3704547413490482,-0.8431179526038834,-0.38272515465588486,-0.1631950635499457,0.3522936898887119
2023-07-14,JP,2.1048732552671505,1.6209386492929887,-0.1810390376469771,0.12767579631951653,-0.16680912428892133
2023-07-21,JP,-0.26942875841485003,-0.5864016229608043,-0.03190106612558932,0.30467141275034326,0.08057889420199202
2023-07-28,JP,1.6147378728914954,-0.2528119647512767,0.9152528982253282,0.31908515056625697,-0.24723252358529105
2023-08-04,JP,5.6610306157787385,2.4338316032884166,-0.7514197701225076,0.045795303631295525,0.20549722423580305
2023-08-11,JP,-2.1824107677162945,-0.725044385258779,-0.21200318038114246,-0.1568639860543882,-0.06947246819199103
2023-08-18,JP,2.169187285433788,0.9324719353261861,-0.05633225190942918,-0.012141204156439532,0.1478182429206305
2023-08-25,JP,0.8828860237321371,0.5597073078128275,0.6223708664197722,-0.20637617991244173,0.04543549835135886
2023-09-01,JP,-1.0100085305029434,-0.44405979209191293,-0.5403618964857558,0.29617438018804415,-0.14756792744714622
2023-09-08,JP,0.8270047317089508,0.8224332166791906,0.4224875332517632,-0.1401950579651093,0.36230885542544755
2023-09-15,JP,1.8372736706715855,-0.7577147760374471,0.6449586344958219,-0.051173009592009946,0.054978784130909314
2023-09-22,JP,1.2370156887779735,-0.054223374515623216,0.5519553801290474,-0.10689425358018353,0.10207354424700543
2023-09-29,JP,1.0724143664492658,0.30819043161342935,-0.09977747807272237,-0.038718397629300315,-0.10878935612361415
2023-10-06,JP,2.3945077933605674,1.388190930240223,-0.7202874464492761,0.0583154739594374,0.10467537385782542
2023-10-13,JP,-2.0611217910988584,-0.327630421585529,0.07335257804643425,0.07818721735051626,-0.07801868635336455
2023-10-20,JP,3.899327600217037,1.2836205731392094,-0.29689725243015525,0.30107937687067804,0.1709652934326143
2023-10-27,JP,1.2326356820278968,-0.17543435027097123,0.10392730501861867,0.2692433475665427,0.1447594982669563
2023-11-03,JP,2.251466155329784,-1.1232415637760467,0.06882964667257015,-0.33950911112641835,-0.06719496588851186
2023-11-10,JP,-3.502947373943573,-1.3041922557593375,0.4503223092276726,-0.3051833404760346,-0.25716180297788216
2023-11-17,JP,-4.1430896700797115,1.0928170030341327,-0.20267203497779845,-0.07115091282773575,-0.05693529267459002
2023-11-24,JP,1.0752878635003784,-0.6312220240241531,0.021170814252104656,-0.15575655821335074,0.05732582949371397
2023-12-01,JP,-2.7626496719155558,0.8290950996221557,-0.6841158672141637,0.4258551322457537,-0.24928748834317463
2023-12-08,JP,4.024277357079306,-0.2956309498262451,-0.20318413378436362,-0.2761929846714943,0.24548077458263992
2023-12-15,JP,-3.209760866351428,-1.4864172374295712,-0.13021550974467622,0.1878682822924624,-0.008606721357584047
2023-12-22,JP,-2.992891218177453,0.5774478534480335,-0.3110838453183995,-0.3327371693479937,-0.13861368768662602
2023-12-29,JP,0.07806135789277509,0.9426829328707698,-0.6223702367244517,0.522403223505206,-0.17725082452934585
2024-01-05,JP,-0.9380805154942038,0.001197847520885908,0.19522734506400238,0.005635571355149217,-0.006501247570230069
2024-01-12,JP,-1.883358870623964,0.1056112169626672,0.15052913544612348,-0.4834045166509701,-0.16027642894065497
2024-01-19,JP,4.142506026918393,1.3673831307610096,-0.16404063010702843,-0.06380977730246172,-0.1416389724359776
2024-01-26,JP,2.1070345994159063,-0.01612344447548,0.22903460598620246,0.0036880255334453527,0.12593370501357384
2024-02-02,JP,-1.3616277979407079,-1.9783780413857504,-1.3576411186058692,0.3805169693515244,-0.047091981140207614
2024-02-09,JP,2.2265097648482883,-0.032325901488170744,0.6041161942677709,-0.00200876680860324,0.02676002862151451
2024-02-16,JP,0.5654196886585953,-0.8368857367940863,-0.2745947094014875,0.026540252947629517,0.08209080161333
2024-02-23,JP,-0.7163398287381562,-1.3904366251404177,0.07637910306998502,-0.07080861411033414,-0.10335620135667005
2024-03-01,JP,0.5718080971619239,-0.2856771044089543,-0.5359028879952973,0.020822300310445265,-0.2584722349185686
2024-03-08,JP,1.2502637669135426,0.18721939534275303,-0.44143742784889656,0.22899629584022735,0.08618273351621245
2024-03-15,JP,1.5402634264776107,1.1900470770723057,0.6092742985300097,0.37686894454254005,0.0057574035059833615
2024-03-22,JP,-0.8492163876354776,-1.108686865904687,-0.5133579282213379,-0.6164161946932988,-0.26276127322957116
2024-03-29,JP,-0.8970577749261504,0.6769201408092129,-0.027539272492533455,0.31858404989841344,-0.10633486772662538
2024-04-05,JP,1.3291095661880055,-0.2583273229131144,-0.13420267174229328,-0.0708256781456341,0.2637469281180497
2024-04-12,JP,4.819601792434935,-0.38411586179547824,-0.34421366307623463,0.18608820359178066,0.2997443837975484
2024-04-19,JP,-1.6339351208515709,0.13009489671549596,0.0170269606833747,0.18559140935084514,-0.20208568781701514
2024-04-26,JP,3.4538513751187465,0.17164199785979892,0.3251640537193998,0.35095743024289205,0.10597167549361236
2024-05-03,JP,-0.44013874084108706,0.5538715749126566,-0.31259056779757827,0.016383076555226115,-0.08428945876013627
2024-05-10,JP,0.9889969815929747,-0.6712802891363525,-0.3872479964328315,-0.14525537077022935,-0.05200555642590676
2024-05-17,JP,1.8653845403898441,0.30244548449779746,-0.012377683674847213,0.09954126894266754,0.08666875354649936
2024-05-24,JP,2.841885891344995,1.2295652898779503,0.13599844415586593,-0.10783593983750543,0.035609904397670374
2024-05-31,JP,2.5424451444495055,-0.9383694668772042,-0.22265185787972694,0.37833329761047546,-0.7031747880736139
2024-06-07,JP,-4.547721540967991,-0.13000689532488263,0.054964960053920785,0.09347324211937438,0.4013203835665973
2024-06-14,JP,-1.7485057332135328,1.0888107383577803,0.3320597715950415,-0.5031882150289761,-0.2804635669669797
2024-06-21,JP,1.923713313133558,0.4444311589960966,0.2949325836442343,0.11842701064880162,0.19599116104713002
2024-06-28,JP,2.8046639074418,-0.05854065696419894,-0.17766909309333997,0.3032044611868954,-0.23629662862528403
2024-07-05,JP,0.8324139322791291,1.1676222204366793,-0.15264001179171433,0.03193539006387455,0.247747001272294
2024-07-12,JP,-1.0246652941588164,-0.11367769248339529,0.1745947757999105,-0.12230968419273638,-0.09851384156228339
2024-07-19,JP,-0.2166882765743677,-1.078185842498351,-0.07494877406670714,0.035607600025599755,-0.12105613637245269
2024-07-26,JP,1.2045884348542362,-1.4632470783348392,-0.7561634412567922,0.2500766251152963,-0.27361365000447213
2024-08-02,JP,-2.9778035202682194,-0.902099714557075,-1.178812203889016,-0.1630510561584549,-0.24934516907157595
2024-08-09,JP,-4.498159213244591,3.1977562515627236,0.24275548173643283,0.0663030135778879,0.29725431092291127
2024-08-16,JP,1.3005565351228006,-1.7797385745393368,-0.5126078508036322,0.03718510985735263,0.023216579411259312
2024-08-23,JP,0.8189362669226224,-0.12187257118079511,-0.053138361613021184,0.16187386508199872,-0.10243194087017307
2024-08-30,JP,0.09961496774817838,0.5850013468532124,0.019456174392544347,-0.05047674942955993,-0.16906566228203887
2024-09-06,JP,-1.354828241726711,-1.4259424994011267,-0.43715571344064513,-0.10796627187984666,0.24514643104146497
2024-09-13,JP,-0.04554302589774785,-0.43535541200999883,-0.20874272403580815,0.028241487725192842,-0.2741323812633683
2024-09-20,JP,1.3706582899149746,0.9444297582116754,-0.20263481962023838,-0.04504843284901661,0.09896052194801058
2024-09-27,JP,-2.3905297177998386,2.1289030350614273,0.2822637521180479,-0.36700977650996847,-0.3501927333670637
2024-10-04,JP,1.3926287958357646,-1.825042216997168,0.1031128302921006,0.03326369626503655,-0.041631593852203885
2024-10-11,JP,3.2251783979696946,-0.34563602249086156,0.0011844288392364435,-0.11865623841566421,0.20512184598844674
2024-10-18,JP,0.6801850848519437,-0.6743184379638308,-0.036212288420404685,0.4610611746726658,0.2951993981409671
2024-10-25,JP,-0.052139142000470956,0.09119907581343868,-0.6715108475816168,0.04165031555800085,-0.16096345953508395
2024-11-01,JP,0.3975129919230889,-0.06177753043987998,-0.5509716371221711,-0.016382858205803704,-0.38381966575017
2024-11-08,JP,2.4840507397286307,-0.5846222942284329,0.20531892988360625,0.04332352899121897,0.12653933866372272
2024-11-15,JP,3.0624203121415072,-0.7978220610573652,0.008667038977276054,0.16380000012815385,-0.13799864486326924
2024-11-22,JP,0.9209035645443341,-1.1340711878153016,-0.3826679098173313,0.019729739536129276,0.15382561151954635
2024-11-29,JP,-0.8128517828805032,-0.33646372032015986,-0.6116916304940143,0.056412515130395684,-0.37138407507056964
2024-12-06,JP,-0.23175211289884012,0.08642154363475162,0.3534995134904716,0.0341214266349182,0.26134984636826997
2024-12-13,JP,-1.1184863124811621,0.5142823049691976,0.3411624131990563,0.05451348861610978,0.04701065037664272
2024-12-20,JP,0.5231887389611399,-0.17876144688789325,-0.027511207823931762,0.14275263774562785,-0.07548736165640789
2024-12-27,JP,2.1300357450455394,-0.3665972303705139,0.23015396204171132,-0.12028506920245197,0.07367988654621915
2025-01-03,JP,-0.5112082517766516,0.08218614539785367,-0.0704947623322414,0.18449464296304063,-0.005199842980138818
2025-01-10,JP,3.7361122481389706,-0.7829846603282072,0.3927616866847578,0.016985800915709514,0.04014318990678738
2025-01-17,JP,0.5403849518798285,-1.6259963224934604,-0.49452960879784463,-0.004974838565116172,-0.43036125787812424
2025-01-24,JP,1.0004078312704343,-1.1338308484157955,0.3255265079316415,-0.1177174633476511,-0.06929587754984474
2025-01-31,JP,0.6356647112522187,0.20208631626372822,-0.18197474939142527,0.29707750592861,0.2879162787368314
2025-02-07,JP,2.6599856635747394,-1.9453568548174998,-0.1502206043649518,0.14275974474606085,0.13371041911641457
2025-02-14,JP,1.232896981489896,0.2876300297733558,0.8145586791123834,0.0400512361614013,-0.011086060269430997
2025-02-21,JP,2.2618106456601565,-0.3643137721613001,0.6204914718786791,0.19152412583558065,0.01582985650326592
2025-02-28,JP,-1.501070125905338,0.7877502639631958,-0.8696726222541783,0.22446479450273263,-0.27161135298455663
2025-03-07,JP,6.521901543375979,1.1318830914947442,0.6353173129082156,-0.1453467154960923,0.45091419469569344
2025-03-14,JP,0.37905063749066353,0.7274590493135166,-0.14087699599913575,-0.2781131447699297,-0.1506313854211655
2025-03-21,JP,0.2762695095977463,-0.2531574942773841,-0.21106116038917214,0.16779472931644487,-0.04272648332221138
2025-03-28,JP,0.3420551071866152,-1.4954583216325044,0.5066621376259502,0.09462753349200026,0.2941918787838875
2025-04-04,JP,-16.26981110851152,4.72779898697476,-0.5039469050192388,-0.8338509699320279,-0.301041910531603
2025-04-11,JP,9.158372423182822,6.701545030021811,-0.21370002706311783,0.7252386540652194,0.8159348155814387
2025-04-18,JP,-0.9825395156635085,-1.0586831001019632,-1.1841844654076048,-0.3761366372227322,-0.44178781765055314
2025-04-25,JP,1.533286745907888,-1.9844054059546896,0.06437211762549845,0.11978122037890383,-0.4531304748787381
2025-05-02,JP,-2.279148730310431,2.925334541087328,-0.1211607539242595,-0.5921924670803355,-0.37984706579205196
2025-05-09,JP,3.960428685652411,1.0405592243821584,0.17363296060689046,0.05412561995115379,0.04704162934051284
2025-05-16,JP,3.7766228670559747,-1.8241518498448277,0.21481028188845824,0.13316261727313125,-0.4587772557884041
2025-05-23,JP,3.939711995160406,1.0766408583266063,0.3771563322646847,0.3719167308745303,0.6592366055336498
2025-05-30,JP,-2.097990907145906,-1.9930501226756523,-0.3215930149699451,0.12060067448535856,-0.4997916781310102
2025-06-06,JP,-1.6713386554674752,-1.4415802549411592,-0.2535938570033958,-0.15440558059023107,-0.09422342807627967
2025-06-13,JP,-1.290161209223523,1.073385009969591,-0.510053260470127,-0.05759544609801901,0.4475321294150295
2025-06-20,JP,-0.118719718796962,0.5943326975470841,-0.12010963972085935,0.05862268473320937,0.014189109970705207
2025-06-27,JP,0.6450891454350369,-0.7172495127001304,0.49723701084665944,-0.002927110406378868,-0.5577336576574057
2025-07-04,JP,0.49071735818541645,1.0264635716684918,-0.6068008563591197,-0.29666247617104285,0.07300823842353084
2025-07-11,JP,3.7624697154375735,1.5037391780688374,-0.5861907235960426,0.052027415888840224,-0.2071921887765246
2025-07-18,JP,0.8236324319266924,0.1627344950311634,0.033547407488505834,0.10933677193957567,-0.0068915371112855004
2025-07-25,JP,3.466659073825728,-2.7895462967577074,-0.06742124126798044,0.11069994721533095,0.12563068373635514
2025-08-01,JP,-1.7404484330920837,1.9742862637891607,-0.25335185796820864,-0.03560118012328892,-0.18145127060417726
2025-08-08,JP,-2.290430329557078,0.8375923379188278,0.0009531546149573583,-0.4161523413546471,0.0879316616887852
2025-08-15,JP,2.911988216632229,-1.3453078956857218,0.1792606517346484,0.17801953807131146,0.061101274785707343
2025-08-22,JP,3.2668609197803633,0.3592607103066344,-0.72129546538425,0.2630084417646445,0.13186497925545235
2025-08-29,JP,-0.9787965907259727,-0.6747960601124695,0.11993496404893597,-0.14712241791630057,-0.5191730486495425
2025-09-05,JP,-0.6103439275221085,1.689137036874847,-0.2542020070036733,0.08414034621488019,0.2786105983992988
2025-09-12,JP,0.8876469459827783,-1.2560430016375626,0.08826252409063544,0.06610249633044549,0.24042017265133922
2025-09-19,JP,1.3425935118637795,-1.9154715994021858,0.2985225842773402,0.07134086427666296,0.0054896619206695136
2025-09-26,JP,0.7207217504844491,-0.44027532149164994,0.04073115012810321,-0.27968315283067047,-0.22595161733342062
2025-10-03,JP,-0.13107371003377044,-0.46356806690507635,-0.21685817932017457,0.24364466444814456,-0.008221521717952998
2025-10-10,JP,1.6252028644496594,2.4395619613421156,-0.14865918751115184,0.05694749220831097,-0.2676454547659613
2025-10-17,JP,-2.1500832273360206,-0.271260365541309,-0.2852583244405098,-0.22362855632626472,0.274216568031876
2025-10-24,JP,0.17389453928700646,-1.6486975789593006,0.6084164988274076,0.18587505427712095,-0.05171307942944015
2025-10-31,JP,-0.234149854792906,-0.23250966115338087,0.29465897518407574,-0.11075701006432481,-0.06773439682390518
2025-11-07,JP,1.3352135068606237,0.38291595390031574,-0.2861119596825801,-0.12361147130360162,-0.08323454312510203
2025-11-14,JP,1.656504155903012,1.827442803762525,-0.18102277573399203,0.0047805915358207765,0.10710000351963929
2025-11-21,JP,3.334139346246974,0.34732504650202595,0.25921904880562635,-0.08712816627257758,-0.2981064610609279
2025-11-28,JP,0.9521264160860323,-0.38738914970150207,-0.4476761179274713,0.6192604263909414,0.17954383842706764
2025-12-05,JP,4.599896547572024,-1.6814752352919085,1.3657086459447325,0.17039432004500088,0.28113361247385055
2025-12-12,JP,0.26144270918479434,-0.4905197571883191,-0.20020910165291603,0.18855430647771904,0.04398228021838283
2025-12-19,JP,2.5546417212422403,-0.16645502453402589,0.185769624556977,0.14730953134875374,-0.23920507166849195
2025-12-26,JP,0.7577695767165996,-1.5046673176832184,-0.13766177883006792,0.1734645437422203,0.09944027288721785
2026-01-02,JP,1.2688922274724428,-0.42734125784554433,-0.1258630452308129,0.10076071343685614,-0.04823404311303595
2026-01-09,JP,1.1894279711814604,1.212786135767278,0.43635300254538173,-0.1442838200472073,0.2776820873684747
2026-01-16,JP,3.6934763936389503,-0.4121484729896774,-0.0020882240903243444,0.38707207717538333,0.05488971259125326
2026-01-23,JP,4.107846549621364,0.6091518896387301,-0.8859933437360246,0.4448941191865425,-0.14605422539563379
2026-01-30,JP,-0.7867531099034663,0.31779474915543443,0.07396492421823606,0.34433024583611543,-0.07129812956333932
2026-02-06,JP,-0.3072276928670886,-1.9093881929887717,-0.07694744484084258,-0.19238952964015824,0.2505175585283226
2026-02-13,JP,-1.6433463701594837,-1.7261605231242134,0.3450829524123645,0.14182994477061286,0.04220989293707405
2026-02-20,JP,-4.21649462420633,-0.7621804483610517,-0.2755851473100723,-0.050277863545556356,-0.1499469292000673
2026-02-27,JP,-0.1278098014572355,0.7933408811679319,0.021470820787209948,0.4308139658866196,-0.04770385360471902
2026-03-06,JP,1.8901560501378982,0.656264692102978,0.6464656646091356,-0.3202043845208604,0.2537127377904188
2026-03-13,JP,3.753752084279222,0.31873234339320045,-0.23015156199752343,0.11606993307651968,-0.07154709229671816
2026-03-20,JP,0.12120606521480394,0.5604469042123005,0.38663628654436516,0.20405594072706518,-0.036074373885331704
2026-03-27,JP,6.664569320017685,-1.2139215651687483,-1.177239408827688,-0.1696831965679094,-0.24224642890066286
2026-04-03,JP,-0.3309189049188527,0.03302549104819009,0.18620525954965067,0.4253716878749385,0.22152226188638632
2026-04-10,JP,2.041652183648088,0.0023095853337612693,0.5082743835438859,-0.09222143673862455,0.2763651752923777
2026-04-17,JP,-1.3330534084166503,0.42322275063327436,0.5811525935069795,-0.12751727441735555,-0.29553614446047904
2026-04-24,JP,0.554746371162468,0.8294130556574651,0.10196759656617381,0.0025817942882771223,-0.11727986715300316
2006-02-17,Global,-1.522638358908713,-2.0829069104163116,-0.44524296780470096,-3.0665925094814095,2.7055239264538637
2006-02-24,Global,2.518548769417799,2.6916631824204633,-0.7984265212127837,-1.0611388899570697,-0.5467406384830219
2006-03-03,Global,2.4870876436833007,-1.4610099294045509,-0.060434633644148986,0.03819449795208094,-0.23411608285925933
2006-03-10,Global,2.2501357934839827,-0.8497622517493072,-0.4229429768733559,1.2090267963531869,0.5341236372102814
2006-03-17,Global,0.724834263142904,2.877227209970407,-2.279853370167291,-0.9795582756427682,0.4917985706219606
2006-03-24,Global,-0.2597727340852806,0.7459906285614353,0.4563662018072578,-2.1477750768458064,1.1424549824032537
2006-03-31,Global,4.779172694503104,0.05483410256540831,-0.005045572471608687,-1.7439076681150194,1.5089369078088797
2006-04-07,Global,5.548757658403819,2.2917865184558703,-1.3875199960897022,3.1516870599456497,0.13934091802074908
2006-04-14,Global,3.159639474204541,2.240570775831819,-0.2850218499804669,1.3829364229538372,-2.0259158239451587
2006-04-21,Global,-2.2828724803421134,-2.241098546709491,0.7081726095238104,-0.029871847427281717,0.4664009433240107
2006-04-28,Global,1.2906188133988048,-0.6626185512582331,-0.5275585159580346,-0.7623782256685281,0.41347292396336616
2006-05-05,Global,0.7101014076422606,-0.651754255947643,0.649635262179194,0.35501442008749334,0.03350568761763794
2006-05-12,Global,4.1045483499991695,3.5317194888285544,-1.252372022800427,-2.9079827309649615,2.6467823450034325
2006-05-19,Global,-3.8751896267300103,-1.5544458097330638,-0.010717631204312131,0.7596123910423463,-0.08515729857424806
2006-05-26,Global,-1.548931854557187,0.7152048329581553,1.3390383430090012,-1.9889652206955368,1.208890852165949
2006-06-02,Global,0.9740465294392846,0.7100096485240319,-2.1213723616589872,0.4086979943428011,-0.8356780274921602
2006-06-09,Global,-1.8183910862238004,-3.1311385491883588,1.2413963438947064,2.213797488820984,-2.4169329508820576
2006-06-16,Global,2.008307481960045,-0.2588990893125621,1.8716421834026964,-0.34008559702105023,-0.4081385448708743
2006-06-23,Global,4.022107112340189,0.10917365943113032,-1.0654653000501753,-1.3174119381168103,0.5046756029137476
2006-06-30,Global,-0.3140908469242421,1.8648348783906505,-1.8595648460302179,-0.48134748647513403,-0.22612641754391843
2006-07-07,Global,1.339857928022864,2.46868522268719,-1.1101098944165706,-1.2180260579472928,0.6025121791957021
2006-07-14,Global,-4.43555391226365,-3.8236172158556365,1.6112966839511107,2.0447011823786565,-0.7896398509846035
2006-07-21,Global,-0.9744717454739847,-0.35676504854598823,0.4402695962581247,0.6067125106934113,-0.855549096553165
2006-07-28,Global,0.9078105180654671,3.7916957626268917,-1.6440968752953053,-0.05222565728290499,0.40891120628363153
2006-08-04,Global,-2.2629844971432838,-1.2960413450563366,-0.37576063122658404,-1.1131963274903847,0.11072464943995419
2006-08-11,Global,1.1262828896602537,-1.8097387908604143,0.5627953503703857,-0.10636921148624554,0.04394585743429734
2006-08-18,Global,-1.9034179894762475,1.108078988553229,-1.3090561973588977,-0.15540588027879151,-0.5414011394404432
2006-08-25,Global,-5.3104097479662125,-5.066838689435085,3.2567521269220667,1.8168034334162695,-1.0898298087990492
2006-09-01,Global,-2.035909783580477,-0.8087792136487387,-0.09742680273186591,1.3636376646212387,-1.1691058680154784
2006-09-08,Global,1.862998812217017,1.7843647758402996,-0.498558362594547,-1.8849580639491752,0.6744586027268459
2006-09-15,Global,-1.045585790680182,-2.022089648015432,1.3768831116979219,0.36864215555589597,-1.494718876762263
2006-09-22,Global,-3.9341191202513626,0.2318066366119492,-1.4065319157698142,1.0533311141067752,-0.2324110049331265
2006-09-29,Global,1.23572148725027,1.805396357055974,0.0912666882890521,-0.08324591943172865,-0.7233962080270534
2006-10-06,Global,1.4149204338256185,1.4369961663095738,0.5626079430434552,0.3951037600727297,0.15315942823072023
2006-10-13,Global,3.4329986344648784,0.9930797221741842,-0.03905766441952351,-1.5298624535229188,0.2821308919355203
2006-10-20,Global,1.0037671131836825,1.7932163947496829,-1.2697247814716959,-1.7086191490602736,1.208772743116361
2006-10-27,Global,-3.2326442020740562,-1.8370231733235478,-0.3552904164349764,0.16525981486734864,-0.6647194235106804
2006-11-03,Global,0.0972316703326254,-1.4598100847222037,0.5897629577186905,-0.2977073405962196,0.023438245378689493
2006-11-10,Global,-1.956217048485738,0.7661798136991187,-1.301328126529256,-0.4467316529484782,0.02562569225196535
2006-11-17,Global,1.288977303170015,1.4225480814021456,-0.5574298186413021,-1.096005969984366,0.46155491680430616
2006-11-24,Global,-2.0418377209735485,-1.232230166809482,0.24200437919437046,-0.3791344267089439,0.639778440388751
2006-12-01,Global,-3.1509712590104955,-1.680741731184461,-1.0159034962770275,-0.011118751381964102,1.099533074188437
2006-12-08,Global,2.9567105942337144,1.78331029967473,0.9983285557649512,-1.9592703551426867,0.45385889831630555
2006-12-15,Global,1.1512292738010734,-1.8949835671774484,-0.050883102392264075,0.5531168331538917,-0.5765505860714557
2006-12-22,Global,-0.14744100596625234,-4.272605390191022,0.0943257230050082,0.8260091374150039,-0.08063429770189126
2006-12-29,Global,3.2980016169904833,1.5561562904541666,-0.5286989797999371,-0.36975441075157217,-0.029835992097372244
2007-01-05,Global,0.3050373962202335,1.3623713660425418,-1.6898078654237012,-0.31344025288950633,0.441817634112811
2007-01-12,Global,2.959501507104894,0.016857367008260956,0.569037012904927,0.8096924323452123,-0.29681049726109876
2007-01-19,Global,-1.6049726338506165,-2.6900656806300063,1.4738798054312336,0.5916253911619586,-1.442474691806777
2007-01-26,Global,2.0493072370690757,-0.8806143090509208,0.653113710009804,1.06697022697921,-0.7376401524090189
2007-02-02,Global,-0.3281395501245532,1.4886029290301666,-0.7420900322207544,-0.32850806789571657,0.8890117130953754
2007-02-09,Global,-1.011373834300984,-0.6568098707579413,-0.31738902176035416,-0.049032709459595314,-0.44677741389142195
2007-02-16,Global,-0.9220834391190497,1.6358822464839233,-1.3196270357440336,-0.40352976081283015,0.6000499620265762
2007-02-23,Global,-0.40052338912672886,-0.43434638060268776,-0.21838751122355674,-2.0805292001474123,1.375700565587764
2007-03-02,Global,-3.865919623997753,0.7270124531025479,-0.9652390698793004,1.6131117375174457,0.4584507149356844
2007-03-09,Global,0.16408288884171016,-2.5188105809077546,1.3678156558003567,-0.38465317817186817,-0.3445743274574837
2007-03-16,Global,-1.2334817315631277,-0.061759614151953225,-0.09181404751503792,0.9235841066905179,-0.6922947943885194
2007-03-23,Global,2.3386076318739124,-0.3010289361601749,-0.42434983426244727,-0.41098160418602275,1.3375049266866266
2007-03-30,Global,1.7363301443916819,0.5341303052832727,-0.7875906004005447,0.6889783224850274,-0.44399768786268484
2007-04-06,Global,2.1280041286838665,-0.21727444306625465,1.0382340991718075,-0.2315573712384723,-0.34713605377247264
2007-04-13,Global,1.6455001065696409,-1.3194893153301768,-1.4688214379227122,0.1964989503860128,0.18005491282098102
2007-04-20,Global,-0.6931165886880183,1.4227291843499934,-1.6933664054594797,-1.0336695613173923,0.8531233040582832
2007-04-27,Global,-0.5337737970532288,-2.034236791962222,0.8197803256555122,-0.530922954867666,0.11537723920548319
2007-05-04,Global,-1.034121389376495,0.27588837443299313,-0.3948678703107781,0.08319406723842458,-0.3532930183953349
2007-05-11,Global,1.023024877997259,1.0656373306379152,0.1176472983889724,-0.36099411247546764,0.18674336728731536
2007-05-18,Global,2.881700100103663,-2.029833798276297,0.28709040688323884,-0.7967139344201994,0.0029661643357980017
2007-05-25,Global,2.9490686430980095,1.999806201609789,-0.9997312123416607,-0.46212735226581486,0.25780693588918535
2007-06-01,Global,3.0064166252927245,0.9107551602745588,-0.4205657677861447,-1.7946604109316644,0.6503978514217259
2007-06-08,Global,5.237070843223003,2.0198358253563122,-0.8115827625774824,-0.3813777304687892,1.6476767399153374
2007-06-15,Global,2.956566639422346,0.3859412714526129,-1.2979318291615216,1.9844107755058555,-0.9644853610397394
2007-06-22,Global,-1.4508245262320356,-0.9552241233810594,-0.06164128286002397,0.3477403701442067,0.2248886340206286
2007-06-29,Global,-3.069174225414358,0.3976738572522437,-0.032650120807642104,-0.6870901991637692,-0.4036760982726372
2007-07-06,Global,4.784543161660916,0.8411262495797761,-0.13162562774854525,-0.6043675950312648,0.17893591503466943
2007-07-13,Global,-1.522633464799703,0.9885819808816069,-0.5277639307211868,0.5708616423741455,-0.5221805074138034
2007-07-20,Global,-4.311484179329985,0.26942978315918437,0.15434633756511218,0.07588354527927826,-0.39588475328537504
2007-07-27,Global,-5.512746017657279,-2.4295511337393747,0.1185390507072012,1.247624458482063,0.7606757178248983
2007-08-03,Global,-1.241915530941756,-0.004149119042287535,-1.0546584706756839,0.48213978514144873,-0.25657754648113773
2007-08-10,Global,0.17655228616805882,-2.463932805675458,2.152639922387577,1.028586713105024,0.8474585527403933
2007-08-17,Global,-6.018267546421416,-3.660046279251059,1.4761637150767368,4.751468694841817,0.20440876710908568
2007-08-24,Global,0.501803954926216,1.3731575350985334,-1.0731917641740585,-2.739955531392546,0.25253500078099733
2007-08-31,Global,-0.544500497125905,-0.07338617597825581,-2.1843904859422887,1.1566392231534308,-0.03278636818779002
2007-09-07,Global,-4.300576359013379,0.004296432385422949,-0.5888632128468317,1.82401801543901,0.3270563042478735
2007-09-14,Global,0.2570541017563582,-1.029997551688202,1.839997461664166,-0.1924285069142405,-1.6096070212081555
2007-09-21,Global,6.246801703219775,1.963576729042728,-1.5891360938342862,0.7187692182228754,0.904662814127037
2007-09-28,Global,-1.2067144797120042,-0.023996546132452844,-0.738578236609349,-0.3364989114576997,0.29265140090827746
2007-10-05,Global,1.118649345557379,0.8191580551240192,1.011258159906211,-0.4824018221232137,0.050379435690697943
2007-10-12,Global,2.072133430423366,-0.6020298738194575,-0.17549138729437525,-0.805001745230475,-1.0993616443358663
2007-10-19,Global,-7.267095138659527,-1.1506504302266696,-1.6520917786962919,2.875599393392413,0.10620221173564273
2007-10-26,Global,-0.9573948201692218,0.9987835845228252,0.9528673631354911,0.6502117726621827,-0.6199365143913358
2007-11-02,Global,-2.1112163290623305,-0.9472449492338856,-0.7677269281742286,-0.27399718059582745,0.316983142034771
2007-11-09,Global,-2.746908490549813,-0.35708579423406506,0.001312407402521476,1.2889685504882873,1.6353063879098393
2007-11-16,Global,-2.0667599118388145,-1.8538246851098148,-0.7102234367868406,0.012235211171137728,0.35225312578825574
2007-11-23,Global,-3.2528727919907263,-0.8813024624785823,-1.5346386312153988,1.1346734258036926,1.903353397427551
2007-11-30,Global,1.6474937760175508,1.0515610642156792,-1.9402705104085685,0.3434694298510341,-0.525967598512349
2007-12-07,Global,3.3751994571459116,0.9752250359470935,0.9256249938570557,0.8738355920895242,-0.9064880260547596
2007-12-14,Global,2.012237931354104,-1.5541054215742804,0.9573342853550638,-0.7089114987725641,-1.4022290891131794
2007-12-21,Global,-1.293495388114666,-0.2258836051813941,-0.8638569149962457,0.495389777397397,-0.018071985063470995
2007-12-28,Global,-1.3741509921565913,-1.6536526970020455,-0.8019396683799814,-0.0017176156168652527,0.17435789523787165
2008-01-04,Global,-5.847686153668254,1.3155423414209837,-0.8705781303160767,2.14494819929001,1.5873315490937787
2008-01-11,Global,-1.7418002418797196,-1.4139420010121342,0.08256360995522018,3.0966549511258052,-1.004696786249498
2008-01-18,Global,-4.287187416199831,0.5744559876899797,0.02904191751335192,1.6895751787082989,1.4407844109251267
2008-01-25,Global,1.8188498400453752,1.4295380125544086,-2.3010877886002534,1.7280603989794265,-0.3440368936167488
2008-02-01,Global,-2.8735526193807095,-0.43088184191976253,1.849218762794901,0.24505070155423794,1.3791934407055573
2008-02-08,Global,-1.1520406351792136,1.4795517371919333,1.709346475689756,2.0881462942096833,2.0763899066778437
2008-02-15,Global,2.8237268207877517,-0.088497018300596,-0.10353460381996588,-0.2996302168631374,1.19524390556872
2008-02-22,Global,1.4446160386164382,-1.1662875832778596,-0.8894112733345332,-1.0057676218841145,-1.065044419913825
2008-02-29,Global,-6.028429317337909,-1.5964343199342665,-1.2000896304334299,1.8683167035472537,1.8798901982511307
2008-03-07,Global,0.6919731098453985,-1.3915127983065874,0.0005563268949976186,2.866227084970438,-1.6630226207998016
2008-03-14,Global,-1.8460460968431003,0.8155902249906077,-1.886366557251154,-0.3149889185144994,-0.5579326523595242
2008-03-21,Global,-0.9794572158532401,-0.3653267027442721,-1.228828025400252,-3.0296238460917118,-1.2804020274209666
2008-03-28,Global,3.3726593149783706,-2.0113878990466603,0.30976976599240985,0.33201605211384216,-0.2205147324138815
2008-04-04,Global,0.9065601150651063,1.3790096805274101,0.9395750319730486,-1.1470387465370269,-1.1629561610323456
2008-04-11,Global,0.231088651744763,2.5415153405028446,-0.8030150683412064,-0.016882301741597917,0.4711266655481951
2008-04-18,Global,8.032450866056111,-2.398998117630507,0.12667172587040929,-2.5419590118846735,-0.5013524685772959
2008-04-25,Global,6.473549229339142,6.92499371313705,-0.7164232507798144,-4.6536639953801915,2.2472542109631597
2008-05-02,Global,-1.067711153796191,-0.7019312574573653,0.5779855543291843,0.7505040131758517,-1.7349535192666614
2008-05-09,Global,-4.525617243853142,0.3109630458157242,0.9374413062219513,1.0567998183959881,0.8821459085752008
2008-05-16,Global,6.57767245106425,2.3201609254523143,-3.045421693999513,-3.144405699923558,0.7467294454856107
2008-05-23,Global,1.7207320407992377,0.7060736058265018,-1.377528618105964,0.41492259551375166,-1.410123351218133
2008-05-30,Global,3.863939871542297,-1.3809983069082508,1.2976045410424923,-2.5511224229411025,1.3355569684735868
2008-06-06,Global,-0.24368567356920112,0.2373668025197125,-3.6913806225855246,0.14485804084013895,-2.7322380464619807
2008-06-13,Global,8.88676527391514,1.2186366525621755,1.3964113134896914,-5.025339775113005,0.8933164501608444
2008-06-20,Global,-5.01400308052922,-3.806575737488385,0.8558049385191697,2.4033613138571295,-2.604414997345693
2008-06-27,Global,-5.610398121808979,-5.173849687091924,-0.6429420046300839,2.961528933927562,1.4605766422914122
2008-07-04,Global,0.1648882415257594,1.5841171190898213,-0.8697288436122118,-0.21671102055291047,1.1294816631709081
2008-07-11,Global,-2.4040133340897167,-0.781437172759975,2.017210689222171,0.9734665481967588,-1.3640361865875585
2008-07-18,Global,2.8705691186633127,-2.175563014256281,0.5660441901441137,0.569228825259838,-0.7976518156354252
2008-07-25,Global,0.4026813467028589,0.7049265987283325,0.5477872669869933,-0.6304881366464525,0.6931395261304398
2008-08-01,Global,-5.271003446837107,0.4967924301222832,0.5334348899360251,1.219863529628013,0.1157645049173923
2008-08-08,Global,-3.0816535641329805,-1.5569295736618485,2.1348259198188293,1.031032739108896,1.3226498284521797
2008-08-15,Global,-1.8993704656095953,0.2699226705476712,-0.6907270375927221,-0.0037381326594949802,0.3890168298763113
2008-08-22,Global,0.917313782170973,-0.1702871735631606,-0.5217066717537634,0.22713908665978474,-1.223176307436217
2008-08-29,Global,-1.783027487297275,-0.6870396708481136,0.31351949638873156,-0.9751934410497307,0.04458039566364132
2008-09-05,Global,-2.9508779119271766,2.532439269191648,-1.1080587164184774,0.32434579102064226,2.042491019167079
2008-09-12,Global,3.1115359679898402,0.4335353182893622,-1.3169671247485903,0.31199466404238396,0.6880279970980776
2008-09-19,Global,1.8223589312489634,-1.0754866198793671,-1.2592266585785197,-0.14975053917020326,1.5853105322585472
2008-09-26,Global,-1.1495467729466489,-0.0212213248203455,1.5006919960067737,-0.4451880407641108,1.262158217331849
2008-10-03,Global,-9.293420850577967,3.2920562434341663,1.369700568161417,3.6795963325829852,-1.4889794000751242
2008-10-10,Global,2.4926399937417583,0.8981273290202592,1.0005021430779417,-3.7379887765725224,5.362676364818306
2008-10-17,Global,3.7669203972006406,1.5694163241239003,0.4667087938543904,4.6628147386273096,-0.14235089160709377
2008-10-24,Global,-6.123026317535748,-0.3337987292073313,0.7754010133962634,0.9010068678543279,-2.125476280440799
2008-10-31,Global,1.871717194138678,-6.588139531825899,2.940850499207293,5.270390914499429,0.1274341763533703
2008-11-07,Global,-2.9055425672004955,3.742150256217255,-1.5104727952807735,0.3818803052790766,0.7334076722728029
2008-11-14,Global,-2.18976232801709,-0.9622094996284364,-1.298740855218558,1.3923966626202433,1.5450493106311785
2008-11-21,Global,-8.360423330961439,1.9802999749418069,-2.851829266230319,-1.5185194039386112,-2.052219523882969
2008-11-28,Global,-3.8001490733082095,2.1280099760720983,-1.3340001432920758,-2.003365049037694,-1.3343373578561613
2008-12-05,Global,-5.079439745247541,0.7098646823844424,-1.984394667901208,-1.1968228182437062,-1.6470627141605714
2008-12-12,Global,0.7067798390292324,-1.1349087524549162,-2.7003733047818335,2.712947087642766,-0.23866948298336305
2008-12-19,Global,-10.91915099024932,-2.4369642353161547,0.45628646726910876,-0.9018224817311223,-0.7908342485406532
2008-12-26,Global,-1.0418979982624228,-2.9820140402580666,2.3924521907808542,-3.0055226408919777,1.843091373502394
2009-01-02,Global,1.2543645333886875,-2.390673792086533,4.0218616345027565,0.15757751542505133,0.2879565707580955
2009-01-09,Global,3.3378389610919537,3.067691431267085,-1.6428004294469947,5.472556440871862,2.6393883981503747
2009-01-16,Global,-0.6919413452715673,-2.8301629138514324,-2.247503287383596,0.4959786285795837,1.198211860272077
2009-01-23,Global,6.340519546043069,-2.338876545495681,1.9765702297600791,3.2359292405553735,2.931248725125186
2009-01-30,Global,2.3459079247136456,2.412024219845857,3.368103015302486,-2.4754459834925253,-1.0985472662741043
2009-02-06,Global,1.6959562248988145,1.3531722194030351,1.7778620061691908,0.8618510343544074,1.3359610244552966
2009-02-13,Global,-3.3376653813496544,-1.1341244145807217,1.0122698816499671,-0.45472051037351596,-0.1920485847962023
2009-02-20,Global,-0.93163286557552,1.0235053612761247,-1.0112488396528814,0.2642716809628082,-1.3041384870754538
2009-02-27,Global,2.0511085389155266,-0.33703962701421886,2.1381935539856807,-0.10620093388822832,-0.3329694797571609
2009-03-06,Global,-2.6695390609443277,1.1818693321013205,-2.152856487875876,-0.36143705168368556,0.4669837261931126
2009-03-13,Global,2.821778947136226,-0.9914854682071278,-0.4327203133438689,0.32472369516100147,0.6555084614327599
2009-03-20,Global,-3.987237459038943,1.216983847542432,0.03178332926319701,1.6190628948795354,-0.18432332319577066
2009-03-27,Global,1.7787478384377093,1.0180627053654105,-0.17678345538374055,-1.5586328669537133,-0.8996301150950377
2009-04-03,Global,3.425336896451049,0.7677624715873442,-0.381517027293134,0.7405391009679544,-0.8866484207065907
2009-04-10,Global,2.5354952886005377,2.05204408038661,-0.6878133835367796,0.6411994264793041,0.8656912319654639
2009-04-17,Global,-0.563271699067665,-0.2746008906763895,1.3928775012320256,1.1460495578082317,-1.1269673342215936
2009-04-24,Global,-0.4808755812067332,0.5120374704907368,1.9706951428204533,-0.40087284631261544,-0.23427743743734994
2009-05-01,Global,-0.7272834941534349,-1.5044016096758912,3.2942959999157355,0.035486120691372997,0.8130574809251602
2009-05-08,Global,3.3689886890795457,0.6401916525634261,0.34513948094868047,1.1953414070453716,2.102376938596276
2009-05-15,Global,-1.9097858967781962,-0.0350856758684534,-2.2293508040117276,1.2482174298564799,-0.7553231450518362
2009-05-22,Global,4.006003638191948,-1.5634294963367057,2.4033761331209345,1.2752699110880732,0.35094095363670197
2009-05-29,Global,2.046381971400994,-0.2762958560070219,-1.3837051739990305,-0.0066135075172000495,-0.5829098074931708
2009-06-05,Global,5.441995690104134,-2.2952684313802063,4.236712556940934,-1.6364397609602281,-2.0194066150345176
2009-06-12,Global,0.19719075486975193,1.7245037892356703,-0.3776751280510616,-0.4897334104609071,0.41537609781761786
2009-06-19,Global,-2.093677430670917,-2.034752002126729,0.11670330704577365,1.2754368112682626,1.828920636459087
2009-06-26,Global,-6.141657980385283,0.8421901319495135,-0.3732099018270246,1.2968124583182572,-0.8985902316419497
2009-07-03,Global,-3.2360957773672117,-1.2130834213466373,1.6826826844216618,0.48368094098668424,-0.22101009252355733
2009-07-10,Global,-2.367846515895882,-0.13454011866854912,-1.606730179698462,0.26148163424183984,-0.12716423877397395
2009-07-17,Global,4.657051007304772,-0.1646943232580292,3.3930675099288106,0.07253143973398853,0.27382691953131916
2009-07-24,Global,1.6808249957295078,1.9011943984913833,-0.322268874946729,1.34429000597821,-1.041875508502692
2009-07-31,Global,-3.0142199149522377,2.6672554709362486,-0.34110489343518563,-1.4687398742487947,-1.2643323249533684
2009-08-07,Global,5.118601024679987,-1.7665694918578536,2.6505982219106907,-1.204101593595569,-1.3513269586607914
2009-08-14,Global,-5.205138327749851,0.608398226611657,-2.324133167157792,1.0984710347804656,1.5183310128659604
2009-08-21,Global,-1.1377556165141047,-1.5408275070973647,1.04494568674403,-0.2850401606760386,-1.1773779087853333
2009-08-28,Global,-2.078725212911857,-0.07061402531662425,-1.4571399484461007,0.2541684602607038,0.7425383419301677
2009-09-04,Global,-0.4489937345453854,-0.8014840569706272,0.07085307610601707,0.7647565216584431,1.324634603595157
2009-09-11,Global,-1.8105302815100834,-0.5980849447907204,-0.5159758227187756,1.5125396337502173,0.09698765456000329
2009-09-18,Global,2.856556016887298,0.1048074857032531,0.6573123812506171,-1.3886840592281828,-0.19663706747482412
2009-09-25,Global,-3.3934331640694135,0.2899448224656776,-0.07806548971493071,-0.1283858975611113,-0.49057726944269764
2009-10-02,Global,-2.2031627389564514,0.22899816787837848,-0.810784629606756,-0.0890940893890848,-0.2276952833042704
2009-10-09,Global,3.2524529434805887,-0.29213668556289096,1.266262323724559,-1.283970949871245,0.34513668041604817
2009-10-16,Global,1.8331032624125003,0.5711899247641963,-0.9540576324340493,1.4626604660029139,-0.6716949604614325
2009-10-23,Global,1.9053110976351537,0.7011523184508697,0.10965860105690012,-0.5949120803395511,0.8418317711230007
2009-10-30,Global,-2.128650170229468,1.7362097940669865,-0.3777536494662514,0.6016728549212179,-0.42341769385163674
2009-11-06,Global,2.4123472956244125,-0.09333907982009276,0.10445046937671867,0.5711237835410216,1.7479822601740251
2009-11-13,Global,-3.0628455774650525,-1.3259931273405228,1.1093853822312636,0.39658349073029286,-0.5632389962537915
2009-11-20,Global,-2.001116682413773,-0.8015428449312151,-0.43448133364343794,-0.9584945768205119,-0.4067069725947095
2009-11-27,Global,-2.884970576845079,-0.9763602977569701,-0.7561713941016115,0.8684767719435245,0.5539718092116087
2009-12-04,Global,2.770124327917687,-1.463900580258243,3.026957733780155,1.0515518468812204,-1.9801665419125867
2009-12-11,Global,0.772370072411069,0.12307636470508493,0.7704969118506695,1.0868438695059102,0.33866116416471426
2009-12-18,Global,-1.9782659546312233,0.15023717531336972,1.6105627815110284,0.07424612271195448,-0.9563728882178208
2009-12-25,Global,4.64379948755944,-0.7593084992960263,2.025262329618676,0.2797215980524648,0.13015941423995772
2010-01-01,Global,1.5988411138067953,-1.4178383803967498,-0.6337156101596187,-0.6821510491905866,-1.1134975781648988
2010-01-08,Global,0.2628217009996759,2.719886043841628,-0.7031572063531178,1.1239216027916947,1.208468869149611
2010-01-15,Global,-2.2905184883567418,-0.19558124516233177,-0.9718776519715451,-0.024843737819406412,0.554264205096652
2010-01-22,Global,-0.7917942945720239,0.23786434112359994,-1.2852449955556708,0.08852561582303681,-0.16012393135905056
2010-01-29,Global,-0.13762116509395042,-0.5573845478298178,-0.22050246649675087,-0.6263862419731541,-1.2630213586817078
2010-02-05,Global,-0.3357212537197491,1.8075020797069565,-0.44145774255178966,0.32326686748380457,-0.13210465858053932
2010-02-12,Global,0.7694672870192408,-0.3006886100624888,2.5600093821882064,0.591695209020651,0.9681658277106224
2010-02-19,Global,1.8057416866927476,-0.38910272773912286,0.6990337814648433,0.3178624805212744,-0.04477109539194671
2010-02-26,Global,-4.118953020414043,0.9274267256443021,-0.5526400048718421,-0.22711971188412472,0.3971301896161939
2010-03-05,Global,1.3215379108578325,-1.1362073747641996,0.8367893372942694,0.7716368411830244,-0.014113192865238567
2010-03-12,Global,0.782110145001824,0.11541257785077691,-0.14948683600066,-0.5744888134966253,-0.08691144062442306
2010-03-19,Global,-0.1888155063678989,0.8985199172260875,0.3093810371141824,-0.2675035050540959,-0.2857580381091243
2010-03-26,Global,1.5124966706174305,-0.012625357854110305,2.0540476382427646,-0.6989856961223075,0.7249327285530671
2010-04-02,Global,-0.10034842877820635,-0.0784123236619333,1.8683252737258382,-0.7748851974058456,-0.1985131990597266
2010-04-09,Global,0.09353945317899569,-0.3025484987623169,-1.4063836106212086,-0.16369731092475467,0.06811428114050655
2010-04-16,Global,-2.1327435334190827,0.24477279725215004,-0.7263750573892905,0.8457126249073607,0.7676668102338186
2010-04-23,Global,0.5531705917447615,-1.6922779123923843,0.6627492227639723,-1.0306256719482991,-0.5869491860999156
2010-04-30,Global,-3.2984160829686973,0.0575720854672665,-1.0702509384997099,-0.6410560134636867,-0.14362383349648974
2010-05-07,Global,-1.674870726292768,-0.6778984265401087,-4.67547196317548,-0.5038218326947678,-1.4243530714153794
2010-05-14,Global,-1.4462201275978968,2.5237424796170997,1.926773673682147,1.9452171645147711,1.607530065138984
2010-05-21,Global,-4.541910609866156,-0.6346321002859959,-0.8931130807275892,-1.6434686476371934,-0.6205007442137541
2010-05-28,Global,2.4857748486954026,-1.0006440262461462,0.12132477339467228,-0.34306945399567707,0.2008354720939919
2010-06-04,Global,0.03450668795505925,-1.9993215278257486,-2.7027964424719473,0.7767334847022511,-0.6526226453494429
2010-06-11,Global,-0.7630129641194882,-0.06234393080026371,1.4084607257725141,-0.8139967918813724,0.3599596325508653
2010-06-18,Global,0.39694360809337026,-1.3244100331001278,-0.5450654486965043,-0.009464310118288383,0.07185812246901634
2010-06-25,Global,-2.555503230043268,-1.6655469936455818,-0.82588482763759,-1.171718622476909,0.7836931573134378
2010-07-02,Global,-3.4881647536813576,-1.5336367859597095,0.10592313080517428,-1.8040965220715326,-0.17545934294900728
2010-07-09,Global,1.9666504794255366,2.714347648535463,0.4245153470256108,1.8054240583965482,-0.9500865360638315
2010-07-16,Global,-2.9582619768501344,-1.5311097042778552,-0.2441509022393523,-1.3865332083595439,0.7490349988633012
2010-07-23,Global,0.2810168678337978,-0.39951816327693757,0.8836815044106168,-0.20659284103292966,0.6414595548749843
2010-07-30,Global,-1.6636165348740346,-0.07596193682757643,-0.5952378563994237,-0.33604798067291286,0.778025381333284
2010-08-06,Global,-2.779657164216372,1.1180620824352807,1.4102642528058404,-0.5867359109904955,-0.030027146479204098
2010-08-13,Global,-2.2928671353460066,-2.8408167950953813,-0.9541040986288504,-0.5965732025522511,1.209260683083078
2010-08-20,Global,-4.099214641319493,0.3166784948846402,0.9813590195199339,-1.234174210345585,-1.104529150541485
2010-08-27,Global,0.719390025176761,3.8854190815985157,0.9603527560309797,0.01057900174716658,-2.928310232438007
2010-09-03,Global,4.391464673874213,1.749592366146167,-2.142311038242488,3.7412835585389845,0.03336753499375979
2010-09-10,Global,3.25016639785784,-0.24111494171746245,-0.7308018062332652,0.00040144388434846243,-0.10736902159870089
2010-09-17,Global,-1.116476494422485,-2.8877531943609225,-0.7094981080708419,1.0307105228704248,0.6157427551737268
2010-09-24,Global,-3.117535477223192,-1.3810280376313773,-0.07096377087548573,-1.3809415749582725,1.458995400421713
2010-10-01,Global,0.8242050635116999,-3.202989679864753,-3.4781536819680645,2.0108621879596438,3.0445954108729034
2010-10-08,Global,-2.264385519282906,0.2598722683361682,0.483319454951696,1.2588351022647952,-0.5092037922777191
2010-10-15,Global,-0.2962360301995257,3.5030374587494717,4.858947833900448,-1.859914434151098,-3.8779221242850843
2010-10-22,Global,1.6735806454241693,-1.2714017695944493,-2.4871152996182824,-0.3638178702208793,0.5005739989937088
2010-10-29,Global,1.5641068016294857,0.4808368378140504,-0.541147769905237,0.7799689315293126,-0.12804160949303683
2010-11-05,Global,0.8386121963705613,-0.30136725689498706,-0.2825901145458492,0.28182445800454015,0.05717466572513733
2010-11-12,Global,4.929435916824522,-0.04334950873163208,0.38839490763520995,-0.047002496981857975,-0.18841214769071768
2010-11-19,Global,3.104703054081152,-0.2738913381749494,-1.0260859688421469,-0.019228673382870296,0.2121564313971822
2010-11-26,Global,2.5271821702152852,1.3892256260215015,-2.5193625431555984,-1.188271943768109,0.20863718072659745
2010-12-03,Global,2.2471129100356113,-0.07852885121819202,0.746746606683309,1.788810756000077,-0.24700381223851106
2010-12-10,Global,4.934059984816503,-0.24446742815687256,0.9489888153933878,-1.2394858875688237,-0.5389546825355779
2010-12-17,Global,-0.05214479692958537,-2.8300188286567427,-0.6327747905785687,-0.012902839558776491,1.1850587955194551
2010-12-24,Global,-0.29335817125495156,-0.46080096298047224,2.083579238594794,-1.4363007682589035,0.7464322349457715
2010-12-31,Global,-2.1464771823858655,-2.485973237473548,-1.0700130292784285,0.6317489386544947,-0.47697838266871134
2011-01-07,Global,2.400265913501566,2.2265591859136227,-0.27554980786593547,1.0818390160520686,-0.18425424487253902
2011-01-14,Global,0.6867774973950158,1.2813431179976245,-0.11659669792161197,0.5940675207191469,-0.48705418232008335
2011-01-21,Global,1.405586673273696,-0.9772676417871331,0.2915014318494408,-0.5434506302929291,0.04486617284482401
2011-01-28,Global,-0.015069122193048366,-0.9443274116466317,-2.298607217430233,-0.13305702417209914,0.1969616309163274
2011-02-04,Global,3.564615519910538,2.1113975337814774,4.2797685389785,-0.6717992588082718,0.31567127303387305
2011-02-11,Global,2.4397589528268075,-0.3327909694130661,-1.7594379137207488,-0.7803355608157128,0.3472291692448316
2011-02-18,Global,-1.106367246662774,0.46355187662107256,-0.23731609147095872,1.2448310834213105,0.4819109026978295
2011-02-25,Global,-2.419878663745721,-1.5005741888222701,-2.314777942523704,-1.3560729632747088,-0.6591968447349105
2011-03-04,Global,2.1103787636495333,-0.014578760211011047,-0.6365028446889252,0.661294722720234,-1.1013475650520765
2011-03-11,Global,-1.8029018216248085,-0.877694210815031,-0.2759045869407871,0.9986859220516375,1.0942822419169318
2011-03-18,Global,-3.0119084172728874,0.8194284917965928,0.3608270536823427,0.6834858109399609,-0.7183865863698047
2011-03-25,Global,2.941717832705951,-1.9031492581568887,1.1144108166743871,-0.795188813763002,-0.6388874589012999
2011-04-01,Global,2.198870454534503,-0.025121295905846597,-1.8976517147498801,-0.2851347115173804,-0.3902873565580409
2011-04-08,Global,2.2505772438135487,1.268537331817647,0.9750102781204649,0.48260646616115516,-0.976728672864648
2011-04-15,Global,-2.923037552403346,-0.24286137377304026,-1.5814946582155347,-0.963842501596171,-0.5718878123995622
2011-04-22,Global,-1.221969101650598,-2.2908224007089006,0.3438597835266991,-0.6730182626620149,0.961507472707241
2011-04-29,Global,-0.9211092427962261,-0.35683251646963743,-1.6599792167015899,1.2262940384838787,0.2589483680643194
2011-05-06,Global,-3.8385153925190627,-0.3282160545919087,0.5391654545188854,-1.0895957903578846,-1.00658651315737
2011-05-13,Global,-1.2214949692950796,-0.5337889254905364,0.9581760815980603,-0.8984859490475402,0.8351330349279759
2011-05-20,Global,0.7831316148654617,-0.22056145945607225,-1.419642879591572,0.38200975079209154,-0.26190864592806734
2011-05-27,Global,-2.994745636627864,0.9159317317216884,0.8220544226761936,-0.033359463020621795,0.7093739294251479
2011-06-03,Global,-1.3670101624213284,0.28101414302066013,-0.20768257094799378,0.9702220411123356,-0.2454457950784263
2011-06-10,Global,0.7289323386804955,-0.020004961042545528,-1.1293006585292527,0.6086471592153446,0.13905356539549055
2011-06-17,Global,0.0005841333824175867,-0.7902786718916857,-0.8075663672363265,0.2018029976905613,0.6391630213449457
2011-06-24,Global,-1.488021952732913,-0.6000421951853149,-0.23309100937958088,-0.20072500890250927,-0.0035026063123886333
2011-07-01,Global,4.975694872553359,-0.7046879338561592,2.9038300959755716,-0.7195746583043826,-0.0173221436761661
2011-07-08,Global,-1.8835405270962822,2.1842972107147367,-2.13912926403885,1.609987356522294,0.07187880628393666
2011-07-15,Global,-0.10587095611229484,-4.354959229922323,-2.1905395062940167,-0.6733841789672234,-0.3778073632886042
2011-07-22,Global,0.2704871728956491,0.4246815048369685,0.6678898270681438,-0.6352753656495537,0.2307647716363975
2011-07-29,Global,-1.2871957531930869,-0.8968292798295162,-2.7681204722553545,-0.06880650469179314,-0.719104806926287
2011-08-05,Global,-4.6779609753846225,-1.549279012238046,-1.652676013008847,-1.4345197140990982,-0.18939644476603504
2011-08-12,Global,-4.859683111622906,5.5147515449093145,0.26068954760282304,2.8749868978072453,1.4304869787595489
2011-08-19,Global,-5.810012095138623,1.189394305357774,0.6692562946774493,-2.112160659910961,-1.7996608320236163
2011-08-26,Global,2.5215460326906505,0.6756524756693983,0.46995704579917064,1.2640250772131496,0.3097690228721016
2011-09-02,Global,-0.5025973396301036,-0.6519953748509173,-3.178425278498233,-0.0165588308566787,0.49250580146229184
2011-09-09,Global,-1.9967775242220467,-1.3804272996839113,-0.2436654069673607,-0.8720829058834806,0.6286500416210742
2011-09-16,Global,1.274572670489917,-1.0737955882812844,1.0482641222404674,-1.1105969617090539,-0.42878339615883937
2011-09-23,Global,-3.463938170213776,-0.9354664956557304,-2.812426523518934,-1.7283592403344463,-0.15419779533764852
2011-09-30,Global,1.2638092703545547,1.5831936464745737,0.486851013252967,0.06143775319390549,-0.6685587524520634
2011-10-07,Global,1.58359213481115,-1.825422615055828,1.3790781186200514,0.19306025196068746,0.624271601519185
2011-10-14,Global,4.707769690792625,-1.8870098989014386,-1.324558697133524,0.9797489801288356,0.7056595629674922
2011-10-21,Global,0.7922997885457767,-0.01750658180100773,-0.8072112527281802,0.2866956048213746,-0.640524272693882
2011-10-28,Global,1.8212817530528338,-0.33812239110919845,0.31156695733987977,0.5747845397998727,0.5522649679633213
2011-11-04,Global,-2.783636212837798,-1.873105245993092,-3.9548918479801816,-0.13512425146626192,0.31531193295794796
2011-11-11,Global,1.8297736428649691,-2.8567504716073095,-2.0707939572242684,-0.6602179523089825,-0.6184146827283565
2011-11-18,Global,2.55560787468856,-3.7004454653695866,-4.118082897074632,-0.6973762438507021,-1.897237837149908
2011-11-25,Global,4.500007904757875,-1.7465057782434383,-5.580604526799244,-1.7316116147596166,-2.2839012903076186
2011-12-02,Global,-5.759080353052196,6.7493360271819896,8.064102875642718,1.1271260134238206,0.7088782157528515
2011-12-09,Global,-1.0198766083135098,-0.5972217209293761,1.2878076665693647,0.2429811279154788,1.2724164392276895
2011-12-16,Global,-4.584056268148624,2.123176034376779,0.6738230605497626,0.9446110253608766,1.535685577369035
2011-12-23,Global,0.6381354417605236,0.7316036091517302,3.4937994772118697,-0.3044796903131821,-0.22039148984902424
2011-12-30,Global,-2.2919050683689335,0.803613541546481,-1.0732609452713169,-0.10286178878466094,0.10818743363811298
2012-01-06,Global,4.0622719704907375,-3.017218526561623,-1.9883561046752738,1.2376180978507343,1.069292379896893
2012-01-13,Global,-4.521698175180914,3.0490315762067177,2.934006317619227,1.276465830457496,2.3713562601325266
2012-01-20,Global,1.1765081454228092,1.0594647504637984,2.7014029927742245,0.5429139704523273,0.19437425982419174
2012-01-27,Global,-4.462718517493523,2.8173220967433616,2.264259576502079,-0.3625296107478405,-0.31114284056576547
2012-02-03,Global,-1.1225585040747383,0.7576370385700125,2.2271565529352295,-0.010974535391733561,0.684419009850572
2012-02-10,Global,0.5611379364419644,0.8123933359395958,-0.16361715891420317,0.19078437442765944,-0.48096099188362457
2012-02-17,Global,-0.32551985784593174,-1.1349861059723252,1.239340938181132,-0.4722793327558321,-1.3666336175736584
2012-02-24,Global,-0.0878594634731022,0.9643286911466518,-0.4971771061673921,0.05304242316724341,-0.686392210779785
2012-03-02,Global,-3.3139003236478404,3.261227823980364,3.8348764213325732,1.3730880539349977,2.0648646282832503
2012-03-09,Global,0.7506957630433686,-0.3011140573985192,0.7646161875847733,-0.33956795858967814,-0.8821827295896705
2012-03-16,Global,4.509407596356852,-0.014868162932962416,1.4805925359404495,0.3059119376334796,0.792569705866594
2012-03-23,Global,-0.9681176609375973,-0.9445404901994573,-0.8649763695773611,-0.46524894225038477,-0.057398257470803876
2012-03-30,Global,-0.3550874779227351,-1.0716974921108202,-0.37539905995713113,-0.4940344966247376,-0.4607028950014579
2012-04-06,Global,0.02327779554710929,-0.8907895247971043,-3.386476819318056,0.3712640225515037,-0.47427008372786233
2012-04-13,Global,-1.3393732997396848,-1.3201084991483667,-0.8255993200829621,-1.3621813770619278,-0.7731212521509861
2012-04-20,Global,0.4674848165372467,-0.8608901952354021,-0.8082608944813323,0.23410827917982943,-0.30798976147161455
2012-04-27,Global,-1.438637880091308,-0.4527202779104075,0.568007009181774,-0.05940383955098999,0.5072064024291784
2012-05-04,Global,-2.4694115811779267,1.6839983117548956,1.5671241675786247,-0.19817909339758819,0.4611105579624681
2012-05-11,Global,-1.0974944598486276,-0.8893574497875621,-0.5322709855940222,-0.6412904773153231,-0.28450406812797535
2012-05-18,Global,-1.0949872881086262,-2.391804719824603,-2.427760229861327,-2.610221100703364,-1.6320104942885045
2012-05-25,Global,0.2001972778680181,2.921095264078857,1.0525058846296727,1.019871020413579,-1.5073445893347754
2012-06-01,Global,-4.74810120228255,-0.5861186591733247,-2.141274342352598,-2.6955654947547973,-2.3454241797655113
2012-06-08,Global,3.3987697127178187,-0.5311235835485933,1.2754167243922223,2.0539491183733634,1.4729943165936006
2012-06-15,Global,3.14986949086519,-2.9825890495048784,-4.432780284018646,0.613981164969335,0.27133654355277725
2012-06-22,Global,-0.887184853451965,0.8883916104664186,2.6981877876137133,0.06486531446711655,0.11230399946320402
2012-06-29,Global,0.739979580171171,-0.4686127082924818,-0.7654622059769164,0.5508834044860788,0.5573243365202081
2012-07-06,Global,-2.32476401244735,0.05062774124092942,-0.22537324367394504,0.9567810534291553,1.6693050792545165
2012-07-13,Global,-4.040167515162105,1.4869520505851386,2.3920056424241998,-2.51894596027428,-1.9041259637691763
2012-07-20,Global,0.9020058583632833,-2.495217034751792,-2.2577146835829973,-0.35182164862467535,0.7510179283169647
2012-07-27,Global,0.9298601026102372,0.11802013718912768,1.2213223834651565,0.7499670016329405,0.6793417794013087
2012-08-03,Global,-1.1285812864568034,0.9348802797942185,1.866570009549152,1.114086903929761,1.007471638404727
2012-08-10,Global,0.5331513882259687,2.4061524112834194,1.420008901595664,-0.06384285549399224,-1.3731811774618965
2012-08-17,Global,2.662166498551038,0.5927690445084468,1.4259029957627474,0.9218175256710408,1.599174929306967
2012-08-24,Global,-2.581385285365561,1.2765572035405446,-0.253088917135701,-0.11711375549597187,-1.4680010276702264
2012-08-31,Global,-0.8731924588332418,-0.40871920813302487,-1.860059654796596,0.6203719960046907,0.7671469774224023
2012-09-07,Global,-0.3527589741291026,1.0257302876274321,2.9794864267014134,0.6256616861238764,1.101433553216534
2012-09-14,Global,1.442111376830213,-0.14367273904424818,3.08062768862742,0.005200624973450074,-0.46530688553924393
2012-09-21,Global,-1.548496560044699,0.9801981353204338,-0.6534461190562577,-0.3476201526651895,-0.8996410570707318
2012-09-28,Global,-1.6398988281730404,-0.568254026248566,-1.427838688193743,-0.9474655010624209,-0.7280126820575153
2012-10-05,Global,1.1173839293751298,0.426167917381566,1.6252514665867512,1.248903655763058,1.0487718274356528
2012-10-12,Global,-2.3880124375741056,1.3282948525102576,0.6330458547747116,-1.0897035719898087,-1.3060565895186809
2012-10-19,Global,1.730249451257716,-0.07553685293542767,0.8688083913772542,1.0817122449315724,1.251123954365478
2012-10-26,Global,0.1255512325215914,-0.8968205824177459,-0.664104773894979,-0.07457066990900696,-0.3235998522742881
2012-11-02,Global,-0.5793570074580703,0.959229480058734,0.1738810203868267,0.029477697838709828,-0.12430486548412006
2012-11-09,Global,-2.1769828697435867,-0.3548422234010779,-1.1174826170017904,-0.673863744350435,-0.25827267653990893
2012-11-16,Global,-0.16258317773880285,0.30694741884325427,-0.4986705274823123,0.7822064635112648,-0.14088941354546894
2012-11-23,Global,1.0697094608636715,0.2151459264514579,1.577645569764383,0.1817988795282904,0.44930470223020924
2012-11-30,Global,-2.972891063076832,1.3888527198991345,1.4897831923357037,6.112433709016545e-05,-0.12052554522454112
2012-12-07,Global,0.005536281562590531,-1.3163290049755516,0.03576055848606822,-0.27723828085069707,0.4695807170698331
2012-12-14,Global,0.8084172268087321,1.407271645283907,0.9726059850537397,0.08528437653409607,-1.2996680625777937
2012-12-21,Global,0.22371450465337495,0.5196139234126729,1.2393024724684043,0.17373515627497216,0.5025080551466556
2012-12-28,Global,0.1311890906079893,1.0352480307157153,-0.8639029789409159,-0.07329116456958049,-1.302139076932363
2013-01-04,Global,2.9939221200958364,-0.05946119842104498,1.603512506901214,1.3489890612554696,1.4526386193200587
2013-01-11,Global,-1.4063546961194842,0.1450996020355222,0.3962996922175001,1.1756760255807126,0.24355726332357722
2013-01-18,Global,-0.31807434798047446,-1.5097129183727307,-0.4561734085531094,-0.7022038378124014,-0.9844517233987948
2013-01-25,Global,1.1844340513898195,-0.65311342260075,1.2070935846495314,-0.08824860138390103,-0.04998934801319157
2013-02-01,Global,1.2495860831766121,-0.31792324947121786,0.002884930048599622,0.20519346919148296,-0.04709104647269791
2013-02-08,Global,-0.2294831518804397,-1.1526277218759615,-0.8933041233071616,0.8464838789263959,-0.2800255187304596
2013-02-15,Global,-0.6098354938748094,0.1276141494808297,1.106350786484035,-0.5540716800216381,1.3119026724930496
2013-02-22,Global,-0.6717999194708768,-0.37522410237183895,-0.2629107418162522,-0.13621236051905494,-0.09233841766720316
2013-03-01,Global,-2.260445937722443,-2.8062004170000208,-0.750926356292309,-2.178903336539364,1.0986723799148705
2013-03-08,Global,0.914603411669723,-0.20528057403456867,3.209803995228013,0.18796321942963,0.16744355431966035
2013-03-15,Global,-0.6440127357310137,-0.23106215322799764,-0.5742560046000692,-0.16421274778171538,0.07089714543221046
2013-03-22,Global,-2.8508945417559857,-1.315981039927727,0.48672045798907604,-2.3243048207092163,0.7569167876041352
2013-03-29,Global,-0.4117993857202382,-1.7023711451786645,-0.9045357965690525,-1.8584749232818667,1.2166259265341597
2013-04-05,Global,-5.919772386964312,-0.7754141045704886,1.1234776041533956,-4.938166803924024,3.8196113522765094
2013-04-12,Global,4.197939444248824,6.321951129175042,-1.787746283689448,3.4863254881827537,-3.1013276896599824
2013-04-19,Global,-2.2471610709050647,0.3777116029080743,1.611804737335025,-0.742682271982006,-1.041284753625988
2013-04-26,Global,-0.25777482286479647,1.4659024029643897,-0.07573833782199815,0.9472601233273781,0.012719116333211144
2013-05-03,Global,-1.5557383611397642,0.4721117933148569,3.2701126892048666,0.690303225017279,0.8298305853563306
2013-05-10,Global,5.042321464273518,1.6799229300598164,-1.2464900431127444,1.5096522547408342,-0.37988758077889573
2013-05-17,Global,2.076326429696601,3.3656299987967677,-0.057751485826231436,0.535568938483487,0.04751379100759495
2013-05-24,Global,2.4017740235450566,-1.0243715328394878,-1.456856763174192,-0.11079329408122948,-1.35432700240538
2013-05-31,Global,1.845477698983604,-1.4397159281250576,1.323606714556508,-0.6714669436770367,1.72474214449544
2013-06-07,Global,0.9146137254337734,-1.7627819272086824,-0.348456172210013,0.4368811088939386,-1.8893508916341881
2013-06-14,Global,-0.36699982644310347,0.49721817911615307,-0.6717213785122407,-0.23928784550709595,-0.5262105720081202
2013-06-21,Global,7.256721512820884,-1.1716551739291656,1.0063604483432895,1.153300120550079,-0.09796801919743454
2013-06-28,Global,-0.9370654574323454,-1.5532214941136497,-0.05763258414162542,-0.3590728085301415,0.5854539554501567
2013-07-05,Global,0.4579149421159818,2.0234584083585836,4.264327984160969,0.7014370623153331,0.22942946184863047
2013-07-12,Global,-2.226144111558967,-0.035867507082187285,-0.4122867319933199,0.19650911537717652,-0.2102788138673973
2013-07-19,Global,-1.2964617164135244,-0.02018025124245298,-1.1604929463263245,0.6116532535469001,0.875896172442286
2013-07-26,Global,1.11714722690649,-1.015768742724535,0.13984710332118636,0.05943604897925402,0.30062277857212866
2013-08-02,Global,0.9271269162922563,-0.14789045752143162,0.3409903213162092,0.22762715673807757,0.21959090686429494
2013-08-09,Global,-2.260029302301474,-0.09207766524766393,1.136713599917399,-0.4000517818875143,-0.19141083404535547
2013-08-16,Global,3.8580483344437786,-1.2814534478866209,1.9026638055437712,0.3753037678023477,0.18882699603581823
2013-08-23,Global,0.9956999512412468,-0.5147069520364914,-1.2893006704207384,-0.2834743563385516,-0.07583734722743438
2013-08-30,Global,-1.7406677911328374,-1.254528481461929,-0.2257318939388655,-0.7104660913520596,0.2989376565566691
2013-09-06,Global,3.256440358659359,0.8490333882542876,1.059529782079717,0.7018944804788434,-0.44505005239852097
2013-09-13,Global,-1.0968880927992914,-1.7267196805083695,-0.2873231116798691,-0.24677536669120675,0.624060860016446
2013-09-20,Global,-3.447072895490797,-0.12718254241568436,-0.2001287285917637,0.24319198350942636,1.1663816687420103
2013-09-27,Global,-2.276269968335712,0.2828998887264944,-0.14674431137116664,-0.7892545397163043,-0.5353144017351475
2013-10-04,Global,-0.9824272333689555,-0.9912274947496785,1.2450267476730674,-0.29861339671217346,1.46915007920593
2013-10-11,Global,0.6258535321389409,-0.14621967000646985,-0.03196604564690265,0.039133218060416836,-0.3517720936375021
2013-10-18,Global,-1.8638677714912342,-0.19125705712555152,-0.3328429280269881,-0.08240827513314265,0.7390787838734357
2013-10-25,Global,-1.169812945302474,0.6276820957684811,-0.1531920902465903,-0.1754353556838864,-0.5482306617257562
2013-11-01,Global,-0.4327654623268767,0.971638552866666,2.6427617688851033,0.7009865914692328,0.048928765466271
2013-11-08,Global,1.396400724115378,-1.3957837290578643,1.049343280867371,0.3005491279862485,1.4645250286134441
2013-11-15,Global,-0.24608059891025272,1.568296334118667,-0.5984871820579631,0.5070488719640606,-0.42219126811760926
2013-11-22,Global,0.4588511183408548,-0.341261463989329,0.27423065470032437,0.29720585846371805,0.057554304728665545
2013-11-29,Global,-0.867771894326102,-0.6319102945449916,0.3825413914668294,-0.08852164646956602,-0.1195571240200011
2013-12-06,Global,3.099981419207517,-0.07596506678952944,-0.30237511016009294,0.05100973985247161,-0.5893615053235378
2013-12-13,Global,-0.022800110947524533,1.0468877842585533,0.3549875588445239,-0.1655082372919512,-0.8504669308874115
2013-12-20,Global,0.28305953055564564,-1.0998488289834742,-0.2142487783458172,-1.1256477050586546,0.27280316437326885
2013-12-27,Global,2.561698929941091,-0.42414493738355796,0.28418797665448436,0.353570302616197,-0.22174015678206027
2014-01-03,Global,-0.8133499968572873,1.7556463060573353,0.9827744675735891,0.7483307159444956,0.821727314912555
2014-01-10,Global,-2.7089592282338866,-0.4420413623274948,-0.46583966639832586,-0.5224450119664409,-0.07283276811494219
2014-01-17,Global,-1.4074153499383457,0.8108796289329597,0.6396730468944605,-0.3678777455252628,-0.9216116655050228
2014-01-24,Global,-1.9785900021225118,-1.2755963765654863,-0.6184093244688049,-1.469948971251996,0.20438172405484184
2014-01-31,Global,-2.287331929154434,1.5434273976342083,0.8146178242750717,0.43849216394122,-0.08745507384774957
2014-02-07,Global,0.005242140575537986,-0.2694046321358842,0.4361774803981096,0.3288284525896712,0.35080798736241897
2014-02-14,Global,0.08530250684895603,-0.7810572291921194,0.5840408502459962,-0.2688852212760386,-0.12358955230682696
2014-02-21,Global,0.1256486341205409,0.8448352857649012,0.173202996085809,0.4031935461819242,-0.24521037484227673
2014-02-28,Global,-1.635898787197433,0.10173111915387863,-0.25904245326741693,-0.5066661562575783,-0.5402329485038599
2014-03-07,Global,1.4800621326295302,0.5837451751177845,1.961089212401436,0.1816289476398488,-0.2324510249122253
2014-03-14,Global,-1.8531199622517414,1.3746920811257362,-1.075670561749643,-0.06451296913884301,-0.5875658462979388
2014-03-21,Global,1.309788583253172,-1.7753589313685187,0.7405307255892039,-0.9800855459864041,-0.2945186735330338
2014-03-28,Global,-0.5730966057565596,1.6047669645261873,0.16198213958282381,-0.0031047926500036415,-0.06503343433482782
2014-04-04,Global,-0.20103861091555222,0.27168562349586256,0.5220302621471905,0.4875291647943649,0.6424458229397272
2014-04-11,Global,-1.777471653897141,-0.05907672485791213,-1.2071408764720377,-0.030393886696545643,-0.5789983292225532
2014-04-18,Global,0.5038982087996414,0.006178872678532766,1.6004399618868383,-1.0460681753643082,-0.3854154322602768
2014-04-25,Global,-0.6833157401795465,0.9688781150370602,-0.3744946446394708,-0.17762381261975893,-0.7330991965189778
2014-05-02,Global,-0.9815145100294099,-0.0857972779504129,-0.7440201909923543,0.20476783976479518,0.044536645738121466
2014-05-09,Global,-0.346911243938349,0.3875075337458051,1.046916732073125,0.46896524550105284,0.45588055629109253
2014-05-16,Global,-1.4333208576049665,0.020558789038964947,-1.0248459388542799,-0.33804719914590536,-0.09224318446134956
2014-05-23,Global,0.874564493165063,-0.7048186417979374,-0.3262045879986484,-0.15628111092806715,-0.150590797782485
2014-05-30,Global,-1.7814730244498262,0.819754061027115,0.5836947881404857,-0.15134879364454704,0.03209869194894612
2014-06-06,Global,-0.11383557212845687,1.3574582705152898,3.1198588516917343,0.8082168469867475,0.8101032761337138
2014-06-13,Global,0.7268039796062588,-0.7746960769055349,-0.6704548502533451,-0.1589970358111516,0.199157506058063
2014-06-20,Global,0.5911231204163152,-0.6487709511217928,0.0953964937299462,-0.13908767537428265,-0.5800846100953219
2014-06-27,Global,-2.8872885125118546,0.6448165048724926,0.6922950660583888,-0.6740454553252226,-0.48242124150012156
2014-07-04,Global,1.370653675434201,0.03392170127369384,1.511503778826481,0.6575905953568982,0.5300265385922774
2014-07-11,Global,-1.5747621203515885,-0.49010099551992925,-1.4396375441797742,-0.027375548232316985,-0.6992131241012003
2014-07-18,Global,-1.412476974621035,0.8646187793546738,1.0206423448187711,-1.2488684031210873,-0.5041079679528231
2014-07-25,Global,-0.8860237969893011,0.3071944631128254,0.2848528302174978,-0.42430406796734715,-0.1507131428812425
2014-08-01,Global,0.5014079535723442,-0.014374339522957965,-0.09667499999943659,0.4619826715680072,-0.2348759384622965
2014-08-08,Global,-1.7132970546001434,0.30841158323332735,0.07447666877246653,-0.5895065675888386,-0.44098342685832764
2014-08-15,Global,-2.2765275355956165,1.2678859811413572,0.035483139854893195,-0.2565980221076835,-0.15285452064127295
2014-08-22,Global,0.6378469407886304,0.24443354069794682,1.3173380890680577,-1.1174420329339325,-0.2998495354968154
2014-08-29,Global,-2.2818380697390053,0.5850599688043681,0.4520890834992433,-0.8024131525006727,-0.658528311295624
2014-09-05,Global,1.5522364194568758,0.5357620711954828,1.4232277824969204,1.453696852163341,1.3680859554256064
2014-09-12,Global,4.366949559948735,-1.578550482557571,-0.8008081148735897,0.6588978207404792,0.2491063613001019
2014-09-19,Global,-1.4135439269089145,0.6208394686974661,0.61045219513006,-0.20295698764669232,-0.44994722990918784
2014-09-26,Global,-1.805140226898367,-0.924583223212473,0.24260307412227053,-1.1766782220451282,0.09613983113959527
2014-10-03,Global,-1.3213529743542554,0.44167841993141366,-0.7007004688126582,0.0829320335659367,-0.8583913302495814
2014-10-10,Global,-2.1752767276977,0.1843282429753568,-1.4803650773405634,0.25306333594141656,-0.221137283558706
2014-10-17,Global,-0.727635250507132,-1.9494447227758172,-1.6024337268094913,0.5372525656934546,-0.19284602930363873
2014-10-24,Global,0.8359479278332727,-0.5058713022496117,0.8054182592535786,-0.01668993032407607,0.1941302090627362
2014-10-31,Global,-0.5586137322854425,0.5966246117293367,1.9971363869759273,-1.585636289941818,-0.2175353349122443
2014-11-07,Global,-0.1936196463008885,-0.5364358365124415,-0.5491001649733257,-0.4641518896620126,0.5621503248601641
2014-11-14,Global,-0.5191317824720553,-0.20357396677472506,0.7082534287188351,-0.7802732760601317,0.2511687008429465
2014-11-21,Global,-0.9736848239103544,-0.3024962110795219,0.5375119619825932,0.05569808292753742,-0.16267409681757672
2014-11-28,Global,-3.627959806029629,0.5540469129107216,0.03262720881795048,-1.1508113693155062,-0.6864220255758129
2014-12-05,Global,1.365171753273424,-0.6723857990077189,2.0784360221445053,-0.10365302400282884,-1.0762501107238742
2014-12-12,Global,-3.1652259588757374,0.17121265246197723,-2.162995233387406,-1.564508920318961,-0.7100954668759856
2014-12-19,Global,-1.0062261137593254,-1.9985259732612133,2.3867776119858735,-0.6093866076475289,-0.27994943871218664
2014-12-26,Global,0.06467542948596554,-0.5698541833205036,1.4728089897238574,-1.0857145466507205,0.6069137573887733
2015-01-02,Global,-3.0115395197839807,0.9589652728739233,-0.2769693642794862,-0.24046740534965932,-0.0811916205799126
2015-01-09,Global,-2.128683637138467,-2.127477457882957,-1.8450544240994737,-1.1658425788618423,0.8526968156125637
2015-01-16,Global,-4.251312390986835,1.2228430188392605,0.472862984194107,-1.1441958200377265,0.08134414757684419
2015-01-23,Global,-0.27782287246614423,4.058380154562867,0.6637700441994152,1.2892107035184965,-3.852441360702061
2015-01-30,Global,-1.1703844348028718,0.9947186394095143,-1.6950445288179066,-1.1935896127199122,0.2522998935936578
2015-02-06,Global,3.9151029255974104,1.5090239047746625,3.3323598178780984,-0.4654545731056805,-0.2526445899809516
2015-02-13,Global,3.1470696329554264,2.732999559121853,-0.20610934232608186,1.8774115486866634,-1.0146786691075762
2015-02-20,Global,0.7238788716789878,-1.3044034004769354,1.3335585422877836,0.3622075859383216,0.5538205196301432
2015-02-27,Global,-3.52897787180903,-0.18466207579644262,0.2456835226758198,-0.16120204239883368,-0.38902738964523254
2015-03-06,Global,2.6121719417721434,0.2210129904052115,3.1299757498287093,-0.006198402833851392,-0.12189440726845378
2015-03-13,Global,-2.3459066638241928,3.3892863253094707,-0.2613195372820572,-0.9836908679946862,-2.227556233064209
2015-03-20,Global,-4.107933500601505,-3.221434503647205,-1.5351394679553432,-1.735626400947682,1.4029999887978344
2015-03-27,Global,1.8657746444427314,1.202715711894432,-1.1994488673083195,0.45843933835462986,0.3763428037283358
2015-04-03,Global,-2.1927986606137857,0.05917588005897357,-0.2729979108978935,0.6094327187888877,-0.35138155679710914
2015-04-10,Global,1.240002309404887,-0.645524963069988,1.515311860963257,0.1795110249824451,0.3026814735871425
2015-04-17,Global,-1.6552334501920751,-1.6541372987432645,-0.918149575513172,-0.8292698548721984,0.6286532116728916
2015-04-24,Global,0.9222964062497597,-0.9251107831584426,0.8475417871385598,1.030259904784608,0.07338743198974786
2015-05-01,Global,5.3228987543446955,-0.0024956820447224674,-0.2173030194351354,1.248199761687648,1.0520110981193915
2015-05-08,Global,3.5580634711534502,-0.7174589261132805,-2.0578938486933183,2.0142332269084022,1.097037568635234
2015-05-15,Global,0.6575547424162809,-1.7012426930616564,-0.9269163807910575,1.0433940568513183,1.1243083947475345
2015-05-22,Global,1.4879584495468745,0.7215744068074447,0.9199790212676743,0.13609190974199067,-0.5948291509315051
2015-05-29,Global,-1.8224907595822315,0.08189157580938423,-0.5825578795565972,-0.3589236654468508,-0.6564481901694151
2015-06-05,Global,7.7031424568653355,-2.2104417952221427,-0.8674550701833232,1.908246029709711,1.330985651261639
2015-06-12,Global,1.048799466611765,-1.0229438976275782,-1.3527104051950731,-0.15467447882339444,0.5546903959155886
2015-06-19,Global,-2.991770333011167,-1.030966371170819,-0.35544348993016905,-0.9440179743241764,0.3720907295117241
2015-06-26,Global,3.1366753037076234,0.2588482112905333,2.08351813310272,1.1592140616262974,0.9652246624641718
2015-07-03,Global,-0.46499253042232563,0.13031315775528052,-1.733057911597924,0.2516533926548457,0.15559655547759443
2015-07-10,Global,-1.0661409116618699,-0.5272253230305279,1.2592032599671839,-0.5058642149572808,-0.24136122414682987
2015-07-17,Global,-2.8656877811267214,2.03931891866565,1.0278275154200371,-0.7857276253788128,-0.9294243064585581
2015-07-24,Global,-2.142310615696163,0.2357978618626872,0.23466944002829018,-1.2323425391225253,-0.4344445369782392
2015-07-31,Global,-1.3552273131763388,0.6575008380724048,-0.2534873020927461,-0.06161245370088182,-0.4503554402735982
2015-08-07,Global,0.5134220050374056,-0.029172645466735928,-0.9022345249659552,0.29467602090140155,-0.11617877147644466
2015-08-14,Global,-0.8348716060380772,-0.5941274816794381,0.9438187423368416,-0.5527799017973727,-0.340360342887167
2015-08-21,Global,-1.991248313204058,-0.4698113601568942,-1.5650428066596518,-0.41329217199149293,0.22060700512931863
2015-08-28,Global,3.035179129124552,-0.5339490773840782,0.7195987682186733,0.655772283921751,0.48164075314629656
2015-09-04,Global,-0.9004223113805212,-0.4382369888605858,-0.22359852337537103,0.024897697642732985,0.5649426593444593
2015-09-11,Global,0.39375898723196406,-0.47414952677284644,0.7742111028950598,0.38414537781272834,0.15501475991385405
2015-09-18,Global,-1.4745409522015345,-0.005595609599888738,-0.003362307304238432,-0.7056177158135761,0.2538093875796007
2015-09-25,Global,0.3552862868965623,-0.6851749121995903,0.2658303832679978,-0.02886392407144017,0.18430423248396965
2015-10-02,Global,-3.8785410719046745,1.7672410092999855,-0.43562637885354494,-0.0732613106818772,-0.7315468129043472
2015-10-09,Global,2.364659474848135,-1.0530424687067743,0.6431924483589102,-0.12916470460720192,0.7305020139758193
2015-10-16,Global,-1.4169029323156417,0.5655348703364922,-0.4210240828011831,-0.18449776616861716,-0.20056049484008973
2015-10-23,Global,-0.6517414185235948,0.6196790426841937,2.0947840225443937,-0.3410213941216477,-0.31147651898251894
2015-10-30,Global,0.718206928804508,-0.47618998140270147,0.8721542771731372,-0.13437160989718894,-0.3368309752648119
2015-11-06,Global,4.557325691366671,-1.8321266578559288,0.42884560921703424,0.9108012029518625,0.9393780682037159
2015-11-13,Global,-1.9411222925834395,1.129678458137603,0.6978647701416916,0.3215624219152373,-0.16368808706559526
2015-11-20,Global,-1.3095486343633693,1.0384511654199369,1.2863816418972536,-0.6563893870005991,-1.5915549059238958
2015-11-27,Global,-0.950175104485973,0.3144892050686424,-0.06210445986092823,-0.346386086601552,0.7070669305587886
2015-12-04,Global,2.9899000704285257,-2.3304175877729265,-1.9311597062654997,0.655051530240989,0.008012879535599315
2015-12-11,Global,-3.5380003089575207,0.9254130203644358,-0.35967714486025615,-0.729607640056191,-0.21092942479854368
2015-12-18,Global,0.021788767079901437,-2.1836279888586465,1.305071520451668,-1.2099714673249038,0.21077117445901788
2015-12-25,Global,1.968759066374677,-0.7845323458578415,-0.203107541863803,0.1469202401134554,0.7984568985161967
2016-01-01,Global,0.402037923329939,-0.4145701592060034,0.5673097917809969,0.122283636987751,0.47491814223042844
2016-01-08,Global,-3.436629812013288,-0.15870560535558617,-0.5547714675350297,-0.6020475102199925,0.6651804721940819
2016-01-15,Global,-1.7083593898345601,1.0168788673914806,-0.9667456357165218,0.08782458288238812,-0.9885968818465845
2016-01-22,Global,0.005011924921616607,-0.14949329917416498,0.6668066197071816,-0.6431020337896145,0.7471743196487276
2016-01-29,Global,-5.698643737352313,-2.41390016418734,1.4974384904303255,-0.1876266617973248,-0.6282648476906696
2016-02-05,Global,-2.579446958377818,-3.427280914846547,0.20384337627655777,2.243198065554732,-1.7598206908344634
2016-02-12,Global,0.19897924530201672,1.9390937677587785,-1.9772147348344629,-0.20460839682774173,-0.6453569387580533
2016-02-19,Global,-1.9686884433693705,-2.384108426388554,1.9849177840847336,-1.0928312406972573,0.1641665973699442
2016-02-26,Global,-2.6046214880044727,-3.1512059437096283,2.022979722862749,-1.8130807666388704,1.3743693802180341
2016-03-04,Global,1.076776451965233,-1.554963344613849,1.2561149088269035,-2.4425713049315494,2.817816154874377
2016-03-11,Global,1.8740999492914703,1.7331334322236305,0.6005107336405696,-0.7410714488267008,-0.5738173363211458
2016-03-18,Global,-5.742594089712375,-4.750248599250503,1.355209237754174,-2.9077481959678515,1.8514013725853202
2016-03-25,Global,0.5897562347730486,0.3518004634673151,0.3111719354769688,0.5879187145665499,-1.017508359415852
2016-04-01,Global,-2.233306928669721,0.9163589711805087,-0.6551127294186346,-1.075676471324449,0.8788260817229498
2016-04-08,Global,-1.2390006063800871,-0.9964621193804395,-0.8219037238955151,0.5386113555963936,-0.08401960825785945
2016-04-15,Global,0.2432137903317906,-1.1875846025403147,0.4132236110234763,-0.18509499137381133,0.3212308407369512
2016-04-22,Global,2.1784936316236676,-2.7825037826157453,1.2664534986642542,0.49629518151189345,0.7980145388513671
2016-04-29,Global,0.509380531683403,1.0588517017483898,-1.8367828698582132,-0.5378833243242261,1.3890931760796847
2016-05-06,Global,-2.4287458489831373,-0.6144580010501846,0.7990372881600961,-0.8989615969315955,0.20673605346602544
2016-05-13,Global,-0.17366216776528634,1.0381733061714384,-0.6749706324762882,0.8216603072921765,-1.051419287123516
2016-05-20,Global,1.7621590780071745,-0.32701064690273923,1.4656759696713406,-1.0398586414838664,0.17650233316408293
2016-05-27,Global,-0.9729238462574604,0.13543447434359046,1.100259762237836,-0.31811777709472355,-0.08468462938695061
2016-06-03,Global,-2.232748228373609,0.9387043917844484,-1.5647117069567118,-0.09251052562294666,-0.546791480675644
2016-06-10,Global,-3.0008262475667298,-1.0357029428644067,0.6918796705843814,-0.884035888864495,-1.0046182040478342
2016-06-17,Global,0.11248322371673113,-0.48563865530407985,-0.8980008655451728,-0.6025071652879569,0.9949393074435859
2016-06-24,Global,-2.4692766396751225,-1.7271752968122054,0.8406348179880848,-0.5034477814615103,0.18548320975680735
2016-07-01,Global,-5.349434391176792,0.10987633916779486,1.721727788240419,-0.3340600795093246,-1.328039255739129
2016-07-08,Global,-1.964680390207374,-0.20326047568568711,-0.2733989090874319,-0.23724283948914857,-1.0164570883059492
2016-07-15,Global,4.919217820458224,1.2860434006712305,0.8325404922263276,0.9867233681890282,-0.07042432522454864
2016-07-22,Global,0.20066233415995333,0.6538536380182263,-0.3110421114309815,0.939140412057913,-1.0774329561038536
2016-07-29,Global,-1.00156061799741,3.4072081023502667,-1.3118660085754212,-2.231847612674168,0.49233389191392235
2016-08-05,Global,3.704450533655197,3.2597105961115243,0.1992687748898162,0.6342524697494822,0.19837911906263214
2016-08-12,Global,-1.6356335911119984,0.031055226312316445,-0.05000453803476112,-0.7967991257075452,0.009181755082392907
2016-08-19,Global,1.2816441065669144,-0.5159975634597288,0.5712739861483372,0.009679675290494823,0.11240958470875119
2016-08-26,Global,0.8780618115064153,0.6315084104199992,0.33762087183117834,-0.654902515641547,-0.05778155007057533
2016-09-02,Global,1.8500154688919608,1.7349070161578,-1.6547879369405205,2.6344699418580957,-1.209071054099792
2016-09-09,Global,1.5938512438902157,-0.647777596266021,0.2101286865394038,1.3486693843872697,0.38013480345639517
2016-09-16,Global,0.20293435608887117,-1.4847406385616264,0.3342065738911236,2.325788346650942,-0.8537698605251008
2016-09-23,Global,-2.6121876714670416,0.8644321291178999,0.5076896929535699,-2.9300177636782077,0.5047456321609423
2016-09-30,Global,-1.7014762454153294,-1.4087520836931147,0.9510057734943728,1.133644652900217,-1.164960214387923
2016-10-07,Global,3.7232030653906527,-0.7505765762625554,-0.14558340072680018,0.9968796478450657,0.9316640368311446
2016-10-14,Global,1.2668860034016887,-0.41056673477580835,0.23744798135423545,-0.024592294662681712,0.585168058511537
2016-10-21,Global,-1.051611375367405,0.8480290087769465,-0.21757566556568936,-0.712154032117463,-0.3474037929631728
2016-10-28,Global,3.774960015188478,-1.878207766978665,-1.0306781438273611,0.8303588659530763,1.246595352293953
2016-11-04,Global,-1.7021981426846564,-0.4498967204031249,-0.22696274081297366,0.10681254943192653,0.07352852856121292
2016-11-11,Global,7.647204478820402,-2.2077926585110985,1.0914123759433707,1.1601008606444034,1.748989260143484
2016-11-18,Global,3.855068535767303,3.111773334798228,0.9665910898886599,-1.4719548185368467,-0.005580387821327745
2016-11-25,Global,0.9209791964922263,-0.1994599175934833,-0.3165700878719057,-0.24668046441382147,0.6593713203589596
2016-12-02,Global,0.08807512308811395,-0.8659773464798751,0.857315755706883,0.9793145934194998,-0.050585741289262194
2016-12-09,Global,1.8695398902232212,1.1610865196601141,0.5171136969374294,2.210019631726993,-0.1439913884268135
2016-12-16,Global,0.4061084594560716,1.0979790587021803,2.344227887304291,-1.5660358423741647,-0.5482550448039096
2016-12-23,Global,-1.8314729158407357,0.387480671328116,0.31507561600659856,-0.03430751632055897,-0.6502691197734453
2016-12-30,Global,-0.9103260536783562,-0.014119448993370008,-1.0249434506415025,0.8196753941276339,-0.3373362623456439
2017-01-06,Global,1.2950944900743802,-1.6090439732756594,-2.0146133198904694,1.0476732560872808,-0.16801741358113684
2017-01-13,Global,-0.5623427905534158,-0.08505152784172336,0.08288693515561574,0.342548904395864,0.07680121811088549
2017-01-20,Global,2.25067830121356,-0.46312469092552944,-0.5390648540665182,1.456463252461871,0.010147446851923472
2017-01-27,Global,1.7925795789908767,0.13603266602101222,-1.3608183280284336,-0.2893355099829768,0.16001511077129643
2017-02-03,Global,0.6447629605156137,-0.025230645900767484,-0.08162432022795672,1.4696321155435912,0.08061737526907554
2017-02-10,Global,-1.2233468981611137,0.31961947741301583,-0.5299318540017676,-0.8297583038325772,0.0756856976187332
2017-02-17,Global,0.015002886627480838,0.6195855826299619,0.711298856475213,1.039914078754481,-1.4015755726689307
2017-02-24,Global,-2.7549897261023983,-0.9642749369242377,-0.29899589130392246,-0.34973432174458563,0.07649293875087113
2017-03-03,Global,2.2132825340646747,-1.0393296473645917,2.456573675351273,0.06179019966103785,-0.7464696704383581
2017-03-10,Global,3.4749544819506886,-0.8555335386820927,-1.0438232852401734,0.3330298076211259,1.096415011581648
2017-03-17,Global,-1.2729111874255412,-0.5547034405951855,-0.6965715782483364,-0.6615627199514589,-0.42708657748094114
2017-03-24,Global,-2.4098347008896157,0.7208248806284395,-0.3982250380414405,-0.09473374639309308,-0.44211298257348514
2017-03-31,Global,0.09548011936904041,1.5221434587691585,0.19781190540356974,-1.2771703167300468,0.6331398344325087
2017-04-07,Global,-1.692002035929332,0.19182952569368228,1.272957810537379,0.07065670424027151,-0.31243052486188616
2017-04-14,Global,-2.184205884919103,-1.2408382705335403,-1.4892315908562623,-0.8103511807998165,0.23263258999521222
2017-04-21,Global,0.05122406556321818,-0.43762814110691395,-0.23467294087443563,-0.1479569837838739,0.019059815265537763
2017-04-28,Global,1.0548763717976313,0.2575048187842099,0.6555731827778933,0.04503104253503502,0.43586230927367303
2017-05-05,Global,0.9130571559949574,0.13466139175615596,0.6800123169444631,-0.051382595367780746,-0.08187979664118117
2017-05-12,Global,1.0201236485731193,1.0176410238259657,-1.2045182442845384,0.4120782170157784,0.40656494030963447
2017-05-19,Global,-1.8426366311386748,0.2548436398369833,-0.35230821138923035,-1.0306592612278067,0.5939422757608629
2017-05-26,Global,-0.31694244691812035,0.22421493717193897,0.7212443053192718,-0.18428162601058742,-0.489590955158674
2017-06-02,Global,-0.27889970632496136,0.15337220750851582,-2.0234728914890434,-0.06208937105212383,0.05821655371010821
2017-06-09,Global,0.4084302754643625,1.4650660360254153,1.3179432587964681,-0.8656689179390168,0.8816306294163788
2017-06-16,Global,-1.4005842965817967,0.24402119964980484,-0.06136183060789373,-0.7742682604816779,-1.0926676292359336
2017-06-23,Global,-0.6959693208239744,0.6476505780232734,0.20251476973422303,-0.7725552059466723,-0.2396975083891784
2017-06-30,Global,4.225341137073432,-1.637707008656954,-0.758955158890241,1.1340059134952283,0.19738403437534344
2017-07-07,Global,2.6553210071294595,-0.5782310102009324,-0.5125091473899691,0.5443739142576931,0.56484233523787
2017-07-14,Global,-1.4899928373349745,0.1155525210477072,0.0034302388376473,0.0977879061684198,0.2156799452555003
2017-07-21,Global,-2.2586563270307196,0.7864809501702819,0.2848608974078397,-0.4704482475077675,-0.8944884528166303
2017-07-28,Global,1.0580167905478033,-0.5826253208777964,0.23799430556196777,0.5401142050559276,0.6873697681678824
2017-08-04,Global,-1.2943021794098672,0.8281635465177479,0.6013475867378333,-0.7031423054953909,-0.7312854652481019
2017-08-11,Global,-1.2951985038835232,0.07964916354535286,-0.5612293753919024,0.0193982516457406,0.2743845522948706
2017-08-18,Global,-0.17517826668387818,-0.7527211811133528,0.2758485907950561,0.3955825877312408,-0.5005594716485835
2017-08-25,Global,-0.30717454001009736,-1.6683659971372902,-0.27288534983284196,0.32729106768793864,-0.2293107309165953
2017-09-01,Global,-0.6463090947244918,-0.22795196302912188,0.39990325985079717,0.32094077362597256,0.1797246276188994
2017-09-08,Global,-2.253417752236785,0.5468793462840685,-0.40371185232042456,-0.40199201287270414,-0.33920209973671905
2017-09-15,Global,3.276902267459575,-0.57558397722748,0.3396288044634049,-0.12689009072643942,0.5509518355764039
2017-09-22,Global,1.0518290502070158,-0.21935772739361764,0.47167010799808234,-0.7101983435744543,-0.007561878963643623
2017-09-29,Global,1.6596645247484805,1.1549403759017027,0.04068422854302827,0.2860673218561948,0.2706813649016721
2017-10-06,Global,1.1377957616919314,-1.085714508241838,0.23649746051606332,0.641614310575464,-0.5063751264462993
2017-10-13,Global,-2.2372531645047613,1.461571026721278,0.17162065708434582,-0.5647636225275168,-0.6856610354245906
2017-10-20,Global,1.7955564969795137,-0.1867405008314479,0.9467028203112849,0.013295348695603318,0.22706822219828818
2017-10-27,Global,-0.4082782994930014,-0.03632175899423772,0.9278378397175114,0.2912745017592232,0.1299772358404737
2017-11-03,Global,-2.2477446358916757,0.5348070525099421,0.353699769079015,-0.756176624580513,-0.9333731714301923
2017-11-10,Global,0.9108945556644539,-1.6200747273258544,0.6119505401613344,0.1726918028564411,0.57495063869575
2017-11-17,Global,-0.721318778515842,0.02050321391170289,-0.2604617394315517,-0.0015251564015633142,-0.8547764576277094
2017-11-24,Global,-0.3773023309236677,0.15813498424167255,0.24830904590625802,-0.4844152941371683,-0.5671384576781431
2017-12-01,Global,-0.05640237878671261,1.0748232764642125,0.7261075794186229,-0.8312979369704562,-0.07618105034705655
2017-12-08,Global,-0.298909342224611,0.3568698290693155,0.6237551303531513,-0.33631016782251766,0.352698757167537
2017-12-15,Global,0.030507586535871052,-0.7032201183543453,-0.8897461957412267,-0.5812133501209591,-0.448031308349064
2017-12-22,Global,2.624521026223946,-0.930852018320056,0.7332644932291922,0.07632287781905574,0.41950332354557385
2017-12-29,Global,-0.04783333603362973,-0.6211167020365663,-1.9116774745478804,-0.16928297231390274,0.22856725662636682
2018-01-05,Global,0.8551360518225166,0.2807792406766019,1.1563326337826563,-0.162623703141147,-0.2263195015615693
2018-01-12,Global,1.6401667969992062,-0.2727069873360845,-0.025100480414810764,-0.15208486177075453,-0.1834500602847914
2018-01-19,Global,0.8054289947893021,-0.011651766519903475,1.316796059353523,-0.1542438358900325,-0.05610611576763482
2018-01-26,Global,0.24196882763120822,-0.4013046739431065,0.26634700586138793,-0.8645425688660825,-0.5325855405549063
2018-02-02,Global,2.4941802970562748,-0.6603621798845956,1.2459070411680344,0.3159316612702873,0.34687070106755497
2018-02-09,Global,-0.4439724820456037,-0.5077530647446783,0.14366791305045978,0.7996598675141072,0.30441085152559155
2018-02-16,Global,0.4312263493654367,-0.9233309725035908,0.938243160890614,-0.6037323489409299,-0.3334413295767836
2018-02-23,Global,-0.08647860943065887,-0.387090853811423,0.4145242706112049,-0.48100705989113374,0.3481173904971384
2018-03-02,Global,-0.6747201437054473,0.9334288809159527,0.4882335718651608,-0.21424170137640358,-0.5701801308808261
2018-03-09,Global,0.0013381402286489227,-0.6942638062403159,0.47607622229768093,-0.03954362016621485,0.11446461051788258
2018-03-16,Global,-1.2206205656780373,0.49353766576454045,0.15468075303781845,-0.7397038640462282,-0.44365048868102036
2018-03-23,Global,-1.3607336712807576,0.07527809818276462,0.48722831049915966,-0.14557749884102278,-0.07805603107331613
2018-03-30,Global,-0.996732916084052,1.3701623927995286,-0.6269722458154392,-0.48214355908567347,0.1371080872222848
2018-04-06,Global,0.47917237228534687,-0.5311446908464638,0.20182272009663058,0.257128540828385,-0.018212055164415097
2018-04-13,Global,0.5472842188603071,-1.0521382313023113,0.7570474006034212,-0.6549007351626301,-0.04599875363585691
2018-04-20,Global,2.6286190163814402,0.4090640258319742,0.8544536538110605,-0.24034301230152696,0.16942349438965898
2018-04-27,Global,-0.4145646045765792,0.18942557839994834,0.44913410979293733,0.0990591513877762,-0.39065284967333186
2018-05-04,Global,-0.20214311614506314,-0.5074862071359938,-0.07873508404034883,-0.1017095578932699,0.22097512747777412
2018-05-11,Global,0.6507290637744331,-0.31292915279472316,-0.12952157298342065,-0.08960511035631342,-0.22805767342392883
2018-05-18,Global,2.601214320006098,-0.9671799955593835,-0.4732186228006019,0.5827885189173642,0.2820781783791908
2018-05-25,Global,-1.6948559451309884,-0.7436571707933608,-1.8036196995196494,-0.4567180523863819,-0.6893908589713248
2018-06-01,Global,-0.45963656971534866,-0.11306244054455032,-0.59632412841837,-0.9133342487457822,-0.7412482238996744
2018-06-08,Global,1.7520580851890029,-0.9686131594188648,-0.9872286554441438,-0.7943792877654159,-0.22742566575561907
2018-06-15,Global,-1.9467120707631167,1.2853553057356137,2.2925636813442227,0.8884715229706888,1.1293531814829343
2018-06-22,Global,0.007226674045497047,-0.4296602650416556,-0.5121944553737448,-0.17533115910657718,-0.12602297784289984
2018-06-29,Global,-0.8711050357845702,0.477221974426529,-0.47296570595335397,-0.16940171363786105,-0.10881716308842038
2018-07-06,Global,-1.108977017644974,-0.18143263880440852,0.2382045987097197,-0.9465784023539909,-0.4894320583897505
2018-07-13,Global,0.35999750886926235,0.05904847407385462,0.19653507891234528,0.16230912403111966,0.43633072401282635
2018-07-20,Global,0.5954044403926629,-0.08933190782085074,0.9490783897010545,-0.1572968495143317,0.10346887853080168
2018-07-27,Global,2.720746378152116,1.9032504350446557,-0.200906004552905,1.343186556654839,-1.297674783946333
2018-08-03,Global,1.2663105014010692,-0.16672905706480956,-1.4416915469259706,0.4826623349814665,-0.027964530778139363
2018-08-10,Global,-1.0096097058416884,-0.05926335116532946,-0.6994277917680033,-0.5055624679679622,-0.8634865380852729
2018-08-17,Global,0.3474106242375118,-0.7550859076604439,-0.461259612093797,0.27580898837745293,-0.3631129888062205
2018-08-24,Global,-0.49892968053126424,0.3719118980252538,-0.4792772356726305,-0.3424174538706064,0.4217398633171592
2018-08-31,Global,1.1520817078534586,-0.6129294439491104,-0.2971853131221699,-0.17852715263276153,-0.7147105319840342
2018-09-07,Global,0.06667357187961749,0.8500034410603383,2.294520651601995,-0.3288531312584673,0.23093303086139946
2018-09-14,Global,1.1147842469628477,-0.5657870679086625,0.2974278238280177,-0.047579196574202884,0.27921177214575704
2018-09-21,Global,0.9555958144505698,1.1427134209700889,0.9967216094120589,0.11120925163104198,-0.6937104753538507
2018-09-28,Global,0.9116527518813283,-1.2242635854704464,-1.3691653135506976,0.10448419592016453,-0.9250535769058426
2018-10-05,Global,3.4685313968339,-1.0473420071598576,1.039176585827757,0.6304610777360427,-0.048934491816011894
2018-10-12,Global,-0.6515150820890357,-0.22723033842414836,-1.3468592313775398,-0.3699597447613059,-0.07997660351461203
2018-10-19,Global,0.9350509234863359,-0.22856904700667952,0.6569291057341421,0.022369479074506936,-0.11694471172128894
2018-10-26,Global,-3.6149428572591984,0.4407916252015062,0.6678705378245796,0.012202577007758111,0.6357055349301233
2018-11-02,Global,1.4797119815214566,0.4409069689258275,2.1952607724055366,-0.32469359926013497,-0.9980711975475408
2018-11-09,Global,0.07225693304608609,-0.4144430617826881,-0.6562171462097,0.45480756850953297,0.2188637004355129
2018-11-16,Global,-1.276771220257833,-1.0341117628642102,-1.8564444311968624,0.3405799887942269,0.6904025682033389
2018-11-23,Global,-1.035199440272813,-0.09706228683890868,0.4154570928600162,-0.2679174600975672,0.5401827920883708
2018-11-30,Global,-1.2900871992978955,0.6786457066775656,0.6296024086032582,0.08390711358005414,0.7296827434398069
2018-12-07,Global,-2.132086610746997,-0.4215761943607592,-1.9481268221479817,0.4902656960988059,0.15470156592763235
2018-12-14,Global,-0.6267085666157215,-0.5819804591139848,0.9494055898962797,-0.1812484809228583,0.17415832629815925
2018-12-21,Global,-1.9681576234878966,0.7351645615034449,-0.7681881389406041,-0.537681785333904,0.4233101723659209
2018-12-28,Global,-1.3420632263467998,-1.0817699593744756,-0.4316438750111501,0.14307911015738764,0.8540376324706226
2019-01-04,Global,-1.4557957115482618,-1.9325694086976732,-0.35808532757385736,0.133875389496305,-0.09118931369909662
2019-01-11,Global,0.6987820150356955,1.7435820716980193,0.8454010926195215,-0.41909093409782566,0.13084308064515587
2019-01-18,Global,0.45667861997526993,-0.3676069999468653,1.4516920488845948,0.37976660544175705,0.19696227705175048
2019-01-25,Global,-1.692964002061746,0.4114168599586989,0.7134506035793124,-0.7438789152002835,-0.0966389072146849
2019-02-01,Global,-1.5370839360399506,-0.9516113858674533,-0.36697528189565326,-0.5915028072966286,0.050104227080536225
2019-02-08,Global,-0.12973019763777174,-0.5137555269627717,-1.7903897812280334,-0.36907003891358175,0.23446220583939
2019-02-15,Global,0.2452200151951506,0.3466434243805285,0.9327952218337436,0.22061165108555686,0.09249774357331556
2019-02-22,Global,-0.6994662616762519,-0.4052661540011324,0.40224358776662855,0.07366501934996951,-0.05354216105788493
2019-03-01,Global,2.9431899195136015,0.34555645711474087,0.10627558397389426,0.23761959307381852,0.5482983515903282
2019-03-08,Global,-4.1401971503333215,1.531063693239232,0.4183171175074034,-0.6719966157696411,0.13597328921203333
2019-03-15,Global,-0.10536931446033407,-0.70549648839859,-0.24295420353496028,0.5300868398426895,-0.027266219384258043
2019-03-22,Global,-3.136135984987356,-0.44331023019970334,-1.0430022878567744,-0.3775703950725628,0.017274589353622288
2019-03-29,Global,-1.3388293407474778,-0.26286795051547385,0.03743630416198436,-0.5141570307325539,-0.47602172336062265
2019-04-05,Global,2.1737486453714636,1.3664973429405634,0.5435180330752727,-0.33983915449443935,0.12687953271095945
2019-04-12,Global,0.1358348424569701,-0.8847250233076245,1.29123605470795,-0.036267038342251805,0.24724661012677468
2019-04-19,Global,0.5596376984749548,1.3288782222957922,-0.36076425427947434,-0.10332172451542233,-0.9827955362799285
2019-04-26,Global,-1.2528468653160594,-0.4824832607150852,-0.6891205001765258,0.09662281038866649,0.23728278899661445
2019-05-10,Global,-0.8426519718130776,0.07261055262039844,-0.08139252936413288,0.08615532602662773,0.43226973650162265
2019-05-17,Global,-2.0586673761872727,0.6913323972399454,-0.004690954285663845,-0.44163083713417917,-0.6209175321127733
2019-05-24,Global,-1.0386819845875186,-0.2516426509973699,-0.6562602908482288,-0.0358295906765575,0.8740698034424298
2019-05-31,Global,-3.9196209185600384,-0.2624363421682492,-1.469689005615286,-0.2698620002211289,-0.6799835686457013
2019-06-07,Global,-3.2928545972225387,0.6289490457908461,1.5656070151598216,-0.23656517187719406,-0.17958954754637738
2019-06-14,Global,0.2868125909460066,-1.239749759994189,-0.25215308723403423,0.26439336133565,0.8872808569628821
2019-06-21,Global,-2.3723269953400474,-0.8358221988698765,1.2439483465225694,0.15898209630616225,-0.2644811943783703
2019-06-28,Global,-0.6559653226925206,1.3235429460318464,-0.5956688592523042,-0.01797644587209587,-0.3231464115964327
2019-07-05,Global,-0.6342579479944879,0.5158075824291752,2.0412471409190296,-1.232763943977719,-0.09131516126993668
2019-07-12,Global,3.0220936763667696,0.7337081203713623,-1.0792959971312757,0.8605729354670759,1.0104179092057264
2019-07-19,Global,-2.799220906836833,0.5682834601314981,0.9202154161615441,0.13963806111601376,-0.31436143596080207
2019-07-26,Global,-0.3664206419487886,-0.19506998365466624,1.2556665782354866,-0.5335194891739312,-0.413549645687016
2019-08-02,Global,-4.028653895611581,0.8696249071090659,-1.4923698812720076,-0.8050420084249938,-0.4919977437139653
2019-08-09,Global,-3.840232915235196,-2.4091455990781205,0.04667996729373018,-0.8316574704548632,-1.0816727680162963
2019-08-16,Global,-5.150298492992865,1.85905884840704,-0.14574324902087696,-0.8861816191006695,-1.128498771354561
2019-08-23,Global,1.1297347343152322,-1.1625586307204803,-1.0612909534650565,1.2545236958288284,0.19322105642908663
2019-08-30,Global,-2.5181623576421135,-0.33002887429034955,1.4442047328017642,-0.9537827798242916,0.0891543526888992
2019-09-06,Global,1.9012903791591622,0.6673644784960556,-0.28032717862182116,1.126903192181754,0.032801455915590354
2019-09-13,Global,8.289613739792463,1.2763261327544921,1.3788215470713439,0.5615378352333901,0.33643404411262334
2019-09-20,Global,-3.4876260468791793,-1.4044806717671443,-1.1182925852501553,1.1538776288604646,-1.9321097059524088
2019-09-27,Global,-2.0109321000879934,0.12715021391869671,0.5623392132610507,-0.18011614345859725,-0.3083394496715625
2019-10-04,Global,-2.151581260318633,0.5228703906552905,-2.407908842420183,1.508291749266374,0.21112551097160492
2019-10-11,Global,5.280934783082745,-0.13710266326152587,1.261812042964421,-0.7366806474455594,0.6747511057125338
2019-10-18,Global,1.2394050660074742,1.2182679008390251,-1.0815263197335396,-0.455997393726886,1.0344574744642632
2019-10-25,Global,0.777724411904783,-0.2438825171856789,0.4457705336246135,-0.24684522305307116,-0.15199326512548123
2019-11-01,Global,-2.1298600250034196,-1.581119667897935,-0.22928274960764816,0.06902338295060412,0.04619735435944135
2019-11-08,Global,6.662313473886575,3.2200876901070337,-0.2692938203429884,-0.2789777744856358,1.6213017118097313
2019-11-15,Global,-1.5709415768641943,0.013409072167467328,-1.0967924886378881,0.37316458596992746,-0.6385888564309592
2019-11-22,Global,-1.2538023844483186,-0.03405975547317138,-0.3779020068384271,-0.7459404238601224,0.10620136056777546
2019-11-29,Global,-0.013355401445296134,-0.2319364196290141,-0.11524846356844773,-0.5311960037184612,0.47850307333245173
2019-12-06,Global,2.5472482572721264,1.5549418907909023,-0.6564349646829296,-0.3429981364424544,1.0274763308143495
2019-12-13,Global,-0.640858677216322,0.096148470767051,0.12578161731090917,-0.10931397849933044,-0.053685234451090795
2019-12-20,Global,2.128441404040938,0.6505035543118546,0.13249380258423496,-0.3547948986471497,0.6859528012597539
2019-12-27,Global,-1.156910817700104,-0.9352507021915677,0.0006238900295980132,0.5807105565863792,-0.07527057404848526
2020-01-03,Global,-1.4778449790325499,-0.13107912020614854,-0.5827043456181565,0.04991854496319469,-0.06755870864050983
2020-01-10,Global,1.1166459591912943,0.08188981784614892,-0.16050590199233902,0.2555471998528345,-0.1178147621675478
2020-01-17,Global,0.44908724243831444,0.031283959309434554,-0.11100039362699983,0.03799934166060259,-0.25087720831412746
2020-01-24,Global,-3.561682108115132,0.47605385951306817,-0.3371666525796971,-0.8381152099671012,-0.09706589655517371
2020-01-31,Global,-4.854654511309351,0.46108570735102333,-0.07961058561280733,0.08020685155448232,-0.6193593013971063
2020-02-07,Global,1.8232942641504684,0.3776033318959303,0.3834533576518539,-0.23946820817520206,-0.06663365055749983
2020-02-14,Global,-0.16427978791950915,0.3769162560671782,0.2525398170417617,-0.21938809564038234,-0.0032682795534763583
2020-02-21,Global,-2.963809483387448,-0.6397087423455013,-0.6949946743102584,-0.35822853876843647,-0.5886593621243685
2020-02-28,Global,-6.596553332913242,-3.0276990141843823,-3.5155409466149985,2.685888669907182,-0.05265515154448109
2020-03-06,Global,-5.820430449113643,2.2139676480103967,-3.9034319498600234,0.8286468035759896,-1.826513073564372
2020-03-13,Global,8.293054513525394,0.7265458685163695,-2.692888871968012,-1.0295971638754962,1.5738715108881849
2020-03-20,Global,2.8746438801002716,1.7292788830491128,-3.6612585634460135,0.7489046223949294,0.4299826203650326
2020-03-27,Global,-5.014321564608832,0.10940972019917986,-0.5135669930418632,0.7070627399532666,0.5606676757959684
2020-04-03,Global,0.8574910686229711,-2.0826596897350695,-2.481827830929436,-0.7979296552522057,0.5575591015292349
2020-04-10,Global,2.0093635967385612,-0.8878250425231773,0.03784499765535996,1.6668378953662637,-0.6794408715527155
2020-04-17,Global,-0.054276366853694163,1.4686555883151138,-1.3880025797109803,-0.2956547765741353,-0.6734951865446746
2020-04-24,Global,-1.0577401469770127,-2.5435059316020614,-0.7093894336412133,-0.4544378216064415,0.2626914498452241
2020-05-01,Global,-1.2558942890131677,1.9156003005062685,2.413601233960428,0.415663494048021,0.46159845458333243
2020-05-08,Global,1.3711826724599887,0.036101029457081706,0.014755026449962624,1.2854878682348456,0.6080980550412175
2020-05-15,Global,-1.4202003844433841,1.361516839086594,0.2236630214713801,-0.4647429083837442,-0.7086476724731439
2020-05-22,Global,-0.3766924968596165,-0.5717988035974706,1.2341117120718146,0.2316679329168414,0.5624772729726218
2020-05-29,Global,-0.4287833908857015,2.0886372772121975,0.9515774474751438,0.44398609208847617,-0.2714324472762103
2020-06-05,Global,4.405873044698415,0.4357183231600524,1.7560227650933642,1.0110921954700158,0.866701917630122
2020-06-12,Global,-3.5031739392512726,0.1756835934919549,-1.2659391898489245,-0.8307774900778462,-0.8938769234546242
2020-06-19,Global,-0.6239515084699284,1.0784764701405816,0.7684636841721834,0.38600373025126555,-0.5222532451758236
2020-06-26,Global,-1.2370189613952238,1.0705887823557663,-0.30130652460118,-0.3235963526838296,-0.1822798377916505
2020-07-03,Global,0.8903092467181436,0.09183154760919254,-0.03582709393877021,0.5734866417863852,-0.32726410917219545
2020-07-10,Global,-1.540136510497285,0.026887524008794295,0.20035054817004905,-1.072563108142463,-0.3877040149409536
2020-07-17,Global,-0.18072659104139502,-0.002569626603454643,-0.024587237945988518,0.8860601048600486,0.3146266502739695
2020-07-24,Global,-1.1297252785997807,0.6107594560363461,-0.24973920169041847,-0.8338521370031523,-0.4265113149561937
2020-07-31,Global,-1.3308224743427632,-0.12349254067412775,0.03802461954236129,-0.455284829713481,0.1642765194359241
2020-08-07,Global,0.14796830786190765,0.8477120490958175,0.5665250021594107,-0.3641909009465779,0.07271002827723043
2020-08-14,Global,3.5734004111564324,0.40874063780037945,0.37984294299711163,1.1462295480275013,0.2461241053058543
2020-08-21,Global,-1.6613207626443525,0.6449895545591773,0.21402740306652523,-0.369698370243536,-0.44036613242405603
2020-08-28,Global,2.333195410149702,-0.7219703570438937,0.16643651637706375,0.6765603352156475,0.8204008525288107
2020-09-04,Global,-1.2981084624229082,-0.02159991458416706,0.5650905249576519,-0.3351707699325621,-0.5159358782858963
2020-09-11,Global,-0.656815325150314,-1.1579261283706628,-0.5437759909213647,0.1395481715415719,0.4047328333020297
2020-09-18,Global,-0.40382153359062983,0.21779483071200412,1.098785196656912,0.10107867810887272,-0.41315996287768664
2020-09-25,Global,-0.8746456624817778,0.3124844537778873,-0.15773028053496643,0.05137055966318292,-0.796510591428413
2020-10-02,Global,0.41308585116747676,0.2757602151151012,0.7754048919150819,-0.12250105763079223,0.3805544740065942
2020-10-09,Global,0.8773717720798675,0.8863998980513743,1.3144665199945589,-0.01084629266652544,0.08495323498851953
2020-10-16,Global,-1.4700756448909345,0.27532326879708807,0.47820887123365396,0.04971352272339056,-0.6105280265567031
2020-10-23,Global,2.2522624677694028,-0.44801357706887296,0.1315884200064122,0.20272687563167632,0.6473345546419154
2020-10-30,Global,-0.663907648690257,0.8231634519578899,0.8909174519391809,-0.07888280949380665,-0.1204546260354249
2020-11-06,Global,-1.1643576416106949,-0.6541400861565259,0.08723926278371569,0.009963984851419059,-0.2929713662622768
2020-11-13,Global,1.248884762200004,-0.18218235391213677,0.12047187633947709,0.4558085264822068,-0.08969871978006744
2020-11-20,Global,-1.686160299178134,-0.1986788968064592,-0.29596075074688694,-0.6091980479957576,-0.09276454615596869
2020-11-27,Global,0.5731622697249881,1.0148379175194422,0.028551543022165747,0.017399675034118645,0.1930591927471033
2020-12-04,Global,1.6185242926858776,-0.7195379119868477,1.1741902366125863,0.42382070538274186,0.5065077224980711
2020-12-11,Global,-2.3642229245110853,0.26674763724755934,0.1254231609988549,-0.35759561724373873,-0.27268740663089863
2020-12-18,Global,1.212791887572886,-0.5930824776823455,0.09317489314272913,0.4084678958778756,0.4188308184472246
2020-12-25,Global,0.5335609170993783,0.04240042373133058,-0.981368784209012,-0.07554136475993897,-0.009334614339089782
2021-01-01,Global,-0.5551942081284322,0.8216636841296848,0.38802571987161527,-0.29965069510194187,-0.38784884136074554
2021-01-08,Global,2.0849315965463,-0.17983125793665447,2.2369076811605604,0.4779081942860426,0.29633155005459305
2021-01-15,Global,0.10745670834899533,-0.4953171545221747,-0.6312901924733731,0.24839552107023288,0.07706176512167842
2021-01-22,Global,0.7422320167750951,-0.6559309537570038,-0.8195703934228159,0.5331406543518848,-0.18107892830962793
2021-01-29,Global,0.03601548119300541,0.5498750820076292,0.30771028194648825,0.2666238236035217,0.4101166117865653
2021-02-05,Global,1.2348727504839776,-0.645317248377696,0.41393817683664785,0.41476582936223,0.7456161649088288
2021-02-12,Global,0.9066923615144356,-0.3130479578125868,-0.04602874697002273,0.492617971393667,0.09679204722846459
2021-02-19,Global,3.3965443942701623,-0.4404950955491862,-0.2843402252549145,0.5032908772925454,0.9859885686866398
2021-02-26,Global,2.8681229863613735,0.8550486870166035,-0.10272828601280179,0.4900890669830235,-0.7096246759493222
2021-03-05,Global,-0.7392646254937315,-2.384680105140117,2.1528413345819395,-0.17077178626229356,1.2662681761052756
2021-03-12,Global,0.9228208941642093,0.6710532562528014,1.3808297779206098,0.16860037308098363,0.2722211710822039
2021-03-19,Global,1.0725275569377934,-0.48188632910551304,0.48652825135975136,0.574376733376248,0.24221373009227107
2021-03-26,Global,-2.091397089892822,-0.262957482368709,0.08311827730345409,-0.5721559206888432,-0.08828505701992667
2021-04-02,Global,1.3557746043047307,0.8560363205483625,-0.031315038115218255,-0.20373303575875434,-0.5418457216344034
2021-04-09,Global,-0.40582229511961665,-1.0935668347344338,-0.9932194605921475,0.19897997287438274,0.4838157977921039
2021-04-16,Global,-0.8600920861583884,-0.7292681581755556,-0.804246338397209,-0.2931264551674738,-0.022179299198742307
2021-04-23,Global,-0.6525545769687054,-0.3301456560674798,0.28612376045725074,-0.42351705551700425,-0.11653870222249642
2021-04-30,Global,1.9297867110713696,-0.3374211334799151,-0.6155975497135144,0.7255998585040492,0.7041525950296875
2021-05-07,Global,-0.36778269157473525,-0.39246281317062515,-0.7431636829693237,0.23777028510747267,0.29447159765504693
2021-05-14,Global,1.4375799633581214,-0.9878384855260702,-0.10197283644892446,0.05464024493556414,0.31131642239149326
2021-05-21,Global,-0.17287542335061637,0.5278607308743477,0.25735876831287824,0.04351394585237063,-0.42512161765738243
2021-05-28,Global,-1.3561014962991091,0.6180799354698949,-0.05307024079352787,0.00257346989624356,-0.2370816030728839
2021-06-04,Global,-0.38562912193856547,0.6988321847486001,0.059976450524668164,-0.10368808766495186,-0.07370529975781395
2021-06-11,Global,-2.2405372809069295,-0.5364207898921914,0.39781475146094025,-0.7635050031089335,-0.29958471273560505
2021-06-18,Global,0.9552500239052216,-0.04160312882672283,-1.133754693362435,-0.7455778656037741,-0.8240259076199183
2021-06-25,Global,1.44984605916676,-0.5948257536928535,0.790308570318815,0.31214528166352473,0.5518075419137739
2021-07-02,Global,-2.372960073405572,0.7098193493042879,-0.015079565089860922,-0.26899945934922803,-0.3256736680731301
2021-07-09,Global,-1.335578481609442,0.29056919545804044,-0.2931101651935248,-0.2666582769442339,-0.4640446459670468
2021-07-16,Global,-1.526712645910945,0.07758384903353173,0.5007476622489844,-0.599455443507859,-0.29115426925681465
2021-07-23,Global,-0.9261215622179865,0.47505690725483735,0.2636731487564385,0.2820680956084212,-0.4892612738558929
2021-07-30,Global,-0.6688476460594689,0.3254218225848991,-0.3676131708110933,-0.36763010779595645,0.40145750326865826
2021-08-06,Global,0.2359962270797655,-0.11013008180002466,1.139662852357288,0.007776018360052065,-0.38112102278131793
2021-08-13,Global,0.13394372792246922,0.35523246958885496,0.04301984903484594,-0.08229197860056604,-0.42075136699812254
2021-08-20,Global,-0.9325913672222187,-0.02148723361946652,0.01830075265213139,-0.11605273631729622,-0.2079036605612897
2021-08-27,Global,1.668041182941056,-0.6951677917224998,-0.8825204247635188,0.3426633547491674,0.8563403455459319
2021-09-03,Global,0.898138436826491,-0.09943038176711885,-0.4485854876906254,0.27604603068706574,0.5899090937488987
2021-09-10,Global,0.30922323258445916,0.06543077417453189,0.09078556015952018,-0.07057398431556965,-0.1962658921903463
2021-09-17,Global,0.7748925995184648,-0.5398081071666679,-0.5281803322190434,0.11714201020818713,0.2325993515736477
2021-09-24,Global,1.6371641391675635,-0.36053720205239354,0.7243634618925215,0.1984177297238635,-0.05426713222775487
2021-10-01,Global,-0.06649149807495938,-0.16341742696353,0.30710679152890624,0.03645953658295308,0.40314256729810355
2021-10-08,Global,2.5054985376010177,-0.04211367957860085,0.6805188124823802,0.45017288987659826,0.3277427523621429
2021-10-15,Global,-0.2721784488195633,-0.09704824990715977,-0.14684155660546297,-0.9456896977362554,-1.064100571629532
2021-10-22,Global,1.5759331311863596,-0.0945602945048955,0.1545837624141369,-0.4176290845912728,-0.6080285369782779
2021-10-29,Global,-0.34531755435412637,-0.8228762157978016,-1.8844887028195234,-1.0796248928784746,-0.5087246803288288
2021-11-05,Global,-4.025483780724345,1.6131325878141791,1.2818728169087203,0.6119716264856785,0.3867174651842584
2021-11-12,Global,2.400086112039496,-0.46109971678872225,1.2613969505182925,-0.33538988473291753,-0.30212945001876673
2021-11-19,Global,-1.1309611656062002,0.47461035361137854,0.31518643928217827,0.03442830326435649,-0.2120631782627194
2021-11-26,Global,-0.3587645580581143,-0.33309848870917685,-1.1806233614760908,0.2924332574899315,0.08820016118456506
2021-12-03,Global,-1.440779185009262,0.15737243217667266,-0.6199198702428792,-1.433989200740588,-1.1206231663302382
2021-12-10,Global,1.6698793500124907,0.049089626506369534,1.8876782849822233,-0.14803422202590302,0.18201492727570218
2021-12-17,Global,-1.0191010738454163,-0.20266868835436255,-0.4144650431526749,-0.0015702269179172273,0.033070057975462426
2021-12-24,Global,3.0596926714249637,-1.057009670682961,-0.8718875060857503,0.541899544711841,0.806235548363918
2021-12-31,Global,0.9806102211316567,-0.34336387721191275,-0.7071694931168898,-0.06888584416662605,-0.007199151049617803
2022-01-07,Global,4.351132828253792,0.044997652305237154,1.5664111271671899,-0.20998300337701986,0.3534322262276441
2022-01-14,Global,0.63580586502304,0.5842908578418949,0.6751968408246364,-0.6984589374821872,-0.6185376947651744
2022-01-21,Global,-0.6440946476072308,-0.4207187361330999,-0.10573640941373794,-0.08240422763158296,-0.036662685124820064
2022-01-28,Global,1.9703227432284722,0.37064085058892965,-0.4458146176126418,-0.4543049634294922,-0.4920254895329532
2022-02-04,Global,5.92255045402793,-2.2808441882496195,-1.6233161915014735,-0.9135061306107681,-1.7984748120308602
2022-02-11,Global,2.9650033194758025,-0.04456225213594406,-1.2269009165008398,0.47477363786270815,0.06446801070483314
2022-02-18,Global,-0.09571781120308659,1.5920628412989801,0.1968168849472341,1.085996963965013,0.833636272229386
2022-02-25,Global,0.6246903489738785,-1.1059416875897994,0.7485764523581613,-0.24109162449015845,-0.645604059392928
2022-03-04,Global,-5.729827948434199,0.9932393393946352,1.2870424410945533,-0.2716128015743584,0.7967768490564447
2022-03-11,Global,7.223820308639762,-2.9574362168306836,-0.4923287779899205,-0.6281458410164742,-0.9214994455342929
2022-03-18,Global,2.7139303523637315,-0.16333612765440894,1.0567365345876718,-0.6223250375150307,0.026786320692635746
2022-03-25,Global,6.465566407960467,-1.5425662814072794,1.6000602461633215,-0.4406631359084994,-1.6579097748684257
2022-04-01,Global,-0.3804821642839022,-1.9220890531074135,-1.5007777105413709,-1.3551324965588447,-1.7413791757536512
2022-04-08,Global,5.313098250296195,-2.345493572757061,1.8574549024123634,1.6947401631647403,-0.4328600008077407
2022-04-15,Global,1.9509180654437408,-0.8721790349949999,0.27918931860354423,0.5484906062151456,2.0115057951224067
2022-04-22,Global,3.9128199849800747,-1.170915276401764,-0.9262977591441945,-0.21834139814562378,-2.206380175078794
2022-04-29,Global,-0.6621359939128414,-1.2755000324532793,0.10720060474350285,-0.3941297033404093,0.5778244131590028
2022-05-06,Global,5.657201760099837,-1.8821254979629511,-0.215539214897513,0.8159448073122046,0.6974683626436355
2022-05-13,Global,-4.169456510209082,1.7811929487919076,0.4344922051292938,0.9122962547687317,1.0985835993837205
2022-05-20,Global,-0.29357698449204767,-1.0012232875637324,-2.697627323194885,-0.6812495305245787,-0.571521191108146
2022-05-27,Global,-1.036557949820767,-0.11978997303140494,-0.4435016643008597,1.1141555195428268,0.6880310063924953
2022-06-03,Global,7.136437552503826,-4.632922424117709,-2.1791313363820923,-0.024816371105252952,-0.6142276362610082
2022-06-10,Global,5.772416831391996,-2.3258654925336146,0.021554052295909953,-1.5321709090006919,-3.061485187100213
2022-06-17,Global,4.345109082761328,-0.7911963033403817,-1.3790224437670995,0.7499853626260304,-0.3748176709879072
2022-06-24,Global,-3.4206274282384985,2.7483181604707068,1.0632528930643748,1.645954837196504,0.10367935450721043
2022-07-01,Global,-5.6859137750639706,2.74121192000465,0.15922335163697005,1.162863024312675,1.5008997403685032
2022-07-08,Global,3.77477854817834,-0.07148106504218213,2.2836520686900337,0.021415532987545286,-0.7804234749479306
2022-07-15,Global,-3.1778120056225716,0.6397307495273192,-0.46694999510173907,-2.038845106221474,-1.0661447109051916
2022-07-22,Global,-3.1668983996839524,0.9695115349086628,-0.6162847496092962,0.7645100086980922,-0.5828450967323334
2022-07-29,Global,-3.911189793913616,1.1215711076127797,1.6829024803796337,0.6991591899595239,0.5653818227205262
2022-08-05,Global,1.727300198062374,-1.3617296237061038,2.6742429738505975,-2.3280772411651216,-1.5398185080343019
2022-08-12,Global,1.4036476996529188,-0.7894171442550971,-0.5908975020774238,-0.4632812244709884,1.5483968719341261
2022-08-19,Global,4.247858845442688,-3.3609701003320396,-1.8891111026596983,-0.5146992116209904,0.055210088317240814
2022-08-26,Global,3.945284780321406,-1.2759023695362208,-2.3193935320344505,0.30327775279837055,-1.4129526137349222
2022-09-02,Global,4.0099402584035175,-0.2897753035814629,-0.4038145117380025,1.3712206986670255,-0.8375697432488501
2022-09-09,Global,4.899172837370277,-1.943838303189702,-1.3850238776296315,-0.47562246190200913,-1.3215334381124146
2022-09-16,Global,2.74866847550172,-1.3209786031597222,0.6419690575287236,-2.6664926324923197,-2.2369224234169276
2022-09-23,Global,5.270536973015007,-3.000550549594083,0.20735147057676653,-2.3757327862966937,-2.6322166430065423
2022-09-30,Global,4.194478093519205,-0.5119650731860924,-0.11874862168246747,2.3062010045732393,1.8445928192453327
2022-10-07,Global,1.5488290443305748,-2.5540441051893183,-0.082646932058171,-0.3222977756989984,-0.1763135343557229
2022-10-14,Global,3.846747778118493,0.14314329704469678,0.14371289035679452,1.3718077891991305,0.07861131671785991
2022-10-21,Global,5.86647259195644,0.5426446916234544,-0.20802597688247965,0.9066640418359859,-0.5198331268650275
2022-10-28,Global,-8.081281511548552,1.8135118251097802,3.4587081653571823,-1.2180222066308868,-0.45257588712382174
2022-11-04,Global,4.825868982561432,-0.8755845546299903,-0.4771295884122777,0.1404781515020145,-1.6791454281890001
2022-11-11,Global,-6.389752065066137,-0.12827745077773717,-2.399166786878459,-0.24908134200867557,1.0058175621944407
2022-11-18,Global,-1.805045587742222,2.6798588617869923,1.736395868522541,-2.3745741444210005,-0.4010333306803142
2022-11-25,Global,-1.804206599271716,1.7574561604978363,-1.8745534126164085,0.003467797254793949,-1.9450089119976035
2022-12-02,Global,-3.7433070401264943,2.139236649287025,-0.6671549485470798,0.4389940556978959,0.029773352785305834
2022-12-09,Global,0.8747219268696969,-1.4255013055101582,-0.06446488103230787,-1.709161749467091,0.26265393684312566
2022-12-16,Global,3.5718426164527903,-2.870266463383969,-6.211414282763808,1.4805190457310304,-0.6737611970246568
2022-12-23,Global,7.554051538430119,0.13751880453225337,-0.22612472412520954,0.02318060574433129,1.0998980015090596
2022-12-30,Global,4.534690266148325,-0.10775851667662124,-0.528503224262367,1.015974120801365,-0.0021739963454709605
2023-01-06,Global,-6.479641716494931,3.355927096007207,-1.0201970264102933,-0.09575345573871502,-1.2896061349556933
2023-01-13,Global,-1.6198629058104093,4.175536565010659,0.6455986541492269,0.028843777471503428,0.15442175366325717
2023-01-20,Global,-2.2632933491287734,-3.3371043741163717,0.9755445934132777,0.930272765844602,-0.11208739525104164
2023-01-27,Global,2.5537758439386904,0.1621933084029217,-1.4107682240481985,0.48083467559731097,-0.3991070637485804
2023-02-03,Global,-1.4075061596684701,-0.8112272539275939,1.9134035204896445,-0.5017692951375156,0.22763325577188293
2023-02-10,Global,5.34941568777253,-1.661829864431671,0.44609693829815594,-0.5117778792081508,-1.4060296120197449
2023-02-17,Global,2.340094665245662,-2.1503957627859944,-0.5432917840083132,-1.1682702743020448,0.24884738045733695
2023-02-24,Global,3.0058103150380995,-2.0985516166657523,-0.025518890049515408,-1.836679067177473,-0.10142600358342006
2023-03-03,Global,1.6232946908097292,-2.7533185276011074,-1.2184263020725767,-0.6376387811403967,-0.3135373493936408
2023-03-10,Global,-6.544677292917283,2.0506660089078395,-0.4670083178609597,0.1576444936392912,0.43732407935383066
2023-03-17,Global,-10.959205093358694,0.7145256213143699,0.7780770262953675,3.642751318729674,3.8764733685999304
2023-03-24,Global,-0.17291023739031505,-0.13533281123219973,-0.0745822615719818,0.8309791916593696,0.297933472447331
2023-03-31,Global,3.6212786547080564,-2.252817042445997,-0.319400070431323,-2.835616868745632,-0.2563892229934526
2023-04-07,Global,-1.8126446271924062,3.9621114223490164,0.17238866265731986,0.5468647148613219,-0.006046567818942863
2023-04-14,Global,4.677222368571546,-3.216280471524462,-1.6783070823781059,-0.4738686801995563,0.1030054914016356
2023-04-21,Global,2.0314010379345597,-0.602291184035442,-0.4203018390240631,0.07258823436831931,-0.4292899518074004
2023-04-28,Global,-4.809177976137367,-1.0249297776146722,0.7915773144316208,-0.5509047491100321,1.433209684835801
2023-05-05,Global,-0.033296384727086896,1.7117652236044196,0.15159789359464515,1.6271523576286666,1.0605117280480287
2023-05-12,Global,-0.5691209498992185,-0.9271765521688365,1.118283286249813,-0.35721426042834975,-0.44943059365457955
2023-05-19,Global,5.6879574031066555,-3.263725657485025,0.6775386585936706,-0.9869906556657215,-0.34714257411864313
2023-05-26,Global,2.3182256483802046,-0.68621600760511,0.7815545083803752,-0.9684241846605726,-1.2367325999513272
2023-06-02,Global,-3.9033547184385413,2.639301786598178,1.7427032088229029,0.3220126234513225,-0.9290488220594402
2023-06-09,Global,1.8788802720212516,-0.9342067866982573,-0.57038554117426,-0.922154237380053,-0.28410548128402036
2023-06-16,Global,0.22651430001525977,-1.107116313049742,0.18952370593435955,-1.7649945272225385,-1.4983771845989866
2023-06-23,Global,-1.8316909786647813,0.08789014266221375,0.9989482893236331,-0.5886196200792276,-0.7625241915810164
2023-06-30,Global,2.877731059961342,-0.7846418532226309,-0.4055059162250807,-0.517163942233366,-1.1385263930027574
2023-07-07,Global,5.083519344737407,-1.1968979838715372,0.2847071735470017,-0.22294824626559873,1.2598213548239783
2023-07-14,Global,-3.200341444613914,3.8179950752554346,-1.6363824309979236,2.07844726404561,-0.6319932441169716
2023-07-21,Global,-0.4330732365593435,0.2694064554813329,0.8936202501701808,-0.8800460551895508,0.03723667262086445
2023-07-28,Global,2.4747316179396357,0.7243468676851234,0.6850677699450419,0.37829245466162775,1.0232920703455186
2023-08-04,Global,4.439962184196314,3.661116458306448,-1.4186386315809778,3.1305915657993513,-0.518715206629667
2023-08-11,Global,0.6436939803286003,-2.398747158678309,1.6834083312321626,-0.9752080160787534,0.3664214116633183
2023-08-18,Global,2.5628477504246665,1.1393805726579906,0.18457121040721783,0.986648737084049,-0.2837044502594412
2023-08-25,Global,-0.4908599744235985,1.5877458229563917,0.8175051647904705,-0.5732459550245705,-1.4522930810794523
2023-09-01,Global,-1.7369694513370297,-0.3516731227667598,-0.6031614616910368,0.573434385733457,1.1362486853875402
2023-09-08,Global,2.2875228939514414,-0.47494918918624845,-0.15101703501977592,0.19292293634835347,-0.8681764949297431
2023-09-15,Global,3.037318323402596,0.09531008535502648,-0.9959913576821751,-0.5242290146220838,0.4978593425197265
2023-09-22,Global,2.8898879160148,-0.14413518229778707,0.23875063300588206,0.028064218559821788,0.2734147557294508
2023-09-29,Global,3.0627742428473583,-0.42613829841970535,0.21148021134285244,1.4424131847029968,1.1286512410848808
2023-10-06,Global,4.8142678723665435,0.11030966442700674,0.2752265435510265,2.0008503273147067,0.41577308556157755
2023-10-13,Global,-4.155903434190952,0.07368818828807551,0.2937170309472216,-0.9180458659602417,-0.6552564136197886
2023-10-20,Global,6.004589869754156,1.5693307651939346,1.218690580751948,1.6928275567567632,-0.050113011213376454
2023-10-27,Global,-0.927457422493613,1.7131815494061344,-0.9552939099754214,0.5859824782174926,0.8783520118308136
2023-11-03,Global,-4.523275651960917,4.8908706906885255,-1.6420688294056707,-0.8644594022861561,0.13275881747367008
2023-11-10,Global,-0.10113353023640129,-3.7713610704670284,1.1139591174408334,-2.2866514927905173,-0.09464690040888621
2023-11-17,Global,-5.713500020170087,-1.4089928560277247,0.7703245989971359,1.298927980384475,-0.17376355652677544
2023-11-24,Global,1.049846259535514,0.5728295352443757,-0.3943790412884042,-1.1932907839522005,-0.5914479345365369
2023-12-01,Global,-7.4178754313227016,1.013756218179041,-0.08000889204636544,2.6576036835429235,1.6236559802918278
2023-12-08,Global,0.7183224960376511,4.579325603263013,0.33591495640372254,-1.5636287341250745,-1.4652617895321882
2023-12-15,Global,-8.656630455702839,1.2415344614923531,-0.23012085797363566,-1.1599696452916008,0.4210880764346486
2023-12-22,Global,-3.3399391839681885,-0.7804967413825616,2.448187694694419,1.246401460621595,0.6485551658343428
2023-12-29,Global,0.6967793994059404,-0.8649278942539574,-1.4418635974847247,1.358566678996773,0.12984766106161896
2024-01-05,Global,4.018174217063126,-3.4214360437315747,0.30360536146715955,-0.5887590241158824,-0.39382587000906377
2024-01-12,Global,-3.225399262545727,-0.38763355553939477,-0.08907963567382782,1.25436634900782,0.9844022474675963
2024-01-19,Global,6.272164645645413,1.1630173981821212,-0.1979401165616669,0.19146915476410767,-1.6955717095313956
2024-01-26,Global,0.4745201992127846,2.214959814082768,-0.17638520005854527,0.6609683740187337,0.6763460787263328
2024-02-02,Global,-2.614018516472658,-0.17141216330915238,-0.555709916110872,-2.251799005256835,0.38899165287193144
2024-02-09,Global,4.889118824382074,-0.46950541514525135,-0.7145091595141467,-0.39850341558556696,-0.39570780538704314
2024-02-16,Global,1.6890752627441745,0.2905161472219487,1.567441248022909,-1.5637327432117782,-0.41390949589566356
2024-02-23,Global,-1.2986811264150808,-0.01550037429440703,0.06392531057363882,-1.6760039658969357,0.17115486181469755
2024-03-01,Global,0.38045257207057515,-0.37041995083469387,-2.464235765949518,0.3712060267449479,0.5902466179496585
2024-03-08,Global,-3.3386061871575166,3.9938443821676146,1.3504963214261367,0.2097436277216417,-0.28350640438844715
2024-03-15,Global,5.3882138040953915,-1.1536121368333931,0.7544172237862858,0.1032367909454669,-1.3253126564136253
2024-03-22,Global,-2.594996889643492,0.5670114088844567,-0.08953341421392753,-0.2370818979988699,1.2410079270620629
2024-03-29,Global,-0.7235592697902556,-0.6548484543513814,0.13538924446252024,0.2601022849635111,-0.6764240200733779
2024-04-05,Global,3.8307037535357127,-0.1837991509995196,1.2683898141028174,-0.05685426922268663,0.5917775923545677
2024-04-12,Global,3.072050027233267,4.362870007110135,0.8705771153500345,-1.0085283895455255,-0.675488215799044
2024-04-19,Global,2.5960112278171534,-3.5688638244710913,-0.09608660232125453,-0.16646918175243489,-0.1199572155342105
2024-04-26,Global,2.5220842014297244,2.400336936821859,-0.7918150086094498,0.49612799498916943,0.12700459907451037
2024-05-03,Global,-3.21737980347586,1.020604375072395,-0.9674622102484163,0.8134041717195721,-0.20752044961268953
2024-05-10,Global,1.0632420805033267,0.37970992855259017,-0.6426555022608604,-0.8494210757319443,0.05743071247955534
2024-05-17,Global,-0.0222606599254453,1.7119759182561773,-1.535440790666446,0.2953313564911563,-0.33031025392139524
2024-05-24,Global,3.0822920039420825,1.0589792222967718,-1.35207885696324,0.3752420667658972,-1.4518614829289866
2024-05-31,Global,1.9366810131445753,1.8254272098716975,-0.5167483239350652,-0.015120080228726015,1.2400266046014723
2024-06-07,Global,-3.172473357975453,-3.532698977099434,0.3170044307973598,-0.5186768776444333,-0.22290136235587044
2024-06-14,Global,-4.818598273947607,0.3213180892810661,-0.9773179405762288,1.770882543975911,0.2969597677968417
2024-06-21,Global,1.7323029772495688,1.2031455126339647,-0.20097472544423636,0.5279584237478169,-0.04676352328492139
2024-06-28,Global,3.2909288809604424,1.335005187028623,-0.38100531359082,0.34144617946189526,0.3751113398871708
2024-07-05,Global,-0.5821642537351652,0.8849056721663959,-1.187403821229955,1.2502189263596772,-0.6284043136221434
2024-07-12,Global,-2.898520157904119,0.48970137424325283,0.019070494251827958,0.4869145341082032,0.5830759110316612
2024-07-19,Global,0.18478490551265916,0.13992776739409596,1.266734699633154,-0.7933716661018074,0.8534261485077673
2024-07-26,Global,-0.5131256518646916,1.5647859191577471,-0.8898811404661336,-0.1182374916471066,1.8694992911718065
2024-08-02,Global,-8.947529366086751,0.9953548478825218,-2.233005349013605,0.64270558904422,1.4157208766509068
2024-08-09,Global,-0.3348549221377087,-4.085226607259086,3.8171062503948083,1.495262748462622,-2.6353732288870737
2024-08-16,Global,0.07580151402295465,1.1979755850802782,-1.2248859176501252,-1.6404981646218528,0.6763856015746548
2024-08-23,Global,-0.9028041601734189,1.0122696707668637,-1.4991521475603113,0.5232267929388354,0.46249226214211847
2024-08-30,Global,1.4157480646324394,-0.4806666811144496,0.7345325185879338,0.8848857464733366,0.275598602576631
2024-09-06,Global,-4.245235580113879,0.47188351825795344,-1.3839956135446947,-0.33528073839274625,1.4505686581608386
2024-09-13,Global,-1.5615844636558853,0.869934435168145,-0.09678819614901102,0.2551117690655587,0.920963749468839
2024-09-20,Global,2.0864994936083407,0.24560872530849903,-0.4034050223537775,1.0663864279431887,-0.2553196908185488
2024-09-27,Global,-2.034270472513117,-0.8898080667750413,2.5792472413254526,2.051489815236413,-0.5043115779127849
2024-10-04,Global,4.438927257003101,-0.039173720434851116,2.328628714261147,-2.7451872801510864,0.18068939603544712
2024-10-11,Global,3.841246871817446,1.3188011114506581,-0.9704629066219651,-0.17585960174918952,0.0794730074128193
2024-10-18,Global,-1.50627991910341,2.359343314264248,1.6960738600779786,-0.26922687508002807,0.7798287812668436
2024-10-25,Global,3.1388153362805746,-1.543648896174706,1.0422973874874384,-0.2570558796197433,-0.06116931071894826
2024-11-01,Global,2.7063205435814264,-1.0926856006929597,0.04733266121833256,-0.7923830504563668,-0.7704842954132218
2024-11-08,Global,0.5638671582401303,2.1779927192324227,-1.432241058563365,-0.6779435909807355,0.06606633724372814
2024-11-15,Global,2.0107439762271007,3.1195160825962023,1.5178311391061066,-0.5594638347217559,0.48252488427515355
2024-11-22,Global,-0.4233956971780542,1.663828439538164,0.6305122464336766,-0.7808692089793222,0.9422674998642111
2024-11-29,Global,-5.274961965146201,1.7369951689628378,-1.254597912442686,-0.11383865061071913,-0.14686411561395082
2024-12-06,Global,-1.079751504866777,0.4674566597943833,0.3454611894902165,-0.17071768096800963,-0.45103472760283997
2024-12-13,Global,4.0314881351695995,-3.026538695187282,2.114964334482308,0.7287511154727678,0.5773840458725975
2024-12-20,Global,2.350791250837205,-0.5741591726433077,0.4946328256723268,0.15371944792756592,0.665720209620076
2024-12-27,Global,2.7164954982880043,0.9280465341092531,-0.17899085554427158,-0.08026790061061093,0.39827443257174183
2025-01-03,Global,0.5150885359906768,-1.364148057465718,-1.2284589332033795,0.22480845820851444,0.10275705101021632
2025-01-10,Global,5.482692813141506,1.062590901967516,-0.6825752904415943,-0.7386222594009255,0.33999975624735157
2025-01-17,Global,-2.486912740216154,1.7676426720383425,-1.3259503310055885,-0.8599404977142558,1.1584250887653476
2025-01-24,Global,1.20071649980817,0.22709695032747623,-0.9080021729993917,-0.980575597904365,0.4703729046846568
2025-01-31,Global,-1.7529303094105562,2.1276512281204933,0.8833983088565532,0.7185237146195461,0.5096358997902203
2025-02-07,Global,-0.45053952310842504,3.252091205852027,-0.931430335009941,-2.150663326731121,0.3688320424034691
2025-02-14,Global,0.8930029849405862,0.6059191965972046,-0.8965057891274185,0.429411611198734,-0.036745980717091585
2025-02-21,Global,0.9683527178989081,1.4964791341953758,-1.8964423456949262,0.2932277588144931,0.7137123000026173
2025-02-28,Global,-3.7941050157853993,-0.0378056062155785,-1.2916735853841965,1.350533383057558,0.1219904412051707
2025-03-07,Global,8.180165217399836,1.2537179288199718,-4.84559825538133,1.8061679396304768,0.12635830444485946
2025-03-14,Global,0.9344004841790452,-0.3906248112681762,-0.7273650440110743,1.05042959957661,0.34306248794543587
2025-03-21,Global,-1.7025550497010626,1.4187474737716366,0.12159240280149058,-0.05703457980754048,0.0639083039843882
2025-03-28,Global,-0.2225477699619929,0.8480306245497778,0.6457689080496893,-0.5199808431308179,1.6472033981164478
2025-04-04,Global,-12.427208559579254,-11.4014496607228,3.3939069712964764,4.034324698151834,-1.7496760498090753
2025-04-11,Global,9.684249956468667,6.467094480721597,3.988573444607821,4.787927259753019,-4.625788919633065
2025-04-18,Global,-2.62095543054794,0.12888749242272898,-0.9771778953907002,0.1987458617643078,1.6854675962766492
2025-04-25,Global,-0.4838194199491939,1.873675126527117,-1.064946074772972,-1.4480095266211603,1.047766106837368
2025-05-02,Global,-0.0012712361655603012,-2.4713335765179223,1.2346961862271397,2.0765000948118533,-1.7008097505002093
2025-05-09,Global,3.337825956152014,2.3812712499704243,-1.0678499966161108,0.9669623917359731,-0.5004542150396539
2025-05-16,Global,2.6705749002746244,2.981984228976997,-0.3172695609009132,-1.8851865959642171,0.4122899750048934
2025-05-23,Global,3.0888328690325504,2.902367431283338,0.01952311023445935,1.811910240318973,0.4415673897824179
2025-05-30,Global,-3.2242274705626364,-0.644396833175703,-0.3586467220573789,-1.8583081386981781,0.5998308960642567
2025-06-06,Global,1.0283460090769392,-2.1338259729817928,1.22383164822899,-2.070424903559348,0.07991954530845002
2025-06-13,Global,-1.9589042257234384,-0.6144371535049261,-0.48465344367950447,0.97807004431342,-0.6134918888455652
2025-06-20,Global,-0.28943234012722896,-0.23517137933183987,-0.6738811306876388,0.7542276969782391,-0.128632213786689
2025-06-27,Global,-0.4318647930314015,0.37924482815026583,-1.9454707288745114,0.4879109035201259,1.4304791718619156
2025-07-04,Global,0.765894271415401,0.5304473607179467,1.222224872514845,0.29762220053193345,-0.8950073151621413
2025-07-11,Global,4.403956566199349,1.26435199576981,-1.790004638630111,1.5565933062048214,-0.63564149995446
2025-07-18,Global,0.17928643229378238,0.9834832613793874,0.25083679164178546,0.5602934611156063,0.37443256096694805
2025-07-25,Global,1.4908174747331027,2.7260174782532336,-2.0604126965130747,-2.7150925631160354,0.7716370637078648
2025-08-01,Global,-3.5392351735304404,-0.4393904094760882,-0.9584137661937346,2.1262677918388695,-0.8222818833384744
2025-08-08,Global,-0.20410553870756895,-2.2724726293936306,1.215651088729191,0.2140638726064071,-0.7850317940655803
2025-08-15,Global,2.9675831305852345,1.3673325355223431,-1.337249538340214,-0.26950734893752143,1.6724311787791626
2025-08-22,Global,0.5610650615942603,3.0205915258950373,-1.7477533552791231,0.5010413094622288,-0.35833259361194564
2025-08-29,Global,-0.6388844523479625,-0.850647470748229,-0.2541842248709628,0.31110519468105596,1.3569856231038913
2025-09-05,Global,-2.3261526200825875,0.25598468927336865,-0.8204651495776595,1.271730338113202,-1.1773204998403672
2025-09-12,Global,0.36966194510476996,0.512171121323542,-1.08728337536101,-1.8637684693560344,-0.3410880270330686
2025-09-19,Global,1.5449189825418481,0.8408287559878589,0.09291065857255806,-1.2743457789588375,1.4078810965118078
2025-09-26,Global,1.2553095054400958,0.20648439764109083,0.16871162537373144,-0.6166437014307685,0.03321971692385132
2025-10-03,Global,-1.381330674917728,0.636619178030539,-0.14832780607188345,-0.45142320045567197,0.04573876449611089
2025-10-10,Global,-0.4121753080696562,1.6941075931055716,-1.1206594570505328,2.089511068585729,-1.4285745377257022
2025-10-17,Global,-2.658482924612691,-0.5741798028993614,1.207369477515603,-0.04349207580380496,0.38413829307834846
2025-10-24,Global,0.7191383410995327,-0.4374187235655902,-0.7901159374208023,-1.491944244604817,0.7740119940244915
2025-10-31,Global,1.0354747492843408,-0.36882872863567134,1.4796421992658053,-0.5670406630338553,-0.08733551393791204
2025-11-07,Global,1.032985611409685,0.6994589269407941,-0.864840685502318,0.6864688679638992,0.025974995799198288
2025-11-14,Global,1.6604338478522191,0.9870331151989499,0.14924880734068635,1.1085018397356443,-1.486819194878231
2025-11-21,Global,0.7656624332263042,2.813185132058954,-2.1482839332371744,1.0789924934517074,0.3909296123125022
2025-11-28,Global,-0.32747772410552733,1.153890388397203,-0.6400454939652115,-0.42660954626766634,-0.10459887343003846
2025-12-05,Global,4.7631393761696605,2.539404664564178,-0.7302381766729275,-1.1327875916276602,1.2146803657268013
2025-12-12,Global,1.3856395163422217,-0.6466660477427464,-0.5042980310532701,-0.41944381828715566,0.05152302908694437
2025-12-19,Global,0.897752249288935,2.0735374910760243,-1.396876600589451,0.24385138454930363,0.3381867473289816
2025-12-26,Global,0.06232340817972277,0.8001141360774212,-0.47068294445565584,-1.0403756624466987,1.0349602943251963
2026-01-02,Global,1.325753136828138,0.8267817875860296,0.130513621821901,-0.07569039229762455,0.6020476750407605
2026-01-09,Global,-0.06344914017811874,1.488077044351348,0.2587265270113393,0.563251703104197,-1.1190762973095554
2026-01-16,Global,1.9689419004794513,3.294784779229106,-0.10398813535728646,-0.663930249988966,-0.3218896682753491
2026-01-23,Global,2.4266193332809705,2.9780651060938657,-1.5753977508483117,0.5946545256381024,-0.4315099112158649
2026-01-30,Global,-0.8706857800423232,-0.17000391970736606,0.7651018995059782,0.8430879533197914,0.4496252462814574
2026-02-06,Global,-0.4366374953256583,-0.1784708090187126,-0.4645473324279397,-1.3702054017119745,1.2684746036614232
2026-02-13,Global,-3.751010317453868,0.0491630260649775,-0.7156593034968578,-1.3822466647605842,0.8644906248337783
2026-02-20,Global,-1.840902651674595,-3.2659475640223845,1.9969503302229659,-1.26009395025221,-0.01587217082229692
2026-02-27,Global,-1.8735374245058516,0.6159209932873863,-0.8506361784462364,0.8990991194472211,-0.383141182902722
2026-03-06,Global,5.937744083602417,-1.6755987580063036,-1.07444492014892,-0.7292294173484052,-1.844182568681347
2026-03-13,Global,5.006498876130758,1.417826357306475,-0.44196282507876516,-0.03930156538591178,-0.4783518252794517
2026-03-20,Global,2.912423981356693,-1.7179793097160703,-0.2408720616223166,-0.9306392577189059,-1.9383620234447987
2026-03-27,Global,4.449233932046862,4.648388534607593,-2.535596828336885,-0.7836564582538159,0.5036369699168776
2026-04-03,Global,-2.225283887006296,1.0252077120506236,0.327478945107213,0.0333882596984887,-0.06621263705973263
2026-04-10,Global,0.5492620224582963,1.8706589044245483,-0.7529103260221089,0.7626727361341771,0.8854167655831718
2026-04-17,Global,-2.604936195172858,0.20247764158713405,0.8551239511947991,0.9490576316392584,0.4650920371774832
2026-04-24,Global,1.779208280254544,-0.5628220215710831,-0.3621684827332168,-0.12103880703768258,-1.4622711767287813
