date,2Y,5Y,10Y,20Y,30Y
2004-09-06,2.655493572001728,3.483732057943961,4.262767322619997,4.853753794889721,5.056951195894824
2004-09-07,2.692793122444781,3.507231859847826,4.26066676103177,4.84347091001537,5.048498937078718
2004-09-08,2.719751526087422,3.537116730067986,4.280396753520563,4.849883596003242,5.048762939447304
2004-09-09,2.657901047471514,3.4589978933657117,4.215734988748674,4.803332286613539,5.008323101665854
2004-09-10,2.601720276932586,3.3994404897263353,4.175095275424142,4.773952044818765,4.979773131968461
2004-09-13,2.648866516765416,3.437785117806357,4.190623270463905,4.78703669377432,4.9983069162037035
2004-09-14,2.6317065256902747,3.42289035830678,4.184909580971627,4.780775838091081,4.9877270224941315
2004-09-15,2.633767705957802,3.4225188318857804,4.182229073075899,4.77582102858196,4.9816144494021115
2004-09-16,2.646353798765022,3.4309384347608303,4.182468745629011,4.770802602181686,4.975332108129296
2004-09-17,2.6049302666080933,3.3832882956860693,4.158153751422427,4.781514314140553,5.0032288440341555
2004-09-20,2.604453507399096,3.375889855882201,4.133185077066721,4.729902263639994,4.937126276187598
2004-09-21,2.614428744555866,3.3854024895251422,4.14016243352598,4.735374883280057,4.942263642882781
2004-09-22,2.6114181557630536,3.3727484127106684,4.118520449337277,4.707743757858758,4.912731735762077
2004-09-23,2.537945080580207,3.287085278137991,4.050969587058712,4.651127824467821,4.855562195066436
2004-09-24,2.592179686315781,3.3414244753346356,4.090420504329362,4.6867295719297,4.8929276333162015
2004-09-27,2.569382190031007,3.3136352345334266,4.066982732567494,4.661739246228968,4.8634421135894
2004-09-28,2.5637630594411944,3.307682754548604,4.065094657832283,4.664843751711341,4.8685433482575835
2004-09-29,2.598839559421867,3.3503335953271103,4.104134165542783,4.705002294194682,4.9110093832100254
2004-09-30,2.600918583474837,3.356525639308932,4.115248751938302,4.732668133620703,4.949837958643055
2004-10-01,2.581362993614392,3.3522260780071855,4.1381126033076185,4.752529147347941,4.955839350384809
2004-10-04,2.6116981359225444,3.3933937230800555,4.167805801683227,4.761483770490764,4.9543483313633505
2004-10-05,2.5878109466837937,3.3509535947364215,4.121224629133308,4.725786244739074,4.927158510798533
2004-10-06,2.5838297906859387,3.347066597145147,4.117858629585626,4.712432457011683,4.905667068893151
2004-10-07,2.581843467225577,3.3499620174046965,4.12817174002782,4.728471021175911,4.923360696222328
2004-10-08,2.5149652570479613,3.278954713750317,4.075576307861187,4.685971457997354,4.881232883537762
2004-10-11,2.51579102300191,3.282622902963511,4.086838311580854,4.7050549270129,4.9035454377709735
2004-10-12,2.480038240314243,3.236032899975965,4.042218502725698,4.666447703076016,4.8683029672662785
2004-10-13,2.499500395933724,3.2562080756027787,4.054827062823955,4.670036930415303,4.867880443561505
2004-10-14,2.4746110128754797,3.229155924558785,4.0345978741604815,4.655620819329599,4.855830672452938
2004-10-15,2.4427729761558488,3.2081224245515156,4.026246766920017,4.64456413685238,4.841056116635547
2004-10-18,2.44339929942668,3.2064811195089815,4.030701738456632,4.664624459801372,4.870154976489404
2004-10-19,2.4584244952371823,3.2297030768869517,4.0535374582804025,4.681641505404707,4.883990849050292
2004-10-20,2.4196207364828464,3.183152600392151,4.012028532020948,4.6474178739188625,4.854610687100022
2004-10-21,2.4292348736192797,3.187109465164383,4.008443714688708,4.639969115787448,4.846298586350638
2004-10-22,2.441674690610845,3.1932231505308977,4.008329794713252,4.640857844705512,4.849356418202255
2004-10-25,2.4032497190755673,3.1459814180987995,3.9692835696174984,4.61508422418283,4.831063358666045
2004-10-26,2.400599685691288,3.140223693995056,3.965424929268767,4.616303705881314,4.835358156107453
2004-10-27,2.4060931280195095,3.144104031513236,3.963205299691888,4.605491757828693,4.820382018502236
2004-10-28,2.479081334323332,3.2361673528373647,4.0418884648769975,4.659442654863118,4.8603810866337405
2004-10-29,2.462529976093539,3.1811136927812367,3.984350949695931,4.647843533354515,4.878510081355315
2004-11-01,2.4420879957292043,3.1849256457100164,3.99311331032142,4.622501535578641,4.830759474785787
2004-11-02,2.4750028072802315,3.215369189883015,4.038669259838662,4.6616042428051365,4.841825853734064
2004-11-03,2.468650551537326,3.215987692486375,4.0372846863269976,4.6628003631006685,4.845312218703207
2004-11-04,2.4664044855165597,3.214796882166606,4.037881688623425,4.663922519201376,4.846266598046771
2004-11-05,2.463265911887718,3.2154025721902504,4.038600410801716,4.662084423524645,4.842848513251691
2004-11-08,2.4604008765865237,3.215876047562321,4.038311750044008,4.65823968714108,4.836976271663626
2004-11-09,2.484976454811224,3.199236644146068,3.998957984273886,4.601893136706201,4.773290896581582
2004-11-10,2.464764541331823,3.1784300203827085,3.9827530474490382,4.581568943154208,4.749094964671975
2004-11-11,2.4265747899883667,3.14446467667508,3.962698576635627,4.564963592037089,4.731989702431761
2004-11-12,2.420595859199556,3.126930148374292,3.935128589787844,4.5346174529984955,4.701897576388023
2004-11-15,2.408662549116487,3.0975333405338907,3.9001610640991498,4.5056508829326205,4.677638510725134
2004-11-16,2.4353534474915524,3.1012974970571996,3.876625740343579,4.47797917603343,4.653121946882297
2004-11-17,2.4387217835577513,3.114197424911529,3.8958296743623233,4.498062705645152,4.672326150635897
2004-11-18,2.4738032889476207,3.150981409818991,3.924662828921936,4.525740064468935,4.701322122997886
2004-11-19,2.4568873056677125,3.1316374515505285,3.9071945288366186,4.508390949359029,4.68341420812136
2004-11-22,2.434277996946973,3.1026129874666637,3.880658727070694,4.485074663862076,4.661264590208137
2004-11-23,2.4286172341124894,3.094325715160968,3.872383968045415,4.4740317693614,4.648288755257782
2004-11-24,2.399768414853742,3.0736848084878674,3.867896179779303,4.469160297168599,4.640092345717616
2004-11-25,2.374547058338475,3.055689370033227,3.855256971121272,4.452362185143212,4.620661132075359
2004-11-26,2.3712776454002498,3.056854426516727,3.852552304846499,4.438108529356309,4.600770024799239
2004-11-29,2.409518842849045,3.100925021107262,3.891298369509693,4.4778916543825895,4.64234903143885
2004-11-30,2.3845614921235883,3.0715601520044857,3.8673651381986103,4.462955867324048,4.632286947711805
2004-12-01,2.357790852142293,3.0453318015910265,3.8441941561271222,4.438409738522212,4.607310675280275
2004-12-02,2.4093365835991563,3.0911009900121034,3.871929178336627,4.461453803150212,4.631120300706983
2004-12-03,2.380576970104021,3.0544666236449323,3.842880942312139,4.444518287574289,4.6202882038550825
2004-12-06,2.326602374930827,2.997354589843245,3.794909009632099,4.400702919780196,4.578051936332252
2004-12-07,2.316328762552393,2.971288862950478,3.765911757533344,4.385768559017506,4.5723309970102095
2004-12-08,2.3425346024319165,2.9914435125895205,3.767471486864161,4.370419541822841,4.550321879969705
2004-12-09,2.3112303604499704,2.931726343258193,3.6918626029256703,4.295147969474578,4.478356867438677
2004-12-10,2.323868338423283,2.924383095332277,3.667811917778524,4.273033090854497,4.460958981276247
2004-12-13,2.3258751549887853,2.933750340732262,3.676849053218999,4.2721861353780195,4.453975411537852
2004-12-14,2.328297632660663,2.930595739936427,3.6630049805127594,4.245495538748281,4.421694403545817
2004-12-15,2.316021851592571,2.899858984712891,3.616320081885306,4.190685530628389,4.365374984706844
2004-12-16,2.3694531338320592,2.9501284439400024,3.637812539019017,4.202898365867367,4.380677805466213
2004-12-17,2.4132524426193487,3.00771074403593,3.687594466562232,4.2336211258649135,4.401197442541045
2004-12-20,2.3762628890689723,2.9625910531177597,3.6570748823980046,4.216514262998104,4.388380672364669
2004-12-21,2.42691704110972,3.008071064478944,3.6800163740181486,4.243061991091465,4.42560441825777
2004-12-22,2.446521868870331,3.023183976642871,3.678280693227639,4.249102851150332,4.445844399096365
2004-12-23,2.415394295906588,2.984626617344086,3.649483994315468,4.241905362382123,4.450228897440653
2004-12-24,2.415839801419686,2.9548180312733185,3.5948579626121053,4.246584888994565,4.521659764304552
2004-12-27,2.432428482993201,3.0061021120339584,3.6713108116325546,4.25862987692942,4.456822416723807
2004-12-28,2.4222379389837307,3.0062081056877457,3.6853950655372274,4.263983021642332,4.447704747692543
2004-12-29,2.4877347516504953,3.087537804784898,3.745438953838749,4.3242658326158825,4.526160358635326
2004-12-30,2.48335590011251,3.085046178938999,3.7482995462095383,4.335257462835659,4.54132304226106
2004-12-31,2.488222209774525,3.083694171057633,3.7299365612862183,4.3340807045629095,4.572868289071259
2005-01-03,2.4633440479854247,3.0526233948154924,3.709419286293714,4.301609525838227,4.512697904874635
2005-01-04,2.4648649492512207,3.05325337770698,3.7030011924534207,4.283080462425629,4.487767696386498
2005-01-05,2.485505167229319,3.0842398718572155,3.731528137330759,4.2974115675143265,4.493226862362738
2005-01-06,2.4239599276763215,3.015245124596407,3.688473103649583,4.258794147000543,4.434939412998113
2005-01-07,2.3977054329924803,2.9838243794813923,3.661229202374943,4.226773721335695,4.394799092579557
2005-01-10,2.3947815305520757,2.9844916395621777,3.662095972418369,4.225931287196667,4.392961554625553
2005-01-11,2.4163602175967,2.9944024206265096,3.6552082233256904,4.214247236982417,4.385165054129044
2005-01-12,2.4200250117030166,3.000728244370538,3.6645231972284886,4.22572767548733,4.397129667954338
2005-01-13,2.373333125156427,2.95046324619151,3.63090921091816,4.191353473274965,4.351694627464264
2005-01-14,2.3872406181184354,2.96004597418081,3.62258288583269,4.16070099827102,4.311549135485146
2005-01-17,2.3738216202311473,2.93931554021019,3.5967886804015876,4.133349468973575,4.28455661992417
2005-01-18,2.393612121216012,2.9636012202652147,3.612621476381157,4.133632625690962,4.277201656645477
2005-01-19,2.3803898996212847,2.9395949246783792,3.5741603248966074,4.071565629182672,4.201635214916492
2005-01-20,2.409113242950238,2.9821874278087415,3.6246032093858025,4.12950568234109,4.263355929822125
2005-01-21,2.4008889553335018,2.9765314588739247,3.6294145569983622,4.147424044801326,4.286787443314492
2005-01-24,2.3770916506246795,2.94559609660898,3.599280400704123,4.121678078496578,4.263210440793566
2005-01-25,2.3666795301834265,2.930437391031548,3.5732477426952496,4.0677904877354365,4.192235295451142
2005-01-26,2.3952518414872284,2.97461017113946,3.6160171970444055,4.099803349902828,4.218457888888767
2005-01-27,2.43038129987429,3.0086239260362033,3.624272676579645,4.104643128430226,4.236224629972287
2005-01-28,2.389159456161798,2.953303014549036,3.582180190237252,4.0798150646362865,4.215540660612312
2005-01-31,2.3960924041715557,2.95694847690984,3.5771565071068765,4.070625806527205,4.207605087675367
2005-02-01,2.393248983600554,2.957542406494882,3.5776444085770422,4.069153934359808,4.205203465909873
2005-02-02,2.4010884434366884,2.957033891474323,3.5604333104728556,4.030873415960947,4.157338201638877
2005-02-03,2.4278004923358356,2.9896771873183736,3.5765221220808043,4.0150562461144075,4.125318047968787
2005-02-04,2.403481913812268,2.9489267235226237,3.5284010137393347,3.9682564799470432,4.080744532885507
2005-02-07,2.4119179190511524,2.949577759379068,3.5063140346155586,3.916724431447935,4.016190417882542
2005-02-08,2.4324077541235396,2.963418524645631,3.506309606054429,3.9305538638115345,4.052254083700872
2005-02-09,2.4004560441695344,2.9229029172336944,3.471582117732135,3.88847968980837,3.994714323867467
2005-02-10,2.3761852659417992,2.8997501661537637,3.465483375604307,3.88806431156059,3.988031779741864
2005-02-11,2.3750560460866827,2.9083532758337225,3.4955094681975036,3.94535176844158,4.0575335456153585
2005-02-14,2.3989358903884,2.939500958532612,3.521390161529703,3.975819040288586,4.096898163248702
2005-02-15,2.417388174248297,2.960378023715424,3.531244017142207,3.9783621720595344,4.101390629955372
2005-02-16,2.4096564675745067,2.9408473093446785,3.508758996852766,3.9859967115889385,4.138166401376659
2005-02-17,2.4535564604215465,3.028307701280036,3.614243479287992,4.06358402012561,4.18383089953091
2005-02-18,2.478247070165828,3.0848088824073,3.691645484451611,4.146491605433522,4.263760607951196
2005-02-21,2.4923826736405017,3.100705692329754,3.707899631887217,4.1629231068626,4.280659600675321
2005-02-22,2.4877312964859093,3.1011811263378632,3.717535267175698,4.182759374144938,4.304433060538552
2005-02-23,2.466767309080409,3.0775918690917723,3.70919749152961,4.179012887267811,4.291922393095402
2005-02-24,2.4793708833330217,3.0969325894169444,3.733665142597668,4.208226684100927,4.323441826910593
2005-02-25,2.505665788374076,3.1358092428285445,3.767264899731061,4.225336338835563,4.332138791011448
2005-02-28,2.4958425073470174,3.1142980498709822,3.7321613720553577,4.1938290634875575,4.313131245545495
2005-03-01,2.4966037969938704,3.1204334288008813,3.745927094172567,4.217273598472172,4.34158421848766
2005-03-02,2.5056001300383275,3.156430001385071,3.816453325972915,4.2978743113342945,4.41089831146791
2005-03-03,2.479716868544588,3.1254142839076247,3.796763873562447,4.300420215925432,4.4246486082167555
2005-03-04,2.440484317559586,3.0739308163807126,3.7488769654901297,4.237801690824305,4.345299423296348
2005-03-07,2.4176461551312087,3.0390861766111987,3.7088814713247937,4.197512872031075,4.305964929613575
2005-03-08,2.421892689941984,3.058463933778572,3.7432009775065183,4.231529629647092,4.335562671932245
2005-03-09,2.4547688874626585,3.1135652708437176,3.8077378388324834,4.297429805866088,4.400656448089732
2005-03-10,2.4509309749611456,3.106519878060205,3.802180891797708,4.296088565705968,4.40193692845056
2005-03-11,2.44480902093265,3.1059616861579915,3.8152948420888935,4.326277237849064,4.440038771469893
2005-03-14,2.4635221404195646,3.1252461806067195,3.8222468972035855,4.318157793256984,4.426502668031771
2005-03-15,2.4430234863882765,3.0826817511048175,3.7661266981406225,4.260931315286718,4.372724639123557
2005-03-16,2.4884436500263396,3.111496566077195,3.749366957121385,4.232304488960796,4.359451940472833
2005-03-17,2.4797368008634075,3.089673374577075,3.720946705385128,4.204975082685239,4.334750832624198
2005-03-18,2.501343583224963,3.125243813032933,3.761289245345374,4.24399143196477,4.372412956470375
2005-03-21,2.521107269989611,3.146728827287018,3.771281588287715,4.2363698357284285,4.357354234685737
2005-03-22,2.5172620471459557,3.1228850506961896,3.725675777752968,4.198371794280172,4.339915679586879
2005-03-23,2.546930772657457,3.1650048013411056,3.7656565013206382,4.2235474662917,4.355888358385613
2005-03-24,2.5399566243677754,3.1434812598412214,3.734206920904451,4.2080668698482615,4.362476308683319
2005-03-29,2.5452887818771246,3.15260315401437,3.747086080578234,4.2237225952129895,4.378778957141578
2005-03-30,2.532684715046423,3.1338480595207625,3.7325934244168377,4.222079214325511,4.384241161751691
2005-03-31,2.475469766184341,3.0683236220232746,3.693342973372033,4.183059879039577,4.315225097910108
2005-04-01,2.425004981467339,3.003582220566002,3.6499150106828937,4.176086717005644,4.3225825099428254
2005-04-04,2.435094886946643,3.018987205734642,3.659386628357267,4.159551277699266,4.287145121777056
2005-04-05,2.435151265626798,3.0154043427230195,3.6516836952985288,4.1493361839288845,4.276513803572731
2005-04-06,2.42298232119065,3.0015355169880813,3.649134199403111,4.168034613304108,4.3063450914276595
2005-04-07,2.3954376329074765,2.970300072890643,3.628539458657942,4.167643982260715,4.3163836070316455
2005-04-08,2.391948830652892,2.971121581274124,3.6442190972380097,4.204617428819335,4.363563534919953
2005-04-11,2.3814879629878845,2.960899662013104,3.6333031356051415,4.183026310730849,4.3334224347702275
2005-04-12,2.3872610342251477,2.963748836314449,3.6254222540377024,4.162367268978131,4.307621964526216
2005-04-13,2.376284193836449,2.9415900074194603,3.598306812257431,4.140586576383982,4.291477799155983
2005-04-14,2.378972283510305,2.9489037060218815,3.6089124579834415,4.156472614180559,4.310964699272359
2005-04-15,2.335706714732319,2.896467252117306,3.5711928054027324,4.138883542199677,4.300934389299211
2005-04-18,2.3321556258486535,2.895911921414692,3.571032537015173,4.137574594214947,4.298971817066627
2005-04-19,2.3049218831808327,2.8616023781587208,3.5415405417480477,4.097880868145361,4.248639104798421
2005-04-20,2.300973237714544,2.8606563886079934,3.5452951225862073,4.100348156027188,4.249259396663618
2005-04-21,2.3086461656439345,2.8927882565138603,3.587898055483003,4.114161771180387,4.240074003920409
2005-04-22,2.2991070377903355,2.8638223274757237,3.547251646987349,4.09431500470048,4.239106506805936
2005-04-25,2.296800208665928,2.8552890780020372,3.5331241560159796,4.0777544831683485,4.2225658157827235
2005-04-26,2.287542984736186,2.8401519910852655,3.514579095719734,4.058132221693173,4.203055537773507
2005-04-27,2.274707676329192,2.819188718937806,3.489050960340826,4.031119062940139,4.17637096726481
2005-04-28,2.25955156188948,2.8081208562680917,3.488186829743032,4.037673866000289,4.185174229313777
2005-04-29,2.258517695130421,2.830371051308894,3.5288865500719737,4.0649618382161075,4.197419612809445
2005-05-02,2.2391914396478714,2.79887540845315,3.495196323211336,4.032438895023783,4.165295886681758
2005-05-03,2.215235727211965,2.7816608418689093,3.488480428461208,4.018678743984374,4.1438659349639515
2005-05-04,2.233467198164698,2.8126241949077193,3.52499355184853,4.05256543733898,4.173775618913376
2005-05-05,2.2240360231473457,2.7963949136672532,3.512405554449911,4.055409389926805,4.185646274183348
2005-05-06,2.2475526768065857,2.829090730124536,3.539666429059674,4.07183800013364,4.196380714790584
2005-05-09,2.256090799175091,2.8362990095869383,3.538292952542641,4.058491289728663,4.1773041108308755
2005-05-10,2.2152776201182385,2.772521374553078,3.4668033203899378,3.985252258252512,4.104917986402589
2005-05-11,2.212382824906968,2.75623550674744,3.438728253083755,3.9523048721125766,4.071274720081416
2005-05-12,2.224899790131937,2.764458860587526,3.4389243010408084,3.94929861548034,4.067875283526043
2005-05-13,2.2216499211317733,2.7429298470073613,3.4030820982656937,3.916034066351517,4.040002379405966
2005-05-16,2.227209843886091,2.7515207419999985,3.4118177688481204,3.9200552424015456,4.0404860133880085
2005-05-17,2.2272094960591513,2.7567693126670485,3.4242270377000876,3.937581890672745,4.059140223684764
2005-05-18,2.2189953155212345,2.7377087394705506,3.389814619774794,3.8852553912634695,3.9980767662038095
2005-05-19,2.229848660673817,2.752754560101638,3.402703248902877,3.889857488310426,3.9971187064069
2005-05-20,2.2722456757295877,2.7945356830753187,3.444935284978742,3.9308671790217886,3.994634679164684
2005-05-23,2.2620935714841632,2.770298427265555,3.414572766983229,3.9048450564923094,3.9731800982194967
2005-05-24,2.2187503642092037,2.7181043174071355,3.377583499775387,3.875686667257514,3.940767805208774
2005-05-25,2.194704493173951,2.6933367714654572,3.3712270170921737,3.88804499300727,3.9593682318220456
2005-05-26,2.210257464344419,2.724924545337514,3.4132568110958488,3.931809644632122,4.001450384015268
2005-05-27,2.1981197826637175,2.715590867326566,3.4255222593289307,3.974783648041391,4.058701220218827
2005-05-30,2.1965829686867955,2.7146963334367236,3.4269961890172618,3.9799162068587,4.065824107488138
2005-05-31,2.177541510107214,2.672273285918446,3.3651471205955965,3.91445116778145,4.004063111294566
2005-06-01,2.119022597964631,2.6156420870812473,3.3390105632872356,3.917908305085693,4.018339941471298
2005-06-02,2.1213237324663243,2.6326041329422125,3.3219730632365363,3.862605514388381,4.0022783382539
2005-06-03,2.096943548953905,2.582710909401074,3.255403680837367,3.786491397039601,3.923506032619855
2005-06-06,2.103061156931414,2.6133958058466566,3.298713596638444,3.8193977345930032,3.946572172781903
2005-06-07,2.0698296321858107,2.5685119851708342,3.2449318062686587,3.749834784264875,3.8690790554851806
2005-06-08,2.0393589230893476,2.5366371877932066,3.214192904156329,3.713056069418407,3.8291008468314742
2005-06-09,2.0644477631392806,2.578197416613867,3.2287244501336585,3.7230594754174606,3.862947778722442
2005-06-10,2.087230302824284,2.5752594498934096,3.238401365091499,3.731896958847193,3.842379889062287
2005-06-13,2.0807225728215144,2.585250791896968,3.26994703572024,3.783430520345462,3.902124030950282
2005-06-14,2.085589969198518,2.5909505836918534,3.2782634183994346,3.797112883905734,3.9185293348320744
2005-06-15,2.1409879836172943,2.6673186035094427,3.365827872528833,3.901800350323563,4.030226175389881
2005-06-16,2.17369275124444,2.7194835676876776,3.4114141365960418,3.928234909732072,4.045989613075506
2005-06-17,2.1611746018778946,2.7011176988395342,3.3845529809558994,3.8885948368351233,4.000782832730811
2005-06-20,2.131981834479296,2.69243135428328,3.398996480216984,3.911753739563137,4.026029613414027
2005-06-21,2.052955498647268,2.6003448485791876,3.3082102760172996,3.819657410583428,3.936626353095806
2005-06-22,2.013639645972738,2.54181258213818,3.2331549905786003,3.730132067151132,3.843887331976976
2005-06-23,2.0246496025769556,2.5482656209959633,3.241421142865444,3.7486128956628817,3.867986607514161
2005-06-24,2.026053721690805,2.536353002590053,3.2178709856377004,3.719988074866593,3.838765517929529
2005-06-27,2.0136389215036727,2.51946838712176,3.2014301182372207,3.70404633971666,3.8237529143024984
2005-06-28,2.0373952861161384,2.551608941492417,3.2458567177901423,3.7649900678445416,3.89105649387499
2005-06-29,2.018887195908121,2.524722963161846,3.2236492208666645,3.752348504064268,3.883066394636827
2005-06-30,2.027053904014866,2.549994524134561,3.2386172820253813,3.7554045502327944,3.8892809100533023
2005-07-01,2.0438174321291203,2.5529029775617804,3.2248427776869746,3.733903333065967,3.8665686248033184
2005-07-04,2.098674664787919,2.5993361724443527,3.2600805650182143,3.7705913853308055,3.90407599648018
2005-07-05,2.1537436956371363,2.657661303413433,3.304464444161728,3.809365293287298,3.940764424249455
2005-07-06,2.1601757601228093,2.6630478805196782,3.306716367647486,3.810954361079504,3.942410882856851
2005-07-07,2.1139465552419425,2.6164159041469888,3.2811497999573644,3.805894090917276,3.9465894484658497
2005-07-08,2.126738317510682,2.6108536071280146,3.2563060058699516,3.771754474750021,3.909792351511126
2005-07-11,2.162981653478803,2.634246463802289,3.3019413523771903,3.8300097818517296,3.917953676673693
2005-07-12,2.1794618141588624,2.649156377738156,3.309071297830927,3.842786496168233,3.937895749543971
2005-07-13,2.195256821960867,2.668740260928435,3.3294803973782705,3.8730223203524,3.9754363702898754
2005-07-14,2.212489397718314,2.701006489997691,3.3698323110379533,3.9161521383981426,4.018238268594455
2005-07-15,2.2225905963720543,2.710211130598676,3.372330202267135,3.911178452871748,4.010439710840388
2005-07-18,2.205677492355378,2.6815332400088785,3.337476199926435,3.8696346513304407,3.965412196242699
2005-07-19,2.2184882181047327,2.7021579340255095,3.3598709126270245,3.8870670911654712,3.978803499057987
2005-07-20,2.2240342795875687,2.715474653593368,3.3753109738596763,3.8941423925386864,3.97929974125803
2005-07-21,2.206702844444312,2.6947597527428373,3.3639611662449824,3.8935510139099345,3.982700018649586
2005-07-22,2.1851293371653613,2.661838904915647,3.3259033200406907,3.845257649267471,3.928423633964981
2005-07-25,2.1844332255088266,2.655703280367729,3.314106807763645,3.833048678417396,3.91796943605409
2005-07-26,2.2074655375282526,2.6787302734623286,3.326961894193069,3.844884972120006,3.9335358943512992
2005-07-27,2.2009713077704873,2.6612325241532937,3.306212226325356,3.829293802935649,3.922260736622755
2005-07-28,2.2153149904590133,2.675198410924658,3.3116545942485005,3.8327396117324097,3.9279441878292167
2005-07-29,2.220050332068469,2.679558287836475,3.312224506643873,3.83099130656716,3.9259187779447062
2005-08-01,2.2639472292283287,2.7412225841266733,3.36811731901459,3.8761697593288353,3.9669178373271623
2005-08-02,2.2611297235691787,2.7423904551398706,3.369884859206331,3.876205144809988,3.965707262310783
2005-08-03,2.2827715627448772,2.7762459970484112,3.406919036287187,3.910459820339783,3.9974651221212287
2005-08-04,2.283016939124275,2.770273420237078,3.393747690816098,3.89395094390896,3.981281802819944
2005-08-05,2.315638456413929,2.81912551614637,3.4431376691428275,3.937651699775736,4.022257460624209
2005-08-08,2.320720764626862,2.825457828877619,3.444392268536383,3.931895434386389,4.013891748770898
2005-08-09,2.3230721049459713,2.8185956520330517,3.426251244073822,3.912113066742517,3.9983222888819654
2005-08-10,2.3159555505437632,2.8036082213682874,3.4067656463094695,3.891709181305653,3.9784042184565074
2005-08-11,2.3091435219870955,2.8000328300683774,3.408496889784015,3.8977641724010583,3.985425777390053
2005-08-12,2.2742680817803897,2.7556834277032665,3.3772994441734814,3.875353094905653,3.960486493564262
2005-08-15,2.2472789996371416,2.72361623156882,3.3540031041584117,3.847868128016308,3.924417059628021
2005-08-16,2.2263886508660833,2.6953998845167835,3.3322557987900865,3.8351467097246994,3.915087883969477
2005-08-17,2.2143761054398423,2.674327740380396,3.3080427588937473,3.810202034684102,3.890414176256389
2005-08-18,2.2016641778553954,2.65690080881512,3.28952804323364,3.790890853526821,3.870928790096714
2005-08-19,2.2073074461366335,2.657125810107003,3.280804579457695,3.782725022049549,3.867167192047438
2005-08-22,2.216675046177603,2.6703020753746496,3.2927124904050435,3.793745367248023,3.8787743543065343
2005-08-23,2.2222274946261904,2.657455692780474,3.2585112331382993,3.7623686081433982,3.858619922874268
2005-08-24,2.2203976779598613,2.6495621631613413,3.2452739409104097,3.7427010746839326,3.83565255591921
2005-08-25,2.2065620788975866,2.628719029266902,3.2242839201066515,3.7244959769245294,3.81893860728342
2005-08-26,2.218368017960307,2.6381448400516403,3.2240427713348767,3.718148203496455,3.812426042095995
2005-08-29,2.2248273889079018,2.642279715602978,3.2207226355157883,3.718811062575009,3.820496415921811
2005-08-30,2.2437586322613026,2.671286903308824,3.246090199067787,3.734432189576437,3.831511910492551
2005-08-31,2.202940731454385,2.6034761665572197,3.179583771343541,3.69534261435994,3.8107305455652543
2005-09-01,2.1593043391359017,2.564416663743706,3.158395791549891,3.6669702920909346,3.7667181756630574
2005-09-02,2.133256189574063,2.5384307918921847,3.143420434214227,3.655981576880417,3.75374844902144
2005-09-05,2.126151592622854,2.528598457010704,3.131771154353447,3.640970766554888,3.7368115401654287
2005-09-06,2.1498784134574467,2.5584074993315893,3.157442050896709,3.660072555301724,3.7530402451865608
2005-09-07,2.156917822428357,2.5671612001098625,3.163881404675326,3.663057773092369,3.754579029639002
2005-09-08,2.1504919926030026,2.5528799205598993,3.1476584297960586,3.650310202765186,3.7446642440166698
2005-09-09,2.1596937172865696,2.548304691441701,3.124498173286906,3.629678431691864,3.7337409146506344
2005-09-12,2.200675058076021,2.6067238447345034,3.1843896627198136,3.696229442290047,3.80746800566364
2005-09-13,2.2004774679435326,2.6010195960281464,3.1770920287414866,3.705455213211738,3.830972411371599
2005-09-14,2.203576992123312,2.593268048030027,3.1524800177677754,3.672145370542749,3.7984533279209263
2005-09-15,2.226614867513884,2.6262186339103155,3.179567273408926,3.690811311588647,3.815702253980312
2005-09-16,2.2407071115063433,2.6486981923887587,3.2028299513030554,3.713569580936932,3.8394738498366423
2005-09-19,2.2325654770873897,2.635360653557478,3.187646951529992,3.702132656327699,3.831523061883724
2005-09-20,2.212645798272366,2.6003588637768154,3.1430655194953765,3.654590276975505,3.7845093108937062
2005-09-21,2.1974685857404244,2.569475939047503,3.0969730095981767,3.5955614346168994,3.720561625800062
2005-09-22,2.190987250381723,2.5656586947262188,3.102317737998678,3.5990717808511064,3.7148572756942193
2005-09-23,2.2289474813713044,2.6071737960080905,3.1246429910338427,3.6023142556297163,3.716013024508523
2005-09-26,2.2731388457511086,2.668190065938635,3.179547072103216,3.6766449813219864,3.8231588002583488
2005-09-27,2.2720733560521382,2.662744819601251,3.172630396238571,3.672536039866985,3.821740382869911
2005-09-28,2.304808547632369,2.704749233569508,3.1940418502298815,3.671156815823667,3.8242027988121263
2005-09-29,2.335526387432119,2.7377694076495014,3.2106200368050257,3.652261129408227,3.785641884919714
2005-09-30,2.34139019119146,2.737705934740005,3.194568775937162,3.643548585060658,3.8096642694405447
2005-10-03,2.3791634573899123,2.8096572527861308,3.2736609124683818,3.68426160158124,3.8137050048116152
2005-10-04,2.3548067754520963,2.7606795556052077,3.219312331677365,3.6573597961704367,3.813102693872781
2005-10-05,2.3574340310398907,2.763589425178747,3.220854463257673,3.6554988331622016,3.809176948629959
2005-10-06,2.36167179999148,2.7691097969814065,3.232206666340475,3.6792846398317134,3.84124564274128
2005-10-07,2.401216189576574,2.7972694131580216,3.233045601858783,3.6706696083205097,3.866362995335582
2005-10-10,2.390329095973644,2.778223362715548,3.207887732796621,3.6443911095371857,3.842251933269408
2005-10-11,2.4024397978502625,2.794673491628213,3.225613185515723,3.657725201341882,3.850929622952577
2005-10-12,2.407563522889048,2.81508275071213,3.2569486494467705,3.690026607341321,3.8785612814045063
2005-10-13,2.424257601909748,2.857870177116639,3.320710983878864,3.7606435614684526,3.9442341770492217
2005-10-14,2.4200831061353036,2.8540980036285957,3.318012825294738,3.7600322694673087,3.945024032699173
2005-10-17,2.4507081173437366,2.8805821114927364,3.33637001119885,3.764929860869115,3.941750013050594
2005-10-18,2.4510536714568363,2.8796655995728955,3.337258550417231,3.772929693145142,3.955545300644347
2005-10-19,2.4204221214662764,2.8451606516523924,3.3062534669075054,3.7576592020839135,3.952848836718123
2005-10-20,2.4651728827633876,2.8922998021968263,3.3347778827356738,3.780688706479198,4.011602104037251
2005-10-21,2.4372788084007615,2.8462144063052977,3.2719435788932447,3.705438846946945,3.932673464374588
2005-10-24,2.431226639687011,2.8388489443198077,3.2672128469039947,3.708262166999508,3.940253405752182
2005-10-25,2.465647388016585,2.8864685071777245,3.3200825624726353,3.7532197220294625,3.9762106014589143
2005-10-26,2.5393187782318343,2.9853828635985944,3.4233249652760063,3.8292108988035154,4.028043094907949
2005-10-27,2.5396288747917826,2.9756958124458346,3.4139572107070837,3.835529799585816,4.047323113270295
2005-10-28,2.560850928720749,2.991575940937169,3.420932800534601,3.831109401612962,4.037951185237446
2005-10-31,2.564284452916305,2.995031781700783,3.411285415384933,3.830617743936592,4.07207757138375
2005-11-01,2.5926921519501964,3.0227726674138164,3.420745547711531,3.817484117667184,4.054425322432031
2005-11-02,2.635439288688643,3.0846703636845065,3.489056362520572,3.8653179558988287,4.08101587614812
2005-11-03,2.6711248786745845,3.0370235783336383,3.5009578921557094,3.883849527111225,4.018895135357302
2005-11-04,2.6562358922781,3.037985450095518,3.510934176308485,3.8912109787105433,4.024588446514028
2005-11-07,2.713962759025803,3.083305319145288,3.534977853356129,3.897828985607243,4.024962320396072
2005-11-08,2.707930042421153,3.0696053570768527,3.516993693556512,3.8734793901579567,3.9980792901065954
2005-11-09,2.74554295878212,3.110528774479147,3.5504039981231235,3.8939734034138938,4.013520795314978
2005-11-10,2.7470832131669223,3.1264482325994942,3.5754728809272858,3.916046626989772,4.033840247444415
2005-11-11,2.7340049209332555,3.110038715125935,3.560668452480038,3.897133262068499,4.013087078214554
2005-11-14,2.7248461323296516,3.092224184485558,3.549164388425867,3.8900566563957986,4.007443446008145
2005-11-15,2.7418478395242056,3.1247685477008913,3.5871135289563347,3.9287649521543018,4.046287278286011
2005-11-16,2.6788557850540107,3.0260842878943546,3.4895732952176397,3.8566600807303497,3.984601006824761
2005-11-17,2.7117912776831448,3.060008401316413,3.511683665838545,3.8685756137314886,3.9929482793844664
2005-11-18,2.8217705857837263,3.158821760642219,3.5739052068077974,3.905878028068145,4.0219100795583635
2005-11-21,2.8234912900606233,3.151064678326046,3.5717148388387163,3.90035720101494,4.0144279979845905
2005-11-22,2.792710317014265,3.1216474690906963,3.546075810364661,3.877572525059514,3.992673753505468
2005-11-23,2.764024249246959,3.086074845321127,3.517086646949614,3.855688282518728,3.97335463387902
2005-11-24,2.7106501037075397,2.9963572357654007,3.416429546411059,3.809819331064699,3.953442546710317
2005-11-25,2.717637901568043,3.021923521183684,3.4581979577295647,3.811505499608629,3.935057455942177
2005-11-28,2.7514528862488157,3.043704728553557,3.465609003872724,3.8208573672979886,3.94621523264086
2005-11-29,2.749370295086763,3.043415608267649,3.465531388987324,3.8212631571545783,3.946855705893139
2005-11-30,2.778221803054544,3.0848052148489886,3.5039812423492886,3.8355368735798305,3.950862719759803
2005-12-01,2.703303842809998,3.001124897830108,3.4271624623705685,3.7790578009442735,3.902757716140019
2005-12-02,2.706751691867413,3.0231730425158414,3.460157422643616,3.811248529807715,3.933956034678342
2005-12-05,2.714182675907834,3.0248739944470544,3.4599798287792973,3.8080947636414497,3.9295506056283807
2005-12-06,2.7092658301350916,3.0012342738759332,3.4250535081929065,3.789860051703694,3.919448224054531
2005-12-07,2.7128150845763934,3.000954566121529,3.417820809414061,3.777782529676823,3.9057515753832104
2005-12-08,2.723970806401062,3.0067703353285022,3.422971294293665,3.78144785383392,3.908678219356689
2005-12-09,2.7784995806840183,3.062706560976157,3.4695494355411824,3.8108683258691793,3.9310708334260456
2005-12-12,2.7877284704170937,3.062825201898024,3.4578240084981706,3.7998741500537103,3.9212593486456537
2005-12-13,2.7983024815375312,3.0566596011549203,3.4365883309550966,3.776265483034992,3.897656599455074
2005-12-14,2.7931823000841423,3.033476133378469,3.4034272866907815,3.749392667039178,3.874445284526227
2005-12-15,2.7999459328161915,3.0380157473495637,3.405735242021895,3.7453504181453625,3.867610346056421
2005-12-16,2.7922122514050356,3.0202128211911443,3.3787174534742426,3.703978400185457,3.820333270319209
2005-12-19,2.8039294875592367,3.028365024069376,3.384199471879929,3.7024224262471384,3.8157075095868462
2005-12-20,2.816840083592847,3.048868451352533,3.3963833807048593,3.7043620410395786,3.8138673129755247
2005-12-21,2.851713908243575,3.0882769149802964,3.4223570595541566,3.722459051148589,3.829638986121244
2005-12-22,2.8632270139359592,3.091656809941854,3.4129554890161784,3.707874095272094,3.8137232568740065
2005-12-23,2.859415465892918,3.0988820299832445,3.416182841727303,3.684262018135353,3.77855872264541
2005-12-27,2.8581680850055795,3.0720278721151484,3.3761661163335734,3.676871717553192,3.787099752571648
2005-12-28,2.8368650962419815,3.030520687185909,3.3381724415402987,3.6617710945469057,3.782306869317108
2005-12-29,2.852802960606456,3.0496327626270325,3.3626692784664245,3.6704620605350313,3.7825497406632658
2005-12-30,2.8225275917778543,2.9839556128056897,3.287880740278383,3.63899442600886,3.7731559317465497
2006-01-02,2.877049902632736,3.0759265370436215,3.408130145732976,3.749366972189457,3.87533900765341
2006-01-03,2.870307729268463,3.07482444364316,3.4171295335659853,3.7471454544211897,3.8666897656345594
2006-01-04,2.780345653652512,2.9987588009148163,3.348986500300197,3.655841940805196,3.764486247007296
2006-01-05,2.753215855791927,2.9699218144191724,3.3215076970259374,3.639703220850887,3.753421784050401
2006-01-06,2.7568010903021314,2.9765553547784283,3.3202371416983287,3.6348893006640273,3.7478195929786735
2006-01-09,2.7610366794355343,2.9673405359101555,3.287734568176082,3.589432229231857,3.6984687184485248
2006-01-10,2.7985511062424067,3.001475688973248,3.3063031419478683,3.598210639915526,3.704160138665231
2006-01-11,2.831204309250812,3.0305620394194577,3.3233898488307494,3.5983991330767218,3.6975294329024218
2006-01-12,2.797149319038285,2.9994992477154354,3.2972490942777712,3.5784037305646663,3.680092060451877
2006-01-13,2.7966784082687455,2.9911765210048182,3.290726390167931,3.5763801809775893,3.679756991718602
2006-01-16,2.79693173983944,2.996033251597095,3.294808782623306,3.5934813633455316,3.7034691366988506
2006-01-17,2.781624754830215,2.9870132069806057,3.2933983826290714,3.592582395293094,3.702100957199168
2006-01-18,2.818257154019306,3.0265806817301817,3.3131909126850565,3.60431752869761,3.712523528990924
2006-01-19,2.8585671750091537,3.085465987132639,3.3783501181663835,3.663735432252533,3.7686463826792176
2006-01-20,2.8632114092017065,3.085143459455379,3.374385733802892,3.6689960498408665,3.778856380768452
2006-01-23,2.876066816215045,3.117402202644228,3.419494218994128,3.7232880865449247,3.8366148930966575
2006-01-24,2.8720639351731947,3.1156362444742136,3.4184677095200446,3.704496028565028,3.80885095975258
2006-01-25,2.890255845767755,3.1399771667211445,3.448599148800847,3.7499220843950543,3.861229737155093
2006-01-26,2.885592507229564,3.156778969204177,3.4830515431945943,3.797777457065411,3.9142296706408137
2006-01-27,2.906307080723415,3.176303630510323,3.492088122874119,3.8086067025423422,3.927498508821788
2006-01-30,2.942335740516584,3.2037639067379744,3.500613508841822,3.8302146238327377,3.959240315610447
2006-01-31,2.9451751266518564,3.2067694812994616,3.50406752714801,3.83288804560776,3.961474228972763
2006-02-01,2.9474324144626767,3.2202814488806597,3.5083467312949206,3.809230369136954,3.9249230733376375
2006-02-02,2.976593790849539,3.26447342263253,3.56286549792055,3.850230334298944,3.9571240354251778
2006-02-03,2.960853205657405,3.244080164646448,3.54533041928387,3.8374757809287514,3.946343824438538
2006-02-06,2.9380501573857325,3.199583482534168,3.5041323875388857,3.801249511602316,3.9113115230589894
2006-02-07,2.9241636749205577,3.196786710753134,3.5146540150053367,3.8222905489166026,3.93635184800412
2006-02-08,2.9296019825476165,3.215145353415081,3.536452465351409,3.839306374810915,3.951009847610072
2006-02-09,2.934575378372016,3.2181641490361343,3.5360618131521964,3.8352062301764014,3.945456402326673
2006-02-10,2.899166888197689,3.1667170521264763,3.477819559040464,3.782726057654603,3.896764712464691
2006-02-13,2.9245048693186155,3.206971128129724,3.5244945974099844,3.8249844089368383,3.936101619401851
2006-02-14,2.9272625413087767,3.217198528641019,3.541226944194082,3.847311429354172,3.960617510128767
2006-02-15,2.9073081664771525,3.21147245283699,3.5416390734483896,3.813105629281461,3.9092444912462785
2006-02-16,2.932657719881409,3.225660093368286,3.5470641531155116,3.8454397765820634,3.9553038396839417
2006-02-17,2.906978759500724,3.190393312445882,3.511069402314086,3.8161258465165537,3.929369455472111
2006-02-20,2.8818341381711523,3.155250837885391,3.474579332637086,3.7823615762476344,3.897136163823041
2006-02-21,2.9156826320790725,3.180157471961808,3.4958598209179277,3.812849125983594,3.932276062105657
2006-02-22,2.9223291196473093,3.1675013011842656,3.4631614489848808,3.755791827185311,3.8647977132800646
2006-02-23,2.9676317145604947,3.2093789845715577,3.493746147616054,3.7812373033958,3.8888939070214903
2006-02-24,2.978978408168474,3.230855487787795,3.51777990255246,3.801778805236932,3.907625705068235
2006-02-27,3.0071693667774664,3.255309805835529,3.537666069795791,3.828680894173754,3.938502670044884
2006-02-28,3.015659975894285,3.254165281937078,3.523746589263721,3.7955464151238023,3.896971286017159
2006-03-01,3.033067475943249,3.2687905624289018,3.5338625450298533,3.809707842745723,3.9137459599740425
2006-03-02,3.066436552311159,3.3210539372774477,3.589268802929232,3.8602151695051727,3.961925472415793
2006-03-03,3.1000800515074425,3.368341599619039,3.634949593980572,3.875505085624,3.96254271182987
2006-03-06,3.100380215036047,3.35848404188071,3.617826056146604,3.868831188817416,3.961629342186487
2006-03-07,3.104787972275846,3.3678019437616635,3.628400623955457,3.8782741452098737,3.970473649247033
2006-03-08,3.119306286087814,3.3881294484612594,3.664544039643319,3.935503182600535,4.036152563967721
2006-03-09,3.1163067104915516,3.391022686542006,3.678963159531306,3.960847905795688,4.065605157562888
2006-03-10,3.1359604814217734,3.4219207017124313,3.718534928125541,4.0105627375093285,4.119535568166769
2006-03-13,3.151340943310923,3.433005078849728,3.7212380498650264,4.009401226092934,4.11740884362985
2006-03-14,3.12442792286834,3.3937439243615044,3.683976295820951,3.9641008348284497,4.067345818904717
2006-03-15,3.150997101372411,3.416590398107184,3.687748229652351,3.958880678888649,4.060056603961259
2006-03-16,3.1673665862886304,3.43133011868683,3.694308915150121,3.9559813563291266,4.053455546377706
2006-03-17,3.201195862342806,3.4610218518845532,3.721005227202689,3.985044753244625,4.083769416958414
2006-03-20,3.174139165599514,3.4260672725391563,3.6897171283253374,3.96100682853757,4.0629552110607765
2006-03-21,3.187152607689665,3.440285081651904,3.70755778684254,3.9761887770761937,4.076221214798631
2006-03-22,3.1675701085697643,3.4055648683552215,3.669702422936703,3.91690766258408,4.006432999040857
2006-03-23,3.163845431829575,3.4083906646665456,3.683787189376301,3.9381990173810193,4.03008322023651
2006-03-24,3.1667129252767334,3.4135867751777207,3.692213784397044,3.946501592687965,4.03802628730997
2006-03-27,3.1450087476385145,3.383136353124625,3.665656925138886,3.927528317619913,4.022096192566015
2006-03-28,3.2343953585383822,3.4839370473956355,3.751434824465821,3.995773900104009,4.083760970089352
2006-03-29,3.2604736193667234,3.513001577288373,3.784938794639264,4.024962291926767,4.110531547692927
2006-03-30,3.285662102826221,3.5431661174283917,3.8134603592249743,4.052151715843882,4.13730603734436
2006-03-31,3.2874252253495104,3.540729555310844,3.816313660640099,4.0661909424582365,4.155874685168114
2006-04-03,3.332850865628579,3.604773780346487,3.8897913630451746,4.1177397936962645,4.197096049871106
2006-04-04,3.314661929114276,3.5857145217346567,3.877282118124961,4.1101245502792345,4.191156022166244
2006-04-05,3.301888369408166,3.574900369745685,3.892255839246532,4.157469364901894,4.2506924150678635
2006-04-06,3.2520308548850587,3.560408636323444,3.904234397930136,4.210224802211367,4.320125822025914
2006-04-07,3.250239726776218,3.59387670150083,3.9571510190392702,4.287514859756946,4.407854693301937
2006-04-10,3.2715873263018644,3.6005536974894277,3.93758835770571,4.257591091046633,4.375770493624306
2006-04-11,3.2660309828598058,3.582629845156585,3.914626043631644,4.212953551137265,4.3207660599127005
2006-04-12,3.260174664306134,3.58527210799942,3.908150677553358,4.1961321012412744,4.30031400931083
2006-04-13,3.3101854321320747,3.661704504654199,3.995930420501137,4.286718504025032,4.391408043215956
2006-04-18,3.306080228356885,3.656106418609746,3.9978210464416457,4.285858407709,4.388374694076368
2006-04-19,3.300281981355846,3.6505059136774145,3.989638206052436,4.290598266033922,4.399626955739426
2006-04-20,3.292806259722189,3.642752820468011,3.9844807837550857,4.276608402209161,4.381182676962987
2006-04-21,3.2860644201869107,3.6325225005018953,3.971849926452136,4.271492447582734,4.37988340860929
2006-04-24,3.295008455530972,3.644297700540021,3.991136284577708,4.279928743296582,4.382403009905301
2006-04-25,3.356108435852975,3.7247486796194025,4.066409733900662,4.316756783117566,4.402949293784038
2006-04-26,3.4064158035732777,3.745147733330653,4.08052546739017,4.351477615913845,4.446510142190152
2006-04-27,3.414354297881597,3.725824887168753,4.0381798543095355,4.321017990962123,4.423200554386758
2006-04-28,3.403920792471516,3.712129218038744,4.024394161122969,4.310092412502534,4.413623730028816
2006-05-02,3.4063619883211316,3.712144178986508,4.029963384857916,4.326789958292465,4.435027789128527
2006-05-03,3.3915954343903025,3.713209609064012,4.04209991322219,4.3375293195214395,4.444192173260633
2006-05-04,3.4147191476523746,3.7395040228569623,4.063002273500287,4.362537377809016,4.471879880570467
2006-05-05,3.394948819236376,3.697664890646804,4.032311334857877,4.354261993615067,4.472660838144053
2006-05-08,3.404521631138755,3.712778584243691,4.0374153559557495,4.355160453426269,4.473028131125675
2006-05-09,3.432077893271334,3.7346198261704178,4.060139596717568,4.367357146365126,4.479614595088777
2006-05-10,3.4101094194789487,3.707062457551018,4.041030157413896,4.351624666343248,4.464470616666045
2006-05-11,3.442630167118848,3.759979183628923,4.104113037357078,4.410720128598091,4.5208625824818265
2006-05-12,3.4167989572958284,3.7352367250610143,4.091683486506838,4.424296662765224,4.545716332232944
2006-05-15,3.364074911819933,3.7021682966202674,4.101082110817117,4.435151717669036,4.5532592872651625
2006-05-16,3.3392368094389564,3.662688520650048,4.054104285265989,4.390759567033679,4.510548288250545
2006-05-17,3.362873922070575,3.6938202916998506,4.102629065900926,4.460817309262365,4.588998531792674
2006-05-18,3.3308888080383823,3.65309352835535,4.065062670129077,4.432303617957907,4.564326414320092
2006-05-19,3.32716219623145,3.6297090146057336,4.032610546060451,4.398445857160805,4.530417871772868
2006-05-22,3.282697148953917,3.5629559484517914,3.966033510196879,4.336091269191214,4.469689593668381
2006-05-23,3.296876936252062,3.5695468263497108,3.951518429016883,4.34238860884701,4.488876430010917
2006-05-24,3.2851425775377967,3.544395570211027,3.9187248671177537,4.306855234790558,4.452625433683087
2006-05-25,3.284780642733465,3.5362849995217616,3.906192638310291,4.299794051496319,4.448915843572744
2006-05-26,3.2883552376029015,3.536722064400469,3.905775815818103,4.292443320081148,4.437892818638017
2006-05-29,3.312670153215609,3.5589874491512097,3.927544917815739,4.315836860936442,4.461998131732651
2006-05-30,3.350181125626361,3.598441056760091,3.969343513406531,4.345333882185632,4.484787809582398
2006-05-31,3.3909490624114813,3.645893544412819,3.9954152269365113,4.35676541944321,4.491908339862293
2006-06-01,3.4128250187009836,3.671467286724136,4.026099646865788,4.396113585440409,4.535084966222131
2006-06-02,3.385286703474568,3.618379371284977,3.96758734387259,4.334990427837913,4.472645326497937
2006-06-05,3.405194666338484,3.6343666283030673,3.971227439310909,4.3343987979580785,4.471568127527581
2006-06-06,3.4489268698403137,3.69314762991275,4.028999706358346,4.39022437543705,4.526894004122014
2006-06-07,3.461183326922373,3.708313185862583,4.049300446389719,4.409729619798892,4.545270029730113
2006-06-08,3.4153814617486677,3.677507071729836,4.02465305468859,4.387094591817065,4.523335195643382
2006-06-09,3.358282177152609,3.6128318800947414,3.96671930578203,4.337802754331658,4.477519161711465
2006-06-12,3.34590607566956,3.5967656011163553,3.952569198935729,4.323503457455732,4.462823316218851
2006-06-13,3.32551834414442,3.5673968400763645,3.9244936887910233,4.300921882271784,4.442697854659345
2006-06-14,3.3553252172199697,3.5855369453137396,3.9262738568287863,4.295797140770666,4.435995801997091
2006-06-15,3.3936077686483497,3.6430265756197775,3.979709392143567,4.342869362685547,4.480980013957333
2006-06-16,3.3820184797619164,3.6263469137915143,3.968542192016923,4.334721475658267,4.473388222387312
2006-06-19,3.4227131647109124,3.6675515779847583,3.998415298737463,4.350914944196961,4.484069236223985
2006-06-20,3.441064760184531,3.679346814757986,4.0038232455680856,4.353745191602584,4.4861836493781615
2006-06-21,3.4787412037620324,3.7224437722238894,4.047960900148594,4.395262846357354,4.526162548659102
2006-06-22,3.4879951076566966,3.735569117118521,4.063548104904034,4.413355829741196,4.54529488550614
2006-06-23,3.5155192922177214,3.7669309177862553,4.109568173922918,4.451508859565497,4.57746381837551
2006-06-26,3.547010530374391,3.7859181183743846,4.119774894248954,4.460043572000334,4.585923617211042
2006-06-27,3.5779816886861875,3.805172090946492,4.121724053546557,4.449558136307005,4.571179705034913
2006-06-28,3.5750442991385496,3.806235968068431,4.122152498985691,4.437942564571423,4.5538292472222865
2006-06-29,3.553419412223775,3.7711587044708854,4.088010402918833,4.407023761075621,4.524099613200358
2006-06-30,3.57084967935433,3.795822233105339,4.103100162212514,4.407537111368251,4.518821694168538
2006-07-03,3.569528042143058,3.789348226038576,4.1008078656775,4.401512846851835,4.510497313423522
2006-07-04,3.5607661405730355,3.7805652121138618,4.1010287442039886,4.410653254508507,4.522927749639977
2006-07-05,3.601660399452149,3.83216193877434,4.148807635690817,4.438227481505065,4.541669547084824
2006-07-06,3.6109737602441703,3.825010557877474,4.136791368397374,4.434940708261807,4.542619639683447
2006-07-07,3.5974609075146806,3.794906772178821,4.1025328050233725,4.40330080898337,4.512383869987204
2006-07-10,3.608286528645092,3.804075561762065,4.107092160744076,4.41023305986085,4.520865535896988
2006-07-11,3.586192081642631,3.777023434381649,4.091964244284528,4.405550987201593,4.519860741511413
2006-07-12,3.6097605264224537,3.8005475593968057,4.109965099620631,4.42758121927716,4.544396701079031
2006-07-13,3.574446993624873,3.759999660518977,4.076095112333364,4.402557391485376,4.522858561972556
2006-07-14,3.5239366304586537,3.700656029119047,4.024573664054681,4.367456521748417,4.494753233315472
2006-07-17,3.5324924761108365,3.713445685676037,4.025441556240055,4.380605425866791,4.515945456292546
2006-07-18,3.5624724371385392,3.741328883307413,4.042387152049845,4.385607146850662,4.516220602719203
2006-07-19,3.588335921760558,3.7555493736194223,4.041815747914965,4.394680126537021,4.532376871793564
2006-07-20,3.5591704809449576,3.72312400907964,4.017592837535713,4.362179444047672,4.494157086951066
2006-07-21,3.521432152542792,3.683528196125476,3.9820674018163738,4.325882018821226,4.4569200001886875
2006-07-24,3.523371778351236,3.6837339182633926,3.978607117360053,4.31658904428586,4.445135388863963
2006-07-25,3.514483381853779,3.675770250244753,3.977007233592514,4.31502540448539,4.44271027979603
2006-07-26,3.5598048930433652,3.718157067497705,4.01777902344417,4.356179690383502,4.4840631371319155
2006-07-27,3.515951823289981,3.668733132002997,3.974654470506643,4.326278474015139,4.460082589762879
2006-07-28,3.505157584531682,3.6534357816317273,3.958014007523051,4.297910877049527,4.425798330056939
2006-07-31,3.527715310220468,3.6734535081849256,3.9727032579780026,4.307108163463685,4.432843061391955
2006-08-01,3.531166902738671,3.68705393020255,3.9943055769021143,4.320902881440051,4.441982368546155
2006-08-02,3.5281001778854697,3.676623185015928,3.9833463481642455,4.312101343090527,4.434178418436295
2006-08-03,3.5738099207210414,3.7164494465823057,4.007096875535272,4.324603617880465,4.442934095986715
2006-08-04,3.537674753148999,3.665812687281191,3.9589871182738663,4.24469641396202,4.3475226728976
2006-08-07,3.5419706643210023,3.669656555514807,3.9672898347104177,4.260477380799076,4.366340714515303
2006-08-08,3.54300822187226,3.6680621222075978,3.9629143969185727,4.25815074709049,4.365200217768597
2006-08-09,3.5645816347814168,3.6935454794521942,3.9892588830081377,4.284323076957701,4.391267817456394
2006-08-10,3.553915351298097,3.687174382564301,3.982454494027397,4.27022583994156,4.3739347273065246
2006-08-11,3.597022749905972,3.732981630189912,4.017111423580159,4.299299992647287,4.401461348282234
2006-08-14,3.6362438392348055,3.7711020752015103,4.0566724596794215,4.337212458477307,4.4384524051482295
2006-08-15,3.613000421272437,3.7352228019059326,4.022017802177902,4.304530584907625,4.40644626918228
2006-08-16,3.6121874231772058,3.716451284889113,3.994272207827692,4.2775897895626205,4.380495182547456
2006-08-17,3.603364334891262,3.691575801608999,3.9587081663068657,4.2373931604373904,4.3390098804437285
2006-08-18,3.619290685832912,3.70129477777632,3.9623793395345337,4.230498762063804,4.327741014787866
2006-08-21,3.5932980779866375,3.659559534764483,3.9168155232573385,4.177596011726597,4.271718552090239
2006-08-22,3.512680596329705,3.593254304718699,3.871414336927561,4.140706720481005,4.2371059847867905
2006-08-23,3.520548599679726,3.58444950606665,3.8599702938254854,4.165147280526859,4.278309214159719
2006-08-24,3.507419164836082,3.5747632046765365,3.863906872954062,4.152823403153781,4.257113289150624
2006-08-25,3.5008688260510343,3.5742034504214115,3.867714516911711,4.153464181609813,4.256039809536669
2006-08-28,3.499873611644815,3.577516015303922,3.8738357917706736,4.1568261929685315,4.258005200781567
2006-08-29,3.5201865713288427,3.5923777863854864,3.8818883436525105,4.1646541792994585,4.266243869492958
2006-08-30,3.5057550957643446,3.590424327386866,3.85641392771925,4.1462848731041655,4.257171395875417
2006-08-31,3.5181573640485926,3.572048526939155,3.818126216569512,4.117521057898658,4.236443667202686
2006-09-01,3.515111597415419,3.554978077645625,3.802232925323531,4.109624143656079,4.232341460246962
2006-09-04,3.509534652692239,3.5563297131273663,3.801773322942186,4.090233621863016,4.203009620696085
2006-09-05,3.5320453528211235,3.5821658034230084,3.8257502274801367,4.11279381686757,4.225238563782854
2006-09-06,3.57723806036895,3.6403161823162513,3.882535262381986,4.159864089830666,4.267618008503187
2006-09-07,3.60419567541994,3.6635612035317418,3.898264312774358,4.175062432576,4.283833600868265
2006-09-08,3.5732439827480635,3.6048924126714263,3.820756292257264,4.091599826675508,4.199979631405115
2006-09-11,3.6063632358310502,3.635835112361816,3.837794546513936,4.097119349639941,4.201868371298903
2006-09-12,3.6247795944982952,3.663675997411704,3.8688000051923503,4.1225567270907355,4.223790856372121
2006-09-13,3.6210370056806447,3.6583630167150942,3.864226672679414,4.123588488027064,4.227789573107086
2006-09-14,3.618493326962501,3.6463307211813394,3.8337147639758458,4.088330249760124,4.193730978057207
2006-09-15,3.6014949808789662,3.619743180615707,3.7948338270527855,4.044543729673566,4.149772934626365
2006-09-18,3.6550104930068654,3.694305628311263,3.8568387491288862,4.079452185015082,4.172561364315265
2006-09-19,3.615825326083963,3.645272718553713,3.8139945027671978,4.040766561761647,4.134368548138748
2006-09-20,3.6045883560781378,3.623688103474292,3.794168980551154,4.029830317535281,4.127845241181662
2006-09-21,3.6156013366655304,3.633654054101076,3.804411810048842,4.042087252870455,4.141194067348935
2006-09-22,3.5308493676333987,3.544532155746728,3.7363794277307782,3.98190100967887,4.080517288803804
2006-09-25,3.4758189848426477,3.505708526855335,3.716135575015003,3.9691058660502625,4.068624363508857
2006-09-26,3.4917130767438973,3.5149213051014985,3.7032469277062607,3.925700777302428,4.012499511633528
2006-09-27,3.5041485774558696,3.5147615145125197,3.690609226377642,3.9191611492385494,4.011489454524597
2006-09-28,3.5317327192247863,3.5427474650467907,3.722080317994998,3.955288269656137,4.0495219967105305
2006-09-29,3.53955348853889,3.555172944166574,3.7240407716270054,3.9398301116722134,4.026570736018521
2006-10-02,3.554693155891359,3.5731030423530497,3.748480308564861,3.985243798563443,4.082715743460975
2006-10-03,3.4947796570049956,3.511842063756136,3.701499959939757,3.918801323060872,4.002448166850559
2006-10-04,3.4873104099908634,3.501698769054231,3.6887983311877353,3.90136114819234,3.9828711279570137
2006-10-05,3.48945194269406,3.496869748397107,3.680073760386727,3.896661785848785,3.9808044580977615
2006-10-06,3.4969822463626716,3.5246925339409754,3.722488783991276,3.9427381332503,4.026848878489859
2006-10-09,3.519625190179903,3.5513301437857567,3.7373075782034455,3.9398315764182974,4.016660162856466
2006-10-10,3.5447985709045615,3.583186788563069,3.765548399951896,3.9625927595590897,4.037281375437798
2006-10-11,3.559346455380742,3.5971383980813867,3.773943512976101,3.9663275104670626,4.0394479837104385
2006-10-12,3.5563160921736765,3.596175972890162,3.7755855303823367,3.9659992852366504,4.03775064468963
2006-10-13,3.5715999702573953,3.618855600880815,3.797179680180416,3.982049011668412,4.051276622334036
2006-10-16,3.5656928432668367,3.618651764456427,3.8032500192123138,3.988367935650777,4.056967271680302
2006-10-17,3.5454306903274193,3.590002399882512,3.7721989372843767,3.956179852503785,4.024389839595156
2006-10-18,3.5427101047400575,3.6022306067233103,3.789151070604259,3.9672754271096617,4.032274872983619
2006-10-19,3.568928841805219,3.629902451741736,3.817647276637678,4.004541821767492,4.073748078100238
2006-10-20,3.5883825906004216,3.6367266673008545,3.8114822436905342,3.996335178003374,4.066097686148073
2006-10-23,3.616719081638382,3.676242165719624,3.8474406391695473,4.021939488704041,4.08715435756426
2006-10-24,3.621336870741057,3.6766950860560903,3.8437510608674783,4.013094015251354,4.076208780865245
2006-10-25,3.633459394170039,3.6892661106148177,3.856003630640361,4.022343933899833,4.084006711608366
2006-10-26,3.626702615798683,3.67592716256264,3.8366148989843807,3.996987910623127,4.056371180747269
2006-10-27,3.607706988449532,3.6372873938698302,3.7822044438141393,3.9363316917896647,3.994400111557398
2006-10-30,3.605534139131082,3.625175399568635,3.763530227280595,3.9175609474322424,3.976379783055128
2006-10-31,3.647497504483969,3.6644214661650065,3.7906716591742216,3.9479708288774154,4.010694831407038
2006-11-01,3.5844571107959826,3.5993009350229666,3.7465101717616336,3.9146133946517505,3.979267995814002
2006-11-02,3.6089728156073217,3.614893576334054,3.748165846493541,3.910792500640186,3.974747323652903
2006-11-03,3.6463569010669583,3.641371057621575,3.779689792313909,3.965945048250241,4.0417777992125465
2006-11-06,3.67580867256804,3.6835103561960327,3.808068700554104,3.972965070190994,4.040049014789561
2006-11-07,3.6625485149521015,3.648711898546492,3.7643524595920494,3.93075480637881,3.9999781287421623
2006-11-08,3.6679302583841102,3.651317479877207,3.7610011642735617,3.9224968816556727,3.9901812819702247
2006-11-09,3.682506553010082,3.6608982144047455,3.768743657811896,3.9322517378803457,4.001384285062113
2006-11-10,3.642128115651413,3.617095224638775,3.747943852134608,3.9156379329410855,3.981619630767717
2006-11-13,3.6443607539118097,3.6327603205791905,3.7598237846135487,3.9252417862827462,3.9912809718970417
2006-11-14,3.632791723379355,3.6145992115345975,3.7387615290244223,3.902564761037925,3.968108416261813
2006-11-15,3.6536348800094185,3.6391916203869066,3.763089114380356,3.9266449149165696,3.9922355013616055
2006-11-16,3.651738206369622,3.6343898974862743,3.7575974661516383,3.9217169952210895,3.9876827123270866
2006-11-17,3.655568560552316,3.6465586284072105,3.7648785171631385,3.9176487320218674,3.9785168139127456
2006-11-20,3.619608900127488,3.6118276774041247,3.7406489990818312,3.901220957073869,3.9643146464264234
2006-11-21,3.627514763839829,3.615366622702731,3.73974709683248,3.8972035024359024,3.959310413383319
2006-11-22,3.614616478620707,3.608799640639469,3.7401879139485064,3.9034427480701503,3.967567105130015
2006-11-23,3.6470693404400305,3.6373711230347343,3.7602407478639575,3.920523757455225,3.984535081311321
2006-11-24,3.6162567856491448,3.5983849528328395,3.732886933462967,3.906159002619203,3.974827780735835
2006-11-27,3.6226814584249394,3.615999255166092,3.751002744822769,3.9373356895345544,4.013905553999431
2006-11-28,3.587175895229613,3.5834849144143632,3.7264294725232943,3.9053542205726446,3.976123490923953
2006-11-29,3.5948657647054505,3.585897290391514,3.7255588074737425,3.9045062758320577,3.9757838954510065
2006-11-30,3.610015553774947,3.598407043631009,3.7311541515794686,3.907415072538241,3.978527142842428
2006-12-01,3.6003114144568507,3.5859896651124497,3.721258266435187,3.902938177061139,3.976497844626993
2006-12-04,3.5565329761479125,3.5553818758600935,3.7045557850146897,3.893396758626291,3.968479443833567
2006-12-05,3.56640426873769,3.5545033036529023,3.698963323123956,3.886793606124765,3.961935613711568
2006-12-06,3.6008553923384023,3.5888156071772395,3.7143753341348296,3.8933885560721393,3.967732103609505
2006-12-07,3.6209411089117176,3.6093289213073714,3.727732189739587,3.893459696098567,3.961775297495087
2006-12-08,3.628208441850583,3.6167807748023346,3.723115232358285,3.880571580451226,3.9470190750329186
2006-12-11,3.66661251207276,3.6606179528925593,3.767795490923233,3.929372716631999,3.9983419394155177
2006-12-12,3.670262534995743,3.6597001994013967,3.7641438838954944,3.923573594482258,3.9917650791550914
2006-12-13,3.678575547678248,3.664659138701936,3.758152613911677,3.909816140198924,3.976189469095469
2006-12-14,3.7132920618051544,3.713208263349619,3.805305072378789,3.952379237561535,4.01702105560139
2006-12-15,3.7055393576485782,3.7049182813084687,3.8011118784439266,3.952899464402666,4.019237031584189
2006-12-18,3.741219182185635,3.745753589173632,3.845004841532055,3.999502871778192,4.066882245064767
2006-12-19,3.7571000132042434,3.772258022504897,3.881987623861877,4.037324289097714,4.102749326271008
2006-12-20,3.767627600513253,3.782894654722507,3.893453561367968,4.050937371625048,4.117447771918076
2006-12-21,3.779915055447607,3.795503376880481,3.9058996977980223,4.064655972428434,4.1320029539884535
2006-12-22,3.789682500695624,3.7979386933132417,3.904081883654092,4.0639833578585804,4.1328803605378885
2006-12-27,3.818392481136065,3.830598973540876,3.9339526120965354,4.093030108595364,4.162445821122985
2006-12-28,3.821922914466236,3.846114637738259,3.969199126847096,4.121646772872644,4.18252550364171
2006-12-29,3.831611784932937,3.849839823055916,3.976019190668191,4.130758612256039,4.191024877367026
2007-01-02,3.808853282003085,3.8305695306892615,3.955759764785133,4.112753757643569,4.175632293402484
2007-01-03,3.802712511023611,3.8273732689341218,3.9527060358962793,4.105485080165884,4.166071696219889
2007-01-04,3.8087552559213727,3.835362877821384,3.965030688297424,4.120465887661525,4.181726471064261
2007-01-05,3.839848526892406,3.8700985624734496,3.99911038990196,4.154330014408502,4.215696060955154
2007-01-08,3.828150328486997,3.8631091686973305,4.001203917276387,4.154402414795874,4.2131523923149325
2007-01-09,3.8363725541536824,3.869755867475923,4.013364763988189,4.173414174701843,4.234829184856773
2007-01-10,3.8583743147778216,3.8911569682307743,4.032663715411364,4.194354923564975,4.256978472092818
2007-01-11,3.83322723151621,3.874191108657346,4.030375423971093,4.202379484551387,4.268169770131524
2007-01-12,3.858053403235262,3.909805747921167,4.070193384606637,4.238122393437427,4.30136549024793
2007-01-15,3.8637726337037854,3.911818273993709,4.0667875946809255,4.232341785033651,4.295097957030664
2007-01-16,3.857115361716173,3.902458939042508,4.049195036829894,4.208357704340011,4.269011551255588
2007-01-17,3.859062142020102,3.90504630515894,4.050212436893748,4.207658487732433,4.26767473608681
2007-01-18,3.887788957720391,3.946771715263356,4.0982931785987615,4.256642485338476,4.316408403648892
2007-01-19,3.879044439012054,3.9233381918789703,4.052389888706415,4.193893292568639,4.24816123946424
2007-01-22,3.875369185382227,3.9181591504232616,4.044328779220023,4.182667592666608,4.235701347358867
2007-01-23,3.8686872518839297,3.908549246915117,4.03013837465556,4.161522950345991,4.2115723090010135
2007-01-24,3.884742212052061,3.926532478403452,4.0477384611772855,4.17744097897342,4.226712728871687
2007-01-25,3.8912358413928954,3.9414681595450434,4.068530386494666,4.2004443681272505,4.250126591061841
2007-01-26,3.921930034693319,3.985611686220248,4.116143054093354,4.250980555247563,4.301904215009377
2007-01-29,3.926670219843975,3.9820298311720137,4.113817275729144,4.272453926202232,4.335845526102379
2007-01-30,3.918449233667397,3.965110396618288,4.098517668434984,4.262175392307788,4.327794612527835
2007-01-31,3.9226991108200537,3.969255565709826,4.099259955036462,4.261310043711651,4.32675865872661
2007-02-01,3.88217106867148,3.922734939690872,4.059283125695029,4.218190594993805,4.280365836491708
2007-02-02,3.869474080716426,3.939052558460363,4.092115833642842,4.248081636166346,4.306678078480431
2007-02-05,3.8414062346486686,3.88601144747594,4.042082971280766,4.219131012192046,4.2877429851136055
2007-02-06,3.85465512145048,3.895042044581549,4.042239384167163,4.211952662567998,4.278086638578436
2007-02-07,3.867250087333154,3.893513033175112,4.029130487835757,4.193805116005295,4.258965408893983
2007-02-08,3.894116506968692,3.919564556500473,4.039217846225202,4.18862362698605,4.24846208089675
2007-02-09,3.9113932629604977,3.9431486818955226,4.067013087249921,4.2312555199966075,4.299029430270949
2007-02-12,3.913679306164744,3.961658811039621,4.095455042509981,4.266686838168886,4.336854331122479
2007-02-13,3.9237424792486735,3.9682979400254816,4.103507006160799,4.277232380559633,4.348374288978113
2007-02-14,3.914139666979863,3.9615085605234817,4.0961552232137945,4.247379285010169,4.305996647172608
2007-02-15,3.8858142526368615,3.9091772720132263,4.043192487476124,4.2143781164543626,4.2835120641517355
2007-02-16,3.88821584658418,3.9070739047970497,4.037843743553326,4.206652539918,4.274987463369858
2007-02-19,3.917025887590629,3.935557554295155,4.060223573117656,4.231646422058897,4.302968052156499
2007-02-20,3.921665473542862,3.94541794879703,4.071940280024418,4.243851453446999,4.315224056303637
2007-02-21,3.914860791901799,3.933993430252312,4.0550103611677875,4.222214840405026,4.2919824901460055
2007-02-22,3.9240854204462186,3.948765414805398,4.06681436659562,4.229826642096076,4.298101664956207
2007-02-23,3.917139869287981,3.927082510201188,4.038795687898644,4.199686519759289,4.267688577828694
2007-02-26,3.881436736432303,3.880330220357699,3.9990541783199807,4.165539277857485,4.23460153695474
2007-02-27,3.8547425353087776,3.855321764974008,3.979315298730353,4.144312530099501,4.21134637317219
2007-02-28,3.8090940118302097,3.8159936997170782,3.9573890068332993,4.132264457645488,4.201388457896738
2007-03-01,3.809938324995156,3.812731675159444,3.9480407136208577,4.128386781026015,4.201770776453269
2007-03-02,3.79401816641687,3.8041382848158585,3.9542622838821657,4.143434019878076,4.218919716376078
2007-03-05,3.770756072925816,3.7721631249950462,3.924842494601576,4.122544175201252,4.201956629729252
2007-03-06,3.804085900751234,3.795605972223315,3.933778092276917,4.123059640931831,4.200446019193241
2007-03-07,3.812765752513817,3.8014879713549456,3.942096367614286,4.138013687206783,4.218613985087095
2007-03-08,3.8312489367938865,3.805559891569917,3.9425396100359418,4.139660249317367,4.221283078097115
2007-03-09,3.859088807032376,3.8295248840632343,3.965410671611614,4.163013155619489,4.245058726889199
2007-03-12,3.8560912100680977,3.819911194240919,3.946741831786976,4.143000948461364,4.226310045031217
2007-03-13,3.8526237038101967,3.809646470848856,3.9332430246353463,4.127896942138444,4.21080658424137
2007-03-14,3.830200981793923,3.78539000595452,3.913721492293002,4.111497902471771,4.1949739301619555
2007-03-15,3.844349123126174,3.8028578512016393,3.9298144421209664,4.125314243088205,4.2079273958022805
2007-03-16,3.855602962561507,3.8172147215812,3.9347742514660538,4.120272578127037,4.199471507712478
2007-03-19,3.882146148660915,3.840572953027312,3.949599195849754,4.133759098913585,4.21438150616388
2007-03-20,3.873473277367197,3.8246080190190166,3.931940507222286,4.118947747082985,4.201482618481936
2007-03-21,3.882278695241971,3.836065508136156,3.9472601857835743,4.139071717091523,4.2236028247118975
2007-03-22,3.857972013563309,3.812779417286971,3.94424778129522,4.1500398742146105,4.237503830932345
2007-03-23,3.897126473715222,3.8719146476277015,4.011703572415588,4.2295007516925605,4.322939337714988
2007-03-26,3.9086734427824834,3.88246099639516,4.0230609603279905,4.241899304874707,4.335702724732957
2007-03-27,3.920171570845602,3.89610131217073,4.033205573261039,4.248968127042695,4.341970829011854
2007-03-28,3.92346238763228,3.9054019226033,4.049414124680433,4.2685898164643366,4.362055438030659
2007-03-29,3.942635958761931,3.925112309952144,4.060970566565064,4.2753184863628295,4.3681455949986345
2007-03-30,3.9559781505490648,3.9350134967460617,4.062165172725573,4.274416567379676,4.368396116719903
2007-04-02,3.9761749850092594,3.94980203952847,4.0698087727878365,4.276878166777455,4.369495205751596
2007-04-03,3.986679042808186,3.970129284320156,4.096630584922004,4.309766828958743,4.404784675164777
2007-04-04,3.9698772759613865,3.948370155330118,4.0834147547666255,4.3076416879302855,4.406747495478677
2007-04-05,3.9747041003235775,3.9572114214105314,4.091480555348951,4.312679123503198,4.410346254613852
2007-04-10,4.015408693405771,4.00423565405616,4.133882160007479,4.350705936276414,4.447365719713811
2007-04-11,4.027017593799442,4.016107564319152,4.144570301103409,4.362535873311112,4.460368935464594
2007-04-12,4.046625093855267,4.046107472343348,4.181185711465348,4.4041508727499314,4.503690546995974
2007-04-13,4.059361239954506,4.0715797142321986,4.216793680003958,4.438491041822827,4.53475546707122
2007-04-16,4.06133902100586,4.071078998020084,4.212844774973295,4.433043567482794,4.529269041828239
2007-04-17,4.0521442538047046,4.056040485215679,4.194946257889298,4.417189985074932,4.515291313617956
2007-04-18,4.047371758129081,4.035668963296916,4.158970433050929,4.376071473494568,4.475079161500958
2007-04-19,4.060589442732197,4.057706819242436,4.180881425056495,4.395966915244507,4.494315436094784
2007-04-20,4.075175946649001,4.0822922241005575,4.2087169860069995,4.414643683831321,4.5064889247110935
2007-04-23,4.068325323503665,4.077256134473828,4.194061942051812,4.390007648938757,4.478764545282009
2007-04-24,4.0545805395288665,4.055309856675508,4.1683568947615335,4.363802035413512,4.45301104338951
2007-04-25,4.070444660507972,4.07329872312711,4.185262909424795,4.378947130291012,4.4674849787219415
2007-04-26,4.079944506610416,4.07924473970661,4.193571226555201,4.391411243761404,4.481608988059315
2007-04-27,4.102011360233913,4.112555989996623,4.223735386103576,4.416490452650059,4.505251635107085
2007-04-30,4.073511091376276,4.062616887056114,4.1707810127373826,4.37288859463098,4.467490355273905
2007-05-02,4.099095388169321,4.094394649485128,4.201491483032295,4.405076131602981,4.501558611501002
2007-05-03,4.1161060216446685,4.110917267951168,4.22537615924195,4.434827349160376,4.532341529580368
2007-05-04,4.085116175081597,4.075941419819903,4.190978951857871,4.398347441557594,4.493925292767442
2007-05-07,4.117872056588179,4.119078725513946,4.221073247267965,4.397576298475312,4.477969610999577
2007-05-08,4.10055483578231,4.084966319183904,4.191886859761932,4.400794233666797,4.499951890016349
2007-05-09,4.111130736385344,4.105785601409226,4.218480977322087,4.418085648780371,4.509593804585957
2007-05-10,4.106473016860184,4.10478568672611,4.218455821350187,4.417117928473951,4.507944139154838
2007-05-11,4.085984912456537,4.074113708994124,4.187630032316847,4.392287650945214,4.486473806903364
2007-05-14,4.1399854831548275,4.150436636446938,4.263055067885567,4.4623885749450505,4.554855849490458
2007-05-15,4.168724616080043,4.177245277823156,4.288476895649555,4.485182848814122,4.576141829517348
2007-05-16,4.201592576682945,4.20201789368099,4.3077157298691535,4.498717038402095,4.58717843668332
2007-05-17,4.205955529830998,4.200548759079799,4.300734013319927,4.485783964106553,4.5718833304752176
2007-05-18,4.21235772520126,4.20804440682797,4.308590563698758,4.493107104970062,4.578798785362534
2007-05-21,4.223487102690667,4.2212299773751525,4.325894699357782,4.514260994458669,4.601155253294694
2007-05-22,4.226680287966312,4.227375381065505,4.329543668433427,4.515693532572864,4.602175153867954
2007-05-23,4.25317999070536,4.245642161864863,4.338040477718441,4.518192263569668,4.603013552872976
2007-05-24,4.253887771450992,4.260931777358419,4.359226877288106,4.541923336266863,4.627239591557611
2007-05-25,4.267146957422903,4.268233579930691,4.361210363483306,4.540680437100623,4.6253465144812
2007-05-28,4.270542355468313,4.273345322410881,4.365875367198057,4.544139147906429,4.628239255158244
2007-05-29,4.291988650699839,4.291652035379981,4.377341135684252,4.550750097961112,4.6338119594051115
2007-05-30,4.292125508242201,4.2929796094290715,4.381828241155274,4.559376171824891,4.644075109982024
2007-05-31,4.320267537952041,4.323646824820462,4.404033175714065,4.571761530783853,4.652787771165867
2007-06-01,4.342369321491171,4.34285834100913,4.424028403598252,4.595303488036975,4.678133938631524
2007-06-04,4.353936714309898,4.349004289145762,4.432625812514578,4.605882174242353,4.684910063640806
2007-06-05,4.363394068853205,4.369602323964273,4.455535784583862,4.625519400908633,4.7022981715960475
2007-06-06,4.343254903307494,4.3587693550996685,4.457500591202604,4.636259402526401,4.7155216042696475
2007-06-07,4.371397072116615,4.401982809463551,4.508308494078924,4.691534427759763,4.7722685795395465
2007-06-08,4.371442394463335,4.424842532565018,4.548621477248104,4.74479964511936,4.8301005845028415
2007-06-11,4.369828669122056,4.421617580452785,4.541253612938437,4.734505327281154,4.818985315616655
2007-06-12,4.408674096314204,4.474645240205475,4.594712120456023,4.7887708601207555,4.874178194237321
2007-06-13,4.428352353935442,4.510922881206349,4.63463014722191,4.830946281039738,4.917499726562641
2007-06-14,4.401156380789264,4.47829916980193,4.611305537132375,4.817221655068347,4.906996567537726
2007-06-15,4.423224981921527,4.511466720044298,4.655183902434621,4.871735784717672,4.965849886276817
2007-06-18,4.418324006354355,4.505590045818211,4.655118062231772,4.879037513560829,4.9761214824837205
2007-06-19,4.379311283638366,4.4608209902985445,4.612696623309995,4.837058941472387,4.93339871063022
2007-06-20,4.429899854779556,4.510069714993339,4.6403019682133335,4.84475816430945,4.933897217053234
2007-06-21,4.4061763792616215,4.489408818639348,4.626546093649958,4.815117549062215,4.893203498754273
2007-06-22,4.420492722181151,4.513614974804229,4.657915185804869,4.851277973356062,4.931023283202464
2007-06-25,4.376261180606933,4.455447087779342,4.602436428620624,4.790677158870393,4.866595740592917
2007-06-26,4.37887952410168,4.453667335397582,4.596923083638623,4.784319110314918,4.860394539490425
2007-06-27,4.356222161086707,4.4045418368970894,4.539292109502818,4.731805474228329,4.8117565388315935
2007-06-28,4.384826238404312,4.432815299864174,4.557638739088536,4.741139790189515,4.8179521724480985
2007-06-29,4.396084301655447,4.433862794828279,4.5534561576328985,4.73559515339131,4.8124403636173785
2007-07-02,4.384627827521912,4.408319091423405,4.532932625895617,4.707562042479454,4.778927220019125
2007-07-03,4.373111608268512,4.407534661907602,4.5367733347397525,4.71405094387672,4.786283918581177
2007-07-04,4.419828493625226,4.466730005383847,4.591169444084191,4.764990066538941,4.836612070871369
2007-07-05,4.4513162088676665,4.510300437806373,4.637639315676811,4.81162111253406,4.88315213528118
2007-07-06,4.483857430967105,4.5575980339678255,4.675795801546323,4.8334797305725425,4.897980312143345
2007-07-09,4.467949287523272,4.543321132570578,4.666663130060397,4.8275494930646365,4.892887388871985
2007-07-10,4.426823977858709,4.4755913536122405,4.601266980653142,4.772851993243579,4.842935854460418
2007-07-11,4.398304212576903,4.438546292446216,4.5670870867310365,4.749462185742533,4.82661906236073
2007-07-12,4.4468717280081815,4.4958742991244165,4.615967872328817,4.7969365377190325,4.875645227506622
2007-07-13,4.452523810267321,4.499673709836487,4.6101650710118385,4.783229195773502,4.859453597718655
2007-07-16,4.445873328756776,4.4946796740883395,4.600487683189192,4.775126583598461,4.853363311341504
2007-07-17,4.454347337447329,4.500533998687818,4.600080311365777,4.76867737549734,4.844649498543631
2007-07-18,4.457055397168994,4.495560130008223,4.595950398936701,4.76674569427531,4.843490471002165
2007-07-19,4.459505075149213,4.492646226801348,4.584549543856557,4.747071996909581,4.82055388104963
2007-07-20,4.391404277571851,4.387098966448354,4.483598995011362,4.637076003250553,4.700776220412641
2007-07-23,4.380433425527829,4.365631579659614,4.462614229782469,4.630186475908612,4.701624795848884
2007-07-24,4.3738777783436,4.363310396977373,4.461077846405062,4.631451488570717,4.704386007871414
2007-07-25,4.363423568119527,4.355915872722497,4.453918781100973,4.624367223816287,4.697309271145563
2007-07-26,4.309059478735327,4.2962589318161335,4.4152933631900195,4.594919686787378,4.668522216016628
2007-07-27,4.275945468785493,4.27830101383438,4.408173432699021,4.583466140496681,4.654874527080003
2007-07-30,4.2584053445757855,4.266211004984153,4.402385228545234,4.582856954259501,4.655984046995687
2007-07-31,4.299366612796478,4.310146823502414,4.434363017587972,4.604703664251751,4.674666597724543
2007-08-01,4.28474682275403,4.2907934316838325,4.409462631384384,4.586933817814965,4.662415053772652
2007-08-02,4.32512466177665,4.332794441910525,4.442941165308696,4.604079785565911,4.6721514174281396
2007-08-03,4.282434716626056,4.284369201481067,4.401976980038434,4.573656512834337,4.645619889369399
2007-08-06,4.268386587197971,4.275686654440431,4.398385200655876,4.575424556245506,4.649563402506524
2007-08-07,4.292752113195178,4.301778773838872,4.416764410780293,4.587977562438292,4.660587036497984
2007-08-08,4.359235140367903,4.3744976844091745,4.473639341440792,4.64081947068241,4.714746099920604
2007-08-09,4.27593375153305,4.300538593362618,4.430198560899988,4.608338716623111,4.681543845947555
2007-08-10,4.209833135464244,4.267999869991288,4.426498173986629,4.62735757601178,4.70864655559221
2007-08-13,4.218245672001707,4.280165743361733,4.441893250617571,4.641414434332208,4.721390265400713
2007-08-14,4.24085632925816,4.3035372299907815,4.46210636821894,4.662308361914414,4.7433051244957944
2007-08-15,4.12962261166319,4.210219277948928,4.404240074695592,4.6185206661140015,4.70069682050104
2007-08-16,3.9963515384816417,4.111265414295023,4.35824828273103,4.5919185404730625,4.677680018537208
2007-08-17,3.961181496682963,4.0999073938910575,4.360017933500872,4.62055980228964,4.719680380203905
2007-08-20,3.9775135660786174,4.115108278197418,4.380020228428451,4.658383902037895,4.766346310658066
2007-08-21,3.875273490590618,4.023046374581949,4.34157565962779,4.634790656339449,4.741484192591558
2007-08-22,4.033983631695329,4.135144398052239,4.379140039089624,4.64478234573785,4.746238262305133
2007-08-23,4.03659377787251,4.12525905773402,4.382869413507636,4.6343999690683155,4.726413376635056
2007-08-24,4.026924941649247,4.103395765413433,4.349225510796545,4.604845591235656,4.700074390999849
2007-08-27,4.072425461504094,4.140958342518073,4.367025125368483,4.6124146573759734,4.704886911440215
2007-08-28,4.0200723833838925,4.115247517842406,4.350005218709429,4.618856816871479,4.723853178108257
2007-08-29,3.991981491308297,4.069230770748311,4.322317747038507,4.603198188825248,4.710471662799619
2007-08-30,4.011659574207289,4.0966383654346386,4.348705209445048,4.625025611415977,4.7302453955215125
2007-08-31,4.061322577308545,4.165467983116905,4.395376102088411,4.653323703397424,4.75288192453972
2007-09-03,4.056086170739062,4.144896641507596,4.375017543146667,4.642763503341596,4.747106592844826
2007-09-04,4.039886168871161,4.122798473085406,4.3591970425797335,4.634921589613088,4.742390020812354
2007-09-05,4.021789041462127,4.120802220425881,4.347376901653033,4.6147124809261415,4.721297879322042
2007-09-06,3.992771057678654,4.098941764951446,4.341198219727781,4.619625777058847,4.729759742038629
2007-09-07,3.922282045348325,4.047136206920967,4.314491993328362,4.591724074303794,4.697900431415274
2007-09-10,3.8843074268487854,3.986906647430311,4.256326414524367,4.55320057164838,4.669134744189167
2007-09-11,3.904219799089069,3.975468839449275,4.2427112682165316,4.545455595294248,4.662472242044251
2007-09-12,3.937054390566239,4.007835673261383,4.262898445818266,4.560694175097506,4.6769773561114265
2007-09-13,3.987171708488907,4.071848841364905,4.290653863440852,4.566380521724934,4.678612224724325
2007-09-14,3.967622390592785,4.047515200018045,4.264738652271828,4.540268517862254,4.652412048546434
2007-09-17,3.998009177711576,4.075099873853478,4.2919043758333375,4.557928785280838,4.663615588721893
2007-09-18,4.034824867629635,4.120678765737827,4.326646674719304,4.582809486608335,4.685477584086568
2007-09-19,4.034486454025814,4.153276312099005,4.370994439957818,4.649111509190075,4.7649154900853175
2007-09-20,4.07837705350736,4.193018165121551,4.42089417566707,4.709252124498298,4.826602230656668
2007-09-21,4.0473439649150205,4.190830818868397,4.438759155786913,4.728921047181423,4.845257092438425
2007-09-24,4.041233406147478,4.1883847763152335,4.440601897013757,4.731335463632715,4.847465673640087
2007-09-25,4.011794480430373,4.159567035736616,4.414408771068546,4.696185097116709,4.807210733477093
2007-09-26,4.0685986009446395,4.2257687560339825,4.480352630323209,4.76389816516624,4.875311980087248
2007-09-27,4.081335041748401,4.228940238404429,4.475917374793071,4.743474652073373,4.846267793081452
2007-09-28,4.055976718998763,4.189252378271562,4.432242976562636,4.707841097675838,4.815242356361347
2007-10-01,4.0309383626244255,4.1669553539505175,4.431934503832334,4.718177353585546,4.82740799116931
2007-10-02,4.021596398617395,4.155322581066453,4.413944204912862,4.694330061898622,4.801610248778733
2007-10-03,3.992212831945713,4.121177288603551,4.375030200471668,4.658283058261378,4.7678750066243945
2007-10-04,3.9966512147947193,4.124429171192427,4.3757672865956065,4.655128666811508,4.762970094816303
2007-10-05,4.0130290700908775,4.164322091179214,4.421339003583746,4.696483779986109,4.802186931494348
2007-10-08,4.0251212849271605,4.176711782350843,4.4225413382592835,4.686571297817197,4.788166391918404
2007-10-09,4.0259799839144135,4.1557253605284386,4.385556040707821,4.65493240048008,4.7616485812489575
2007-10-10,4.071476408568084,4.2123651402135405,4.433037900648393,4.691963245803455,4.794784499033268
2007-10-11,4.099630493061226,4.24594603306869,4.4584786869034625,4.714574486023415,4.817426047996972
2007-10-12,4.149848591282969,4.271663616326691,4.47037182826557,4.725504154954117,4.82912131403549
2007-10-15,4.206332231250803,4.307753993874034,4.492420873084682,4.748308941266055,4.853698676987572
2007-10-16,4.178836238950587,4.292792022717892,4.50198404580791,4.776521952509971,4.888273832326089
2007-10-17,4.156456716839807,4.269576135808775,4.485728579510256,4.7612664840026975,4.872282055038122
2007-10-18,4.081231542432648,4.172303113183834,4.405693100950849,4.682763151576784,4.79055535614659
2007-10-19,4.027266766770353,4.118943852385145,4.361784584693035,4.647109102773642,4.75798412872385
2007-10-22,3.992778363796392,4.064552880095931,4.2851872269293425,4.575176955788449,4.6929738269565435
2007-10-23,4.007034352703693,4.077556113896171,4.294247035492034,4.5844010456320445,4.70298900640682
2007-10-24,3.9559156246203537,4.03604686592773,4.257215798939466,4.550206559049801,4.671510904495875
2007-10-25,3.935253525548978,4.017921981686746,4.248680794749645,4.5443059047048,4.665305770820777
2007-10-26,3.96733387778356,4.045460194506121,4.278154656337583,4.565849511576024,4.680251888851181
2007-10-29,3.96569681317736,4.0409739397335205,4.266396001190753,4.544889778341943,4.655600060165479
2007-10-30,4.010287380496097,4.065533147796108,4.295615651216566,4.5701829108576,4.676147944506676
2007-10-31,4.079567025527666,4.131908361632458,4.33607171431639,4.594746951301932,4.6960636504920945
2007-11-01,4.042698432322604,4.092144667323629,4.310919883802089,4.580526119261109,4.685278774121389
2007-11-02,3.988952203123119,4.033993212274165,4.267606459097897,4.5470931217837025,4.654706265251317
2007-11-05,3.980329694051453,4.023664149516176,4.259523046258765,4.543564109770913,4.653184986941077
2007-11-06,4.006482255261861,4.0608616263545345,4.298442468711212,4.588118644926153,4.700790343729201
2007-11-07,3.961809210378906,4.008246557118638,4.268022043955137,4.551422431884763,4.657193204599877
2007-11-08,3.926594869429736,3.9861966587272,4.259973516027246,4.554747607830111,4.664785216145127
2007-11-09,3.869620720735123,3.9235698173286058,4.2203030114945745,4.541254017376423,4.661433954124311
2007-11-12,3.88767516097359,3.9365390709626418,4.225830407649563,4.541012027815616,4.659123706445038
2007-11-13,3.8926826921470616,3.9486964086350262,4.229961919900728,4.5339778656436,4.647734228139353
2007-11-14,3.949131832124537,4.00890933545967,4.27286184861469,4.569546537342546,4.681887665280227
2007-11-15,3.9028880410676994,3.958752799798969,4.251878294418326,4.559115620923179,4.672776023093056
2007-11-16,3.8752072608679944,3.930694528663867,4.2388220391420655,4.559606594223344,4.67814082042625
2007-11-19,3.8414163179028247,3.9002779388296527,4.224669145720856,4.552189505805349,4.672216111523378
2007-11-20,3.82866667912375,3.8906494463207224,4.220776521408081,4.556613158085017,4.680106500652709
2007-11-21,3.779700953592115,3.837527530858736,4.199402068104331,4.565963196094196,4.700672568985879
2007-11-22,3.77065297816258,3.8304134531913863,4.212960892489935,4.599269855659853,4.741258061836943
2007-11-23,3.788195125652032,3.859968329205501,4.219307657098181,4.6028850255872,4.7469427580327705
2007-11-26,3.7977776614673977,3.869723281408914,4.219970065687086,4.5963688504170905,4.738005180232508
2007-11-27,3.7597701486602,3.837094821030381,4.1930698935797075,4.569273837877885,4.710343383320755
2007-11-28,3.825986497024652,3.931258466126054,4.2756349660623405,4.658744485164684,4.806681733333995
2007-11-29,3.81424261203098,3.9178447558380385,4.260121769206881,4.638315407034518,4.784039616720783
2007-11-30,3.8600038538372377,3.96062552037192,4.283520360716197,4.653819238881609,4.798356598351349
2007-12-03,3.827812073451107,3.9200742891970375,4.260493146441133,4.6425305567360216,4.789693507633032
2007-12-04,3.792093039363187,3.8521048394374113,4.204821128609405,4.585514289060313,4.728462029849769
2007-12-05,3.802244569008798,3.869324670899611,4.216083398025818,4.589988502184784,4.73045244547346
2007-12-06,3.8385299627904184,3.901512149044117,4.246918862450955,4.61608125439455,4.75408080009136
2007-12-07,3.925813367386922,4.001863494333419,4.3275922835192135,4.675587825541694,4.805521322301071
2007-12-10,3.968987911147771,4.043486125931725,4.372102612194732,4.705464061226993,4.827689164338331
2007-12-11,3.988172951046518,4.052470914861495,4.3709870472522905,4.6910871506544165,4.807898823126921
2007-12-12,4.023546432820212,4.112853822485634,4.420169426771354,4.715351606333798,4.821885007083288
2007-12-13,4.05071801384133,4.113845310483401,4.4123179880851255,4.7211725374579245,4.834736319949107
2007-12-14,4.0481021900687955,4.108357352624497,4.395178172664849,4.688100369650301,4.795266995178244
2007-12-17,4.039115448917764,4.11074237770487,4.397160787804444,4.698763217761456,4.81033920416602
2007-12-18,4.046345626532452,4.133866791797014,4.409733370842342,4.692586457166158,4.796488058028487
2007-12-19,4.008623690856186,4.103038168787689,4.3923907766543016,4.673861672758777,4.775846071847543
2007-12-20,4.016258664159778,4.106699010944691,4.386272229441149,4.6604425465839405,4.759911706507855
2007-12-21,4.023925537884804,4.117456808963667,4.401574939705345,4.6841829280569565,4.7872353641177625
2007-12-24,4.026435520408197,4.116999967778148,4.401490458505205,4.684096492075879,4.787086585849244
2007-12-27,4.069102761589358,4.17717195110252,4.452883957038296,4.721895039291643,4.819543126850417
2007-12-28,4.049993729571913,4.150219889488355,4.428518367475358,4.711662090090813,4.815715523277161
2007-12-31,4.048849982049733,4.151238008086569,4.430709255688682,4.713331486103183,4.8171038502140435
2008-01-02,3.974694926440133,4.066883140495423,4.383923871797172,4.702103859694139,4.818697667898906
2008-01-03,3.893462218127547,3.9815197206823423,4.320834469446944,4.656471635805417,4.779021285210269
2008-01-04,3.8382722675327026,3.910824121463845,4.275757131697025,4.625244985106486,4.751565338326287
2008-01-07,3.866535862217022,3.921473684980904,4.274769526886399,4.628846639896685,4.758311315353128
2008-01-08,3.895060811779116,3.947241071522572,4.276482823113581,4.645733721202598,4.785779946367208
2008-01-09,3.841598300789586,3.896383727666891,4.251167887679671,4.626278447349809,4.765856990537988
2008-01-10,3.855149863349677,3.902593185351373,4.248071516076547,4.632513169109125,4.778016188637762
2008-01-11,3.823298877911034,3.878474491820224,4.245318606491357,4.6352827857341055,4.780848510653457
2008-01-14,3.769605086047184,3.833374970203298,4.202014668044502,4.617603537978464,4.776827206972327
2008-01-15,3.7387612798378393,3.806498937549054,4.183526520621146,4.603684226463766,4.764166465153982
2008-01-16,3.703092972526019,3.7862492405993144,4.175717405477473,4.59555044154459,4.754445048817404
2008-01-17,3.636920080644643,3.731843197652603,4.168917556758297,4.591747330137651,4.745889671840515
2008-01-18,3.587578468783339,3.695114566701686,4.150170625880458,4.585866372284362,4.744531635499138
2008-01-21,3.483288712531613,3.628339204598839,4.106636401461317,4.569685370956217,4.7413821075757445
2008-01-22,3.427914039155497,3.6408537531896066,4.148789858696359,4.592147688713397,4.751692858084504
2008-01-23,3.3834436975884907,3.6050022936419537,4.132535534345015,4.607003267540628,4.779828680196182
2008-01-24,3.5610813887991437,3.721863907404103,4.183198780881377,4.665341861586856,4.851679431709793
2008-01-25,3.6331751991966215,3.787036704165876,4.2113405510268285,4.66492629236126,4.842418936854003
2008-01-28,3.501574372312384,3.6721749824736847,4.156089571507017,4.620245090511319,4.792743564577354
2008-01-29,3.5494093881846505,3.707525483027921,4.170558147058479,4.635854447312167,4.81237377698346
2008-01-30,3.5734119020034036,3.7453478761118033,4.208551678790141,4.679782931202463,4.860280529831657
2008-01-31,3.467041725072622,3.637927178598901,4.126369587293719,4.602379486506344,4.780409265705643
2008-02-01,3.4815307403006592,3.6446106533190656,4.120599300671268,4.584969336451362,4.758597148367691
2008-02-04,3.480185604803527,3.635124647750533,4.106766654638827,4.562982783907601,4.732645026994536
2008-02-05,3.344911004256746,3.521480499480079,4.049317559970383,4.521828627319055,4.692401317118723
2008-02-06,3.352159417750612,3.541601978721937,4.069545968814676,4.539528420529685,4.709009856354756
2008-02-07,3.2489565519479755,3.477351068090927,4.066424752233544,4.571379792897573,4.752269615135315
2008-02-08,3.201999594822051,3.4623419579342714,4.069265523274307,4.572077517012843,4.750911100785945
2008-02-11,3.1764050498530505,3.4322102012386058,4.054384237419064,4.567162341166594,4.749916876242817
2008-02-12,3.235032719114253,3.504001949308315,4.131402813070439,4.651504734566984,4.836754294472078
2008-02-13,3.263375256091411,3.5308756642547516,4.160921637924724,4.68604052419931,4.873267207480291
2008-02-14,3.306870708578455,3.5869057350992604,4.201108248420357,4.702961111143301,4.880473805612006
2008-02-15,3.263995150815158,3.5141347865264647,4.176047011001562,4.674932529003642,4.819456244423024
2008-02-18,3.3362259410721116,3.5840549392298344,4.22509550837012,4.72027268534258,4.866227833240907
2008-02-19,3.3417680879728535,3.5906935352358413,4.2293706499213535,4.715302110411924,4.856352695364228
2008-02-20,3.3832792940228327,3.6168046727761167,4.2324399144493725,4.7131724754177675,4.855413353650183
2008-02-21,3.481989125161559,3.6959356011213984,4.259867335080367,4.7293272780866245,4.876502733422262
2008-02-22,3.4555899422948135,3.6565311504947737,4.217679846031004,4.700511805787403,4.8588118827498805
2008-02-25,3.442703745887415,3.655206940708835,4.242435613708867,4.747354060345495,4.911454020737564
2008-02-26,3.487709695332284,3.7144668036531185,4.298511957307285,4.793011895214067,4.952700939972128
2008-02-27,3.4305359112921288,3.670467603594571,4.2981706693096235,4.807308051557573,4.962505404835281
2008-02-28,3.388292859308274,3.6195578817637584,4.25778369252519,4.7725032679094515,4.927653272105486
2008-02-29,3.267689634600046,3.5045403458726243,4.158472883218506,4.699611720221317,4.884789135358703
2008-03-03,3.290051377843631,3.4843955039806036,4.117092638532849,4.6858488345825275,4.887459334947859
2008-03-04,3.3355134621218494,3.513231721199439,4.12985161821494,4.703112818316471,4.909629785367753
2008-03-05,3.3788387024856386,3.5444176822697413,4.174168516908951,4.744154525799009,4.9183841523896366
2008-03-06,3.394459705123083,3.5350386881995752,4.182815493359932,4.752960670467214,4.8755783420380645
2008-03-07,3.4091647382771075,3.5373125306693747,4.179493277786327,4.777715784437876,4.883007872014554
2008-03-10,3.3620194552890803,3.487435030961595,4.159420544185413,4.769178614486485,4.869059001956224
2008-03-11,3.4511379206440926,3.547570243273523,4.163343830020234,4.769921932398338,4.887731359422355
2008-03-12,3.464993593074733,3.5481753973594605,4.128753081094985,4.729124432448458,4.856780464338857
2008-03-13,3.411410828971744,3.4965287823632765,4.102255387584317,4.713952524795156,4.8384819040470575
2008-03-14,3.4371436451366604,3.5249591319298537,4.118695654418377,4.744946991377635,4.886671056364464
2008-03-17,3.3348668586764996,3.4619032877636235,4.124923584901525,4.782858897955325,4.953463245901501
2008-03-18,3.420103241193561,3.5475530359912275,4.162805010135004,4.80246169323768,4.978531014600137
2008-03-19,3.4863863198094553,3.5919846662441888,4.129638696815006,4.706297748624474,4.870110147606594
2008-03-20,3.5741298932762575,3.653895223536068,4.098285665915635,4.63177727183393,4.809402603914865
2008-03-25,3.6663372877893625,3.7452902003836064,4.150182151088536,4.649535604570332,4.8235384697970725
2008-03-26,3.695104009093348,3.7664808572759862,4.173150566624585,4.704964465835976,4.8258639860017345
2008-03-27,3.657573814455385,3.7544551939102178,4.219912964257022,4.794601652059332,4.91205630481425
2008-03-28,3.688902087669136,3.793875723841314,4.237432383769228,4.783543628341025,4.895449921683943
2008-03-31,3.673875154910149,3.768130206078105,4.212172255756356,4.7582685967314315,4.8655751033366545
2008-04-01,3.718359854908286,3.81361419979694,4.225045575525437,4.750570446644858,4.867967035119218
2008-04-02,3.7304952837246983,3.817251109178445,4.215077129460009,4.7098290304247294,4.804336315704247
2008-04-03,3.723389775102718,3.833649347924721,4.262084733013889,4.761095465409767,4.838624907246392
2008-04-04,3.689563493501829,3.7880967223556503,4.218431343256176,4.711326670469822,4.776428275466237
2008-04-07,3.734301773258583,3.850413465304225,4.263301764986193,4.73543270231357,4.800551541056088
2008-04-08,3.733765922157204,3.855124085036402,4.285465003223394,4.761991271313159,4.815914465589698
2008-04-09,3.719909871977144,3.8529546832451698,4.308177401403392,4.7740878062585725,4.799363885140103
2008-04-10,3.678426937878337,3.7844044218933153,4.245310245899172,4.731709955550594,4.763978913162471
2008-04-11,3.644176163222019,3.7362933957651743,4.202430214967772,4.696308642247426,4.72723579590042
2008-04-14,3.6810186885372143,3.765454967450283,4.23293147644917,4.752646275549683,4.718712677570353
2008-04-15,3.731701772212006,3.8356587783337206,4.292634532840184,4.784068034368517,4.738140609307452
2008-04-16,3.7680812035543454,3.877558677865696,4.3163277510005535,4.815050412192713,4.79769365983229
2008-04-17,3.8303593068890742,3.9707237696591102,4.378921817474723,4.873506170840441,4.904980287552403
2008-04-18,3.9317448694105313,4.074978703740276,4.408419401647138,4.879188624859052,5.006648000139323
2008-04-21,3.91243752436093,4.050501790762286,4.392513967555736,4.86605921948477,4.971876550602695
2008-04-22,3.999304490978101,4.118359294889103,4.411716079340421,4.8530855260474395,4.990320762131951
2008-04-23,3.9498307092731086,4.078066767942637,4.405787726469711,4.86206693672106,4.955466432489347
2008-04-24,3.943862048163558,4.078507226400693,4.423017917819015,4.887522304755984,4.963951737467248
2008-04-25,3.948504176558006,4.082087110993543,4.422589001846402,4.897748348127724,4.994755823161498
2008-04-28,3.9438494846569054,4.093800974275999,4.461509089693516,4.942047362382789,5.008219025008218
2008-04-29,3.9098254981414615,4.051260121468173,4.42829869870222,4.903291758130134,4.936298339153739
2008-04-30,3.9008940443106184,4.023851204149247,4.383248392125734,4.834273672165801,4.848431755346333
2008-05-02,3.9351141735785258,4.088911388464114,4.444126089889675,4.85921311536212,4.856889947911245
2008-05-05,3.9299344886232217,4.062600474637549,4.403467369909296,4.81774097598481,4.821094350895471
2008-05-06,3.856451683016097,3.975363009398575,4.359120401476376,4.806197796737697,4.77363682963254
2008-05-07,3.8837694272273775,4.022966998228918,4.4109463771812365,4.851385263960442,4.817143132240521
2008-05-08,3.845767525786326,3.961372456261123,4.3598253290481725,4.8094561283414,4.757370302278845
2008-05-09,3.793742886202616,3.8808015648667022,4.2948784539743325,4.771548833181211,4.717061812333872
2008-05-12,3.835193772990739,3.921894748643064,4.29473257227343,4.7698142351250405,4.766111044041151
2008-05-13,3.9141912884369128,4.019724618668219,4.352598502970357,4.819662414212916,4.884035871859277
2008-05-14,3.954989976849919,4.081896577926737,4.412244706635561,4.867310825590442,4.938590177443136
2008-05-15,4.0067720393938275,4.1387084005670705,4.4496792829667395,4.903338133642636,5.019023950066737
2008-05-16,4.018212285541914,4.1491431077870535,4.433383521491571,4.8519658735831355,4.973209704197176
2008-05-19,4.004320070996017,4.130690131703891,4.427361918763165,4.851440969224017,4.940902169636757
2008-05-20,4.019189428189971,4.137053906171605,4.4176019540658364,4.843160690875789,4.962234270949079
2008-05-21,4.086052123988714,4.221752210949192,4.490694440888064,4.881310220503598,4.997595108939356
2008-05-22,4.127268199769846,4.268261730195327,4.514747599932422,4.885272977511796,5.0461285349752245
2008-05-23,4.13638663735626,4.2595861287005725,4.488188397036007,4.846504849871334,5.007382673693915
2008-05-26,4.141817008425564,4.272373407349431,4.505911360177095,4.862520929364183,5.0185346305107865
2008-05-27,4.136474072537945,4.2791584837777314,4.522878329486824,4.882486549680541,5.034919837602001
2008-05-28,4.159401648612084,4.3261560224408955,4.572125359472604,4.916689996680002,5.08917655934215
2008-05-29,4.216722329468428,4.4199949309373645,4.684994563316265,4.996226930805054,5.114774119205707
2008-05-30,4.202609932441576,4.374521481300757,4.616890861741921,4.93689911739745,5.084548266415046
2008-06-02,4.181502317510439,4.3497590977489,4.595324406834868,4.935085331167008,5.102785371580841
2008-06-03,4.2319551734182195,4.420058715855123,4.676879712048823,5.0013469302497695,5.142047375721473
2008-06-04,4.195588710135728,4.363383912410855,4.6092479339636085,4.95146114201611,5.122006043494968
2008-06-05,4.372716047427066,4.508476372021185,4.687812371136915,4.952370537589363,5.1650273206105
2008-06-06,4.627292862518794,4.500866444145554,4.649539845581699,4.890326862252754,4.9799422815061485
2008-06-09,4.718060014402559,4.607029770665936,4.698885393757442,4.9071709761189135,4.987348117676523
2008-06-10,4.650141763047003,4.623481792641392,4.764571044955759,4.960832177680757,5.032812330996754
2008-06-11,4.587313351152556,4.5946250612342,4.776663797718308,5.011233837832256,5.09769768808038
2008-06-12,4.62468978303186,4.661301140283055,4.828837477206388,5.045981497512934,5.126412245672388
2008-06-13,4.656697930504463,4.721869330726256,4.8638437491923145,5.040945705118169,5.1061836304038195
2008-06-16,4.76920303363438,4.810005520821386,4.8824446538082995,5.01320371545937,5.06321752273741
2008-06-17,4.701409856466181,4.752006280873688,4.848774695224483,4.992866116774103,5.047152904292746
2008-06-18,4.683996174856966,4.734651915336405,4.820739531148151,4.932678629641673,4.973504066415
2008-06-19,4.746500584417985,4.797478111241649,4.835061815574035,4.928117677359991,4.9648298581912185
2008-06-20,4.6724675253821015,4.719947782550224,4.815993052193496,4.924471572332496,4.963114795247135
2008-06-23,4.632837075799534,4.687614179400898,4.800894210784967,4.932655918635705,4.980254519617189
2008-06-24,4.588663251708889,4.669734795355778,4.826623024492602,4.98176682952117,5.036761904086876
2008-06-25,4.623576011490194,4.689696108042462,4.839486053363506,5.009923309998659,5.071835619655011
2008-06-26,4.586184590386189,4.632536420369012,4.796485609983217,5.0099946591410145,5.0902107506701215
2008-06-27,4.549445518693019,4.591814498470185,4.787722230771426,5.060842332208106,5.166205984509004
2008-06-30,4.664436725734955,4.705244459257717,4.860787005585257,5.085467237488673,5.171359734254303
2008-07-01,4.633133285706089,4.641963701350248,4.784093935758082,5.0433009995418985,5.1481472875015
2008-07-02,4.703442077871486,4.743521544084011,4.860262989366159,5.064911797634016,5.146408324655201
2008-07-03,4.58281145570554,4.625160378110893,4.816332124886408,5.052467428005795,5.140081969134188
2008-07-04,4.527561052310735,4.567772508038915,4.782358325078669,5.06287742638181,5.169420427687943
2008-07-07,4.4895438095518845,4.497241022882875,4.70854643182185,5.00820420355303,5.123664123793908
2008-07-08,4.485220694015765,4.492873387514213,4.700020011513541,5.003158273983106,5.121126239136889
2008-07-09,4.506232017931716,4.500009433720473,4.679276941466869,4.969951251193761,5.085277677190754
2008-07-10,4.481615612435538,4.484634455598871,4.6570768813477255,4.952340942156653,5.072678815926962
2008-07-11,4.463989716271953,4.475039090349837,4.649144902886148,4.955313332300112,5.082402114763626
2008-07-14,4.450173008369268,4.475297347391815,4.662012414753239,4.975131253446958,5.10425696686622
2008-07-15,4.377295467628026,4.410944813280619,4.631366215159029,4.951986549831306,5.080039631372945
2008-07-16,4.411391452877518,4.467710198317013,4.665880801382696,4.969062568096462,5.093586433552019
2008-07-17,4.450594357309832,4.5285400594153575,4.722489470937436,4.985923702330036,5.089872262767469
2008-07-18,4.548612310418536,4.63362142369323,4.804776601462358,5.045671412177017,5.140864238992943
2008-07-21,4.658066963105741,4.727232377343488,4.866839048787295,5.057204367587189,5.129545504066332
2008-07-22,4.616692781624825,4.701119364779223,4.859635395033444,5.063182529884422,5.140396720095989
2008-07-23,4.639220587502067,4.743400581386004,4.889013954967458,5.07766204735061,5.150079210662371
2008-07-24,4.514679436726617,4.620448338319224,4.821666409427349,5.0222812741535465,5.0944814116982995
2008-07-25,4.50617514726437,4.599528794657334,4.7888910391202355,5.036448720000722,5.133595890864288
2008-07-28,4.451269369130678,4.551485138931167,4.781691217378194,5.019003517734383,5.105495814710009
2008-07-29,4.439940255950447,4.525737922163165,4.745747927472772,5.008950016345238,5.109356786644244
2008-07-30,4.409501439821615,4.476425835611514,4.69419705673423,4.95725604817491,5.056958577516478
2008-07-31,4.379008406570937,4.411651524291552,4.645711904495338,4.912551888789665,5.010716774169581
2008-08-01,4.3672336401835015,4.380549173299042,4.617613687760531,4.901941176632679,5.007619389277665
2008-08-04,4.3642072383018995,4.376582679960263,4.606661736237793,4.884641895086125,4.988201472904349
2008-08-05,4.344194167364025,4.344578099407848,4.577435905748944,4.862820155790283,4.969359025039241
2008-08-06,4.342846287525459,4.344782797383383,4.576496851344656,4.875105561056926,4.98848136791883
2008-08-07,4.206565031502932,4.221912672146857,4.529610833604036,4.882231347429244,5.01324049497089
2008-08-08,4.163773344985717,4.189349623627921,4.5060943448522295,4.898642910191481,5.050264243744896
2008-08-11,4.19218759898415,4.21289292847836,4.527516746937796,4.911141010907488,5.0576919972027765
2008-08-12,4.164810675984983,4.177110990999392,4.487882585013131,4.865367618087199,5.009217985072061
2008-08-13,4.137009572919482,4.161179203697099,4.494893049958943,4.882422296291341,5.028623255881914
2008-08-14,4.12077053613687,4.146380344058247,4.484960104838025,4.876552126250031,5.024452175027677
2008-08-15,4.128236876138632,4.1489769932385,4.470844194973703,4.864880014734581,5.0169408556186
2008-08-18,4.094051424612001,4.103528084937199,4.437924737830515,4.841674096341857,4.996283808601981
2008-08-19,4.037123607779185,4.043297635975806,4.406739702655919,4.833023780873502,4.994913234485335
2008-08-20,4.071948414453091,4.065008359136275,4.405405528884991,4.8148916118113245,4.970734748685209
2008-08-21,4.166920839426799,4.173607078978829,4.474073384304903,4.871375924908694,5.027983820106346
2008-08-22,4.2162485782836185,4.228567840358206,4.499043956198096,4.869909752726599,5.017494851756481
2008-08-25,4.136576688888496,4.136441461950557,4.431856185341509,4.821045143754174,4.974354912823994
2008-08-26,4.081693714843348,4.082490522515966,4.409136631286568,4.829903466252005,4.995162867552789
2008-08-27,4.19243060769722,4.201635549584289,4.499849149525017,4.889628561333705,5.041625549831206
2008-08-28,4.257380203922426,4.264661360904222,4.498736999246651,4.8377563039588605,4.9738833793284725
2008-08-29,4.210671579340267,4.23753464133887,4.486536825286634,4.792131486685078,4.9092384188823255
2008-09-01,4.126055671292223,4.146514537058145,4.43119148685262,4.769893959497921,4.899167393894341
2008-09-02,4.1890947078374285,4.225510048197768,4.501090374186551,4.8374715394907915,4.967387022228665
2008-09-03,4.162193686895614,4.1770367573228455,4.467138306907213,4.836853544016415,4.98125599473458
2008-09-04,4.139393586576401,4.121472186742028,4.447634589989528,4.837956287748109,4.984731446254294
2008-09-05,4.051360408584751,3.9978256450864142,4.351364148235112,4.781050238301866,4.942982919534502
2008-09-08,4.0985751409171325,4.075705231074556,4.421607305997041,4.832209724472177,4.9865904224083195
2008-09-09,4.104148204327902,4.096982192827145,4.448778056835715,4.859575418580533,5.013836638535521
2008-09-10,4.082751278872548,4.08497079143285,4.439053955910712,4.8524753711794695,5.008650772617252
2008-09-11,4.02934434786698,4.032109116978914,4.410412908912539,4.855309976440767,5.024840653421082
2008-09-12,4.082540297633479,4.107328058460633,4.468119564211031,4.9100842690994435,5.082466954566671
2008-09-15,3.929411600375012,3.994773026831041,4.418855145335582,4.908314620607539,5.101207537552007
2008-09-16,3.858588800032198,3.956974728054231,4.3915132591420285,4.8475582543402735,5.02164282080552
2008-09-17,3.9506434426171886,4.0379958501584605,4.475395082592202,4.904348937711026,5.060146904559737
2008-09-18,3.9845033179306433,4.071850942772487,4.506018536811414,5.006560370461831,5.200794022111933
2008-09-19,4.107293528074349,4.215203956050383,4.595130861270521,5.050890837341468,5.234908729628424
2008-09-22,4.180458305716976,4.318240917450264,4.667634903221343,5.117864606065761,5.31221105356318
2008-09-23,4.132255820084433,4.272072262917256,4.632273178682781,5.087127195743561,5.282090660331694
2008-09-24,4.027663792656709,4.1912055115054105,4.580012122016046,5.008091670799356,5.18041532125203
2008-09-25,4.045802381104092,4.231675759775885,4.59678899035712,5.014567854818476,5.18764510981244
2008-09-26,3.940712350166084,4.1645652633288455,4.572386817020289,5.002424520464871,5.1745298545342795
2008-09-29,3.783490442044251,4.073921955896285,4.550188095740024,4.9741994069748925,5.130385665927281
2008-09-30,3.7417049600138466,4.057158879305856,4.500793514158448,4.890564813079797,5.035233929264466
2008-10-01,3.7274834078213104,4.072318643005415,4.496691374315402,4.8073402983102795,4.915325280439779
2008-10-02,3.610133730820871,4.0120999139186795,4.4738878739353956,4.777331264519912,4.880346591415837
2008-10-03,3.468982598642044,3.945529088225979,4.36121130507363,4.5981083394560835,4.677346433457955
2008-10-06,3.320793889832437,3.8367627385746896,4.290650267172712,4.546524026168176,4.632045478981355
2008-10-07,3.362019029450728,3.873055518406225,4.258262312532046,4.468323582011144,4.53843028704742
2008-10-08,3.188830655917089,3.896409442881433,4.235018598699519,4.405142037012399,4.461849951409362
2008-10-09,3.2753000947610222,3.9947889382749846,4.397821763841286,4.603238062930604,4.671713155191
2008-10-10,3.2212104724314132,4.007535792630956,4.454347731005429,4.682608956366023,4.758700381778434
2008-10-13,3.2990166227225464,4.106885284234072,4.560792105091464,4.792647179807946,4.869936668779079
2008-10-14,3.4372792112035735,4.0842460372432825,4.528657795838026,4.825221330543041,4.929559533937883
2008-10-15,3.4101697973168106,4.068800481481977,4.5538873999444505,4.994236904424125,5.1772306501612055
2008-10-16,3.304274568575916,3.99459788607798,4.569319584816753,4.997791636491475,5.155773312789442
2008-10-17,3.210214036677452,3.87577511476232,4.42355101502564,4.86320018839655,5.029446864959035
2008-10-20,3.2499103158494393,3.907545662449976,4.474464693020571,4.889343434215914,5.039115410747342
2008-10-21,3.1907263167603284,3.85729123571056,4.4192224626505014,4.8659664198163055,5.0357031558319365
2008-10-22,3.1071065163821165,3.763712883863288,4.325405085160394,4.814135002929572,5.005690173968512
2008-10-23,3.0894634779852455,3.756781910967372,4.300073230992451,4.704347573861548,4.849809806402178
2008-10-24,3.0721556790037203,3.74256545013614,4.292429443616345,4.649938356908731,4.772953822975194
2008-10-27,3.029012760473375,3.7227018423444536,4.315674704922598,4.722279283209285,4.863441292923909
2008-10-28,2.9971343160786006,3.7086942945909898,4.338527534522606,4.7373191871964515,4.872941268296272
2008-10-29,3.0382461909303977,3.730513423500651,4.369652944150477,4.797145982495412,4.94432878401107
2008-10-30,3.0399122540096473,3.749077245908845,4.413910288072959,4.844352416868265,4.990732642094979
2008-10-31,3.015149929355428,3.7598295823921615,4.459830304507656,4.9157077837732155,5.070920373960465
2008-11-03,3.0440025578529157,3.796781714937011,4.468927745995756,4.886304586944793,5.027294344695809
2008-11-04,3.023228295726384,3.7603442288722975,4.439305530213371,4.870605967341699,5.016779711109761
2008-11-05,3.0245303426394616,3.728536504297433,4.406242946334634,4.855014025339082,5.008284300679986
2008-11-06,2.954938896090546,3.6908921812924183,4.389558012341979,4.851415718577688,5.009178025396858
2008-11-07,2.8973399730470892,3.6213850258391833,4.328190039281442,4.7978649089468774,4.958321174392756
2008-11-10,2.9011200865612237,3.621639689663804,4.319441223716708,4.779730996630584,4.936750312250778
2008-11-11,2.843880511154198,3.586490885837131,4.320261267563075,4.816002513013785,4.9860355579625635
2008-11-12,2.829498688752623,3.6098410266677456,4.295248103340522,4.822119886885902,5.011689360765701
2008-11-13,2.8081988558094464,3.5788649994533537,4.303827688237771,4.884690490432822,5.0960882954374975
2008-11-14,2.8240669006111783,3.551784914152056,4.283235607338987,4.886904325492596,5.108451671365978
2008-11-17,2.7981214929180136,3.5674163813341315,4.288128824762596,4.862754103309184,5.071453232672322
2008-11-18,2.7757402732480903,3.5401150802832917,4.271740527180444,4.850590673474404,5.061034448656901
2008-11-19,2.7550924480846675,3.5277791832584677,4.22519685327581,4.765933895680982,4.9611463997099134
2008-11-20,2.6625413268095093,3.472171964648423,4.130120619105818,4.634761700733991,4.818402875054026
2008-11-21,2.7013804767825356,3.4708191063293956,4.118433994701491,4.609191568646412,4.785459203999777
2008-11-24,2.769408719047931,3.4583870781422132,4.092735024623389,4.5998725819407005,4.7840259004332975
2008-11-25,2.797697638279491,3.4543656395481848,4.05461991653658,4.524580995407917,4.694373841035199
2008-11-26,2.7597267198923214,3.425927066428495,4.017848215847213,4.460021625788021,4.616767375926367
2008-11-27,2.7675147520302925,3.4536083503318595,4.030987240159416,4.4495587660503,4.596834172098883
2008-11-28,2.717781898061411,3.433485685245837,4.002676744750938,4.397103870261739,4.534392708633542
2008-12-01,2.6960620493649694,3.3940503572852885,3.9544728675012086,4.341649881246794,4.476434394947846
2008-12-02,2.723652506135602,3.3785801246063176,3.908190567519901,4.291042849234069,4.426321390415536
2008-12-03,2.7006995837250853,3.365410865128322,3.822762990795347,4.120288176680719,4.2223958293445625
2008-12-04,2.67189475152298,3.3744637666862736,3.825347007395618,4.102579270227627,4.196845566046833
2008-12-05,2.7326675236764624,3.4082712822798,3.888943696249889,4.222469749827244,4.339940957925922
2008-12-08,2.824056948372401,3.497508637090291,3.943614046912796,4.251601618542263,4.361125563994987
2008-12-09,2.897658043374231,3.5400011928490724,4.017622876079606,4.372726800853516,4.501325380733749
2008-12-10,2.853530190465987,3.5204826332835664,4.027814299166781,4.427303299486154,4.5763293251739245
2008-12-11,2.810546971773909,3.543831971395659,4.029046872185503,4.364823342014779,4.48503660008455
2008-12-12,2.7574967115684097,3.5223698202053964,4.036402638303439,4.381216017768182,4.502935003134398
2008-12-15,2.775977428432192,3.538387828405912,4.087148053578461,4.466538080907762,4.601602730049556
2008-12-16,2.7130884913172992,3.476895082229183,4.010404892323635,4.365552037454399,4.49016665600777
2008-12-17,2.5566098758576943,3.3301421564591895,3.8936712167499614,4.27541417807082,4.408691776243939
2008-12-18,2.5084258229572756,3.2688824888762023,3.925836243098383,4.254111754801283,4.011641682040439
2008-12-19,2.467067808363972,3.2215374274416404,3.911740530786222,4.295249081396304,4.0814423750928706
2008-12-22,2.4739817954995607,3.2327801220696277,3.894378560771046,4.2647744357861574,4.065463288377724
2008-12-23,2.424057182046753,3.1951265744047768,3.903233931402394,4.290550754887924,4.0670845641754525
2008-12-24,2.423231819690352,3.1952396440856936,3.902843469003744,4.290101242599183,4.067397344111758
2008-12-29,2.427278492165775,3.2068176029360127,3.904935331350573,4.2730878105576116,4.040318665397504
2008-12-30,2.4131248772178076,3.205465573659533,3.9227667858399062,4.286080782771937,4.031317262276111
2008-12-31,2.4102557400882447,3.207029030754177,3.923221776050795,4.284863170616216,4.030893229027544
2009-01-02,2.3898698111604344,3.214084895261145,3.9339601921734886,4.2661834652106,3.9815606120827858
2009-01-05,2.366715486607862,3.199896512524816,3.9421960068993114,4.314602132724482,4.057223060197938
2009-01-06,2.413725200388982,3.2976631050724143,4.089704934709956,4.507066163054939,4.2597558904086
2009-01-07,2.306590484082804,3.2415764265489435,4.054671296931051,4.571124027918351,4.433954915568106
2009-01-08,2.2529393927254167,3.2162698213047403,4.011498985614557,4.5268829083327065,4.417667318620866
2009-01-09,2.147370673122797,3.148202981451759,3.970769669796175,4.492526460459163,4.371671918562208
2009-01-12,2.158753394309265,3.1522855881293625,3.976946870242065,4.540523073117154,4.4667073643532005
2009-01-13,2.1763367681871855,3.178609373313135,3.990097450723696,4.578583064041109,4.554079404545452
2009-01-14,2.132704646923409,3.1434815559025684,4.002111122240211,4.653505046622824,4.658034333846894
2009-01-15,2.1362361672408943,3.1429839533437383,3.972425022050596,4.583718897915341,4.5686253450711085
2009-01-16,2.1613671482411583,3.2000740329451873,4.0454687405052026,4.666307230025005,4.652737555803826
2009-01-19,2.1536539174044425,3.2327448812673873,4.093302486079413,4.68853038706709,4.631631394826871
2009-01-20,2.1841138255273127,3.287511035206996,4.122058784400092,4.694491235638399,4.643393623725603
2009-01-21,2.182472722997888,3.336088495718167,4.204018559180327,4.747255176751112,4.628142914126335
2009-01-22,2.142196277584825,3.3467385465553936,4.251111857258989,4.766408883260274,4.584433922252845
2009-01-23,1.965907599963006,3.350759086117855,4.29901129078624,4.895390757615498,5.101056958461033
2009-01-26,2.1828092919460915,3.541690016607372,4.422238118149304,4.957831854850464,5.14083645854495
2009-01-27,2.1911455869153875,3.547972934352354,4.33154179065951,4.767189180546931,4.913488412980697
2009-01-28,2.1169459032164317,3.426273758882614,4.201852143693554,4.64584933470101,4.795653217591114
2009-01-29,2.048067056224954,3.3935500740750735,4.181427542221558,4.616440926039509,4.762388021188598
2009-01-30,2.0247683038402196,3.3922626440418107,4.211254320035176,4.670874156679309,4.825456858617719
2009-02-02,1.9619629015962996,3.2904250495493734,4.184810071876989,4.70534937536487,4.881303930572416
2009-02-03,1.9212985355476548,3.2946394185778245,4.14563210327146,4.614675166662595,4.771763678107232
2009-02-04,1.9558483717423305,3.3165154810903834,4.193179077914457,4.69683748452738,4.866744885936624
2009-02-05,1.871116260755045,3.239700136951696,4.149728950501765,4.693230196109974,4.878236250084029
2009-02-06,1.876294943131049,3.2705063845414046,4.185304669774895,4.718446351875753,4.8987697617343375
2009-02-09,1.892011149317592,3.273681584159775,4.1635836911464645,4.681598414189027,4.856780865848238
2009-02-10,1.8882180232369952,3.2367268506402502,4.141437510617415,4.684833643855381,4.869903884953423
2009-02-11,1.8520894126072984,3.1718273183770425,4.068438712962079,4.625128993425459,4.816565733288743
2009-02-12,1.8082094551599377,3.129129116882152,4.024688328596214,4.579480081961194,4.7700667221194015
2009-02-13,1.838526807336466,3.2027616418677343,4.088967302804001,4.60956372133355,4.785759067839036
2009-02-16,1.8224380148534984,3.123250903242941,4.1556124420510905,4.615793385275498,4.308069550161384
2009-02-17,1.7776742241027823,3.082109337725942,4.134366260883128,4.628242747598244,4.341182958693962
2009-02-18,1.8128108814919175,3.0728439758376567,4.097514860914899,4.639873512024108,4.415421682826239
2009-02-19,1.921356854520471,3.168223816718,4.179629866752649,4.73338966467132,4.527464507187434
2009-02-20,1.8719032065420655,3.113665847985537,4.134156310536201,4.714612223755927,4.529449483796002
2009-02-23,1.8678350047962495,3.089021684494673,4.118585557043509,4.702493672240718,4.471457641777994
2009-02-24,1.8440617669622563,3.099936776310316,4.148518341010178,4.704686781829059,4.43396856893877
2009-02-25,1.7856035376669572,3.0519968508014763,4.1113475448057795,4.6806446965832125,4.418404050326552
2009-02-26,1.898002452772125,3.189358913588409,4.2307424707874866,4.770468412530028,4.490728648244759
2009-02-27,1.8883841716319016,3.155094338633803,4.143665135177411,4.695986441910719,4.4899691063072105
2009-03-02,1.812989522975351,3.111917197698527,4.1679346577763,4.738290302269946,4.482171628532742
2009-03-03,1.850677424171947,3.1356556386916803,4.162092237247145,4.7453469632458924,4.525203204787403
2009-03-04,1.821994528878651,3.140383981371034,4.210558980055672,4.8310749242963285,4.615796656956482
2009-03-05,1.8196806139847792,3.0952370909124154,4.113967984866091,4.729329982933812,4.5510570871587355
2009-03-06,1.8457106069615945,3.0875291325038825,4.076014289371619,4.674459512909253,4.50042638225467
2009-03-09,1.9104183956023977,3.1109058685851947,4.051371696345087,4.6295907383554455,4.474476303636657
2009-03-10,1.9288497220434673,3.1583809919630177,4.1002673761370065,4.659275830597201,4.484850617386465
2009-03-11,1.9935994668992223,3.2214899597042237,4.171900466730325,4.747490015580136,4.583546438575366
2009-03-12,1.9202164097930912,3.1532213253070913,4.114657360791803,4.7192507518990165,4.5830389327874235
2009-03-13,1.9383748747703968,3.177249943893727,4.146995737289107,4.790445978087265,4.695041709200211
2009-03-16,1.942240159648156,3.184817249603174,4.141017477955618,4.801472167828984,4.744256454832776
2009-03-17,1.9342561791067585,3.209716207253858,4.194315507192843,4.854428750939728,4.772293127523486
2009-03-18,1.9500108720751537,3.2117034072391863,4.166451256311577,4.814444944363931,4.748984221455158
2009-03-19,1.9348188403958748,3.149430068395876,4.056910911385808,4.715431077292944,4.7108697582445185
2009-03-20,1.8130982278636696,3.005587121605356,3.9543725910925063,4.665446123488597,4.675820200024206
2009-03-23,1.8012415816389291,3.002910191067685,3.980733861112075,4.653770799367489,4.582858864875828
2009-03-24,1.8744461906788972,3.1043297449358636,4.08401975012244,4.737723379413754,4.64676118173068
2009-03-25,1.8739160792893048,3.1093058169508963,4.124735031307064,4.763797234399973,4.617634481394114
2009-03-26,1.8925219405236111,3.103703646774658,4.0922036599384635,4.730446414508669,4.60707042281881
2009-03-27,1.8467647316993512,3.1053838947569683,4.103219774734734,4.667145460896922,4.454340418823191
2009-03-30,1.826868392905728,3.085907237620325,4.103054950256435,4.676032862801692,4.4500602570939245
2009-03-31,1.8039709095860412,3.0740965465217447,4.096487944243766,4.670871597922538,4.44420881718396
2009-04-01,1.7990967995556404,3.06000822265702,4.087587973107549,4.685666059369675,4.477601516653241
2009-04-02,1.9042933687250112,3.1498914104259113,4.1476839550174285,4.737877500278442,4.54345192592411
2009-04-03,1.964701996592586,3.181082509455956,4.157812593063258,4.732168801803767,4.533969489746753
2009-04-06,1.9981336741526992,3.1842478739096385,4.155015813134178,4.774329955028082,4.6260798420399025
2009-04-07,1.9503849539164757,3.1668430722596437,4.172883460292758,4.791992456390884,4.61459816828905
2009-04-08,1.9263484052078708,3.158347946157446,4.175983517337491,4.771190863990295,4.559795371548725
2009-04-09,1.9221828775229557,3.171540766929678,4.21857311672455,4.825796931896143,4.602435246721722
2009-04-14,1.8650583707715416,3.108740213162106,4.16036044096506,4.777766453663547,4.562386534870916
2009-04-15,1.827384026265516,3.053125252371672,4.121379342350208,4.768641022507558,4.5683150004952715
2009-04-16,1.8635225274210585,3.0933213808555333,4.1532924642370865,4.781206060043532,4.567431436970429
2009-04-17,1.899647102132067,3.1213472408948615,4.166457997693464,4.773937760299853,4.550089502953821
2009-04-20,1.869343495933785,3.0666462379573893,4.117679874303036,4.731023585840848,4.505766196242674
2009-04-21,1.857827752143922,3.0641129566148466,4.100517598755755,4.67879658752301,4.432177950742223
2009-04-22,1.8841623916419432,3.102393991681663,4.136704788759537,4.700402907681198,4.4426500209786886
2009-04-23,1.8655249294670304,3.0660400401207113,4.088920453996515,4.662104973798496,4.421108722752226
2009-04-24,1.840331275768788,3.079720672251594,4.123791611075899,4.671283310590364,4.391470776264708
2009-04-27,1.7747669013601637,3.007046171329568,4.066141622054013,4.6387811052868715,4.373256823499991
2009-04-28,1.7685117231123408,2.9996025505156543,4.063842528812967,4.642875205020944,4.3801819237919615
2009-04-29,1.7527265919628945,2.9968358788233855,4.072482498107709,4.629796342703205,4.33719638742237
2009-04-30,1.769588609455317,3.0177224548388857,4.078550468131889,4.6027995430247906,4.290244815507263
2009-05-04,1.75541549034488,3.013234558133377,4.08648803122571,4.658320151363743,4.383476818648566
2009-05-05,1.7443972374801078,2.987780500497531,4.058210357903951,4.632614497659261,4.361405587225904
2009-05-06,1.707745911291381,2.972066286867397,4.054647164107971,4.621523416299614,4.336883667131749
2009-05-07,1.7040563666497386,3.019071401661486,4.138098316757664,4.734696765299797,4.45938643064049
2009-05-08,1.6529734728286811,2.990885101191917,4.146510205515375,4.7809748095524816,4.519990724973102
2009-05-11,1.652330566410562,2.981472727296126,4.103549485978502,4.7161887240132945,4.4634897230894826
2009-05-12,1.6846489112072662,3.0259403394896567,4.160136307301724,4.765334868989753,4.4956584816308975
2009-05-13,1.6198381023310595,2.9642469190784393,4.127129524002059,4.78028609096109,4.5390880838037715
2009-05-14,1.6429826891525727,2.997891389139234,4.15344781949333,4.7941657295431,4.546823448536692
2009-05-15,1.6405527312106234,3.0098184853834145,4.160746273530586,4.795008108279241,4.546719998111782
2009-05-18,1.6148745324121894,2.998100718538447,4.163805755261631,4.792475627272099,4.528769440188904
2009-05-19,1.6462100519055405,3.0445538501920013,4.210834654642638,4.82581927416486,4.550569566668889
2009-05-20,1.6861439651225698,3.07370649881443,4.198388942486887,4.7979807736891225,4.677579979056759
2009-05-21,1.6330338275838043,3.033065596500556,4.168470550778333,4.779678928682166,4.6668333024073805
2009-05-22,1.6557668799367828,3.0973712270567972,4.261165194448058,4.84386040005279,4.695390287209119
2009-05-25,1.7589155382898518,3.1694409573868265,4.3038518717291,4.895988034780435,4.766589048281362
2009-05-26,1.7463704460569254,3.170927438258185,4.306836575457935,4.899865396274396,4.770364158030405
2009-05-27,1.7710173305245136,3.2123712767207753,4.335936704524687,4.892811513007097,4.743606343800963
2009-05-28,1.7712313485653328,3.2442419487248095,4.408560435737979,4.953192939037265,4.715447916721438
2009-05-29,1.713019071815875,3.225499945296308,4.412529304829344,4.95306626360168,4.704169448126739
2009-06-01,1.7183845245932177,3.1882477712777733,4.400120596162479,5.012033238502366,4.704291588583
2009-06-02,1.6894820744336905,3.182844697426459,4.411806920887818,5.035548407625323,4.731751762665811
2009-06-03,1.6585847163218648,3.1340085116698995,4.34300652180323,4.929268566171035,4.604419508674047
2009-06-04,1.795367699133792,3.2722371719156844,4.449239959377421,4.996889947880686,4.655730284155598
2009-06-05,1.91661233223798,3.351086636904716,4.4457780685232,4.942105763239751,4.738833072864279
2009-06-08,1.9595884527902632,3.363294880804208,4.418124153575897,4.886279182344872,4.678242402517162
2009-06-09,1.942688326586365,3.3534174340021785,4.409049644977588,4.873508281127234,4.6629015720025535
2009-06-10,1.911262633634124,3.33023754092244,4.410923535574436,4.904508005459693,4.703318278318138
2009-06-11,1.961173396146202,3.393962259865949,4.468530726639829,4.958743863518033,4.761329482490031
2009-06-12,1.907255712255911,3.327163370984154,4.404144055855314,4.905683849088511,4.717828773623303
2009-06-15,1.86415502184133,3.2637205535639153,4.337680486341196,4.880384804327533,4.73017263081952
2009-06-16,1.8551201511263151,3.254467842183344,4.335871356470518,4.899075666602726,4.762821952943197
2009-06-17,1.7930211299458445,3.2015630723130615,4.305992746064368,4.890354220807234,4.761642095530235
2009-06-18,1.8177081074297303,3.283800291204689,4.342390378950435,4.8918772804556765,4.908993557789303
2009-06-19,1.7713708581183232,3.222369608247222,4.323074473214061,4.957207649707332,5.015213247182749
2009-06-22,1.734574296999677,3.1425286465624973,4.273604387427755,4.887739894316139,4.72560138412545
2009-06-23,1.750521841068104,3.140039679720254,4.275080571742557,4.91609422997878,4.774116366757062
2009-06-24,1.6749600867433625,3.088698646443241,4.255611006723257,4.92521486335071,4.792497301916847
2009-06-25,1.584631776306061,3.026437516529999,4.246078926916859,4.9162352708213195,4.7527343851631745
2009-06-26,1.5811174454965995,3.01179308168865,4.234508839565691,4.886644615002023,4.702187726471411
2009-06-29,1.6242464269180954,2.9964418428761537,4.176819134745103,4.843813094989707,4.6929662760615
2009-06-30,1.651368234171965,3.032576885120154,4.2178275761157105,4.839393449789306,4.643626874061388
2009-07-01,1.6228721509008592,3.015827861177947,4.201312749055046,4.836378815998887,4.652515850649436
2009-07-02,1.5268270961690318,2.9301483846193555,4.1523902490258795,4.816727126679043,4.534420828182415
2009-07-03,1.5107515289989166,2.927845060022814,4.157119298203464,4.809442318466133,4.512311473420251
2009-07-06,1.480470569462705,2.8924316862429604,4.128586010479791,4.777279004835268,4.472279612014939
2009-07-07,1.4934358829221328,2.9140298186517852,4.137342436573162,4.797131721143576,4.516721920884708
2009-07-08,1.5039433126352062,2.925329722727958,4.163901600101072,4.826645870046069,4.534866352453089
2009-07-09,1.5239240173203543,2.939085368128791,4.167187594464053,4.809710904276307,4.5047411499432375
2009-07-10,1.5098258703179883,2.912356777235259,4.141108651311399,4.793475085226755,4.493749850751198
2009-07-13,1.50525331999904,2.9091492444363114,4.124302440427017,4.730521035530797,4.399077591088315
2009-07-14,1.5614391047261358,2.9611817816421944,4.1549484817838005,4.75336217954861,4.427952062284343
2009-07-15,1.5633741940625463,2.957745252574782,4.161878162458989,4.773030243088343,4.450483353038823
2009-07-16,1.5225835500352634,2.9385175770853373,4.163760792419542,4.775916484939577,4.441731962711185
2009-07-17,1.5410200199979942,2.951908088290137,4.1784982790677825,4.82334872406636,4.51698050653162
2009-07-20,1.5828903627574715,2.9706398274602956,4.179888936439853,4.849971516389028,4.577547661733245
2009-07-21,1.5491122616771027,2.9336906254884867,4.155072904055157,4.8456818030568805,4.58429884014327
2009-07-22,1.5438227356155574,2.911159106956962,4.123911207885679,4.82461944101129,4.579901113374915
2009-07-23,1.5453290294590196,2.8910751781821724,4.09356179754415,4.823317288091367,4.612787714565364
2009-07-24,1.5774418236983456,2.9292190811747925,4.128244015505825,4.826191208203867,4.58602380829221
2009-07-27,1.6254207798673437,2.9520008028092235,4.13216560842813,4.852978404653401,4.647391291218082
2009-07-28,1.5871483056493103,2.9036776553499375,4.073357568397059,4.781569134634698,4.57269746192055
2009-07-29,1.581108481150568,2.8802878197652277,4.0419327648319126,4.773391022387332,4.5953991976956985
2009-07-30,1.5819699178221085,2.8847520478467543,4.040991568428927,4.742052489490944,4.536220382480565
2009-07-31,1.532420562791462,2.804561108704135,3.937787401137209,4.636827559591019,4.449268671758993
2009-08-03,1.5852332688195436,2.838208219318478,3.9404847709785384,4.643971001155131,4.483152150709941
2009-08-04,1.6077120359236892,2.8586135093769056,3.9596175001116865,4.631950174106028,4.438337799575898
2009-08-05,1.682644312876882,2.9067150039808873,3.9708995494774073,4.598843392495377,4.3872340620157
2009-08-06,1.716531812687575,2.926176915630568,3.9597869104222223,4.588257387103708,4.40643305599015
2009-08-07,1.7886623202199012,2.9795919823630963,3.9871103404143673,4.629023841574606,4.484075369392751
2009-08-10,1.7818896139226572,2.9730175654276803,3.9896422809248384,4.653974390479324,4.526902349874733
2009-08-11,1.7069562581907394,2.908251697230937,3.947686831919939,4.618639955039595,4.47942066958653
2009-08-12,1.716382416712726,2.942621989276538,3.995704791254005,4.672157257906109,4.530712298634047
2009-08-13,1.6531476598747277,2.9039654337996894,3.984406488931251,4.659216872165095,4.494929462254132
2009-08-14,1.6002768774072789,2.8421594483925054,3.933332724554393,4.622052035754761,4.462510922609212
2009-08-17,1.6114599892086567,2.8446425400981568,3.909961862723544,4.580804353172639,4.429495206273185
2009-08-18,1.6105880565093444,2.8439624348382746,3.916739922216813,4.575237528069856,4.403735187078791
2009-08-19,1.5919913593033792,2.829535348657856,3.892953016313513,4.544710101167402,4.375938568653444
2009-08-20,1.5765867698655152,2.808966345194992,3.8812883344732985,4.5584820032041815,4.409778090582252
2009-08-21,1.6389384569886176,2.850963265637509,3.8825693700920847,4.553606008155328,4.434169703490208
2009-08-24,1.6296801457837529,2.871745381444269,3.9310662854962746,4.58441965662718,4.423984247302269
2009-08-25,1.5880303645227611,2.826875055370091,3.901612211341909,4.5907825490764855,4.456843552155668
2009-08-26,1.5754761035031355,2.7876428267889732,3.847602744170347,4.557223889222132,4.456374780448613
2009-08-27,1.5784749618314864,2.7808288120754336,3.8275617844385432,4.54139904587192,4.45689534338178
2009-08-28,1.5942030727902736,2.8102930979763667,3.855820624674269,4.567809651798841,4.485297064677167
2009-08-31,1.588768953921858,2.827723498034469,3.872030290512932,4.566459103534562,4.468714219004599
2009-09-01,1.5763881228633232,2.84514766732367,3.918879421150008,4.605837583651495,4.4770598962011
2009-09-02,1.5552941091143693,2.815639681044042,3.9029169006112503,4.606311203453096,4.482662304588137
2009-09-03,1.5192404507384802,2.8316770712944397,3.955990145847304,4.674125185708274,4.543180545891722
2009-09-04,1.489607495536334,2.799300523527796,3.926824711890741,4.637650868116324,4.49559024743903
2009-09-07,1.456862760301529,2.7910492442887316,3.942511901417543,4.688492148271916,4.569100228375214
2009-09-08,1.4523029894633688,2.7967032629916533,3.965001088320555,4.735005246203755,4.6292549551011275
2009-09-09,1.4696389370998038,2.808584793081852,3.9807398348227174,4.772705475685525,4.687177130640731
2009-09-10,1.4076467246258952,2.7476299227373477,3.947520448752104,4.737315483879452,4.624053773629374
2009-09-11,1.398832294384957,2.7237556029307126,3.908648909079772,4.68140460106752,4.5600691705137235
2009-09-14,1.424466236360464,2.7267521553628664,3.885081600812115,4.6356335470137395,4.510090340845227
2009-09-15,1.453919739958209,2.7506364577517983,3.8900847722311385,4.639028865084798,4.528209783877173
2009-09-16,1.4756569552745464,2.7920885716303165,3.940876333047353,4.671930283398482,4.536430817556615
2009-09-17,1.498388604161319,2.8050094626070203,3.956336957632219,4.684047603041796,4.541279755750457
2009-09-18,1.4968284527782243,2.7949137827255273,3.9408372736525816,4.699394678774067,4.594819166936432
2009-09-21,1.469217043933562,2.78435283099849,3.95178181783549,4.733873398414873,4.639694367105604
2009-09-22,1.4649814015673943,2.783940086170255,3.9512608101257864,4.720053416745396,4.611525293241245
2009-09-23,1.4630424905852164,2.7891732701585856,3.95180573828273,4.702743016717511,4.579622200084242
2009-09-24,1.4101123824715285,2.728995562970184,3.909037649370568,4.686603994312474,4.577060331532698
2009-09-25,1.427472320763514,2.7091903156055475,3.8577010468664983,4.596733618304902,4.466716373260622
2009-09-28,1.4140266850119882,2.6950170912121187,3.8401622089939695,4.563078967225254,4.41822827713379
2009-09-29,1.4469789493078575,2.7374522815036744,3.8779339928451497,4.551815672778043,4.360645581729846
2009-09-30,1.4464393175156904,2.724622187104739,3.8553155224171904,4.5201788863873125,4.32575683691233
2009-10-01,1.4749856898981273,2.7599332968810115,3.8912230308873057,4.581184337760259,4.414127416990901
2009-10-02,1.4298103577409174,2.685118041109245,3.8146373170223176,4.5341048603458765,4.3961289119223474
2009-10-05,1.4156704146361068,2.6766202623646667,3.8110362387936783,4.519548966972288,4.365119173662545
2009-10-06,1.4423391248021118,2.698003790492308,3.836898942273147,4.5500454412990985,4.371799081957186
2009-10-07,1.4413283438147977,2.674682880762594,3.815441241410863,4.5267409604634725,4.342205772539057
2009-10-08,1.4328891699279414,2.656309988655927,3.792557271998551,4.507583048053271,4.331079417320982
2009-10-09,1.553459637533135,2.75370584297874,3.865683505831833,4.567695421888672,4.395299034035631
2009-10-12,1.521271469502093,2.7215925894148567,3.84599414883857,4.575998038739732,4.423894685693395
2009-10-13,1.4822874194392195,2.7011695709086374,3.8504584517872185,4.594659007129124,4.4391459557368025
2009-10-14,1.4979799311210698,2.7343394788472724,3.9050858936534016,4.642324177203736,4.462340522392294
2009-10-15,1.543835648927585,2.800345606519046,3.975469402284459,4.669776814989281,4.4369386972863545
2009-10-16,1.5771012397687851,2.8040560339616625,3.9439007338693752,4.648374611781737,4.451410677574064
2009-10-19,1.5780794260326398,2.8033119766192787,3.9413819330694215,4.644057858931293,4.4465575669532065
2009-10-20,1.5352101004018055,2.7367395590405557,3.8813858981973177,4.602269617767995,4.41631570461509
2009-10-21,1.562056815001069,2.7632648275355955,3.907299473779892,4.670113291423232,4.530832140323946
2009-10-22,1.5583486576107215,2.75198561214978,3.8820973585640983,4.6314106846590075,4.489140845901076
2009-10-23,1.592895637178408,2.804528191141768,3.935764205203512,4.692068631069038,4.554550594888935
2009-10-26,1.5716881167532644,2.816114400221936,3.979898999366971,4.721869386402573,4.544455900381006
2009-10-27,1.4963059981034417,2.7412692596552137,3.908708420602889,4.642819554840918,4.459992772965147
2009-10-28,1.4825493904598903,2.70389118746842,3.846353546836328,4.600498874559472,4.460956534315927
2009-10-29,1.5488838443621782,2.78324510051321,3.931613334399918,4.640961774965454,4.4475011700638625
2009-10-30,1.5110146898488104,2.7420187492574972,3.891305779307443,4.593618143840505,4.391797246060677
2009-11-02,1.5068389133704243,2.7084590894398137,3.844097025730907,4.5888910561263705,4.442970948808304
2009-11-03,1.487166281889576,2.6908144429813214,3.835905412555523,4.602849114877568,4.473677087213479
2009-11-04,1.522304844232523,2.7383659046999544,3.889447489409197,4.654563977305738,4.51923598608586
2009-11-05,1.5267491248599938,2.7611969109814525,3.917163387686207,4.674973249709535,4.529936942727326
2009-11-06,1.5225070022792764,2.768572698773966,3.931730424021653,4.694130181049574,4.549516963425584
2009-11-09,1.465680176476984,2.713169446729672,3.88516398529052,4.654876656796525,4.512438041664989
2009-11-10,1.4474031733032282,2.6757767245468265,3.8419575006669446,4.609904181283476,4.466612446160049
2009-11-11,1.4605499491640908,2.6958019754441382,3.855517332662464,4.614962899206835,4.469024887831659
2009-11-12,1.451546594961192,2.7025803252220575,3.87569533034284,4.630248583501163,4.469065141907538
2009-11-13,1.4245770760587904,2.704782635761696,3.905554783503783,4.6283194688448335,4.412606570209059
2009-11-16,1.4287975333908465,2.714136178843571,3.906477979965331,4.62137668535762,4.404724823644221
2009-11-17,1.423026684946307,2.6851537623409385,3.868955322555782,4.5650477960154054,4.335460046568724
2009-11-18,1.427200522388054,2.697411456848395,3.878500931895099,4.555633520610845,4.3100606798190535
2009-11-19,1.425814642013988,2.6715127381785635,3.82789902236208,4.523058896270696,4.317716568023739
2009-11-20,1.4899260469206428,2.7285123917840592,3.872847582378325,4.5491654222231555,4.331815401415397
2009-11-23,1.506632686952169,2.728746423194526,3.868628824105506,4.552015302173049,4.343458750002472
2009-11-24,1.4718944142072838,2.6835862674737565,3.844355781868406,4.549215968946907,4.3444811144158875
2009-11-25,1.5154553725723603,2.6964010228842388,3.831218377204126,4.558319319874973,4.395465721075595
2009-11-26,1.4255474810487854,2.6283316913026034,3.809522602416348,4.5580729408222185,4.382970709845029
2009-11-27,1.4420778160140046,2.6407018523614667,3.8054670916552102,4.559801940103654,4.403269356374234
2009-11-30,1.4410244740985432,2.6430533182789944,3.814633946916898,4.520851090769628,4.306182739432284
2009-12-01,1.4025744321170284,2.5977241218534455,3.7855546951995014,4.514934759933228,4.305065028468582
2009-12-02,1.4106753872340456,2.6126768050073177,3.8006656259524343,4.522251623514467,4.305179432573026
2009-12-03,1.4474353552802446,2.655684750746017,3.817349538112256,4.520433193358939,4.310049338118425
2009-12-04,1.5161864400896052,2.7016526996584815,3.821970993954975,4.541877242524455,4.383535226078953
2009-12-07,1.4777741904818478,2.631897333012764,3.738044331724352,4.4832859257671585,4.36279407512358
2009-12-08,1.4003261801495543,2.5861629735922924,3.740569631332413,4.470650252299092,4.294747345964643
2009-12-09,1.4426972144269652,2.6290607866478974,3.7756983520317977,4.504384564940305,4.3327759731004605
2009-12-10,1.4551102728339558,2.649983566285665,3.810040304431129,4.540716022857257,4.360803611694667
2009-12-11,1.466983126631336,2.6643918698064666,3.829387608515542,4.578971981439452,4.415341834143061
2009-12-14,1.4533411606323674,2.628721374198821,3.7761975142736937,4.545024093414736,4.416343154197914
2009-12-15,1.466055426965887,2.641409499897075,3.7863069090880384,4.540839343564665,4.398236920945746
2009-12-16,1.4295884481211052,2.6177829250604385,3.7756251097976214,4.52481218367209,4.36671639064711
2009-12-17,1.3771880696828442,2.5641637103267776,3.733286520875799,4.478084865796255,4.305757635434157
2009-12-18,1.3972647122895108,2.5895061138958892,3.739543578075579,4.456900600665013,4.271479909174204
2009-12-21,1.4133790670702315,2.6188872603198257,3.784985928582741,4.503873503845613,4.3082131164334045
2009-12-22,1.430635239914655,2.6448333914865136,3.820476936688662,4.547947667946919,4.35479228395736
2009-12-23,1.420252988756341,2.6550800345625576,3.8497388728645174,4.573782397875307,4.364886247898361
2009-12-24,1.418507113104273,2.6553502905412434,3.849964488822482,4.5734978802597315,4.364514809821498
2009-12-28,1.46846517322768,2.6986951458526662,3.8765151400611617,4.599709671235077,4.403535281695911
2009-12-29,1.5189051345006686,2.7393436720289666,3.892006981409653,4.6116570281464355,4.431431614265272
2009-12-30,1.5617110149421876,2.770031046245667,3.90119316608112,4.623948058281949,4.463816304227792
2009-12-31,1.5607593263566528,2.7696494367505013,3.901928668207691,4.623764756891931,4.461756726172703
2010-01-04,1.5948311452964532,2.8109966349538356,3.924701790862964,4.611021092979752,4.426842111463849
2010-01-05,1.551213413023889,2.7760556658506395,3.9030393220042177,4.605343464950979,4.429161455662905
2010-01-06,1.5460997328627255,2.7800410596018525,3.9146129977708424,4.636392870677538,4.476906673266696
2010-01-07,1.508935131934409,2.7511976364880097,3.891832772891609,4.624103007374354,4.472711081462531
2010-01-08,1.472770309382522,2.7114371312865173,3.868927512944518,4.6143242901764285,4.462370226274623
2010-01-11,1.4425119817660454,2.68756809773796,3.855931864297706,4.618227093061235,4.476848094024128
2010-01-12,1.444965653478726,2.680696490668839,3.840134606126212,4.596961461745577,4.456327253874182
2010-01-13,1.434271614667512,2.6799233875360047,3.864751485655459,4.640759915048231,4.500807694958587
2010-01-14,1.4222817896398414,2.696113806630445,3.8935247481742232,4.646686251622722,4.47531237710343
2010-01-15,1.3908911177397725,2.6723785431977123,3.878124308416198,4.6187407327931025,4.427805915689212
2010-01-18,1.4087838179019705,2.6755839874295395,3.863237837359581,4.603182310188665,4.423950542770084
2010-01-19,1.4429303895914236,2.709081477503926,3.890431074615573,4.615821640775842,4.4257789164983805
2010-01-20,1.468389103066318,2.7132816079489976,3.8843266706928694,4.631889539881125,4.470863706819515
2010-01-21,1.4491210689986558,2.710042301705706,3.9000614900327406,4.6545902790445925,4.486851079197298
2010-01-22,1.424997790705201,2.674566854467435,3.8597510556121457,4.619119722803633,4.4591728200454
2010-01-25,1.4089516404585936,2.6617579245221092,3.846007127213731,4.594883264813079,4.4246434766308225
2010-01-26,1.3891596574309646,2.6356190981378904,3.8281851931187623,4.576995320182026,4.397905307183844
2010-01-27,1.423793571220792,2.6485326268362575,3.822018708160998,4.569643132248002,4.40096169472906
2010-01-28,1.5093603681212504,2.733356802646692,3.869422434904885,4.575020213499464,4.39361373403931
2010-01-29,1.5527264864376145,2.7571454097497083,3.872030414689332,4.555599948574945,4.3653426007988765
2010-02-01,1.5007213661531436,2.705459768577646,3.8356452765003217,4.534429760532666,4.347442982980904
2010-02-02,1.5079338147406347,2.7147380451072727,3.8373324798305126,4.528493741835701,4.339592668676919
2010-02-03,1.533080680390084,2.7571176914239506,3.887104797000159,4.5652311892819775,4.357175855347496
2010-02-04,1.5287881676350716,2.739675247358061,3.8679084116196503,4.546993857301938,4.334375414581419
2010-02-05,1.5225944293581284,2.7217531380399396,3.842887175287337,4.511195996629631,4.292858330734005
2010-02-08,1.494899144025353,2.725059097185129,3.863946584802358,4.489606046857909,4.219576516954905
2010-02-09,1.4524151212640062,2.679769592870941,3.843062785463184,4.519508308060651,4.2836156762205935
2010-02-10,1.4000207578869692,2.659677311004061,3.8575047476672206,4.522623182098186,4.251804767641238
2010-02-11,1.392440550295713,2.658917604970219,3.86514406042407,4.5274121263730684,4.248118381595381
2010-02-12,1.3609233306896775,2.64211489530489,3.866302079477666,4.5429435339721245,4.266740407680301
2010-02-15,1.359647218545682,2.6703829359043323,3.902807321382197,4.563066228206022,4.268272950882494
2010-02-16,1.3502493380563292,2.6502024894585454,3.8938419672011366,4.575911408710612,4.291953298099647
2010-02-17,1.317282604141209,2.616251941734633,3.87997333719821,4.571834521819767,4.28112653415445
2010-02-18,1.3224000006212937,2.6331145838931023,3.906709407488034,4.6071095203043,4.318788093683552
2010-02-19,1.334286406594126,2.653010393063727,3.934639413561764,4.6205367468079075,4.312202192247144
2010-02-22,1.3239171123366071,2.642121631712799,3.9275437910571607,4.621638643454607,4.318338041083274
2010-02-23,1.2627195154830742,2.5618718898871733,3.848648556021308,4.554813289832354,4.26092446591305
2010-02-24,1.2668758093934291,2.5562472998041934,3.822331965565668,4.511890505108972,4.2182081588787215
2010-02-25,1.2551755443855936,2.5524780307598247,3.828464156693441,4.514880544075954,4.211840287836722
2010-02-26,1.2320292413401024,2.533651899948843,3.8264065779266176,4.455909858168774,4.253759358581043
2010-03-01,1.2034929882596492,2.4973777965776405,3.8138414141521513,4.4669336018022445,4.2658165120337825
2010-03-02,1.1774206683400772,2.4858922858254417,3.816889230402551,4.4571405464265155,4.306165488964431
2010-03-03,1.2095960595092867,2.5251252935702437,3.8437931142728976,4.484008378353442,4.341153466023921
2010-03-04,1.1961527795344455,2.521888161099704,3.8386158485139426,4.471133315924506,4.375660953976615
2010-03-05,1.2315111157214644,2.561924578786869,3.849774262675056,4.47743698977258,4.395489522970202
2010-03-08,1.2064368306936593,2.5442911428510007,3.843913581909351,4.472309496901419,4.420399528793719
2010-03-09,1.1914316974532042,2.5121759274072772,3.813896015153703,4.466789506345783,4.425329453859303
2010-03-10,1.2172297838930195,2.540426758983988,3.820603301815584,4.461690490430163,4.424071618791148
2010-03-11,1.2349726638004213,2.551672339939103,3.823046117498132,4.470774951278986,4.440210987924821
2010-03-12,1.2628404625237324,2.5862417152963877,3.847746790558397,4.4793959809668085,4.444433161832794
2010-03-15,1.2532041018735454,2.5573187785381513,3.8159813021003552,4.466554312096491,4.403851103384562
2010-03-16,1.2337911115081186,2.5368983799609346,3.808298491702576,4.457634120352585,4.38549005236764
2010-03-17,1.1773227357102902,2.477654841547388,3.787721391071547,4.443785159984135,4.351458808485304
2010-03-18,1.2054217248281094,2.5099278670449197,3.8107208746854178,4.462472332024856,4.373669503134083
2010-03-19,1.221711103305987,2.528568111796801,3.8210988577729017,4.471208966735999,4.386720422100941
2010-03-22,1.213805033133948,2.5081541942330685,3.790306919630833,4.438461037278448,4.355684436972962
2010-03-23,1.188436795290493,2.4770639024772314,3.7657306587000976,4.411805787514787,4.322989828912136
2010-03-24,1.1962781494166737,2.507671214638095,3.798159469810157,4.414476805786718,4.338328618121479
2010-03-25,1.194550982538935,2.5156128801283084,3.8137076408616855,4.423227867140798,4.341489862126031
2010-03-26,1.2063391409190125,2.5342915127710937,3.8296102788420736,4.430217420452952,4.3462837162513175
2010-03-29,1.1819762024049052,2.498006719392019,3.800633027756579,4.411189290105137,4.328051813637029
2010-03-30,1.1943635990665544,2.517128070319686,3.817879199010046,4.411831887929054,4.3209758530618565
2010-03-31,1.1759585825381769,2.4887256940125444,3.7785863447545056,4.35957518680126,4.29226301630718
2010-04-01,1.1862001308550698,2.4966786924281963,3.781651429402076,4.3471284641393115,4.272813289897704
2010-04-06,1.2098638590941302,2.5344108290286655,3.81482646570548,4.363295176465651,4.2832038162283625
2010-04-07,1.213835832064028,2.5233284375694707,3.8159669573289263,4.382333919097135,4.237332737505385
2010-04-08,1.197920540990272,2.5109649223559853,3.7997835323299576,4.363330542969041,4.265831221027561
2010-04-09,1.2274980937186326,2.5353882869426165,3.83848638304858,4.427954312076522,4.284043159126739
2010-04-12,1.2053132282262786,2.4965546418270623,3.809417654697424,4.421024434409456,4.28314984334845
2010-04-13,1.200787512184461,2.484428795939535,3.791630170261614,4.410252286356867,4.278898414352079
2010-04-14,1.2035191383360309,2.4960712293554415,3.805358849682467,4.427830462218823,4.3003856194803225
2010-04-15,1.183072457962405,2.471624859491464,3.807528822732071,4.4432405459130395,4.308591102183595
2010-04-16,1.1532649262231958,2.4399015320222537,3.7910573621732535,4.43922480868637,4.303816863822679
2010-04-19,1.136998008012297,2.4306793176154384,3.791131361199888,4.42541872075399,4.278159504810636
2010-04-20,1.145616894906032,2.4181240277501432,3.7838408049773262,4.446365913501337,4.252510068501853
2010-04-21,1.1645285498163886,2.457254162805352,3.825267171071453,4.469921810315952,4.266908723311396
2010-04-22,1.1815160210340363,2.46260796812292,3.809754910048349,4.439590694532743,4.23545304954869
2010-04-23,1.210418248157453,2.502900183780998,3.8359086727509495,4.4694775961985895,4.278043939158593
2010-04-26,1.2585821748388584,2.5323833451886997,3.8445859283984145,4.498828502998448,4.211573632187015
2010-04-27,1.3174603687949389,2.546752245272467,3.786357708830935,4.416838190982048,4.286360017276118
2010-04-28,1.324935099365696,2.5341119798943863,3.760318349914715,4.420867645418043,4.2433811086699285
2010-04-29,1.265217193365678,2.4879533527973257,3.7850545159038,4.493085060632808,4.196571622558807
2010-04-30,1.2334222197429736,2.444680869162415,3.7638456159890215,4.448774631476831,4.107595402545746
2010-05-03,1.2525672297476085,2.4752078268233806,3.778025801394562,4.47361542539848,4.161997470811186
2010-05-04,1.2649981312470586,2.466022348062194,3.806652201835085,4.491357289822434,4.030880506544083
2010-05-05,1.3019720193283704,2.5093790777956855,3.7913890928288665,4.426533333022157,3.99021519270955
2010-05-06,1.3880060503241762,2.6173130908695947,3.847430627121725,4.470379923691198,4.108218937937069
2010-05-07,1.419164476963459,2.638835211046543,3.863080878211097,4.475564143759196,4.082254553702074
2010-05-10,1.3440322612928877,2.57449885004866,3.78022521542381,4.461839199729713,4.2490888262289275
2010-05-11,1.2738278543866062,2.489194286006464,3.7927244077931825,4.523562840639339,4.174614114186724
2010-05-12,1.2338380660854185,2.4270286602753313,3.7062881255800377,4.51792181861507,4.290188656604626
2010-05-13,1.1533801085375766,2.357308340081022,3.721251200128751,4.485887126015692,4.226809174525913
2010-05-14,1.1661472164276625,2.3452099652474003,3.674615077443495,4.418643047103526,4.163158318853531
2010-05-17,1.1919173231230191,2.3767255555338926,3.695052596063275,4.446276551687411,4.208739667117378
2010-05-18,1.1619779911495456,2.3194228796193146,3.655009320705235,4.45071490772933,4.14049208185806
2010-05-19,1.1227119865774609,2.280978429023136,3.62877695950236,4.409464524075237,4.0730497070236815
2010-05-20,1.1311158339206295,2.2845747482627945,3.626542911255667,4.355044971413562,4.051368116591365
2010-05-21,1.157297171828877,2.301177512949153,3.60219223123894,4.300779005703031,4.002877660077837
2010-05-24,1.138425157298227,2.2740432258577292,3.5871861331840305,4.2904309032006305,3.9826442488259497
2010-05-25,1.193100481981619,2.302772328328447,3.5692675075901525,4.273097731489374,3.941340360600979
2010-05-26,1.2539595535770922,2.383737027367763,3.6426466088404656,4.339210451780383,4.018233175833489
2010-05-27,1.2918269996564544,2.4329887180010954,3.6746756759051777,4.364765182836393,4.063202800854301
2010-05-28,1.2699068498923525,2.427381855078324,3.676322208668524,4.361601976155983,4.056384835469159
2010-05-31,1.2725451328751287,2.4270946630869994,3.660947593410704,4.340723653860449,4.0470037396799245
2010-06-01,1.30072900598132,2.4522544662154377,3.6760539819301377,4.34167999293191,4.0432856352603945
2010-06-02,1.334400876788668,2.5117313910544143,3.73499043724325,4.383604207632525,4.083156442494104
2010-06-03,1.36811809075453,2.5812587755291454,3.81198657880684,4.465193661102392,4.183059307780801
2010-06-04,1.3702558363566104,2.585570463796098,3.8145196945409623,4.461341608331003,4.175871457877444
2010-06-07,1.3961307724797942,2.640156283701351,3.862368028484638,4.494184989220307,4.223830800532463
2010-06-08,1.4200632293926316,2.649291476803006,3.853206802883575,4.501460912898086,4.268838910916935
2010-06-09,1.3874274292214115,2.5898783315800835,3.8169669184668384,4.486550844716506,4.215978064648402
2010-06-10,1.3591171758668086,2.55522030144651,3.783086547758179,4.44466536176471,4.15914034005339
2010-06-11,1.324632148445744,2.5255462991990334,3.754844193432651,4.407434626055945,4.113179203982781
2010-06-14,1.3532287326508514,2.576920373008611,3.79407636934049,4.439351122811731,4.172488868896247
2010-06-15,1.3596646007130084,2.6196827797876314,3.869513369445336,4.486465133729372,4.164413305493421
2010-06-16,1.3756720431504352,2.6359989384581106,3.8776073905381105,4.497356812171638,4.191228087798464
2010-06-17,1.3669218263535798,2.616778966501181,3.8671044747654766,4.507665692906004,4.203982098249615
2010-06-18,1.342141976487635,2.5912162298356978,3.872211090447486,4.484797904034103,4.109900826637302
2010-06-21,1.343777170119823,2.5704743093005527,3.8494754570911183,4.480585647931254,4.114226539911211
2010-06-22,1.3618733378204504,2.584435746315046,3.830976207654461,4.44204342935051,4.0914431429712925
2010-06-23,1.3899228600841007,2.61201563167483,3.8344696670351066,4.416838004454888,4.0666712773773845
2010-06-24,1.358780389037154,2.56486445979758,3.8316989457395767,4.453237762203493,4.07908214271132
2010-06-25,1.3919320119031044,2.5932580082197316,3.85405495507368,4.468032545027606,4.090255841089618
2010-06-28,1.4233583608351867,2.622390432546785,3.844800970770202,4.441562346224841,4.090109613091083
2010-06-29,1.4141983138109806,2.6003498955699653,3.813557156671125,4.411587067526133,4.064954951455429
2010-06-30,1.43100779379763,2.595923965151506,3.800813624677114,4.408773321197351,4.003331668918766
2010-07-01,1.463512229044846,2.616438973196874,3.773125204710266,4.364302995157045,4.016222183378946
2010-07-02,1.444848003429931,2.5831480208133364,3.732703531060849,4.344017305868979,4.023737416807675
2010-07-05,1.4254702260864969,2.552131823296659,3.693273053857364,4.305418840761874,3.9915998934657697
2010-07-06,1.4233781788995774,2.570620575997743,3.748925362330488,4.357565469772515,3.992342630102491
2010-07-07,1.441548205038752,2.5814117355075377,3.7520403282908865,4.354851975673446,3.988674550922585
2010-07-08,1.3943062111260218,2.5247689068481214,3.758302495318167,4.35327486792215,4.022397643902703
2010-07-09,1.398517939091581,2.5255761121194187,3.74900957782435,4.340640664348825,3.9649771153462954
2010-07-12,1.361605855652556,2.500183609204253,3.738434295209347,4.311875084281063,3.8291419646078024
2010-07-13,1.356635967999517,2.496916122675857,3.7599327506141833,4.343682253142902,3.8468092650621126
2010-07-14,1.3977312666327883,2.5522100113369013,3.789863083832149,4.3551794619302555,3.874262725099748
2010-07-15,1.4064970411517652,2.568722682480368,3.824581524358584,4.38987017753322,3.892236924484117
2010-07-16,1.359862222192033,2.490793357478234,3.772286313085151,4.34882515167655,3.829768226918884
2010-07-19,1.3795931859615782,2.507355033825599,3.782769515947376,4.3541732001910916,3.8354381284211305
2010-07-20,1.3548631515361618,2.4771938070785904,3.7401721979369977,4.326430005549356,3.8389159488746714
2010-07-21,1.3415007605729408,2.4608468259713265,3.738065974428911,4.330525378072526,3.8344750861407904
2010-07-22,1.3305406440589376,2.47019597123044,3.772959235909769,4.33862123271839,3.863588830183182
2010-07-23,1.3358438134394106,2.483082980550922,3.7721327322722384,4.327560302941354,3.8590052896973344
2010-07-26,1.3273268456009448,2.465999918273865,3.762819230164834,4.344551013494965,3.88818132200756
2010-07-27,1.351804511065514,2.4831251449436613,3.70472276631584,4.259671228336407,3.990317480295564
2010-07-28,1.3281308452985003,2.4582846859733714,3.71497654798948,4.29787086367703,3.955410218757646
2010-07-29,1.3564686332805196,2.4723087271511157,3.7077732774386343,4.323316196118679,3.948843471592768
2010-07-30,1.343723496662422,2.447668192488022,3.6837261649359583,4.29393948918263,3.908384515999341
2010-08-02,1.345234207435006,2.470091087334134,3.706490654290671,4.296417877185222,3.902097909512006
2010-08-03,1.2695844787367507,2.381631739400108,3.640698117143402,4.220274291355935,3.8667404545390327
2010-08-04,1.2708568581455597,2.3780408600978182,3.62937957419681,4.1817390002846295,3.812732611704744
2010-08-05,1.2741019082039626,2.3644051233889662,3.603385353274609,4.15025977887607,3.7817582566678847
2010-08-06,1.2641163519237313,2.332524981935827,3.544733180048188,4.100362703043595,3.752407033549625
2010-08-09,1.2294431535181762,2.316871015807005,3.534427937032276,4.115815039119239,3.9332777907534817
2010-08-10,1.2412193511115,2.3600731334721985,3.5890755410248065,4.164398345603891,3.9771344291747246
2010-08-11,1.2034436409567877,2.3022017939389716,3.5591746894323797,4.139731703798571,3.8933318596451993
2010-08-12,1.191384295231349,2.298198011425462,3.5471648206129824,4.116436666335637,3.8710720373450047
2010-08-13,1.213294251776015,2.3365594781562375,3.580786069112963,4.141121394979659,3.928352194262904
2010-08-16,1.2034731094332751,2.2952033269504666,3.5166852603858874,4.065671254318568,3.8074478815005905
2010-08-17,1.2121450698947696,2.306417293407795,3.5152749084748054,4.024639984428765,3.749934927718022
2010-08-18,1.1759476695041378,2.2368081381940628,3.444172879216969,3.9897424550948286,3.727831262180045
2010-08-19,1.1704368322511405,2.2283083936296375,3.444742097299833,4.0000103299016825,3.737926249432371
2010-08-20,1.155647980382731,2.2297562935657766,3.4374642928292807,3.963363164081725,3.6930330587280342
2010-08-23,1.1391920514473712,2.23399505048907,3.4443204338597173,3.9459648234212863,3.689264690351614
2010-08-24,1.11897768816229,2.1773148349203777,3.3743942843451733,3.8625512781433535,3.5650341759102213
2010-08-25,1.135418428487894,2.1764523693187563,3.3479681852126744,3.8121396706788513,3.5080274271293836
2010-08-26,1.163827217062277,2.202549343200416,3.372368280009814,3.810385374852097,3.4271480191256227
2010-08-27,1.1812305131839376,2.205364851578455,3.348936557177879,3.778548255021852,3.4035437684814345
2010-08-30,1.1788642692771196,2.235395643526651,3.368731353161522,3.769097866988963,3.5028079884202423
2010-08-31,1.1867104747596555,2.2292964714792527,3.352624384959844,3.759590169464433,3.499366708598751
2010-09-01,1.1825762535984232,2.244202260444408,3.396658130822399,3.829562423123461,3.5704407021767386
2010-09-02,1.166774626091137,2.224100526192948,3.412065643888418,3.9018391406065382,3.650653616087031
2010-09-03,1.1916677303872958,2.2548604797709384,3.458329192147329,3.975377493838587,3.7090193825597626
2010-09-06,1.1938643835818523,2.2621607279504525,3.464925315024601,3.9911671905073103,3.732606437000732
2010-09-07,1.2017630110454594,2.2423938982431073,3.4466533421961665,3.954067518159687,3.6547725875377
2010-09-08,1.2175499806801628,2.2678102920910868,3.4704989727428637,3.9654358013522666,3.661650584819088
2010-09-09,1.287345920898003,2.3317344095043,3.4900595396911926,4.024814594771588,3.774862075086829
2010-09-10,1.3141067118014085,2.3775178658221816,3.5294711303334982,4.075393119561959,3.844773821698217
2010-09-13,1.3236356204253388,2.4033567361887496,3.572387916116153,4.1486749297576715,3.9308707100550633
2010-09-14,1.3008221201140775,2.373465652752937,3.5470401176043045,4.1027284894328915,3.863097019671957
2010-09-15,1.3227396913039875,2.405115161833474,3.5499584903357846,4.09717576937736,3.9472879946103503
2010-09-16,1.3738764596356063,2.4706132032871606,3.663109010686725,4.240465663168013,3.990529064993196
2010-09-17,1.341864677666599,2.429630582637108,3.604100018401485,4.147483319160574,3.9498637475804976
2010-09-20,1.382154317257006,2.477641521786209,3.649322308950489,4.178646042415954,3.9755187037095
2010-09-21,1.3416700970390243,2.4522763570561037,3.658105565044213,4.163606224003971,3.927079742281005
2010-09-22,1.3406494168479082,2.4143571984522323,3.558708458549237,4.083518896761893,3.8949458521067024
2010-09-23,1.2919518865405704,2.351478347097286,3.5425198436620384,4.09296450765717,3.8864892442952503
2010-09-24,1.297200755704694,2.3535797210894245,3.5330302782173364,4.113178905777282,3.9744798570658126
2010-09-27,1.2757015428453125,2.28977189713432,3.493091442143583,4.1124804795369565,3.9433929774307943
2010-09-28,1.2926123645872098,2.331563645328303,3.538378595947038,4.257063421198735,4.314561683567989
2010-09-29,1.3624141371798282,2.3794418451873165,3.5175442059567503,4.377289911213165,4.639709996012455
2010-09-30,1.4100154693597804,2.3977773855794204,3.486009691233191,4.3496897018353025,4.645784638794339
2010-10-01,1.425409387316122,2.3629052112157742,3.455397602674007,4.394912725288455,4.7348097354079774
2010-10-04,1.3756987629641977,2.3155826607596603,3.395147768111726,4.311250981673423,4.640747630763787
2010-10-05,1.3653963256060986,2.3106782958249727,3.405660305344792,4.321811361520827,4.644600051893905
2010-10-06,1.326645550839439,2.291757698734857,3.4227505956042057,4.305696008377696,4.595190186477233
2010-10-07,1.334274151973848,2.299957410492677,3.4353853956719655,4.309267756308914,4.5915043641328035
2010-10-08,1.3266335977793404,2.2929829173479384,3.434657362700018,4.321039385084546,4.609363400728593
2010-10-11,1.2801648952938671,2.262309119102886,3.4206060517136345,4.293820331737995,4.569806155701053
2010-10-12,1.2546575206019983,2.2553154967417752,3.4353700617668865,4.278489145549385,4.522528052290875
2010-10-13,1.271135284016354,2.285779968425472,3.4738173642340833,4.315570121929838,4.55668955240981
2010-10-14,1.2661410625151035,2.234859871166691,3.4095890219109606,4.311301572912475,4.598808319791805
2010-10-15,1.2735407345584937,2.2654176826219725,3.4798978126520015,3.984037509297223,3.7176944703411454
2010-10-18,1.3620946505252047,2.3069470296371586,3.4270141956608224,4.053555108324897,3.98203564019086
2010-10-19,1.3823162295255345,2.346568980644517,3.4744142823117947,4.071729978337739,3.980173255353873
2010-10-20,1.3981401113133662,2.350137652508502,3.492472167781675,4.008459007706163,3.701233418065244
2010-10-21,1.440459362412255,2.365866475371835,3.4598257635321628,4.029300282979354,3.7886165849234184
2010-10-22,1.4595515763436355,2.4239638188719055,3.505957002227708,4.081550817753353,3.9927826339993335
2010-10-25,1.42401872938881,2.3843012206484637,3.4783567050973385,4.050218408654689,3.9711210534420216
2010-10-26,1.475486088208045,2.381657944751711,3.4477597460260467,4.077307703535961,3.99346783698182
2010-10-27,1.5090830303555514,2.4564221056330107,3.5234287371771886,4.1321571757490965,4.093859043805464
2010-10-28,1.5010210505629793,2.44945474912812,3.51909785890666,4.123808422987714,4.080592533811313
2010-10-29,1.5104128068687277,2.46151593998899,3.514598366547795,4.121604316336024,4.0820330713046555
2010-11-01,1.529835526129907,2.4657708497009594,3.497962252588054,4.0942083464523495,4.056361645398615
2010-11-02,1.52319727088044,2.4612541240406105,3.504298079112745,4.083086073721118,4.024048407417728
2010-11-03,1.5058953956547163,2.4286655306242366,3.4603231761264253,4.045789142694899,3.975565371841697
2010-11-04,1.5306741524610896,2.4487524079824476,3.5078425499329287,4.05490265372989,3.797306139704444
2010-11-05,1.570522388236618,2.5012033192655014,3.5209090109259007,4.154432871926834,4.136397568074585
2010-11-08,1.6041812107703044,2.5243425066186007,3.523694229375808,4.159803927845166,4.157638716484096
2010-11-09,1.5983041137212064,2.5223084157667586,3.52980402117619,4.167845635148371,4.132045309388808
2010-11-10,1.6226109075862092,2.593071524793667,3.639523882419424,4.204961049473892,4.086824154343283
2010-11-11,1.6183073772237169,2.6050426005373377,3.6892154139526223,4.271966725177236,4.175796004820883
2010-11-12,1.6205319949831454,2.635868072040371,3.7081800248544,4.281312761069523,4.197296572966252
2010-11-15,1.6501046180834915,2.67863863737355,3.737180878475419,4.310588555959582,4.256640962455311
2010-11-16,1.6739108431195664,2.6821205567439894,3.7486082899297175,4.332834953945674,4.259945754914391
2010-11-17,1.6582549691458843,2.6815416022265928,3.762956289025954,4.343673428125207,4.261667644608945
2010-11-18,1.7486700806788362,2.760140460593219,3.7796432146557217,4.42541196121568,4.429123305206424
2010-11-19,1.7171588838554368,2.7477839120539627,3.776857880874309,4.3921300027953425,4.390530201608101
2010-11-22,1.701917783914762,2.7309129588144616,3.755780660103242,4.376209460976536,4.3834352140103325
2010-11-23,1.6858469769319515,2.7104967306753376,3.7473169071379178,4.334361470815971,4.336664149170245
2010-11-24,1.7569594938483315,2.836906433268191,3.861212566849885,4.371737895336917,4.35662053942144
2010-11-25,1.8131152598194704,2.89706985878965,3.91140098260811,4.4082457122433825,4.4093388546818915
2010-11-26,1.8064664791917329,2.9024278383599427,3.9236933286308906,4.431950508340471,4.432633912874567
2010-11-29,1.9066415534062315,2.986693754308272,4.007664562309909,4.5583589971248415,4.5326471824186125
2010-11-30,1.9845584047351728,3.0187736207912685,4.057465976236204,4.564586399968402,4.536452379320176
2010-12-01,1.9292184775594945,2.9896778399782287,4.0170432623886985,4.477350010120206,4.439824550530663
2010-12-02,1.8356578134312935,2.938714963643553,3.953722484085226,4.450862037002791,4.500711908955463
2010-12-03,1.8153873233051967,2.9126845609672447,3.956478566940943,4.486047905972299,4.5404013818465625
2010-12-06,1.8308970725417923,2.9097319090520957,3.964098728479857,4.561225213945086,4.5966013513682835
2010-12-07,1.8308224047313733,2.956278309697681,4.003632800245326,4.574971340702559,4.651005320123712
2010-12-08,1.8601134341389307,3.003250686759696,4.035635044134015,4.593956301854854,4.673019274525528
2010-12-09,1.923969968071641,3.032753038836101,3.986778850750274,4.523738209714122,4.624370112772439
2010-12-10,1.9604486278177424,3.073413466012652,4.022532501254215,4.544795266521096,4.637539777094578
2010-12-13,1.976284838133067,3.0928378386370703,4.042061125804188,4.581533536180432,4.682652353521898
2010-12-14,1.9977852664780693,3.1298125349608226,4.071804889391977,4.620674361016144,4.740031217097053
2010-12-15,1.9930612269639296,3.131944665126136,4.0793238887203245,4.635779198758393,4.751178165577098
2010-12-16,1.9994167350677343,3.149614046011548,4.110656033102249,4.6473337397198335,4.734927144591573
2010-12-17,1.983243542809594,3.1500836754220387,4.097176050021011,4.659337424164583,4.792455106110751
2010-12-20,1.9931362328471507,3.112282934555945,4.048904915510708,4.608302362547143,4.729212859265774
2010-12-21,1.9943635692433,3.1208709531841015,4.060459916759669,4.632385071062231,4.766328769719651
2010-12-22,1.9475999616402184,3.0936199942761906,4.056888768666148,4.619970590537756,4.730036507702195
2010-12-23,1.9286916927356663,3.0850948649533043,4.077148760460823,4.623097535876736,4.694989769360189
2010-12-24,1.9301492456402631,3.084429885980506,4.077888996588818,4.623311153590835,4.692941062757179
2010-12-27,1.9402177546849,3.1262722569013732,4.117062746670271,4.648050360093048,4.717181332224723
2010-12-28,1.903525845847819,3.0841572410936564,4.085045905001076,4.5993523468499475,4.643330515495004
2010-12-29,1.9596812336006848,3.1423907093623686,4.152592539975723,4.697413374135559,4.737141428241923
2010-12-30,1.947857555137248,3.1171052379241404,4.122620748601543,4.676447403143099,4.723484700750429
2010-12-31,1.9497988628397231,3.115940021278371,4.124373841818674,4.678387420186954,4.7112500483948025
2011-01-03,1.9307749760878912,3.087825434753837,4.109405888211257,4.647020215781765,4.651168297517277
2011-01-04,1.8894763559604089,3.042987998902651,4.045937361250776,4.603627509795723,4.634077559776551
2011-01-05,1.8661209870151396,3.044966809882132,4.042625935745513,4.597814474315071,4.6521935033960204
2011-01-06,1.93003668049995,3.13162833393692,4.112624982631493,4.676864765751864,4.788898368213376
2011-01-07,1.9349653731739933,3.1519934430973,4.171672386511586,4.692339562031899,4.693667912810186
2011-01-10,1.96880539011138,3.1610442015023548,4.098746285559297,4.677935012548302,4.848313776562424
2011-01-11,1.936527963005348,3.143900748520821,4.12377545627236,4.702764219217708,4.834900839399191
2011-01-12,1.9374479735235233,3.1789265332223073,4.162475017053275,4.73348171190033,4.870152124930325
2011-01-13,1.931978758317108,3.148559762914397,4.109585938134334,4.674421021860853,4.816646805489269
2011-01-14,1.9659137822874655,3.169843927968781,4.0839422617463015,4.621283045003945,4.773895049411546
2011-01-17,1.9433543260311936,3.1455652226284023,4.126134858818449,4.676233448366393,4.768461251167674
2011-01-18,2.0342716286322537,3.2666702477648584,4.232060159208633,4.683810174639401,4.692729524919172
2011-01-19,2.0111220863694665,3.2020701253395853,4.149813912949291,4.666121539989778,4.755891256993913
2011-01-20,2.023731558357016,3.230998971826348,4.22155795027993,4.734822754484306,4.765571515595362
2011-01-21,1.998685249521808,3.2194716761150435,4.208759129775652,4.702726865411108,4.720081355219651
2011-01-24,1.9789719973820925,3.198595967155764,4.177310926307456,4.669059994616809,4.700223980866535
2011-01-25,2.003104874655937,3.1993285869411765,4.192312878774736,4.714668220052099,4.744727164770161
2011-01-26,2.0239100694031977,3.257682990296061,4.233926658779538,4.758732752162375,4.8451873508839896
2011-01-27,2.053046485106885,3.2738161290270704,4.248960882104188,4.7715091566067365,4.848924422080248
2011-01-28,2.120614114445221,3.337330060580913,4.254272470840586,4.739344274189733,4.840396364385388
2011-01-31,2.0885567908265696,3.2935205572626205,4.227512511763255,4.717542696443205,4.799603486919709
2011-02-01,2.0192613349083604,3.2175150308115477,4.167307270546581,4.712792509313081,4.837766993738668
2011-02-02,1.9670716176667469,3.1571516952599388,4.174630268950425,4.693543769010471,4.672722626158047
2011-02-03,1.986871599313429,3.1966155439708985,4.216057042699081,4.740967991452754,4.740226112298803
2011-02-04,2.0029937207113537,3.209903364893955,4.205451600384106,4.722141469998482,4.748630122522798
2011-02-07,2.0130037827798857,3.2636058178812686,4.252789466251695,4.749902680266506,4.797866320692384
2011-02-08,2.035359143349548,3.272913246027197,4.282020448427456,4.813141573337321,4.862737737920875
2011-02-09,2.066849610167809,3.3077159290989733,4.308495591281901,4.846800831170979,4.920588399616378
2011-02-10,2.117756980494908,3.3510158034860575,4.275126786560198,4.812942188254063,4.966775020635437
2011-02-11,2.084140708022601,3.3411597055672004,4.3104586015001845,4.825354314123168,4.921239508236971
2011-02-14,2.1085902506987937,3.377101050114395,4.344002891954436,4.860251976685852,4.966107430221974
2011-02-15,2.121176943832269,3.389983900629975,4.350852076047129,4.853930063519211,4.95164961804862
2011-02-16,2.0772444034031277,3.325891482484989,4.291444284783036,4.792467019290383,4.872726770551095
2011-02-17,2.0396685934822525,3.2816660536554423,4.276318314045226,4.799812759321694,4.864256535842422
2011-02-18,2.1453074997879584,3.1604596121185313,4.161302373252155,4.835431786393903,5.064063130765819
2011-02-21,2.151486673945385,3.237382544128422,4.2407108023885645,4.857436305014292,5.064483942885343
2011-02-22,2.197124365714676,3.2580796698940553,4.236055218293471,4.8375378732201835,5.039467208234537
2011-02-23,2.262140972726746,3.246620618913811,4.218412825724742,4.847954834136034,5.060233562137668
2011-02-24,2.245585100417647,3.220396254621446,4.172477840528199,4.791645781455415,5.000549232388333
2011-02-25,2.26217844405657,3.2485570364186547,4.1984328786090614,4.812656846930643,5.019790498657599
2011-02-28,2.2349016084744164,3.294918080023417,4.218566821843032,4.795677923618082,4.9898523403665775
2011-03-01,2.2206899102190443,3.303240943598047,4.226117031858163,4.800756289044567,4.9941065502372695
2011-03-02,2.205364759135485,3.28935346616497,4.217531462943205,4.795288007240973,4.989667319257695
2011-03-03,2.3609664085781814,3.408858586029602,4.293630132864768,4.843652025920853,5.028684874399411
2011-03-04,2.3465990694532524,3.413788251500056,4.2937310524709,4.826476541225082,5.005262387496984
2011-03-07,2.3020956497528173,3.4290472313552582,4.324113956019178,4.844652857189293,5.01883988590648
2011-03-08,2.3044199909326313,3.4284914951705376,4.340555108423242,4.875650887102077,5.054791472106961
2011-03-09,2.351089965968721,3.4537075587114847,4.351571119319994,4.8943796428757,5.076555528716174
2011-03-10,2.318846136108667,3.409074662545358,4.326440262104005,4.88776220639488,5.076313916033829
2011-03-11,2.2556724613444645,3.3139881404239153,4.27282520593696,4.88708091238227,5.09430699229619
2011-03-14,2.182257507088271,3.247742396071094,4.207985286169381,4.8097819024709825,5.012303906564174
2011-03-15,2.0935918851931037,3.1571853165012085,4.140220211219711,4.754536327230712,4.961156952691456
2011-03-16,2.052196689037377,3.122602378224932,4.114218010058438,4.739647159513197,4.950238134886358
2011-03-17,2.1151273868126284,3.1653286915710845,4.16164717181028,4.79136241976464,5.003335000207135
2011-03-18,2.1265088361053337,3.211977192839409,4.182517969636338,4.780234104313717,4.981035455996156
2011-03-21,2.2062549713443387,3.277387820885775,4.220622695876376,4.806131504847078,5.00300688814668
2011-03-22,2.211062061587288,3.300391424881434,4.245047927862632,4.826638154828755,5.022075278500241
2011-03-23,2.2159757702900844,3.3120411426847185,4.258178800253212,4.83088175011947,5.0230189809056185
2011-03-24,2.3125501138169664,3.31206843708724,4.252611931122549,4.874002471389625,5.084263193168933
2011-03-25,2.2299363351979267,3.323016822587451,4.274263928264164,4.852945456023191,5.047168827229418
2011-03-28,2.2580037664172936,3.375972091133504,4.310979429998213,4.884738050014522,5.077610170780707
2011-03-29,2.258422669651387,3.4014003435259625,4.33200184608257,4.886987134679003,5.073069036465785
2011-03-30,2.2737202695484644,3.438163746075639,4.360047223191639,4.911289212524906,5.0962424278667315
2011-03-31,2.411104971093276,3.443534074091266,4.360758780774335,4.953956733077627,5.154289928439589
2011-04-01,2.3494168337691583,3.4616027950501205,4.381175466515558,4.939415140435358,5.1268397702463515
2011-04-04,2.322136889502179,3.4324314738188475,4.356542115610126,4.925164759351908,5.11635107564304
2011-04-05,2.316204980949493,3.4293317112128134,4.352996894999615,4.916233280294203,5.105429781649688
2011-04-06,2.3105200127679657,3.447153337110977,4.34024923243882,4.864014732763505,5.039424885852802
2011-04-07,2.3545165779508475,3.4275802272768257,4.316719222110093,4.883348207187265,5.074784869411021
2011-04-08,2.423672526972072,3.4857933365237597,4.351920559851946,4.904355276945145,5.091045252597912
2011-04-11,2.415929069676081,3.4765672196232713,4.317483478618069,4.841592738241901,5.018218907594772
2011-04-12,2.3734667505212856,3.4255305298316308,4.271606082363313,4.797800286923191,4.975036562032718
2011-04-13,2.4106230563888067,3.466565001650238,4.2966858657025995,4.814683885867112,4.989319756258654
2011-04-14,2.40250077872179,3.530316594313438,4.356052341680865,4.825805289733748,4.982856558095454
2011-04-15,2.4597843032145317,3.5337202636699914,4.337958646412328,4.8110470432958445,4.969579269412446
2011-04-18,2.474814869574134,3.514375586839636,4.327764850928894,4.813184345724281,4.975960110295443
2011-04-19,2.4831417680098307,3.5393437531216443,4.364234662953814,4.8435800618489955,5.003975759531606
2011-04-20,2.483611648385823,3.5392433048857614,4.365622936153707,4.845443705367274,5.005989937513213
2011-04-21,2.4748506748452437,3.523912314755099,4.3562135904344395,4.8421934577361485,5.004849909639627
2011-04-26,2.46939197323654,3.595778068605517,4.463345796515873,4.95007912800426,5.11263599762835
2011-04-27,2.560646219045199,3.652353688798093,4.485432562844231,4.965813366612907,5.126499182441545
2011-04-28,2.4314670526478226,3.564682369704824,4.444910277509487,4.935876377482449,5.099805498153567
2011-04-29,2.4190247366707585,3.550241154173858,4.420373221076881,4.903203589583483,5.064386429131507
2011-05-02,2.4434723316421225,3.4857509261463773,4.33747465427539,4.8328954225134675,4.998642244657704
2011-05-03,2.4547391626717543,3.4874857267192745,4.32092616431142,4.80394797719211,4.965515675315386
2011-05-04,2.517898835572465,3.578570134105968,4.351017380966999,4.786722306095785,4.932311772905155
2011-05-05,2.4344732394843884,3.522999286646399,4.331044812230647,4.79182382266536,4.945885073755095
2011-05-06,2.4302634626371624,3.4939222298529327,4.281575370929401,4.733346524230564,4.884460552348917
2011-05-09,2.421221413217972,3.476596044410549,4.253433650461458,4.698405597389398,4.847235951051929
2011-05-10,2.4274149429771192,3.4740606834922696,4.261136873279612,4.712603924899374,4.86358905798066
2011-05-11,2.4183787202256157,3.4786425081173564,4.264105408645108,4.712477347786531,4.862399686485336
2011-05-12,2.374308094744178,3.4357264270319967,4.23399495847617,4.688385421836575,4.840282660764786
2011-05-13,2.395154781545549,3.436863421886983,4.235893481258007,4.693460886526313,4.846455218356829
2011-05-16,2.410117334890894,3.4423712394513353,4.243646689977251,4.70241992327704,4.85579982286182
2011-05-17,2.4094836463089644,3.4392369667092857,4.243705200598643,4.704170245102574,4.8581053494528454
2011-05-18,2.4278583519731924,3.456966646808164,4.254577886149459,4.711572400917236,4.864363866153675
2011-05-19,2.4741608655780576,3.5037118753970105,4.292176176071921,4.743238503461488,4.894039443964623
2011-05-20,2.455327433487928,3.507202159768973,4.305571449430395,4.754142260557703,4.903969176771919
2011-05-23,2.458228934824888,3.495294321149814,4.299473813705632,4.75112649024432,4.901966766170881
2011-05-24,2.455014703814518,3.4967908734388726,4.305736638466354,4.759603395769172,4.911176105791938
2011-05-25,2.3730314250646938,3.4559525768958386,4.270931128525759,4.729626060465872,4.882862864886382
2011-05-26,2.357734804589346,3.3439819677066223,4.155811516160671,4.639962414945688,4.80224527926927
2011-05-27,2.3474655098686386,3.3370817985110945,4.162361680301801,4.659094091474473,4.82571332303755
2011-05-30,2.3625325693758663,3.3681250119912263,4.185326244525333,4.676667297670114,4.841516492222459
2011-05-31,2.37493736630828,3.3795283949766493,4.203798159287901,4.699533522256288,4.865837578050428
2011-06-01,2.316873912709725,3.3390137535986826,4.173868815128051,4.661757292011111,4.8250535690582765
2011-06-02,2.3017154909851465,3.314148241297984,4.151803429128018,4.642148395441093,4.806275478182817
2011-06-03,2.29031127359829,3.3023852703077585,4.138670906864265,4.6284531768426325,4.792404390628904
2011-06-06,2.318736516877398,3.328455666757935,4.165528158009727,4.649497295921162,4.811350279512233
2011-06-07,2.3352990216349108,3.37533954027293,4.212680408993342,4.703486664959051,4.8678356985664974
2011-06-08,2.3396369297534534,3.3779869959829165,4.222881431620479,4.7181852765758245,4.8840286936314845
2011-06-09,2.3234479261367955,3.3642507358636817,4.218427596966859,4.721269613227399,4.8896896504008165
2011-06-10,2.2979377837914283,3.3298017274751177,4.195635016878526,4.7058575712154305,4.876729818603598
2011-06-13,2.294650492389178,3.331372978795714,4.199198673850126,4.709358649127102,4.880182154101362
2011-06-14,2.317769489605304,3.3522841255516647,4.2196424933647405,4.7296023518132415,4.900356900640736
2011-06-15,2.3488057228170227,3.3457938071067015,4.238019898695185,4.76894122787495,4.946771555284437
2011-06-16,2.3387956667623584,3.3287326716286056,4.241951138512192,4.784024850226643,4.965521998107836
2011-06-17,2.329814885308088,3.3331964219786308,4.23420179141462,4.7734853984377645,4.954207907067101
2011-06-20,2.3379471853054934,3.3983984122807884,4.2754216915956595,4.780324402329107,4.949153245818676
2011-06-21,2.331778356552972,3.3438262110549357,4.222180979984689,4.747477304590614,4.92355745842219
2011-06-22,2.34637041485656,3.333683107602427,4.233898270172988,4.77487795095727,4.956195995354932
2011-06-23,2.3360457273276056,3.2811137641500214,4.169815926697062,4.719639222771519,4.904352537559354
2011-06-24,2.375122033561712,3.309286141266047,4.184976766208186,4.744398216851705,4.93301676584203
2011-06-27,2.4030483222403447,3.2968918291964755,4.188675906643438,4.793528993677649,4.998950607536666
2011-06-28,2.4237449452532847,3.3135114816004085,4.197201000392378,4.800647489131272,5.005859448481223
2011-06-29,2.394247794924083,3.3117948574746814,4.202586393042717,4.797212848140116,4.99885670925925
2011-06-30,2.370479980724336,3.447551400615861,4.324413213980929,4.819736232130662,4.9852011020984675
2011-07-01,2.366951038684957,3.452602125071438,4.311307588869244,4.783150338204759,4.940604752129263
2011-07-04,2.360051950695655,3.4580850997935983,4.307263057454829,4.779546271030767,4.937228876769102
2011-07-05,2.3676696957184973,3.4731128966322578,4.317951774951627,4.786682268167149,4.943168770803348
2011-07-06,2.3540215299461034,3.5002877672626616,4.361840496667361,4.828304165666528,4.983910383519173
2011-07-07,2.400252093416423,3.5120962587448674,4.3850714059702955,4.865645925247811,5.026026823734113
2011-07-08,2.416655879913275,3.2451389030726245,4.1649079547307934,4.812410313296477,5.033055478053534
2011-07-11,2.527277548244226,3.541390413912504,4.384892262448867,4.85540131465805,5.012472098181991
2011-07-12,2.540526074376838,3.579962170927247,4.413121889516214,4.8745543852199615,5.028568007070454
2011-07-13,2.526538047355242,3.5116375496262404,4.401100040269406,4.905628455351238,5.07413603355144
2011-07-14,2.535579754894756,3.5265563028040066,4.414063505982626,4.918434987261984,5.086905454394133
2011-07-15,2.554924721360792,3.5274874143770547,4.407606766981763,4.9072937212182355,5.0741849991940695
2011-07-18,2.7188265298203893,3.521367776700751,4.393034744987577,4.923661408080531,5.101416422656213
2011-07-19,2.705464105093232,3.489767126482579,4.357146892034055,4.874286862567543,5.047301799668839
2011-07-20,2.63224307773656,3.452936249159036,4.344568269973071,4.875093027922487,5.052582876600883
2011-07-21,2.580593154694353,3.4383103800300363,4.3408056120612235,4.876757846134336,5.05606929087411
2011-07-22,2.492769682798791,3.538490727866254,4.4082782416881106,4.878120655761413,5.034814829598535
2011-07-25,2.5630677336052052,3.5288254535392376,4.40870272655564,4.901086717051484,5.065421700539611
2011-07-26,2.601884982484833,3.5265260251375636,4.400298542930966,4.893725638209891,5.058444305242231
2011-07-27,2.5957546688826447,3.492257544943696,4.369443678231679,4.872041233077468,5.039896441264013
2011-07-28,2.661607215924491,3.5761469474975556,4.435399300949495,4.92060160122941,5.082573565403442
2011-07-29,2.6736840532710566,3.5543033802095216,4.429685924475814,4.927745969813311,5.094033170989546
2011-08-01,2.648623193040798,3.5303739724956618,4.406046802312351,4.911824526524347,5.080783902302462
2011-08-02,2.7040611949976956,3.548605507484325,4.4270528395253175,4.93726555341722,5.107721229179211
2011-08-03,2.67992600622269,3.5600431648025364,4.418395268237717,4.909189265948492,5.073085486190001
2011-08-04,2.6340299463054,3.5376760558295945,4.398206444344095,4.898461318335201,5.065645738254713
2011-08-05,2.680052596935731,3.536042062323368,4.3704467121774195,4.867409096789286,5.0336774801184125
2011-08-08,2.3766409963436246,3.365250287733746,4.18077199285518,4.668312630139532,4.831707962871953
2011-08-09,2.2373111879672116,3.256404438888731,4.160310918312551,4.694646152608252,4.873491195536831
2011-08-10,2.149958885967621,3.100360786821641,4.128284416594816,4.741265008919443,4.9463319659709715
2011-08-11,2.1264044946901492,3.121117022494081,4.132913026429863,4.743106454563549,4.947458622820118
2011-08-12,2.169805724840945,3.1483719688047547,4.151380842391675,4.74912423264676,4.949135182154066
2011-08-15,2.193689922228245,3.133361026258397,4.133508841548845,4.732447145103407,4.932874156492421
2011-08-16,2.2056262603478523,3.1800205832542368,4.120314806033672,4.670748748942209,4.854785084178534
2011-08-17,2.1954001701327535,3.148363473158028,4.041344686980449,4.558804769550926,4.731742289380029
2011-08-18,2.0874269872977855,2.8993067178258176,3.8818226842531063,4.532040149483292,4.751201686246929
2011-08-19,2.133915395639381,2.985295693869288,3.907495950821681,4.472166662954125,4.6613475525428205
2011-08-22,2.211288397674352,2.981020280132112,3.899516975121415,4.492422953234691,4.691721180314377
2011-08-23,2.1968069727346418,2.92703421814066,3.87221725714934,4.49502031349995,4.704626175300849
2011-08-24,2.274344796289814,2.986966757198866,3.941768883676283,4.586819004182137,4.804350520012857
2011-08-25,2.231303843415297,2.982283487362823,3.948270173711128,4.574403532601416,4.784843467323125
2011-08-26,2.194588223648857,2.940016547514441,3.916025537548763,4.547209563749245,4.759291490490838
2011-08-29,2.2761235016715595,2.9865541514383125,3.933261940231126,4.612105381547212,4.8426787078487985
2011-08-30,2.205335752848498,2.9732217215574988,3.954999159199006,4.611122860493155,4.832309700668031
2011-08-31,2.260458100485991,2.959586449590793,3.9667911511802902,4.683105374148669,4.925920779908975
2011-09-01,2.2697731180530702,2.9784857903553696,3.9987676508176033,4.743765830182223,4.9972025283074135
2011-09-02,2.2243518070970403,2.9707428361849537,3.9915106954648776,4.693063004032056,4.930086265796295
2011-09-05,2.2976525485754244,2.9981724526074043,4.042510503209845,4.798165594763696,5.054762325864424
2011-09-06,2.338679072935765,3.013897949303809,4.029083487857109,4.7681114186210305,5.019177273250433
2011-09-07,2.275031510262508,2.9630292245940737,3.9867828519303794,4.70167252148952,4.94340220471736
2011-09-08,2.2230026437932473,2.904910896605299,3.9214647963979825,4.6334967300975185,4.8743576531677
2011-09-09,2.262376470097866,2.927585914248647,3.951461690010932,4.688566602888474,4.938607886578756
2011-09-12,2.385677497691411,2.964641774272895,3.960144570805573,4.692077091873658,4.940648997832465
2011-09-13,2.464141947814227,3.0697810535967314,4.022329520733055,4.705836771069843,4.937412226346444
2011-09-14,2.4550972043180224,3.1099330052522447,4.100565967492258,4.800286342853498,5.0370615398996375
2011-09-15,2.4363366333797067,3.159192056203569,4.116458885521457,4.752707819711231,4.966926196122369
2011-09-16,2.371905083917536,3.009137084645152,3.9838905241363927,4.6587762224246045,4.886656658446547
2011-09-19,2.358452347836121,3.099611618253679,4.032842540512399,4.6305206028231956,4.83120289239823
2011-09-20,2.3902144744250826,3.0356084397726413,4.049124021363799,4.755686432285886,4.9944013618490315
2011-09-21,2.431133542213349,3.067575132240739,4.035717207491154,4.704832564654661,4.9307145406229544
2011-09-22,2.3957141450528106,3.022141776711967,3.9776460466336743,4.6276696201551895,4.846770158246237
2011-09-23,2.3427479585125504,2.9942695056782043,4.0051691715598405,4.6843345958124605,4.91301472522455
2011-09-26,2.308727476010798,2.9895131981234453,3.960815503828696,4.597941597669227,4.812132791387274
2011-09-27,2.399369174157332,3.0718036107791367,4.035635230030123,4.6542884367712976,4.8619091939828705
2011-09-28,2.7302158694565257,3.0707471624566587,3.9867801529929903,4.753674724576418,5.017175656166842
2011-09-29,2.3859042036121565,3.0481286029960497,4.038869915446283,4.679719313561007,4.894874516861085
2011-09-30,2.345124886246243,2.9949972062279215,3.989589237554074,4.640729513558313,4.859518198902938
2011-10-03,2.318334466404181,2.9716541526800047,3.961287505770082,4.619167372999522,4.840506749062596
2011-10-04,2.271950889552091,2.9487452627048416,3.940529469173928,4.5891647168663265,4.807153102644443
2011-10-05,2.3313253945277914,3.025013177978023,4.022679340149081,4.674080378114248,4.892986119663901
2011-10-06,2.314506202010268,3.011755548668127,4.015061010954586,4.659617514744733,4.875962278411373
2011-10-07,2.349473102412553,3.0277092616743673,4.041074888627958,4.717934787963783,4.945776785935998
2011-10-10,2.3497856467626654,3.0336646254460327,4.039773917651264,4.739401553859645,4.9758968321576935
2011-10-11,2.3687952065136813,3.0961195050339523,4.105243451085657,4.757297103505891,4.976287884323451
2011-10-12,2.4119113832303647,3.160538794836148,4.184017403985636,4.850905038260657,5.075043218350386
2011-10-13,2.438781798191652,3.210304062229101,4.225402781448167,4.873523598840147,5.091055542086544
2011-10-14,2.491692504729393,3.251281518055002,4.273153810734852,4.934426988259708,5.156566413365759
2011-10-17,2.606919151543974,3.191000144971216,4.213938098041218,4.966488835086607,5.221947490513974
2011-10-18,2.540560985747618,3.2354246433080966,4.267263015413891,4.949771831235157,5.179310482167137
2011-10-19,2.567892719759069,3.2713440608240685,4.302487954864961,4.973475650112475,5.198861867492834
2011-10-20,2.6321334400250684,3.2914128905337297,4.3164850597034,4.992531031559049,5.219770878681523
2011-10-21,2.6242382019351,3.2537967900859,4.28667876835777,4.967010121413983,5.1956145548400166
2011-10-24,2.609523283314062,3.297192457916587,4.359372451590719,5.043919082670593,5.273650560762882
2011-10-25,2.5732156648225697,3.267010049632077,4.337369338846808,5.010637325339303,5.236238524340322
2011-10-26,2.729835214442403,3.2053011743297546,4.253739463524844,4.971219433029502,5.2127213096439835
2011-10-27,2.527287347824945,3.20406563731866,4.282440161974934,4.946637561602929,5.168928036473481
2011-10-28,2.627921361263713,3.287697288810284,4.363435607512018,5.030915793644372,5.254371876753282
2011-10-31,2.6864775751671743,3.285400240314699,4.3502166169847305,5.02963600132701,5.257387600300497
2011-11-01,2.725632658764706,3.2501597370974125,4.3402877183024975,5.083045668923509,5.333146649635047
2011-11-02,2.727029649414259,3.24597024074804,4.324326031439533,5.019111473478068,5.252057722729694
2011-11-03,2.6692145678229053,3.2468981264120096,4.407523284040469,5.146056356196443,5.393532466322771
2011-11-04,2.7415118466613286,3.285982329970823,4.412776341454661,5.150437721657147,5.398052474780911
2011-11-07,2.8255475348117898,3.315551366033608,4.3779141150241605,5.104068566707143,5.3486301333195225
2011-11-08,2.8603722725511034,3.315239881962455,4.442700238264729,5.239752919178159,5.508898492783654
2011-11-09,3.255021390876024,3.438721530601125,4.425871128256109,5.259573055168819,5.545706601137056
2011-11-10,3.1887114301174293,3.4837839168308573,4.539793029761743,5.3173920390174825,5.580496146710509
2011-11-11,3.010623266875939,3.4847924059620645,4.5475699619226475,5.282575553861539,5.53034316388172
2011-11-14,3.061277542263902,3.5689381965827245,4.618519735947218,5.358479600693581,5.608404615441779
2011-11-15,3.3184792538964736,3.687323806973577,4.760047832762258,5.523103242151022,5.7806235532335695
2011-11-16,3.3290806095997425,3.756260922169135,4.765680086422034,5.492303318897764,5.73809625571791
2011-11-17,3.2529285872387668,3.806751198506443,4.802855594422048,5.49125956955616,5.723663227806009
2011-11-18,3.430961233250052,3.764392769991208,4.773076108482337,5.48822259794762,5.729422163178064
2011-11-21,3.4214687565734394,3.752232486341256,4.748051940043412,5.450232179448076,5.686947216667814
2011-11-22,3.548068107910119,3.841606730476636,4.813603893559586,5.510047575937762,5.745071053897879
2011-11-23,3.650060185118644,3.9933337899203103,4.930517578926333,5.58796798129385,5.8095512442375785
2011-11-24,3.747883924342307,4.102050760791423,4.985832848980462,5.5907332369941445,5.794224132108328
2011-11-25,3.928475785787306,4.217061375461084,5.068630100217079,5.64445914171111,5.837934933003865
2011-11-28,3.730049783874019,4.135356348076602,5.028150380236325,5.577805363566245,5.761632186545064
2011-11-29,3.726129505589043,4.156442198037894,5.01364963561885,5.552024417028086,5.732267814309591
2011-11-30,3.5889177613221186,4.000589917452599,4.852566546538577,5.373340139291291,5.547456770989932
2011-12-01,3.379051158231313,3.8563210275911537,4.712127469604411,5.239296113021243,5.415659940603888
2011-12-02,3.254402960061565,3.6967202453389394,4.589772073972197,5.150626163569109,5.338400096117724
2011-12-05,3.0244194224226,3.5617602977448684,4.423173315494559,4.974059172415652,5.158795935223246
2011-12-06,3.046391827509918,3.558578125575462,4.443069789587715,5.019129099147514,5.212491434719739
2011-12-07,3.0192343717405272,3.5448034469707608,4.430903926271025,5.010787490126174,5.20551934102199
2011-12-08,3.0437918529524772,3.5696757513768915,4.496623748274843,5.127536436482476,5.340058679536956
2011-12-09,3.13355571252659,3.64051550831719,4.548474087991622,5.145737964970975,5.346332926194668
2011-12-12,3.1824726086489683,3.613249684974802,4.590260027935695,5.238322897332636,5.4559279714314695
2011-12-13,3.0447354590672298,3.5707618818631293,4.525993571982758,5.1339380365930385,5.337664676885547
2011-12-14,2.9915528246449803,3.558998304940827,4.520699768968819,5.163466565473431,5.379640518626505
2011-12-15,2.882582039451812,3.453952098705484,4.452467743865051,5.1244991163970095,5.350606025281753
2011-12-16,2.692030467605708,3.3650969063046983,4.413311346902405,5.090374866927061,5.3176331543987265
2011-12-19,2.6669427456962893,3.355628591693254,4.323397073014221,4.946799623582885,5.156090270023462
2011-12-20,2.612171319210905,3.3048463035395432,4.28419112584123,4.912457584751086,5.123305446565174
2011-12-21,2.65189555448994,3.330727684609018,4.305218502511144,4.946826512278541,5.1625313093232865
2011-12-22,2.6518515296964686,3.3662655117608917,4.320768624551308,4.950374111085381,5.162197222484475
2011-12-23,2.614534190242938,3.327631065993117,4.309526120938899,4.9606319630041655,5.179724780271759
2011-12-27,2.612969833297555,3.327963693538491,4.288133324179758,4.930338154517137,5.146627597186048
2011-12-28,2.547948198039183,3.298290044030704,4.264691672172158,4.884933221301803,5.093184321182347
2011-12-29,2.5342500308881633,3.2944901744852793,4.279395131457373,4.916997949009335,5.1312222863245385
2011-12-30,2.5149250136287336,3.289216405162369,4.276587973947042,4.919954373114454,5.136256562782622
2012-01-02,2.4709893614907337,3.306333993292764,4.300128685804576,4.952727214941765,5.172420040721968
2012-01-03,2.4481127290639897,3.3348551280567644,4.336828229687551,4.9957213912926,5.217690328308462
2012-01-04,2.4616019840880696,3.3924398575037955,4.385298915913278,5.038544384717662,5.258767235005845
2012-01-05,2.5751936087579956,3.435563585918489,4.477982359564758,5.190279882177092,5.431017742030085
2012-01-06,2.6647417921544374,3.486962136738343,4.512698221462147,5.210797218535646,5.446508159242058
2012-01-09,2.631271364548258,3.480337935869614,4.511280004805011,5.218290950321284,5.457304019938826
2012-01-10,2.547863996452655,3.4559888864900383,4.506959882268698,5.217108539770327,5.456976803896637
2012-01-11,2.680667921665247,3.5107664917795205,4.3918001718695905,5.134432105591351,5.395180728595659
2012-01-12,2.4857191192123693,3.291687201630218,4.2422487946177885,5.039066552962669,5.317952958806821
2012-01-13,2.0556527355141583,3.1650911618360453,4.345932257824896,5.08016899557745,5.326557101119681
2012-01-16,2.0548921967047136,3.105792992839822,4.276345100290028,5.007287314878379,5.252562435604524
2012-01-17,2.036501098683278,3.0504556315366056,4.241286790783894,4.990981537056234,5.2426236311927905
2012-01-18,2.048834965871144,3.0528090941903088,4.251214267985551,5.015458910100043,5.272230756554125
2012-01-19,2.062862712200623,3.044755821269826,4.271245522235895,5.046406488316402,5.306573163578773
2012-01-20,2.039454666620074,3.0347513286480954,4.254067895705079,5.026926371050166,5.2864155836662885
2012-01-23,1.9169741499257107,2.996135084658821,4.211783542825904,4.95929047068492,5.209836971756592
2012-01-24,1.9313094919267897,3.0278684402089677,4.2368907214777565,4.980674648656199,5.230013754613678
2012-01-25,1.9150775422013453,3.0153261671777063,4.227514783621854,4.965546635944053,5.212777491582136
2012-01-26,1.8431481963227476,2.907856518904177,4.115248716604617,4.864121526325254,5.115284555723127
2012-01-27,1.812050142944674,2.8354945887048384,4.021043897171164,4.746561843341647,4.989622522030346
2012-01-30,1.872418489815086,2.8968855786586634,4.044793948133478,4.7479653482700055,4.983587780263606
2012-01-31,1.8228368337997516,2.858692766241095,4.020466645466871,4.732313140562897,4.97085311242339
2012-02-01,1.6356850188088856,2.8143116966779935,3.940339271439573,4.6608314757485125,4.856968436281062
2012-02-02,1.6622165856276858,2.733317607090509,3.9024698709494654,4.604486733550827,4.839466909495581
2012-02-03,1.603042274970619,2.7924610724746195,3.908020797653243,4.662595347895378,4.898729697240025
2012-02-06,1.6277108664891315,2.7258849306231596,3.898785374646705,4.6046827501181475,4.841027617088551
2012-02-07,1.621520363231742,2.7594576334516567,3.9380660056843926,4.639772297192365,4.874591781733186
2012-02-08,1.6205934046951072,2.7540666461394334,3.9370256371027863,4.641458017504495,4.877183842345212
2012-02-09,1.5537235484721936,2.74398523359919,3.899335740171143,4.665435155544461,4.892080267316721
2012-02-10,1.5973914348127654,2.78909509460831,3.908216294935339,4.661744970763287,4.894822334945717
2012-02-13,1.5741720408364177,2.749230339688122,3.860596578624836,4.6210830219553625,4.861968335986755
2012-02-14,1.6097783753830353,2.7965162533063896,3.8790041469215737,4.619849240201372,4.856035380077044
2012-02-15,1.6795650785130931,2.75748110454688,3.9025891556220818,4.596336138249707,4.828713511949664
2012-02-16,1.7414246404805986,2.7950279087798684,3.9336389630746584,4.625899581474944,4.85780299411595
2012-02-17,1.7153270345728764,2.785322251824873,3.90217419249222,4.5719538723266,4.7961649700289115
2012-02-20,1.9933996078593983,2.742494843085005,3.843888064020671,4.596639461089904,4.850740385472398
2012-02-21,1.9418766942008965,2.7331759790398067,3.83615078335826,4.593739793999737,4.8497692553794955
2012-02-22,1.934853766401872,2.718445629380284,3.836617571915187,4.605519394482182,4.865350677861259
2012-02-23,1.91135248477687,2.687795171606794,3.8147479021278783,4.588950685710478,4.85051207633216
2012-02-24,1.84743326879482,2.6715351135331247,3.797237114307413,4.572494270981053,4.834688826227894
2012-02-27,1.4868416006708962,2.682043897903373,3.8275857671800257,4.522215904823378,4.755123154024419
2012-02-28,1.4160184508071223,2.638077335473401,3.813192987312858,4.522476327911796,4.760213270903611
2012-02-29,1.3210939261316843,2.601158267795711,3.7803445118766223,4.4826428657266355,4.717891580881959
2012-03-01,1.2006056481902585,2.5113504567255376,3.697661815319975,4.3967076912269665,4.630725008250754
2012-03-02,1.1917511192895454,2.4784833547283647,3.676648893784901,4.389404683511016,4.628130399147635
2012-03-05,1.2227962126875092,2.488012620729485,3.700407814514736,4.429370814772922,4.673670161692469
2012-03-06,1.2806755531523777,2.548469135122172,3.724024871695632,4.433684180612706,4.671668274566601
2012-03-07,1.2680492524587308,2.54225729027144,3.717663724031791,4.423952949812318,4.660723072187431
2012-03-08,1.251894879773225,2.507317320499883,3.668013608497316,4.365775621382903,4.59969054679308
2012-03-09,1.2704881017519725,2.5177400730760446,3.6644308537528634,4.35191340563997,4.582335062237766
2012-03-12,1.1364758013147949,2.473976169638931,3.658936545864406,4.339213439020617,4.566589606803217
2012-03-13,1.166044320049636,2.488658420378897,3.680705702199125,4.369057059518995,4.599187138534132
2012-03-14,1.2050557664056285,2.5286191946602656,3.715897483332096,4.406267832881439,4.637177188436183
2012-03-15,1.2234404041284463,2.570850074029474,3.7417978483527614,4.416637899501478,4.64226867840301
2012-03-16,1.2623012030300735,2.617659213508301,3.776157521390595,4.44282378729503,4.665721063555406
2012-03-19,1.2552648489910003,2.5670939231126546,3.7332412141831943,4.417915661044089,4.6470857287171725
2012-03-20,1.269757313920202,2.5876701159142623,3.752870318857771,4.434403497868701,4.662466880682198
2012-03-21,1.2823147751353865,2.6327907413404184,3.7831713970278065,4.441790643310633,4.661930881830541
2012-03-22,1.3177442207545909,2.65764924215782,3.826817115277452,4.501276556453651,4.726780195800586
2012-03-23,1.3083793344392554,2.6203360211856186,3.788251547106647,4.4652841718403185,4.691689007474614
2012-03-26,1.2873403334102704,2.611676150723035,3.7846961924467193,4.4616621845165865,4.687991358314627
2012-03-27,1.3084263130174598,2.6229713313330265,3.796086385392432,4.47572570473332,4.702990562792806
2012-03-28,1.3543552542366406,2.6449772899638795,3.802644875842802,4.477589995430096,4.703364184289221
2012-03-29,1.4425972449232098,2.698518964135737,3.833101196604989,4.495842209011552,4.717540747122923
2012-03-30,1.437450055593402,2.676299988537213,3.7903319056854263,4.445342581985385,4.6645587428352355
2012-04-02,1.3990245923906637,2.6520995830670984,3.7648369277227767,4.4104741524374305,4.626383848310086
2012-04-03,1.404036613334,2.6511719698761365,3.787735769689263,4.455662417417835,4.679177041687918
2012-04-04,1.4928398951797135,2.707764331219595,3.837085670367178,4.502339286533718,4.724954763150688
2012-04-05,1.56825701626083,2.7648616497186076,3.8971992617864295,4.5658296458852385,4.789577539664723
2012-04-10,1.73176721182989,2.8102179386174555,3.9159608299258526,4.59936335840476,4.82867981350827
2012-04-11,1.7928071979902145,2.790758685753133,3.888542902557896,4.565407699194383,4.792345094895987
2012-04-12,1.688063858947114,2.7440214796102236,3.840365834039011,4.497298662373465,4.717203614293867
2012-04-13,1.7909167423403147,2.7623141493285104,3.857450028420306,4.5282744364951135,4.753044067913454
2012-04-16,1.8400976098209547,2.799142890818988,3.8895627538111466,4.56149987657304,4.78671957184988
2012-04-17,1.811364686487071,2.77838737472295,3.8649870600909817,4.544349094593978,4.772332109250056
2012-04-18,1.8158416762856715,2.771131082604157,3.852151631221086,4.525309351866563,4.751123523190398
2012-04-19,1.7769848798238073,2.788276871152174,3.887235803055228,4.549858236052021,4.771694102345096
2012-04-20,1.8408784991695055,2.819179868276322,3.909265475609145,4.585149774551934,4.8118266222871
2012-04-23,1.8555994772466988,2.8410804370569025,3.9249100449505567,4.597263831195193,4.822783867142888
2012-04-24,1.7725724301235637,2.782281570051321,3.892691838698332,4.5650105881697245,4.790140569451798
2012-04-25,1.6305271270179773,2.7590035226202243,3.883981920050253,4.533446566758422,4.750450187233962
2012-04-26,1.6733274397420566,2.746450409300044,3.8770688977101546,4.54275804908821,4.765353688262957
2012-04-27,1.7703038820188617,2.7775554211580253,3.881498799016793,4.555266688269845,4.781007494433637
2012-04-30,1.6081389400326491,2.7163975527505855,3.832795437928911,4.492333153612343,4.712960789998772
2012-05-02,1.633900145010962,2.7058886826057336,3.825801590079373,4.496156732704262,4.720539666608476
2012-05-03,1.5975520024711043,2.680677143864724,3.8048623278924794,4.469870059386477,4.692313842023914
2012-05-04,1.5470085978201524,2.6419115888493927,3.759326083099486,4.42543356880627,4.648372144733895
2012-05-07,1.5381165211415784,2.6193089318281313,3.737703721689577,4.406787589176098,4.63075781897772
2012-05-08,1.4968617511451612,2.573813427597166,3.6977774800240626,4.3752497544788325,4.602135190772057
2012-05-09,1.6823103089435456,2.710308908516822,3.790834004692119,4.450638204242215,4.671776247488296
2012-05-10,1.590990191747622,2.6395862935856975,3.767973170891593,4.442440850055312,4.6681498106770904
2012-05-11,1.6185469725067456,2.6391834044266425,3.749226965742636,4.416339431460693,4.6396457141309275
2012-05-14,1.792627017159674,2.7111317222041578,3.777852927034424,4.433353763866751,4.652994783444287
2012-05-15,1.8024741641080588,2.725639542352478,3.8132820811837194,4.484221822692763,4.709080441828357
2012-05-16,1.861540217332923,2.7585484583486597,3.827551600697176,4.495519665344157,4.71956457217002
2012-05-17,1.9472713080876467,2.793768052689419,3.825159062899547,4.461363793171589,4.6745195672677955
2012-05-18,1.921621167403643,2.772423092616938,3.789351155552601,4.4148906436727176,4.624454608491645
2012-05-21,1.922277587370555,2.7900822020049976,3.802597883403487,4.422858893182585,4.6306230862075255
2012-05-22,1.9832935894552437,2.892284984960609,3.677414236630055,4.124412600811864,4.2737354896928
2012-05-23,1.877011039718216,2.738783981941328,3.742307954424046,4.353427920304777,4.5580578076477725
2012-05-24,1.8507628815692885,2.6728851896133996,3.6566921076155214,4.2516109913200575,4.45070950520679
2012-05-25,1.891236519696939,2.6946124219387553,3.680871504263858,4.284459531855055,4.486577453735165
2012-05-28,1.9763026675263544,2.7300012378806624,3.7108570863922834,4.325485985765841,4.531550351128978
2012-05-29,1.9923443230721671,2.7547775077694965,3.7132796064876015,4.300088056687553,4.496560874217099
2012-05-30,2.1288406743619888,2.839360434238184,3.743935367078258,4.285671462466393,4.466823243973968
2012-05-31,2.098153575303982,2.782569296973726,3.668290303455808,4.194354044989798,4.370192559841648
2012-06-01,2.107580916317776,2.7090435563758533,3.5712332041316,4.099558640511165,4.276364392199184
2012-06-04,2.048733850852681,2.676668036470444,3.5795959911984863,4.131306565381142,4.31591827317731
2012-06-05,2.0326994913513587,2.670821984864435,3.573275848643691,4.120591432216907,4.303673369471074
2012-06-06,1.985732896070868,2.6660175130146335,3.5944597306188015,4.155627543488133,4.34333425127632
2012-06-07,1.916330159771153,2.67933188346106,3.648196310178232,4.2224797711336866,4.414441044333866
2012-06-08,1.9821177364340417,2.744524091937004,3.6913857534470713,4.252712001491124,4.440349345551144
2012-06-11,2.1219536978873883,2.820658229692219,3.76883593634565,4.353819290775679,4.549702885701934
2012-06-12,2.2791079704751738,2.9620494161677087,3.902981669627983,4.479952092464855,4.673067310684441
2012-06-13,2.3355161530415387,2.999579615201327,3.941587720734822,4.524553004216677,4.719751308935762
2012-06-14,2.32313937980604,2.9664460326074504,3.994377211176225,4.633426638867672,4.847398797204283
2012-06-15,2.287276410543999,2.9088200903167944,3.935116068282112,4.578592633126627,4.794130943339345
2012-06-18,2.36684938312494,2.966103508534651,3.96260213150442,4.600256919643478,4.814089429556646
2012-06-19,2.335666756113042,2.9382093997590992,3.932524992193746,4.559348079950802,4.76936518376297
2012-06-20,2.255340769017362,2.958864100679225,3.931086333242879,4.525489195578626,4.724412287930808
2012-06-21,2.144091658695835,2.88590501148078,3.86811243682933,4.460785809906755,4.659029057666741
2012-06-22,2.065052481230282,2.866387905073104,3.863116331568284,4.454878538723527,4.652703244818095
2012-06-25,2.209820062087882,2.8894107070284853,3.922944708940097,4.57838010601168,4.798140707406871
2012-06-26,2.2929726997251763,2.9528182405179138,3.982917568992096,4.632729499940104,4.850504689328558
2012-06-27,2.387554766383868,3.0212001324315345,4.046181008994954,4.686969496708908,4.901578082851991
2012-06-28,2.34783585769377,3.0087531946573094,4.053149051463065,4.6990416616704165,4.915252057452393
2012-06-29,2.06947697607211,2.8722902607437497,3.9259149815659793,4.545968844013208,4.753153519828019
2012-07-02,1.9239130629103407,2.720278940626722,3.817571013729347,4.501184684499528,4.73025869850226
2012-07-03,1.8858366653294425,2.6621528375512113,3.773228589482078,4.473828520540724,4.7087489809359955
2012-07-04,1.882900263226272,2.6605837452177,3.7748794999051904,4.4792392347356005,4.715459873286165
2012-07-05,1.9836766747477732,2.698122678887845,3.8710662005756102,4.656294865833032,4.920641988932141
2012-07-06,1.9769966167950417,2.643657730096482,3.819410829751228,4.6135575833215565,4.881008259420831
2012-07-09,2.0737227360359753,2.7159778862268915,3.8385124984114025,4.617282065055005,4.880190965287866
2012-07-10,1.9943731393110724,2.7019710688641005,3.7393150091392062,4.432550923079068,4.6660184403904825
2012-07-11,1.939510872289848,2.675058542256646,3.6352110229329817,4.252892071279393,4.4603800390425485
2012-07-12,1.890313973158861,2.6585814665104586,3.6163363075879498,4.238146313101245,4.447263078909877
2012-07-13,1.8776351067718515,2.662145228571923,3.619726775193496,4.245583152622034,4.456232846019904
2012-07-16,1.9370129983402864,2.6683929725865987,3.680538500396665,4.3827228690303635,4.620263419627278
2012-07-17,1.8835136488789317,2.6291848896506487,3.58555020681806,4.228609321017966,4.445559144308592
2012-07-18,1.9461267407975849,2.671833012744081,3.6985001205464982,4.39582907118904,4.6311267455910965
2012-07-19,1.949144921615684,2.618869106089516,3.68619836860388,4.4345681366667264,4.68769581794629
2012-07-20,2.121825782904949,2.704020781935288,3.695505424443377,4.424930683235862,4.672764614273705
2012-07-23,2.282852217324997,2.789667411663089,3.766902246031067,4.495996648117073,4.743755830918653
2012-07-24,2.472899337566389,2.918634921265845,3.861782973542222,4.598659727398029,4.8501709203767245
2012-07-25,2.5234208325847263,2.952684968684821,3.875262150056514,4.574322797074537,4.811943530257429
2012-07-26,2.2268336084335445,2.695726526883945,3.717044607205796,4.4598599830292285,4.7113846765994785
2012-07-27,2.0270977385007214,2.650699400097082,3.725176108367698,4.457074907762814,4.70373760850795
2012-07-30,2.0055204626468743,2.690343730271522,3.6711781233583345,4.302333005152345,4.514233260650441
2012-07-31,1.97363825504749,2.6450536234970627,3.67167784478148,4.369756872225178,4.6051693938448
2012-08-01,1.9446573076356053,2.649200762144652,3.620493604323123,4.25457443348454,4.467755010186468
2012-08-02,1.934862380569221,2.5704270172487753,3.612932332763261,4.345916960929792,4.593839918127692
2012-08-03,1.735892340589995,2.5588535319165153,3.675465962987997,4.416649819374795,4.66635852175882
2012-08-06,1.5232847620346242,2.50268003042129,3.5881018360431645,4.244865081497705,4.464786277832441
2012-08-07,1.5582382593453517,2.514753943953391,3.615597905085874,4.285004538775744,4.509186136156668
2012-08-08,1.6854083127351205,2.5226242836990096,3.5928474463036864,4.277257401823662,4.507157049283082
2012-08-09,1.684063805102063,2.513361308107445,3.576667455497919,4.25474131469863,4.482452970764573
2012-08-10,1.743575568716107,2.517647019449754,3.582723089551129,4.270364687808214,4.5014063397941655
2012-08-13,1.7697076845601742,2.5599795801859706,3.6072893299701017,4.284013698588622,4.5114515896114735
2012-08-14,1.764335897288639,2.5639971139255806,3.606011427912745,4.278274469309062,4.504209998860222
2012-08-15,1.71234359022478,2.5906738856347857,3.630512934820443,4.278353150396942,4.4956203771273415
2012-08-16,1.7200359415346362,2.576928469722578,3.605290420592768,4.256926048058465,4.475734221718225
2012-08-17,1.5818284463062326,2.536906248305666,3.654171541067262,4.346387037699932,4.578489876588877
2012-08-20,1.5445198469675994,2.501223743315822,3.624546713622299,4.327298808312235,4.563113386665945
2012-08-21,1.5415903085870113,2.487934782197442,3.6155508011660897,4.325073033804027,4.563247462886714
2012-08-22,1.5254401986011672,2.482940564293884,3.5747202529073387,4.261015786453392,4.491450853513518
2012-08-23,1.5710083470397116,2.483230244602904,3.554017957430469,4.230933164015334,4.458260945898588
2012-08-24,1.567561163875066,2.4708121762280406,3.5388592518434505,4.213972185924686,4.440678988289938
2012-08-27,1.5166428045632117,2.4623082153001263,3.535897991121157,4.2114811778159345,4.438346244420959
2012-08-28,1.5158238601018148,2.480487195857304,3.5554238148726727,4.236670135490342,4.465626999097372
2012-08-29,1.4691954671647238,2.587503194660128,3.613264141902499,4.207537021136413,4.406203153729612
2012-08-30,1.4827701676324097,2.601747300429423,3.6327025618444577,4.231700064719827,4.431973173882621
2012-08-31,1.4441973240495187,2.547010429966244,3.638646308926772,4.2854488093520136,4.5018858535915545
2012-09-03,1.4120434451575932,2.594387047641362,3.6720785636278337,4.291653838277011,4.498706268426034
2012-09-04,1.3091458511281822,2.637042465417073,3.770473287839492,4.394760622284273,4.603068647813701
2012-09-05,1.2870918510560898,2.594314402284402,3.720430053832338,4.34105812288555,4.5481454869507685
2012-09-06,1.3098289460694552,2.4486814761360023,3.5805320371720892,4.239578774503075,4.459895801717679
2012-09-07,1.2167798486100594,2.4110695670825137,3.5639829907099374,4.219042123161742,4.437799907458195
2012-09-10,1.2513405513432687,2.440964122609218,3.587568129289923,4.237173873517277,4.454085159268845
2012-09-11,1.2704711869918237,2.3904208262304216,3.613646211644678,4.377767792160218,4.634377346967055
2012-09-12,1.2119312784461798,2.269931665111752,3.4303602898658365,4.126437380511632,4.359440994461029
2012-09-13,1.2341768093743075,2.3262198511676218,3.4899199187505197,4.182504841975908,4.4142579130850645
2012-09-14,1.2944038360931032,2.3921980198867647,3.487963118236812,4.127240602375481,4.340965672146236
2012-09-17,1.3528481339645246,2.465272886293828,3.5878999166851093,4.252969272472274,4.475503125745631
2012-09-18,1.3167499818313004,2.4137423502737967,3.5044298521712367,4.145972576399972,4.360557086206262
2012-09-19,1.2949626739049087,2.3278540789818223,3.4219188584927167,4.086264179132348,4.308868192687038
2012-09-20,1.3073539627261503,2.3362013186985244,3.42083499335096,4.075472154665707,4.294730382683975
2012-09-21,1.317076626702594,2.339947210705578,3.4088524655641805,4.060503047240635,4.278935746243405
2012-09-24,1.30105464447918,2.3273439912813636,3.39612540225197,4.045153437426395,4.262648769518275
2012-09-25,1.3617354080507518,2.3424818352538033,3.401614758479128,4.051630569083103,4.269565912220521
2012-09-26,1.425108012734455,2.401946731197526,3.4380727345689692,4.065607066735574,4.275812210974415
2012-09-27,1.427573198879191,2.3974369886036353,3.431949160441087,4.048527817713834,4.25483932758627
2012-09-28,1.4132625621966035,2.369996194959846,3.405677666394378,4.026129215280835,4.2337877484478526
2012-10-01,1.378711191440459,2.33222779810848,3.402031388141719,4.051033840947869,4.268390564197583
2012-10-02,1.330858272652108,2.2989723700862967,3.3794895582380553,4.0381229894060295,4.258791346841896
2012-10-03,1.34898224436294,2.2952600188115824,3.380667129168355,4.042554745271934,4.264282269456251
2012-10-04,1.354207965000466,2.29727133591145,3.3808768252469372,4.04442384932435,4.266769157231124
2012-10-05,1.3260790507491684,2.2458416752978856,3.374779111616757,4.080144659623404,4.316770760226446
2012-10-08,1.3377272907453026,2.248030462131595,3.363136744906739,4.070986156509157,4.3087581857882835
2012-10-09,1.3741834562716235,2.2559543093360936,3.369964625152301,4.071761718356788,4.307289620690681
2012-10-10,1.3697160487380913,2.2489291808963188,3.3433065638582384,4.044540820625988,4.280246756407466
2012-10-11,1.3636891951446444,2.2503960962887213,3.339980401482622,4.04256886770302,4.278899033399775
2012-10-12,1.2965047825902865,2.194805883147108,3.247633104654268,3.903662765429896,4.123753228595241
2012-10-15,1.3038929034965143,2.191237648813072,3.245186816872976,3.90511968701197,4.126584550649701
2012-10-16,1.3158181662234192,2.1985438104852832,3.3025754336716924,4.030712318621641,4.276184298924379
2012-10-17,1.2417978298417758,2.152396406086279,3.2919024685667777,4.016690907160953,4.260177101301591
2012-10-18,1.2988889193592073,2.083647091883016,3.25257311925722,4.054787433374803,4.325950003852087
2012-10-19,1.301053052777501,2.0680080887565424,3.2262824086248463,4.024483605784144,4.294374851921242
2012-10-22,1.3502412596312396,2.092373900532003,3.2227417833210996,4.020380674960613,4.290817895714855
2012-10-23,1.3973892163205122,2.1200332670979236,3.2437141922754034,4.049580821359734,4.323296394526963
2012-10-24,1.4247018391472397,2.1457349403590342,3.2561016038759725,4.054207983519814,4.325383918284873
2012-10-25,1.4262995840666015,2.1493490896459946,3.2652368315520235,4.056298074430541,4.324573922739193
2012-10-26,1.4026516136950633,2.088349275536391,3.244807773809467,4.061612451363552,4.338240970394589
2012-10-29,1.4165506718404544,2.139514899179946,3.2646824199198567,4.034585918956574,4.294563130698075
2012-10-30,1.402969759550352,2.1511706836581155,3.2653901185045946,4.019979638929285,4.274606058396349
2012-10-31,1.3788018740301666,2.1051473077125173,3.234788990645642,4.021546516461733,4.287774310014328
2012-11-01,1.3304305302249446,2.0695959505913812,3.217791177706796,4.003636972820098,4.269047394953416
2012-11-02,1.3377555003281856,2.074573626572928,3.2218972331677502,4.006119188999986,4.270933681226394
2012-11-05,1.3268347050065614,2.122819810087826,3.2764915660417406,4.051588228845091,4.313016735236708
2012-11-06,1.3105101464780269,2.068018594664096,3.2313264495214344,4.0193333561374995,4.285213574365416
2012-11-07,1.2878584888538214,2.0559027956448332,3.2070611590737848,3.989171230665505,4.253212117905743
2012-11-08,1.2993281979674762,2.1041736639211166,3.240570048188065,3.99460805500053,4.248666447625583
2012-11-09,1.2922945575619376,2.0987912284549983,3.226491489168098,3.972016588585395,4.223506867749256
2012-11-12,1.331939477379727,2.092052510962475,3.220529951704254,4.012943320465826,4.281531387867529
2012-11-13,1.310711694754687,2.1038210714696817,3.2235797037778795,3.9814812647777504,4.237381817895722
2012-11-14,1.2984961751544888,2.098732935947993,3.2209554238916205,3.9994774485965,4.26390809703412
2012-11-15,1.3092018303523505,2.078085050852959,3.2278813112468523,4.000760533424583,4.261382398971104
2012-11-16,1.2962435042326028,2.066323082151172,3.212631505716619,3.995709180867253,4.260253988948042
2012-11-19,1.3198145950559272,2.075350082251248,3.2171837829979504,3.993495618548288,4.255563628284771
2012-11-20,1.3079679617658329,2.097326376313582,3.244496881845543,4.012091957215777,4.270875061155749
2012-11-21,1.301956897981956,2.0862231689532393,3.235846372560874,4.007269775721257,4.267402977423725
2012-11-22,1.265646343634728,2.063247273581134,3.2189139269645652,3.9972232270993295,4.259824421560451
2012-11-23,1.2296584552457048,2.0400517879998183,3.2038090882187547,3.9946283106979177,4.261763066855158
2012-11-26,1.0951009013444306,2.0773242868372854,3.18293076854742,4.001704115799209,4.284561765403459
2012-11-27,1.090804264364742,2.0704661699122155,3.170795743472953,3.9693273511153784,4.243843375127837
2012-11-28,1.0039054517582713,1.97288296543789,3.092471220732202,3.871175102845309,4.136345878359729
2012-11-29,1.002405751041465,1.9645584212554328,3.08285857063532,3.8445997773748593,4.103019877182742
2012-11-30,1.0285173416890387,1.9682644766653576,3.065501961106346,3.823621137393042,4.081351955986403
2012-12-03,1.0001833242280649,1.9588869239589428,3.0496947518348403,3.799346930652667,4.054176767184145
2012-12-04,1.0047732348804423,1.9485329559328832,3.0460828893974554,3.803356087361898,4.060788697856501
2012-12-05,1.0208591155266014,1.9580320128718751,3.042634271348053,3.8047141585684505,4.064648892958656
2012-12-06,1.0489263941597995,1.9891977499281597,3.084888361385463,3.8444376928104145,4.102795960051458
2012-12-07,1.062282177610804,1.984252298528592,3.0816444351422145,3.868288953482333,4.137345163595367
2012-12-10,1.1204318316922226,2.065194470157987,3.1562149949751337,3.9105527533214137,4.167018668148089
2012-12-11,1.1073755763793187,2.0650892557873206,3.154347057626211,3.899842254946557,4.152985652991679
2012-12-12,1.0474496060269374,2.0410559259216257,3.1322129227312736,3.854290501587052,4.098456762757424
2012-12-13,1.059886718874182,2.04412234869147,3.119512028235766,3.8328344975942192,4.0741349120655155
2012-12-14,1.075123896817729,2.0112368576402986,3.0549670306239136,3.765839214356224,4.00715280534377
2012-12-17,1.0800038211787957,2.031264879755774,3.0733166707255,3.790730565146707,4.034851255166913
2012-12-18,1.018870492521426,1.9863919021763543,3.0630838226594506,3.779693628206118,4.022151753141007
2012-12-19,0.9957011941616044,1.9571801000642888,3.0469078169585826,3.768411952574139,4.012267279302182
2012-12-20,0.9932674813862938,1.9326331153538128,3.0180966529745668,3.731133388742207,3.9717856347897382
2012-12-21,0.9959306396484776,1.9464922861069347,3.03229052771721,3.7479294645534784,3.989613484293333
2012-12-24,1.0444904505980226,1.930455737374281,3.0358419461762836,3.752397238257735,3.993601967985456
2012-12-27,1.116317592577186,1.9335141045092783,3.0241396313712254,3.736909982540548,3.9768543658479607
2012-12-28,1.1234512263923406,1.919621544662508,3.006845270171679,3.712135832384962,3.94933920811686
2012-12-31,1.1221845069654677,1.9187627643415224,3.0068697170133927,3.71114822008229,3.947961734385052
2013-01-02,1.0268422759024816,1.9438254109562507,3.032027468825646,3.7126916103555816,3.9411456220620824
2013-01-03,1.0331655640757784,1.935044174916797,3.0601086264898765,3.7744675996658574,4.014469739252432
2013-01-04,0.9827026983538224,1.9768737570332515,3.0887491560592055,3.8033347907748296,4.044012796368823
2013-01-07,1.0300388015562376,1.9866162761579655,3.088735635310708,3.7988924006645983,4.038032127018521
2013-01-08,0.9744220797475176,1.9577613384097123,3.066449676559454,3.768054766981884,4.003937801084726
2013-01-09,0.9461461554805696,1.945052522080207,3.0672038805378,3.78516165618161,4.026850536128128
2013-01-10,0.8537116928015323,1.8402656650319855,3.038689624092724,3.819734778731589,4.082994042054657
2013-01-11,0.8830381495000239,1.855217324658467,3.0310128944523873,3.8123394030387296,4.076336841058634
2013-01-14,0.9158650811934984,1.923011252974289,3.0682665259467656,3.798825593626209,4.044650747267452
2013-01-15,0.9138366299552452,1.8930356028614828,3.0457160080091876,3.7920070375596664,4.043425554373242
2013-01-16,0.9267130470807636,1.8924857784332971,3.057321380438272,3.812580083002505,4.0669874381036255
2013-01-17,0.9654885635408004,1.920015466295702,3.0857520421502347,3.8532846614995337,4.112236024057104
2013-01-18,0.9782997986361864,1.97416791473181,3.0850946482316983,3.787933533994859,4.024254131643213
2013-01-21,0.98479459415916,1.964362639633002,3.078565820359816,3.798188830926067,4.040643658759306
2013-01-22,0.984030764141588,1.9638655704224777,3.067222972221904,3.781130151714848,4.021744197133209
2013-01-23,0.9741082063456457,1.966128913911584,3.0738430881056136,3.782516338769092,4.0210848889428
2013-01-24,0.97446861865342,1.9454607302019316,3.0726178353376703,3.80207072603218,4.047831412571223
2013-01-25,1.0174829673387151,1.9969170415829216,3.0922492135096036,3.790262146685666,4.025118711954821
2013-01-28,1.070705039688196,2.055450500366911,3.141055632777559,3.8321843704189016,4.064724883748076
2013-01-29,1.0420339317964302,2.002472017766639,3.1005254807365557,3.813368108791942,4.053640571314023
2013-01-30,1.0780108576981569,2.0458013063990457,3.1325967897834586,3.836301459021774,4.07346726509059
2013-01-31,1.1246157614617456,2.0783138529703074,3.1473435294426872,3.8326713916906576,4.063364143191407
2013-02-01,1.0934614628786328,2.0336167583107017,3.117178531641919,3.821279241891888,4.058580247497089
2013-02-04,1.1511533260457831,2.154304328528698,3.2029301202798264,3.862454309207784,4.084194622413099
2013-02-05,1.1193012319800175,2.1283528001039347,3.198647330595281,3.884125819819233,4.115033179571258
2013-02-06,1.1368243198444556,2.1350696206863837,3.2130745402409975,3.909512092738495,4.144285959790919
2013-02-07,1.1140218608619872,2.075646087979326,3.1820108067478436,3.915381801623538,4.163174585731566
2013-02-08,1.1315547237256602,2.0611199154468007,3.148779378962306,3.88661602301245,4.1366306610769445
2013-02-11,1.1263012429994357,2.10246512437158,3.192981636133764,3.919148662563297,4.1647906782838735
2013-02-12,1.1112115468731891,2.084391059664691,3.164544483742459,3.895933624273383,4.144016888567531
2013-02-13,1.075348001390065,1.969268249001198,3.107078115461537,3.919080956805943,4.196038736961224
2013-02-14,1.034770030276583,1.9572169012903016,3.1114024768279984,3.9018149532240542,4.169755535843754
2013-02-15,1.0316250712360855,1.9591825221294812,3.101975473887345,3.885759629472372,4.151592949596575
2013-02-18,1.0544056015191074,1.9579102427583577,3.0943514156516017,3.8988966481536127,4.173038526770487
2013-02-19,1.0473967206487007,1.9461979663613445,3.0834887216545663,3.892114889360277,4.167819803552884
2013-02-20,1.0771567844189691,1.9824361917328128,3.10672771193705,3.9087237895506473,4.1824218616476205
2013-02-21,1.082170022984707,2.0184106434903173,3.1307586550729027,3.883480808742505,4.138431492909413
2013-02-22,1.0349236345673525,1.9704682686746793,3.108418014437275,3.875026316198254,4.13443861252971
2013-02-25,0.9985078457257792,1.8823653089108463,3.0464977898204033,3.8794969824145022,4.163629217050277
2013-02-26,1.1987521648138824,2.1061449830854446,3.1857592129719023,3.902053079229028,4.143916515207575
2013-02-27,1.178568831253788,2.097948107761889,3.1769530007414453,3.8990021237464703,4.143146351695484
2013-02-28,1.0969153013613884,2.0319591355444135,3.1369305797433418,3.873136739686642,4.121946035061807
2013-03-01,1.055285946197074,2.0543330883961666,3.1730427906783154,3.876599428449345,4.11299303835874
2013-03-04,1.0524502067297092,2.027354240184824,3.135119179734009,3.8434636264212374,4.081829574254337
2013-03-05,1.082478747836495,2.061264500473575,3.1381973565395107,3.835103388732521,4.0700311842997845
2013-03-06,0.998776632823251,1.9930951383868507,3.1222715229271563,3.8413819621461904,4.083288324773608
2013-03-07,1.0071020785240936,1.995128238210702,3.1231717085659083,3.838420041837272,4.078900175122999
2013-03-08,1.02289679988227,1.9892561364234889,3.1021482962051072,3.8173105777239686,4.0580703697170275
2013-03-11,1.0417555543602184,1.994994496928273,3.107700234854896,3.832078826035561,4.076252056035882
2013-03-12,1.021156002074168,1.975514189906061,3.0874065976976945,3.813318859719069,4.058106606486476
2013-03-13,1.0473846511562908,1.9869486377087195,3.098489825475868,3.830024328506074,4.076883414467426
2013-03-14,1.044569244771928,1.9824809721969263,3.0930838615009986,3.826143671075083,4.073605694783017
2013-03-15,1.037157662143036,1.9996601896594228,3.098135636058431,3.8192296985268106,4.062628822989767
2013-03-18,1.0376592339234063,1.9904268405782268,3.0927752558299204,3.820258983079523,4.065927694882747
2013-03-19,1.052001352467277,1.987526172568572,3.072580226915779,3.788035228961357,4.029590441094884
2013-03-20,1.0399586199645547,1.9694601707503487,3.0678888034399554,3.798118620156089,4.04485939880036
2013-03-21,1.028712600893341,1.9486552214656925,3.0389826883258193,3.751168953476453,3.9912718534277234
2013-03-22,1.0287213687962584,1.9600874751229345,3.0406192004734383,3.7383250938378687,3.973299423322463
2013-03-25,1.0480793191866962,2.005972798027468,3.068287719540609,3.750146566186146,3.9797585022347057
2013-03-26,1.0050235310766509,2.003939245096948,3.0915216527819647,3.770731759197694,3.998862587437816
2013-03-27,1.0475021829812403,2.056032104041771,3.114896553978931,3.764369047178441,3.982218290274296
2013-03-28,1.0420508786427458,2.0753581130934915,3.1344326857864404,3.7719030825663777,3.985444154811879
2013-04-02,0.994516375398101,2.0605058091448676,3.1575940175947466,3.815299378425618,4.035556926278702
2013-04-03,0.8992613433568888,2.0195559488285717,3.1302582200259614,3.791359388316198,4.012708891118697
2013-04-04,0.8679234337067019,1.942871838653204,3.066256707770788,3.758697162220052,3.9911196214355753
2013-04-05,0.8414966527807124,1.886093075928784,2.9694560162648296,3.636422183266533,3.860285812879513
2013-04-08,0.8393731566697298,1.8446349029252505,2.8993827520814275,3.5586978231180786,3.7802983685011617
2013-04-09,0.8604411597269159,1.8833185346463568,2.930626759794058,3.579727200415294,3.797762284314414
2013-04-10,0.8475040844393114,1.925275564111459,2.996667090876496,3.646048988917484,3.86379263316595
2013-04-11,0.8830428891305466,1.9065632888538708,2.9515704768096835,3.6129022604391943,3.835576030951743
2013-04-12,0.8836254465412097,1.8902685808188464,2.9457143531679977,3.620767358321012,3.848257690707509
2013-04-15,0.8754274965416649,1.872916184118342,2.912557428994206,3.576308652528929,3.799961469018754
2013-04-16,0.8711834076472638,1.8574592406831376,2.8547296901580568,3.5047476218324403,3.724565194410012
2013-04-17,0.8560769266374351,1.8168492028776215,2.8024038170285293,3.469021269960004,3.6958643936647704
2013-04-18,0.8426745742480168,1.8180290387125488,2.8116614429979823,3.456456538928392,3.6743285499521896
2013-04-19,0.8435721397902203,1.8258674911216757,2.818333548539047,3.459394113850931,3.675897441167455
2013-04-22,0.7590366172999339,1.7730809215904486,2.8269964510313104,3.4901461723642133,3.7132567553904474
2013-04-23,0.7169733956728432,1.655799498904976,2.7158413344625165,3.428833812319412,3.670596980077899
2013-04-24,0.7322122063858743,1.7423948775628515,2.7783792603271147,3.4232676688272172,3.6400166641987655
2013-04-25,0.7597010109242852,1.7956883909884542,2.830936378584802,3.4570477277713136,3.666946975950227
2013-04-26,0.7617389437562778,1.749011364114445,2.7957252728676645,3.4484856544638087,3.667817586902122
2013-04-29,0.6690148629017507,1.689262018330199,2.7537721434556257,3.399291825473419,3.6156773526780097
2013-04-30,0.6169766060727593,1.5800952376674644,2.6956154263836813,3.400305565078454,3.637201398433347
2013-05-02,0.6224366625504274,1.5680777729580715,2.6675478550162675,3.374288715414404,3.612316072634197
2013-05-03,0.5972877441350999,1.5368627229158012,2.6395528794985292,3.3626887737854547,3.606831395857402
2013-05-06,0.6619115040819867,1.6043640959564929,2.6850543105887805,3.3892591198193913,3.626870197406988
2013-05-07,0.6397471529526104,1.5859598199374825,2.6802884478397724,3.401343989803976,3.644989047975354
2013-05-08,0.662967985927251,1.5903926978648393,2.6737528820336616,3.3949912936706195,3.638996895945104
2013-05-09,0.6555352556288909,1.6166995915801614,2.719910062388331,3.4333286094883357,3.673816762543523
2013-05-10,0.6657549661796356,1.6547781031801794,2.7811506457719437,3.501086381470306,3.7434592995770064
2013-05-13,0.6811974671004499,1.6715013118419098,2.7794438716248164,3.4849521455966417,3.722416553740011
2013-05-14,0.6784698409805774,1.6983860564193645,2.797040237566637,3.4814707795789093,3.711404572268107
2013-05-15,0.7371130643755652,1.737813740309738,2.8402301932732,3.5392356367128173,3.774429239475023
2013-05-16,0.6802291176598647,1.6330629863924226,2.7538488896984683,3.503061463011707,3.756652762902088
2013-05-17,0.6488735544821544,1.6005086581512664,2.730365041044066,3.4862890250535643,3.7421564848210815
2013-05-20,0.6301795572729976,1.5822222235624714,2.7295689254512228,3.4880277861990514,3.7442478975127633
2013-05-21,0.6830947981304796,1.6371597810864724,2.776382683737154,3.531969684724635,3.7873506974152926
2013-05-22,0.6936423048625748,1.6111108602149624,2.7446942180707117,3.5000219273937523,3.7553113231167647
2013-05-23,0.7833463941317316,1.7331483589971572,2.814049824278845,3.524936216028383,3.765077556622519
2013-05-24,0.8196325238594788,1.813043913664716,2.8737395630501528,3.543429638352652,3.76871699692958
2013-05-27,0.7669353587208043,1.7445391968543618,2.8511534220039154,3.56137565502205,3.8005757944062104
2013-05-28,0.7380184634780154,1.7279429853406256,2.840415840745144,3.5581985360577826,3.8001422650259418
2013-05-29,0.8423438011122926,1.834584522442963,2.909132629586936,3.60243580175281,3.8362250445547215
2013-05-30,0.8291700219612554,1.8113402665312783,2.8899843919409136,3.603002251913963,3.8442037072998945
2013-05-31,0.8038169156052923,1.8265528890668357,2.9347067210479283,3.631913022047364,3.8663341810043272
2013-06-03,0.837000118768243,1.9084445277165472,2.9897637123960044,3.643909974614688,3.8631849589055607
2013-06-04,0.7778546357324974,1.8482698157348432,2.963954215545251,3.6492808589596137,3.879263832264515
2013-06-05,0.7714831867214702,1.84112590561422,2.950488744099933,3.6343264157614095,3.863900785171326
2013-06-06,0.8684786103181423,1.9414447399235328,3.0295010874333945,3.6946535214972136,3.917810590875394
2013-06-07,0.9144469963326608,2.0027137295392023,3.031049557294474,3.636674798141177,3.839356947830475
2013-06-10,0.8802909080739596,1.9831912660786488,3.0627276251246673,3.7058749208964135,3.9212481387324343
2013-06-11,0.9789570838608732,2.1701150932773707,3.124322156468769,3.6563865962047046,3.834040051506964
2013-06-12,0.9294729487068968,2.1211879720012714,3.1164822650835617,3.672449648150966,3.858072987995691
2013-06-13,0.9667545359538412,2.1084604425383,3.1029354119038626,3.6606108013426697,3.846807983637281
2013-06-14,0.9305526613927296,2.046206961588698,3.0381145790062725,3.5981278946675923,3.785148447610425
2013-06-17,0.926810787951645,1.95562808572833,2.9983929719171396,3.6313967182163296,3.843619192899163
2013-06-18,0.9670233136096602,2.0293328318390067,3.0852173928499633,3.7047583999832105,3.911980133208784
2013-06-19,0.947489231452149,2.015914957848518,3.035687785059465,3.621839822375718,3.817704896714991
2013-06-20,1.08307342535851,2.1380051866497105,3.1648424417867007,3.773362851623466,3.97704337642389
2013-06-21,1.1115735029977252,2.1898880564952137,3.2136813643222455,3.815502756087757,4.016860745777501
2013-06-24,1.2348062682181773,2.394563296402586,3.369467206854778,3.91367519819871,4.095353880894397
2013-06-25,1.270195985283037,2.3983568128120094,3.3869844104334437,3.9452765407465074,4.131721757141715
2013-06-26,1.1726802530064138,2.2964541811985857,3.302347545226029,3.869996505077341,4.059551711971493
2013-06-27,1.0385729214009665,2.1222906393642624,3.1904905940585646,3.8093261388919823,4.016167514864458
2013-06-28,1.1169782844350171,2.185050889078754,3.230945788382317,3.8468138117681865,4.052857485522938
2013-07-01,1.0477699836209189,2.121913467369444,3.1734276938140846,3.795422128882676,4.003584418582898
2013-07-02,1.011428441365778,2.0839702716222295,3.1465387826129323,3.7779839078118496,3.9893644470329073
2013-07-03,1.0190293881241494,2.098795573391083,3.1511328326495036,3.7672288205117095,3.973288147634927
2013-07-04,0.9073391992685078,2.0396381546208655,3.0884410067774963,3.697703267431885,3.901445787111159
2013-07-05,0.8867266872207562,2.03901821470399,3.102207585327962,3.715163221318646,3.920054850268837
2013-07-08,0.8479178275851673,1.9933314389203416,3.0794146163725404,3.709420109869371,3.9200599827936617
2013-07-09,0.8544172811412807,1.9926529620875169,3.075772030541634,3.705838321636609,3.916529559101388
2013-07-10,0.9019516058040118,2.033486628446554,3.129052659300081,3.771893580259905,3.986949057109329
2013-07-11,0.9417110764171036,2.0534765596258584,3.1495488949830968,3.792142180873708,4.007077823531683
2013-07-12,0.959466968544394,1.9179634189929988,2.9913540295391856,3.679113740615606,3.910666881679592
2013-07-15,0.9715166648237128,1.9238844052208035,2.9936764098355284,3.678832899775242,3.909547786382275
2013-07-16,0.968101264635992,1.9074019678831835,2.983614243013431,3.672266469654808,3.904014084699486
2013-07-17,0.96683271045897,1.900806408279735,2.9774562662733706,3.670530574495801,3.9039026789343416
2013-07-18,0.9393889329931416,1.8482553621870303,2.9859062430011365,3.7461637932930727,4.003048719973788
2013-07-19,0.915245737553958,1.844095585791152,2.984126964500068,3.736140735426463,3.98990689786823
2013-07-22,0.8788948501356284,1.8880311801673064,3.0136677855245235,3.709906556221534,3.943526235464111
2013-07-23,0.9029250807793598,1.9298686178871076,3.0412315343792136,3.7254252053494374,3.954964621105553
2013-07-24,0.9126486294379,1.915469627710765,3.0414135441075514,3.7501852008261034,3.9883804081372256
2013-07-25,0.8869430725767682,1.9338400624110577,3.0771779003020594,3.775223767149021,4.009235130344548
2013-07-26,0.8936889844051343,1.9418990805239744,3.0827890408263636,3.779808694508482,4.013493899940087
2013-07-29,0.911348319352614,1.9661101679102495,3.122215754213694,3.828057902906496,4.064674554346151
2013-07-30,0.9227985545110364,1.9921019070421904,3.1894868444154945,3.932201504868804,4.1814730923813075
2013-07-31,0.8920344400143456,2.0452561277917987,3.2270834122576293,3.922903446140906,4.155665881277399
2013-08-01,0.9407913619356504,2.041430443571633,3.1691638639380386,3.8440541462142432,4.070054565507612
2013-08-02,0.863534325152953,2.0047661191471917,3.133651418474705,3.7882014147377863,4.00700006716021
2013-08-05,0.8685470294304487,1.982769757294621,3.1188129178679045,3.790733425217148,4.015571346512081
2013-08-06,0.859700987848182,1.9832840475454976,3.0917841323847526,3.744962900871181,3.9635172088786232
2013-08-07,0.8780058030862499,1.8966544103421192,3.038399890895758,3.759947139414192,4.002551141193539
2013-08-08,0.8719638327384391,1.9015721606464415,3.019430966788322,3.7123635627291134,3.9449791649769272
2013-08-09,0.8664409765285903,1.8553511890074272,2.986375546651886,3.712446998427423,3.9569283843590046
2013-08-12,0.8587334014821053,1.851875405134157,2.989035819798273,3.719676640859468,3.965721334570695
2013-08-13,0.8930488756746264,1.8463774381609923,2.9897040898212905,3.7747587124255184,4.041343592025529
2013-08-14,0.8870254632585599,1.8783959185478576,3.035630502744257,3.7980832252942993,4.0555607129607605
2013-08-15,0.9120164207879888,1.9310996026962997,3.097194101325667,3.850126256143754,4.103816329966195
2013-08-16,0.8674506859786106,1.998242951895831,3.118951418858077,3.7796400407496344,4.00070787550466
2013-08-19,0.9044007704761264,2.0515918022186703,3.1698573963214924,3.8248314502259486,4.043913440442329
2013-08-20,0.9060510450910364,2.0969740429852965,3.196432054737185,3.823391043232806,4.032842660025655
2013-08-21,0.9680830717566042,2.06376665845036,3.1925483756193564,3.877680489311308,4.107349956449994
2013-08-22,0.9543292181958218,1.976430835060288,3.122988021422578,3.849582406381125,4.093932348107007
2013-08-23,0.9750812946630792,2.0204757372175166,3.1532549484271017,3.872483084185583,4.11450694823096
2013-08-26,0.979404543418509,2.0198249878265653,3.149223060723884,3.86070453880495,4.099908886327995
2013-08-27,0.9667561688069456,2.124738899443763,3.205566246223386,3.823902658264767,4.030494270818045
2013-08-28,1.0075206578878806,2.0060322412103435,3.1262565350259495,3.831241865378783,4.068143191610288
2013-08-29,0.9990223878074058,2.017163005428957,3.128161769169769,3.821239348506999,4.054009283861224
2013-08-30,0.9676601090269424,2.0023134016563926,3.1560850527902096,3.866019111452915,4.10412401171341
2013-09-02,0.9659487137654176,1.9917894406573708,3.1289848427021383,3.837590197251366,4.07552324924494
2013-09-03,0.971173968405985,1.9903982822992423,3.1332420038572533,3.854361407465993,4.096763498494354
2013-09-04,0.996707949858088,2.016623914304322,3.1598648923646664,3.876107753381382,4.116690725125318
2013-09-05,1.0449772641552268,2.1130881029772866,3.2750347478165507,3.9931333747786666,4.234101348761154
2013-09-06,1.0053415779017385,2.0328249017313897,3.184671748592038,3.9008283632968306,4.141212590215867
2013-09-09,1.0080932469871566,2.049922940447294,3.222718466117887,3.953564829131376,4.198924175932051
2013-09-10,1.0219746458032049,2.0968536627980026,3.278402233737687,4.013383474027927,4.260145725188033
2013-09-11,1.0102181841715243,2.046265015545023,3.2217478194285425,3.962305039338122,4.211161883967934
2013-09-12,1.0178255077160596,2.0202587940356285,3.1785691672429293,3.925377323075842,4.176895040947839
2013-09-13,1.0201370935533447,2.0308186291163377,3.2014964228925455,3.9427422566187302,4.191896738903914
2013-09-16,1.0093479019341274,1.987253636265434,3.1692514178014894,3.924903009895008,4.179036296577267
2013-09-17,0.9617880173081002,1.948149203932612,3.127781649882058,3.883877481696505,4.138268041821136
2013-09-18,0.9783605065894214,1.9615876577506537,3.1414026935284403,3.903323553314104,4.159866145351655
2013-09-19,0.9513268969229768,1.8921995644414784,3.0769993629982695,3.8720177058789127,4.140780006424834
2013-09-20,0.9237623368364734,1.905971884149933,3.1050462519323947,3.902177775450712,4.171478901994981
2013-09-23,0.854699451209127,1.8585230297563504,3.08029400423968,3.882644363601331,4.153334015965836
2013-09-24,0.8618603624420711,1.829983173161816,3.026239058952835,3.834752691182976,4.10849804874996
2013-09-25,0.8817195167613736,1.8452824782562975,3.014141047829523,3.79887770423297,4.06438754072444
2013-09-26,0.9121434458013092,1.863924697690594,3.0309892199328656,3.816085820113761,4.081713884435745
2013-09-27,0.9339557838387478,1.8590548684883077,3.0216803868256656,3.807051702520594,4.072793900179276
2013-09-30,0.9422462958649866,1.861978467392845,3.023833885346739,3.807876770072833,4.073110905817487
2013-10-01,0.888594079588346,1.8268540461230227,3.006349307447472,3.7921005053203096,4.057511461696608
2013-10-02,0.8676231882125798,1.8033546339180315,2.97085057122775,3.7740907639801344,4.046713559852652
2013-10-03,0.8746923123672214,1.829947262426435,2.998946713093548,3.805370881202411,4.079315603164222
2013-10-04,0.8380498593508712,1.7983998955372495,2.9880673588274904,3.815238066313928,4.096563093153529
2013-10-07,0.8498274311994596,1.7899894584521547,2.9638566387044527,3.791817603994141,4.074045402003341
2013-10-08,0.8766348012311092,1.8208832083561808,2.990551120349191,3.8080109290497086,4.086232526763222
2013-10-09,0.8787564617226682,1.8196511416085224,2.9889121096226363,3.800468386512696,4.076328135651648
2013-10-10,0.8787548737521487,1.835732122539552,3.0152276951305845,3.836557612191696,4.1159635887122965
2013-10-11,0.8615783553622709,1.8359390303448,3.0184147097604415,3.82221699700439,4.094699479620865
2013-10-14,0.8485367036314884,1.820035069750018,3.009127371310746,3.82586484849473,4.103147559335898
2013-10-15,0.8234090961819387,1.8207030048294364,3.02468311838975,3.841712903370717,4.118675955421221
2013-10-16,0.8311899003663576,1.8448833079406164,3.0573371613255613,3.873773670794111,4.150261542854268
2013-10-17,0.8007556892530285,1.8038413584479436,3.028330409001942,3.853290717568924,4.13259069058453
2013-10-18,0.7803743529805995,1.765865650315236,2.9903580164933112,3.825133155516197,4.108171641959036
2013-10-21,0.7954156845137241,1.778071465351717,2.985257167715865,3.8241831023266193,4.109597890159818
2013-10-22,0.7465144390856491,1.7228070486183975,2.9358227925405513,3.773475951148025,4.058106446400071
2013-10-23,0.7374329477929891,1.6893825168568135,2.911599918881305,3.7504253025200143,4.034961308223005
2013-10-24,0.7531119562956992,1.6886627062787234,2.9078045981131027,3.7398817585525066,4.021795479009105
2013-10-25,0.7770349236370411,1.731764845052826,2.949342097788942,3.7620050585562015,4.0365762337367705
2013-10-28,0.7853722114913673,1.7010820764236847,2.8973893377479927,3.7173512192309937,3.9952912781001664
2013-10-29,0.7699627410301098,1.6684921676550497,2.8668299337243823,3.7084663322046545,3.994740719104676
2013-10-30,0.7609531202570263,1.6558533131366442,2.859427284097249,3.7059363118104622,3.9938909319983535
2013-10-31,0.7177826624624561,1.609601996913936,2.827883773099294,3.6843657262591503,3.975634551103452
2013-11-01,0.6771637947935965,1.5935796698883775,2.8076954871001956,3.6804832446049662,3.9787670556610792
2013-11-04,0.6873547962874262,1.5841880689269026,2.7991706669785072,3.6730935099090822,3.9715877504641233
2013-11-05,0.7263237443656685,1.6521602956326618,2.860401966662562,3.7231883513142905,4.017746292716582
2013-11-06,0.7251639981476252,1.652615590369276,2.863092082437875,3.7352157883579222,4.033482274427042
2013-11-07,0.6264190853103528,1.5710291593120296,2.8172297164259907,3.7183201852314096,4.026776187018667
2013-11-08,0.6432532531197097,1.6138637867571075,2.875388865812078,3.7632763675712417,4.065752410676337
2013-11-11,0.6381408937047581,1.6032172132620932,2.8613293118414056,3.7492981450757776,4.0519350435971475
2013-11-12,0.6371794663734764,1.6231065086610883,2.9019976160635217,3.78454478268168,4.084209078187839
2013-11-13,0.5997328704819225,1.5817705978974672,2.87340987503853,3.768969222702976,4.073226713470607
2013-11-14,0.6073920120401084,1.5544927750939372,2.837038507579011,3.737244108750322,4.043490246215406
2013-11-15,0.624460367071956,1.5664332028064276,2.845031609639369,3.7377667867301247,4.0411723065602025
2013-11-18,0.6173498154499946,1.559924675427542,2.8529056741995547,3.740922047449348,4.041897053801346
2013-11-19,0.6142220732682269,1.5635567327395563,2.85335312036677,3.7370734224069673,4.036539837191595
2013-11-20,0.6495841974391059,1.5827738987965798,2.8658036557639637,3.7473027413206546,4.046049363444457
2013-11-21,0.6511084364985464,1.603160151983552,2.8953967679428043,3.780460495883775,4.080349268632222
2013-11-22,0.6139898537504944,1.585685472019783,2.874645568318262,3.753270813795003,4.050915921963291
2013-11-25,0.6043812234237027,1.5694760925116498,2.8566473908907266,3.737573968443644,4.0361516741015375
2013-11-26,0.596883337332244,1.556671905584686,2.850643021302985,3.742909214651484,4.04562163413421
2013-11-27,0.6071030128058972,1.5590850412532475,2.855816999639501,3.748408994760029,4.051083222376782
2013-11-28,0.6151455130738555,1.5617000818858229,2.85313611505547,3.7396408733719633,4.040111130229532
2013-11-29,0.625155858074864,1.5686820856921937,2.847933782483408,3.727813135389971,4.026150184611554
2013-12-02,0.64954979124483,1.5924479874491553,2.8700486209152665,3.7443147383790514,4.040511747233202
2013-12-03,0.644735175010279,1.5820602067623444,2.8559544390934075,3.723927875429343,4.017796973455479
2013-12-04,0.6751815189611499,1.6253078103234184,2.897135082059111,3.761934151645903,4.054701690927443
2013-12-05,0.7432731898761844,1.6955634438637457,2.952610810780695,3.807272337404216,4.096630371648191
2013-12-06,0.7265042805149413,1.6949963376731887,2.9529380860302616,3.787570965135268,4.069308176369272
2013-12-09,0.7102192159554033,1.6660772031430469,2.929669798491087,3.767801427403623,4.050649021219301
2013-12-10,0.6730164521880653,1.636427548045777,2.902182749574494,3.746352998329882,4.0314891006764535
2013-12-11,0.6805874888074328,1.6240066607076376,2.8689451954326897,3.7119184661199247,3.9972334604157185
2013-12-12,0.7174612460332845,1.6616933471898498,2.909950676196794,3.7371538165358937,4.016300562234955
2013-12-13,0.7331474604984276,1.664698384676429,2.909209464287863,3.728903845502259,4.005250458428408
2013-12-16,0.7332067117323753,1.6560822854292976,2.91759258029224,3.7480553986674496,4.027947854761508
2013-12-17,0.7262930602740347,1.6498120877003704,2.9181721828879112,3.747274292813493,4.026484222819281
2013-12-18,0.7276453960783691,1.7023687074956495,2.947689087734224,3.743516878805737,4.011091410582433
2013-12-19,0.7275514835748922,1.7356303256583168,2.976416615957844,3.748495203485352,4.0075343890215365
2013-12-20,0.7159536706414436,1.75088161422668,2.989939987366274,3.755350926155112,4.012055090898629
2013-12-23,0.7873109623838843,1.792883609269154,3.012792528070549,3.784788757197938,4.044206637381967
2013-12-24,0.7880043927182161,1.7971216893787323,3.0133043791234817,3.782636893292521,4.041169784457663
2013-12-27,0.7900170804513476,1.8401825988964229,3.055805963823655,3.8129343671584737,4.0671164021182005
2013-12-30,0.7482973850680441,1.806833279223712,3.0462474008896168,3.7929734649117113,4.042976551572244
2013-12-31,0.742993881170328,1.8108585486596755,3.047805419972735,3.789477436494129,4.037725079722653
2014-01-02,0.658867975414525,1.725892737064603,2.9962934253945344,3.79129314833815,4.058248823120938
2014-01-03,0.6386223671854374,1.6677777002359129,2.9558170170120928,3.791218284112135,4.072638297517114
2014-01-06,0.6374308044831434,1.6502114219477324,2.9363666033064906,3.772624889091524,4.054351327640106
2014-01-07,0.6202413416791597,1.619957202670129,2.905320075501809,3.7408341197287975,4.022271066709094
2014-01-08,0.6121942860362015,1.6098302505517488,2.8921741312413696,3.722458505326178,4.002016279702477
2014-01-09,0.5971133851257253,1.6339323725840718,2.923442841549752,3.733806395908397,4.005929116020299
2014-01-10,0.5986464338263211,1.6201725669461222,2.9133700163084537,3.740770213061654,4.01905705545046
2014-01-13,0.6105229609879608,1.606915405466344,2.8922267786726072,3.728206131819892,4.009813180521841
2014-01-14,0.6124099138938988,1.6175229953797494,2.8945172401485317,3.7006220340968743,3.971371757042329
2014-01-15,0.6192489606834215,1.623465674398675,2.89504924280343,3.6946897473767986,3.9631811405537176
2014-01-16,0.619627996154783,1.564394331275249,2.840962032554873,3.668652594382827,3.947231748314716
2014-01-17,0.6131362225706294,1.5419339251919553,2.813058553974954,3.637349099600834,3.9147469652279137
2014-01-20,0.6005064835844163,1.5253510264952863,2.7919008317700875,3.605970435683532,3.8796887661042536
2014-01-21,0.594765924309197,1.581260895348894,2.8269161796375384,3.600712072853129,3.860262445618575
2014-01-22,0.6002321824659429,1.5944790370985071,2.8385682479258527,3.6134953235889977,3.8734984486851864
2014-01-23,0.6176143803443068,1.5767018036539646,2.8160062846877523,3.604303993809223,3.8692166629252
2014-01-24,0.6101331600869564,1.603369770279011,2.8336984096351827,3.595427688981991,3.8508913157489766
2014-01-27,0.6122599402894142,1.5995812064252153,2.836550886600925,3.603136325850177,3.860229510186038
2014-01-28,0.6084528311296129,1.5166700309251748,2.7805724189228753,3.6100798474793785,3.8895417170914
2014-01-29,0.5988162917977995,1.5028489169517432,2.7675082818927557,3.594329608586585,3.872760240869495
2014-01-30,0.5838428779217111,1.4800192825238732,2.7220752909234776,3.5329782129705043,3.806035315723112
2014-01-31,0.5417622752428137,1.425548366042266,2.675394195570269,3.496636962215496,3.7733215027323994
2014-02-03,0.5173282223074569,1.4372294406156172,2.6975597185181677,3.510804631709103,3.7843669106786977
2014-02-04,0.5224416220845285,1.4204127500492554,2.6867921528017504,3.5223593096198664,3.8040160547837183
2014-02-05,0.5171457074381962,1.4155252056867391,2.687677750456057,3.5293682830895565,3.81316787793277
2014-02-06,0.55345117498711,1.4646632535980115,2.723743049346841,3.547990481570157,3.8256389161957944
2014-02-07,0.5319983886990567,1.4182059968440122,2.665641526725156,3.499233579882701,3.7806511604037585
2014-02-10,0.5415148202401614,1.422753952054336,2.6677189111504305,3.5040564128846543,3.786564173908204
2014-02-11,0.5579965686967547,1.450275551583129,2.678792372826253,3.5025504668668925,3.7808416377786855
2014-02-12,0.5648152469950016,1.457875692711072,2.6841152395733534,3.5066413828872443,3.784534868306975
2014-02-13,0.5604489530518855,1.4446216402979726,2.6804994517729694,3.507533591695344,3.7867981550293703
2014-02-14,0.5437606405829651,1.4371322499348853,2.6701045896565594,3.495959942610809,3.7749185694677703
2014-02-17,0.535417332884812,1.4217015585078183,2.6563547160742074,3.4885486301982453,3.7698473892529383
2014-02-18,0.5173372743434328,1.403772222871746,2.64357046883074,3.4757405593954367,3.756862740970844
2014-02-19,0.5149346846371916,1.3981344826968645,2.639230850764987,3.4735613121019355,3.755442274895204
2014-02-20,0.5274446925564042,1.4259261623763173,2.6680873066538293,3.50131105206376,3.782796811524124
2014-02-21,0.5114726873361963,1.4023967939356936,2.6468161644630657,3.4832821341398437,3.765905727839036
2014-02-24,0.5124786775563788,1.4275566219466818,2.669873045420898,3.4925243131778916,3.770067358696081
2014-02-25,0.4932257266322715,1.4099944605457733,2.649921680905039,3.4612458976647025,3.7346042251673817
2014-02-26,0.484635946220612,1.401339723024163,2.621350336653384,3.416147787516409,3.6838631609694823
2014-02-27,0.4514725497644587,1.324882425309701,2.565824389229779,3.391049680277622,3.6694753563598184
2014-02-28,0.4957284166003788,1.3887563334905746,2.614862453600682,3.4201578325148265,3.691551141227445
2014-03-03,0.4799802394382784,1.3471998257364517,2.5690936188722313,3.3770820548261957,3.649519361784858
2014-03-04,0.4601612119645679,1.3097703088788035,2.5340184101940597,3.3624198186094736,3.6424589297993264
2014-03-05,0.4432091140344063,1.293976569816028,2.5278103779629655,3.363372121901844,3.645846441758798
2014-03-06,0.4660090030196055,1.3260446840937838,2.5565645695944177,3.3855022419429086,3.665597695019448
2014-03-07,0.4832698477261345,1.3556305663676778,2.5797846143672665,3.3861039190347273,3.657876938776947
2014-03-10,0.4519790110898221,1.3591145658834982,2.5702937564919353,3.338113105301835,3.596023328946635
2014-03-11,0.471944364802221,1.3632468270510536,2.6059286246967046,3.4165352256223005,3.68947945777181
2014-03-12,0.4817217909844338,1.323365253124523,2.565411098696835,3.4019061048867383,3.6844218366301025
2014-03-13,0.4707396341212124,1.2981349929875383,2.5238191168103112,3.3521433341449014,3.632012104747502
2014-03-14,0.4763920221642781,1.2850159552416829,2.4999556159720413,3.32891357563471,3.6092863846157615
2014-03-17,0.4751484409653415,1.288300614207845,2.5102315908678747,3.3324144835165894,3.610005847811821
2014-03-18,0.4604176772338491,1.3167871704140044,2.529548388016913,3.315030399573599,3.579282996085553
2014-03-19,0.4592038563928557,1.367516985958808,2.586462426064368,3.3541033801654927,3.6117934154840015
2014-03-20,0.5006812927738746,1.4316739518074986,2.636199798314898,3.3875094645331205,3.6395697571489327
2014-03-21,0.4909230098525405,1.4050289006654406,2.6054025033268635,3.3552316794777326,3.606802151432731
2014-03-24,0.4747473947020317,1.4056729302381328,2.6174046872813443,3.368383785400176,3.620199333971695
2014-03-25,0.4582539340381686,1.3901180974197018,2.584433041344152,3.3178508078275963,3.563630928155294
2014-03-26,0.4368830618861974,1.3379785331692435,2.5649633773749656,3.333871074126554,3.591860215366255
2014-03-27,0.4156035192855842,1.3041110240766862,2.538099298916098,3.313309437436168,3.57343745395306
2014-03-28,0.4302061683070608,1.3212826542126663,2.5427384005054856,3.3082606790385345,3.5651060894115405
2014-03-31,0.4443051582562685,1.3368679462747828,2.5572517597304127,3.3217980806659377,3.5783097565449933
2014-04-01,0.4410112600338163,1.3430749034089065,2.5617445261844543,3.3231632920288647,3.5785894838727836
2014-04-02,0.4490929553650158,1.3524186446836026,2.5794976112808055,3.3499664348420786,3.608522705537832
2014-04-03,0.4346796873588197,1.332400670552552,2.565587492956777,3.339433940946398,3.5990955594295886
2014-04-04,0.3883149698214012,1.2487480986223662,2.510740465839554,3.315927482831465,3.5863807534245593
2014-04-07,0.3829539711401608,1.2370606740005012,2.5012770609099224,3.3101438509731085,3.5818845756595956
2014-04-08,0.4016413960924794,1.2735408059092546,2.5293314231910333,3.3295153031285714,3.5982868002427706
2014-04-09,0.4054003335728602,1.2825745891010245,2.5332345215352827,3.3277775566293157,3.594602070659928
2014-04-10,0.4028684847777359,1.2508759768753333,2.495347041959437,3.292655754699046,3.560555648121048
2014-04-11,0.4170886049855333,1.2575429100743154,2.491869884999689,3.2797606354166,3.544405277246466
2014-04-14,0.4099889039942948,1.246071446330374,2.4825532110151816,3.2750465053794233,3.541321649686698
2014-04-15,0.3944979504127275,1.2183802757662736,2.4563300842435227,3.2563266988782917,3.525297751777428
2014-04-16,0.3953887087850596,1.2020365934380433,2.428643589404655,3.2217470580332113,3.4883905311469494
2014-04-17,0.4416037252353071,1.245549102632637,2.440313287780856,3.2198452412502796,3.48218458721467
2014-04-22,0.4506261495019554,1.2634728697485915,2.459767561280737,3.2401974098846016,3.5028546006375016
2014-04-23,0.4496273898367207,1.258802831148154,2.446357371837374,3.217842974557055,3.477387144653104
2014-04-24,0.4645856202112615,1.2617807462938213,2.4392248374066785,3.209250154163589,3.468462741153993
2014-04-25,0.4356376670633697,1.236433864015245,2.4134108638094904,3.161629474252496,3.4128518820546017
2014-04-28,0.4434036428729424,1.2429585084019266,2.427612464720079,3.181320207017324,3.434390057828073
2014-04-29,0.4344883313858076,1.2389163787349204,2.437713114752788,3.207249678250472,3.465825924588505
2014-04-30,0.4252596176215242,1.1981351199204937,2.4159785033477297,3.2150880675391043,3.4840510763449952
2014-05-02,0.4396305746454985,1.1922385037563732,2.3877202587791606,3.1829164695231547,3.4509109609428616
2014-05-05,0.3976693023654292,1.1519895908443818,2.3734978879037785,3.1784997299609397,3.4495141024167433
2014-05-06,0.3956858200797857,1.1524928792430185,2.3492559274289775,3.1290766793023104,3.3913692328269693
2014-05-07,0.4161545137392508,1.1723028266800597,2.3791338735029877,3.1754017507789856,3.443530218888067
2014-05-08,0.39663515513414,1.124685741496842,2.3363858822485364,3.1469352738476015,3.4201767666243965
2014-05-09,0.4080353930756946,1.108424802846354,2.3256625519157312,3.155735883848807,3.4360488809270624
2014-05-12,0.4394241694470633,1.173281871089081,2.3579931914463,3.1536381128811155,3.4220239014825147
2014-05-13,0.4472695150339785,1.1308646631536892,2.314207497121961,3.150105049158614,3.43363052874077
2014-05-14,0.417932404429493,1.107517269321674,2.2754369346732135,3.0855737806150225,3.3597782475410387
2014-05-15,0.4540627349628057,1.1381457560343318,2.2934775475102063,3.1074899340472397,3.3835690185739487
2014-05-16,0.3986709624782545,1.1009254915883364,2.312643852910967,3.144767629368918,3.4260216174276055
2014-05-19,0.4428490466167964,1.129654110702628,2.3389807914096243,3.1814797646640245,3.4666691861778096
2014-05-20,0.4881857187837894,1.2205971002953948,2.408260061738244,3.222667490889406,3.498021027563077
2014-05-21,0.4687071511074006,1.1996751899147302,2.394055882400844,3.2075315494701298,3.4823309095373434
2014-05-22,0.4884578297655686,1.2122266988550052,2.379223729302929,3.183714472179716,3.4559095316089685
2014-05-23,0.4700017526030819,1.1902868013040404,2.358959896570184,3.165874259297965,3.4389330754938277
2014-05-26,0.3863521966523819,1.1178036684287471,2.3141759974226828,3.1245971418325342,3.398217260597526
2014-05-27,0.3947478198938405,1.0927685185377527,2.286485749776789,3.117754058222812,3.3992346973694527
2014-05-28,0.3795285987663614,1.0553003349599432,2.2390971474422985,3.0741456713029116,3.3573197131505355
2014-05-29,0.3859201428130863,1.0650687864593404,2.243520056353318,3.080978952948926,3.365295391606927
2014-05-30,0.391583977098719,1.082645528696318,2.2613298134851183,3.0987612366866273,3.3831220528197283
2014-06-02,0.3702743173984704,1.041961961808779,2.2436697004659827,3.107527722870866,3.4011939212716302
2014-06-03,0.3862688890909158,1.0830114335859484,2.2882972391256384,3.149941141102504,3.442741925113052
2014-06-04,0.3917790698898198,1.1042339387734277,2.3031734000168207,3.1591388805014136,3.450064210190934
2014-06-05,0.3085621193677266,1.0465276953142642,2.290754327643799,3.1648535702845058,3.4612972181022332
2014-06-06,0.2142712194701772,0.8806091678758659,2.1416002374445195,3.042833258960264,3.348835640450654
2014-06-09,0.2490543853890283,0.894372746319192,2.12880543639076,3.0216416617919992,3.3252522474212323
2014-06-10,0.3130456963918977,0.9449095591140164,2.1631625541540123,3.082268785458611,3.3968776126483116
2014-06-11,0.3170674830857098,0.9641909077205426,2.1705816444273394,3.09308700146139,3.4098410431430057
2014-06-12,0.2835709382826028,0.9584911761947374,2.1971372268233456,3.1429116747177117,3.467729820098848
2014-06-13,0.2366716064710861,0.9361660729732684,2.18326109633864,3.116132530928133,3.435526177495918
2014-06-16,0.2674991829694146,0.9540247861826804,2.156394759850209,3.0823110981765236,3.4012343661782443
2014-06-17,0.2954753510980641,1.0120181539936972,2.2118138409774053,3.123615609443028,3.437141439346944
2014-06-18,0.3159952850725087,1.013491325265969,2.2131212076860214,3.133913548962707,3.450927730879087
2014-06-19,0.3001852864607635,0.9410202776761754,2.1326217592741203,3.081210136546537,3.409724265621299
2014-06-20,0.3194703531692511,0.978476991521827,2.1778708080304954,3.12461609936961,3.4520332253720247
2014-06-23,0.295453112081022,0.9561132276864476,2.1580362210240667,3.0941926053325037,3.4170511853323364
2014-06-24,0.2783856626726191,0.915848325322342,2.122257721149242,3.085303936651098,3.4189213741526334
2014-06-25,0.2717089321631967,0.8868525910080933,2.0859431762013667,3.0425233148847997,3.373594552811831
2014-06-26,0.2645709773467537,0.8727885949786813,2.065188837809493,3.0153828298242376,3.344124753484247
2014-06-27,0.2558201595520923,0.9051225200933236,2.081665953765465,2.973965229072927,3.2801143621433555
2014-06-30,0.2536816463737033,0.9007970353356924,2.08997627410149,2.998185660630113,3.310128676847638
2014-07-01,0.2343660841812305,0.8806781108266204,2.076008186288263,2.99497501092574,3.3110127133734353
2014-07-02,0.238843832308337,0.9179998195632866,2.120914434088675,3.028081908517799,3.3391810178553185
2014-07-03,0.2161128928023803,0.8947771655597005,2.126016516481327,3.054441907201245,3.3726958703629784
2014-07-04,0.1874559144380665,0.8524064077624534,2.0869655339531477,3.0136053108746217,3.3308602382858985
2014-07-07,0.1897255380037013,0.8562968345156836,2.09425192022188,3.0246529837661953,3.3432682833444756
2014-07-08,0.2086639740397871,0.8711991416831939,2.0848402936103154,3.0041035604454756,3.3194259876519743
2014-07-09,0.2105014344396991,0.8800381414928129,2.1028631557763555,3.013731243801991,3.3252268072228452
2014-07-10,0.2265347373402377,0.9004680540208447,2.107800117154124,3.003201965371612,3.309260981128088
2014-07-11,0.2165598240190753,0.8854914780087721,2.100723023999717,3.0030417282930046,3.3114607600010046
2014-07-14,0.2190858491525382,0.8916370590872571,2.0954660512351353,2.976952941845616,3.277605029574172
2014-07-15,0.2056016485898109,0.8706706859050772,2.0628874706002645,2.9423393184517126,3.242676713931671
2014-07-16,0.2043680317143117,0.8581188211013959,2.046072770910776,2.917961278130358,3.2153891087088473
2014-07-17,0.1956974596449257,0.8436907580346897,2.0236426965002403,2.889298872736528,3.1845758438829557
2014-07-18,0.1872048102614218,0.8330735144826917,2.0082991563089063,2.8753201318143846,3.171353190772587
2014-07-21,0.1809945798200338,0.8177419238799111,1.993463355307095,2.8610524031195435,3.157222211723725
2014-07-22,0.1970781493728299,0.8163524734385579,1.9776210398018297,2.860019392786722,3.162732019629572
2014-07-23,0.1939145820029768,0.7957476041068112,1.9507672009709305,2.8362575693555008,3.14040817883442
2014-07-24,0.1947949374117072,0.816449551238783,1.977180745098324,2.864438740723473,3.1692008482019385
2014-07-25,0.1770891749912202,0.7880054776988032,1.946361988833864,2.8341746460221855,3.1392092375069947
2014-07-28,0.1707383531011057,0.7752627634577856,1.9248149578589544,2.811734091257678,3.1168524980320944
2014-07-29,0.1661577667442184,0.7611776004423181,1.900782888641479,2.782055193856522,3.0853275164056675
2014-07-30,0.1760978353518663,0.7807700884189561,1.9116598050301636,2.7833736275802794,3.0833064496734046
2014-07-31,0.2007944460785538,0.8266586860215881,1.9623827674504064,2.8382373161855012,3.139809519662718
2014-08-01,0.195505539404353,0.8395594622099907,1.9748762495587335,2.829832801937873,3.1230117398986943
2014-08-04,0.1810652270761483,0.8123881646027655,1.9319240079530644,2.7889538817700203,3.083789775018813
2014-08-05,0.1929703193764051,0.8399493722777951,1.9641531116860245,2.8321508239095095,3.1314560791019836
2014-08-06,0.1938246019600704,0.8565737888378013,1.960437081920869,2.7924737974610347,3.07824160122566
2014-08-07,0.1818042069187502,0.8443184914279271,1.9454679257395264,2.7729515998186853,3.057012050959038
2014-08-08,0.1821070510357465,0.8224190310326627,1.91088643462745,2.7431187490845184,3.0296689420164102
2014-08-11,0.1566129976705568,0.7999452326487688,1.90734838813066,2.7471295160434552,3.0357233125350875
2014-08-12,0.1563624892350485,0.7857756760189751,1.8894858638489884,2.748081298141001,3.044623913600469
2014-08-13,0.1580099352005071,0.7804012190864835,1.8871529582483169,2.7555528404781997,3.0559303214963784
2014-08-14,0.130900034017305,0.739583680234734,1.840393695705421,2.687972830101475,2.979825963401069
2014-08-15,0.1249780655456742,0.7109732177272736,1.7988309621542298,2.652884867540062,2.9480316717308908
2014-08-18,0.1448230546613604,0.7469090764668529,1.827391514890876,2.676822089782197,2.9707179696647628
2014-08-19,0.1172472042463859,0.7371278609811593,1.8358896753375025,2.6630812372937265,2.9467807563979487
2014-08-20,0.1157850031164482,0.7181849498060622,1.803612350129591,2.6220046112069952,2.902664196765845
2014-08-21,0.1163876377075485,0.7227756597425579,1.803390112068325,2.6119285657044893,2.8888661003873826
2014-08-22,0.1032312715617678,0.7116216160209419,1.799360830912839,2.600743519393401,2.8744521524501327
2014-08-25,0.0625513300198399,0.6352102729888394,1.7235069651889656,2.541308154333392,2.8213423666212685
2014-08-26,0.0852442848692032,0.6347031267738377,1.7030708265019694,2.5182830684180884,2.798082559014209
2014-08-27,0.102363125293257,0.6044873859702893,1.6368487095822264,2.456425035069907,2.7396329965505664
2014-08-28,0.1353987643059113,0.65186245765263,1.66475401414388,2.458077976015849,2.731668608808194
2014-08-29,0.1391795346196112,0.6453864335234805,1.651336938327856,2.471573151417251,2.756934598105133
2014-09-01,0.1178748079328411,0.6495349163678696,1.690211330408637,2.5115545316938865,2.795326976180065
2014-09-02,0.1271488192748009,0.654968105713797,1.7078345692471046,2.560317955484497,2.856408978453417
2014-09-03,0.1362078132113637,0.6659612374192072,1.7260745366470056,2.5936834217788873,2.895764938527901
2014-09-04,0.0687224029872659,0.5746709544448994,1.6528110475847535,2.5891441066403855,2.919944806811452
2014-09-05,0.0539702627150244,0.5230735157367441,1.6007509709942287,2.5601990678018236,2.9007369969520265
2014-09-08,0.0581672559533998,0.5290947508135613,1.5983926242019535,2.5525292903703316,2.891553220794738
2014-09-09,0.0925414502728028,0.5922318012238588,1.7005093362430663,2.70135657224621,3.0585277810550333
2014-09-10,0.1156851222909729,0.6273153841189689,1.7357490068077794,2.736201226047821,3.093435378061727
2014-09-11,0.1213376074194343,0.6358795866760598,1.7334056614502984,2.720889871724967,3.0733633440434804
2014-09-12,0.1459286324674806,0.7041482870192795,1.8078645161736988,2.75383938362846,3.087487338596272
2014-09-15,0.1238977336233606,0.6857502950865513,1.8051512838641877,2.731977710828072,3.055734656074406
2014-09-16,0.1363080590531211,0.69563742551634,1.8251406449528431,2.7592677759558617,3.08529998365237
2014-09-17,0.1164658148575448,0.6501089387174304,1.7717088303052169,2.715313221227754,3.0457400198958946
2014-09-18,0.1338724578167465,0.6844705131347695,1.799463514799438,2.731291180834745,3.0573779776876036
2014-09-19,0.1222370539137092,0.6219900147721926,1.7102266518121825,2.6798586810211837,3.0245403829012214
2014-09-22,0.108663699840573,0.6198479168960223,1.719536663100219,2.6616730316372856,2.992962880441977
2014-09-23,0.1277773295357729,0.641190173800462,1.7359205122136725,2.6675868936619604,2.994632990081037
2014-09-24,0.1327177808530031,0.6063549359337124,1.678034109008422,2.6401799179350167,2.982386428696686
2014-09-25,0.1140468660726732,0.5991555818201793,1.6898641742496698,2.6367855902988993,2.9704489514923953
2014-09-26,0.1131823623491552,0.6119279266956958,1.7008931274265464,2.624198695879953,2.9477765608995616
2014-09-29,0.1257979614876987,0.6324902262137702,1.711804770683572,2.617460018148099,2.934199809009158
2014-09-30,0.1127476960323239,0.6007787273726581,1.6815400494191106,2.5984642535705667,2.9197138794510664
2014-10-01,0.0986054695647027,0.568750481547017,1.6320416354627527,2.5510742688925805,2.8744915352684943
2014-10-02,0.1099936108622401,0.5946292347989175,1.6622111075665469,2.579785770501643,2.902440619963459
2014-10-03,0.120547943669182,0.6067640969126007,1.6661255355219555,2.5742358826209935,2.8934121852173225
2014-10-06,0.1186895851211584,0.6027180335421392,1.6576424633291236,2.564585190756253,2.8836069303317107
2014-10-07,0.1342488367309808,0.615526913756522,1.6647301596291015,2.572907918736246,2.892908476063084
2014-10-08,0.1377496638459945,0.5994924642123358,1.6453735938137255,2.5575919234992104,2.8792534861877765
2014-10-09,0.1404070558731707,0.585099456190969,1.6216283558349058,2.538305328757621,2.862470783342479
2014-10-10,0.1420351072268548,0.5939329569472651,1.6316851958559797,2.5387080127927413,2.858554883592322
2014-10-13,0.1616033046334752,0.619203926207561,1.6538725280024913,2.5652289687293197,2.887402988311968
2014-10-14,0.1555714778479178,0.5877884649656853,1.6091897102714396,2.532506197255206,2.86088535033762
2014-10-15,0.1813758292012686,0.6050427813162678,1.596072385668016,2.4811535593803287,2.794795390298165
2014-10-16,0.2647384887357891,0.685337570795939,1.6315537665978583,2.513974164036396,2.8308937262889837
2014-10-17,0.2138531111213026,0.673724732244958,1.7093314204565138,2.609372704845342,2.9262173719325957
2014-10-20,0.222619197395625,0.6965473233057988,1.730894264669712,2.622869634835805,2.9365081054366784
2014-10-21,0.2107507766160363,0.6795295185733412,1.7305882295141677,2.624080067337882,2.9368671816733563
2014-10-22,0.2083580606625883,0.6704758839650911,1.7211203218863638,2.620614123276368,2.935951021395298
2014-10-23,0.2275043747204908,0.6944536220010349,1.74067914021583,2.641820492343456,2.958308527998484
2014-10-24,0.2178926431365901,0.6798570018031089,1.7286217998115945,2.6265371794658097,2.941307734769381
2014-10-27,0.2358228485447036,0.7011582135483891,1.7313927114544434,2.616350614474072,2.92701020710295
2014-10-28,0.2443663754826115,0.6770253989204988,1.6892645904784889,2.6017104284125128,2.9256717981914684
2014-10-29,0.2429747671661744,0.6639861381029686,1.679973488146798,2.5943977085483874,2.918582063923807
2014-10-30,0.2458868683128638,0.6564626682990244,1.6512997130223344,2.564657086304565,2.890264775546699
2014-10-31,0.2159119180011579,0.6123770263933714,1.6014564115480736,2.5094998258841548,2.833005416222816
2014-11-03,0.2287612970404993,0.639805634162153,1.612534116918888,2.524645565650665,2.852324616629919
2014-11-04,0.2218900225723974,0.6369968659034662,1.5908208575085698,2.4976713564077615,2.825437389457217
2014-11-05,0.230028020291094,0.6621251348808297,1.626579630754791,2.5286347557522184,2.8532857948398367
2014-11-06,0.2033269008620806,0.6359208167362809,1.6147867664017737,2.5379263278751507,2.8710740009299025
2014-11-07,0.2102324446132684,0.6373739067969346,1.6184232412828248,2.5442284901463887,2.878121289744612
2014-11-10,0.2098677772424864,0.6285341559207875,1.601714082867316,2.5432629138964105,2.8855917539179905
2014-11-11,0.197669081392533,0.6157034601057685,1.591755001492004,2.532322999339428,2.8738235262698177
2014-11-12,0.1968136995503666,0.6116099135618676,1.5762881525811956,2.507119203002394,2.845303183301228
2014-11-13,0.2034638745165864,0.6218241684429309,1.5874745710260658,2.5118610552945215,2.8468376725547015
2014-11-14,0.2001931059422297,0.6132192349538279,1.5772290292832043,2.5094396271755564,2.848297315250729
2014-11-17,0.2072650960853312,0.6198722933048302,1.585159340528275,2.5130512105442975,2.8495285535334096
2014-11-18,0.2080891920766046,0.6019858075745397,1.562654531689434,2.5085054323154887,2.8536960223239696
2014-11-19,0.2264958834981101,0.6314414859491535,1.6021548621565262,2.5449339758070337,2.8874972888602715
2014-11-20,0.2144919427190696,0.6081566141924224,1.569552704067716,2.5171731110186784,2.863073773972545
2014-11-21,0.1907142633441889,0.5676697200148411,1.5260285724412128,2.479371851712597,2.8280036642006174
2014-11-24,0.1758038301634421,0.5432912952021951,1.503459794504321,2.46694775523323,2.820065911849918
2014-11-25,0.1748136044712041,0.5282673341149859,1.4758668574017229,2.444056475595477,2.8008289537017883
2014-11-26,0.1829178812072793,0.5341671946994175,1.4669128498669863,2.416262203348687,2.765648992405354
2014-11-27,0.178948292758978,0.5147715063848892,1.4117923450386307,2.346082469285462,2.6928691009054817
2014-11-28,0.191474264499508,0.5078287628051452,1.376586902066176,2.311031295072832,2.661657040487756
2014-12-01,0.1973358878696718,0.507091690151702,1.3591785563845526,2.283540187332342,2.6314640045297755
2014-12-02,0.1955132661239549,0.5210027109766298,1.3926002580839256,2.3164907269103283,2.66155046854814
2014-12-03,0.1827211842540332,0.5093811484028077,1.391024125203451,2.315513601594671,2.6593076437664456
2014-12-04,0.193151609985005,0.5116684913398224,1.4015796384051669,2.3209199913244936,2.660126524922741
2014-12-05,0.1929535026525553,0.502933549881984,1.3780534850280546,2.2974155785806767,2.638606671745233
2014-12-08,0.1938368502324916,0.4975601476021865,1.3613284112708897,2.265705070054463,2.600739144284054
2014-12-09,0.2190653980978574,0.5183414563772146,1.358777454302114,2.240512973455333,2.567306851077628
2014-12-10,0.2411166690367778,0.5392086887122023,1.3808876592504102,2.2561036333718896,2.5791038464896343
2014-12-11,0.2389626794520136,0.5437610343826993,1.3654228035874532,2.2230820950062755,2.5407415863842675
2014-12-12,0.2474764562568587,0.5466395912701305,1.3440416052063604,2.199365480052875,2.519604254126252
2014-12-15,0.2609819930249379,0.5511210590523739,1.332994800024899,2.1826874749362046,2.5020807235437
2014-12-16,0.2688411541526285,0.5551708927905583,1.3236698017149884,2.142107331535513,2.447191088179241
2014-12-17,0.2582476573262546,0.5425060256047978,1.3016033634906543,2.129135901334275,2.440709617653527
2014-12-18,0.2155669281187968,0.5103239705849276,1.3028453107319606,2.151735156019422,2.469591728474785
2014-12-19,0.2111796289715268,0.5057733245954221,1.2950843941224015,2.1544673369110425,2.478571026040545
2014-12-22,0.1969896489626794,0.4927169078631035,1.2814142153264625,2.1411148580443475,2.465794687459048
2014-12-23,0.1828256359205902,0.4868140474152778,1.273250571108239,2.1296003981044116,2.453748937142662
2014-12-24,0.1804456601205313,0.4854242697809514,1.2738054147929088,2.129490215333348,2.452984504546662
2014-12-29,0.1920696542635624,0.4778040796536906,1.2642689090060557,2.1101906082311697,2.427315012889144
2014-12-30,0.1609307123673904,0.4491355581979643,1.2275259884535554,2.086352247931061,2.4126724169172378
2014-12-31,0.1562541822468954,0.4465019892085333,1.228449039529,2.0858998500432397,2.4109460357037693
2015-01-02,0.1168762378386905,0.3969635145388306,1.1582995708316766,2.0248783878810386,2.3595843975487516
2015-01-05,0.1280246259762698,0.4112692101818354,1.1647972426826223,2.021210324997739,2.352066689426158
2015-01-06,0.1299253431692886,0.417790391627074,1.119840048244681,1.9154654763525023,2.22468922479307
2015-01-07,0.1394100295610094,0.4756246528154033,1.1887644664898431,1.9781985959658748,2.2861358903547893
2015-01-08,0.1385302479918237,0.4852585914115508,1.2110677890152337,2.0102354712622628,2.321714457068553
2015-01-09,0.1351210384941961,0.4864550299809345,1.2357332455038534,2.0577076334488114,2.3767967388777427
2015-01-12,0.133066016578919,0.4513955775290608,1.1694600977114646,1.9828555787553872,2.3018060824447457
2015-01-13,0.1204900979604559,0.4379117345953762,1.132063309694214,1.9377738446429935,2.2600375560372865
2015-01-14,0.1109255008515646,0.4072703704557465,1.0865672086065885,1.8979270586734804,2.2260639251598735
2015-01-15,0.093351192134552,0.4047465470287346,1.0879588979621069,1.9099173397343367,2.2475544669109992
2015-01-16,0.0707451958563627,0.363356115854577,1.0362699360029597,1.8621924015103,2.2042076983369694
2015-01-19,0.0718924566734617,0.35334449334926,1.0251496756310878,1.849379852977158,2.188130162383985
2015-01-20,0.0838794222025409,0.3743061190127168,1.0399786264188895,1.857032802099724,2.194781214737428
2015-01-21,0.0909062034778127,0.3986646750147731,1.0754451159733485,1.8903336617330435,2.225193231536315
2015-01-22,0.040051095281818,0.3694448691500671,1.0909750473062587,1.924291824684808,2.2602202292345965
2015-01-23,0.0338270010243988,0.325641147112762,0.937251579978609,1.6436230696585596,1.931266783526336
2015-01-26,0.0629987266803624,0.3442731679215356,0.9307058826181986,1.602110513636949,1.8724520341918351
2015-01-27,0.0724140148004739,0.3615031278942151,0.949595766256996,1.6134469625702383,1.8791138976429065
2015-01-28,0.0812936315562371,0.3626312095664499,0.9623328366063646,1.632204430555519,1.89588993701718
2015-01-29,0.063000128672094,0.3683698845071319,0.9433045078304412,1.6250417080502615,1.9168593818559865
2015-01-30,0.0616521644436787,0.3401581125866855,0.9420221949494092,1.6063747231964522,1.8661739574033347
2015-02-02,0.0510336671348117,0.3274689198836853,0.9172513809924112,1.5526631196685483,1.7984218508378724
2015-02-03,0.0405332404355736,0.3372225879342121,0.93698792115302,1.566719901354546,1.8089635642065591
2015-02-04,0.026606064906808,0.3299328522095681,0.943567461512302,1.5724482596846254,1.811424333868376
2015-02-05,0.0220196020477043,0.3316315748042502,0.9459930323789384,1.5694759196342236,1.805885584722576
2015-02-06,0.0186061708967795,0.3303032795002352,0.9490991374439012,1.5663652544881734,1.798315177370855
2015-02-09,0.0397370674074792,0.3640276830672526,0.988793042598946,1.6123511224737248,1.847240237714604
2015-02-10,0.0331003089408561,0.3725312457644225,1.0080853512728618,1.62282750474062,1.8516510605700387
2015-02-11,0.0388332452934037,0.3783997743080132,1.0078307969363172,1.616965775392973,1.8439590814642015
2015-02-12,0.0282151079990908,0.3611201215706217,1.0034135321817494,1.6123800539046411,1.8361806353644845
2015-02-13,0.0243710550030726,0.3415336288197643,0.9800620377449468,1.591545145422932,1.816395324913786
2015-02-16,0.020458129118019,0.3616656641750708,1.0248985590227777,1.621168379778371,1.835475868404466
2015-02-17,0.0179303342710319,0.3649115167958321,1.0295275157296615,1.6240308444943232,1.837541013680624
2015-02-18,0.0259449932275863,0.3900220307254844,1.057470468602701,1.6540362621295095,1.8688814642153804
2015-02-19,0.0310073699056445,0.3832765127440005,1.047526672553424,1.6479123706779566,1.8645489221221077
2015-02-20,0.005800169907701,0.3322886629913757,1.0109640020818018,1.631635603072381,1.8552518497063737
2015-02-23,-0.0009050311780081,0.2997177072536185,0.977568760407201,1.6729610924183205,1.9345755772119757
2015-02-24,-0.0018821592872759,0.3096562860021201,0.9746442999117252,1.66672574759742,1.9307637227336252
2015-02-25,-0.0064236807237172,0.2876521403137282,0.9333621443246294,1.6203676697336786,1.884852229843096
2015-02-26,-0.0371381105681623,0.2411835025085746,0.8586944271093193,1.5244753057447036,1.783414705761202
2015-02-27,-0.0379168459757348,0.2413451206528609,0.868160405488374,1.52786834132649,1.7803970703326986
2015-03-02,-0.0357519280856672,0.2387074755403748,0.8699298776052355,1.5343496467086482,1.787861018271105
2015-03-03,-0.0254333837694886,0.2690781548152952,0.9132424064128416,1.5785431436410575,1.8310797776716223
2015-03-04,-0.017114604441569,0.2866189424892216,0.9257249760058306,1.5929552784794372,1.848915104992118
2015-03-05,-0.0508121636938607,0.2389813910469751,0.8770253724367638,1.531606867532576,1.7795651738080809
2015-03-06,-0.0559145904994213,0.2309644009412856,0.863666877215314,1.492112056585627,1.7263069015522967
2015-03-09,-0.0343359829985789,0.2114727317807201,0.8268162168777948,1.4681579164187155,1.7095558024422022
2015-03-10,-0.0504795842345462,0.1321313532151222,0.722720509907913,1.3948119150268656,1.6539972205666928
2015-03-11,-0.0713833261388758,0.1656994798471398,0.7013203611615575,1.237641892723036,1.4382610318582087
2015-03-12,-0.0697202749978762,0.1761728650570138,0.7008433209421892,1.211692080504327,1.401278097262182
2015-03-13,-0.0647660037293178,0.204382972097612,0.7327719667463448,1.2382451335738098,1.4259237695640656
2015-03-16,-0.0616539613240627,0.2120371852515532,0.7203182551798175,1.195784427782108,1.3715814587827246
2015-03-17,-0.0373666697460803,0.2514550112506271,0.7736819669921475,1.2585076844748464,1.4372286244654542
2015-03-18,-0.0292450591485708,0.2564745591617878,0.7795046324765682,1.280038017903787,1.4671366217578885
2015-03-19,-0.0164147575055357,0.2440444120894991,0.7548915674434742,1.2634300812861627,1.4553995945382194
2015-03-20,-0.0554018584916926,0.2225872457946938,0.7429429371737308,1.2578543569151726,1.4544561042363569
2015-03-23,-0.0411160417048197,0.2575680140078749,0.7841035917977717,1.291690828702048,1.4842496242640837
2015-03-24,-0.036496811222924,0.2685496970579848,0.7998171748438923,1.3103988704397906,1.5040966244171257
2015-03-25,-0.0372625922626124,0.2749462256157162,0.8118967917745978,1.3230460431659177,1.5163079767666012
2015-03-26,-0.0545845718800626,0.2728028843193204,0.8156912686009994,1.313934979684047,1.499966563768937
2015-03-27,-0.0598665608153812,0.2689962274812121,0.8197796753490314,1.3278946180106153,1.5179589684319
2015-03-30,-0.0437278177610167,0.2609340551339105,0.795345558816785,1.3098135599077718,1.5051395719585736
2015-03-31,-0.0814284499664665,0.2224025720284999,0.7675613756742958,1.2889786877662357,1.48635552776974
2015-04-01,-0.0841822153155869,0.2204963883032888,0.7464223322697423,1.236309641784998,1.4205006342180666
2015-04-02,-0.080273298125963,0.2297815635826943,0.7639959207381857,1.263182973250966,1.4511998152160404
2015-04-07,-0.0857538883063533,0.2151250161709672,0.7449756898079265,1.2467972819883175,1.436826902121724
2015-04-08,-0.0954440903000728,0.1970205165137191,0.7413882633255584,1.2787610024611935,1.4859382050401022
2015-04-09,-0.0969633120550632,0.1976002969190329,0.7482302903146367,1.2937191071627758,1.5043797835303527
2015-04-10,-0.0980699154485655,0.199215023628362,0.7536734138060828,1.3017616985976446,1.513222936390028
2015-04-13,-0.0883370028847876,0.2071940051045881,0.7516550932032917,1.2881892802425567,1.4950347211380506
2015-04-14,-0.0894321508292304,0.2087177784106639,0.7570209050916326,1.296367373388962,1.5041347207825666
2015-04-15,-0.0745575695772364,0.2042794654580557,0.7347262042772611,1.277638899480174,1.4906973719733618
2015-04-16,-0.086831872277477,0.2081786696992384,0.746014069500208,1.271406670773851,1.4731686575150436
2015-04-17,-0.0731956081399634,0.240170836217608,0.7893418353287887,1.3148354382118843,1.5149813693671934
2015-04-20,-0.0681060786976841,0.2307793531448148,0.7718686302748914,1.3074453940599913,1.5147685084449352
2015-04-21,-0.0716284229057286,0.2395924317345024,0.7985589698464111,1.3472298476969358,1.5587486843649314
2015-04-22,-0.0720007146680474,0.2328900361166948,0.7845160016444774,1.3289836178696666,1.539433689195075
2015-04-23,-0.0599531660369532,0.2237349150260676,0.7829333852599802,1.3501498712810358,1.564313603846224
2015-04-24,-0.0601324850847824,0.2232399529307489,0.7999680762724495,1.3710794296522997,1.5831349564096668
2015-04-27,-0.0557717696027051,0.2175893211967015,0.7842867912940292,1.3686522521499225,1.5889926511207717
2015-04-28,-0.064700587011151,0.2072579113359669,0.7769213788924123,1.3620613918218325,1.582117806764217
2015-04-29,-0.0450504922677126,0.2878918729745088,0.8909668214691173,1.4995077091083493,1.7309273572264994
2015-04-30,-0.0315484019863632,0.3277099860291148,0.960610762073669,1.577398097690808,1.808404119197653
2015-05-04,-0.0347237486122118,0.3526170532116257,1.0078644987958842,1.6203770843554937,1.8463150971469624
2015-05-05,-0.0215612341484821,0.4397503937522824,1.1452480642944387,1.7812405329140386,1.9989105232424
2015-05-06,-0.0166563066654976,0.4816807836431582,1.250067585050738,1.9259928426618889,2.1425910209353987
2015-05-07,-0.0294560739087526,0.4705111451574861,1.2396322800509676,1.9038690076560352,2.119514363995507
2015-05-08,-0.0375327266264058,0.4351406556193531,1.1877155561951582,1.844620196695474,2.0444884957644716
2015-05-11,-0.0373555128671654,0.4477665931130978,1.2248232536202934,1.890935457488479,2.085664024658018
2015-05-12,-0.022770130987066,0.508270193296676,1.3397647814775642,2.034461356468974,2.2239622824532015
2015-05-13,-0.0292423576471154,0.4812981164637708,1.3021253360825948,2.008983238146615,2.2091831499121906
2015-05-14,-0.0292903100129233,0.5000160271239924,1.3450308194483522,2.081908683890802,2.3083444829682813
2015-05-15,-0.0420326963516881,0.4683209078196579,1.2893545082126217,1.9944834368187976,2.2022216239507975
2015-05-18,-0.0332726274081309,0.4926178152889129,1.3349619698672175,2.052360812159545,2.2455479305415658
2015-05-19,-0.0516047738304195,0.4623523449127535,1.2944749663999635,1.991466110764268,2.179894270868151
2015-05-20,-0.0571510374540018,0.4557162391955494,1.2848025969999384,1.9695102995090792,2.151305339741743
2015-05-21,-0.0558191659614824,0.4703659617189402,1.3029891798364217,1.991426219557664,2.1895620913366907
2015-05-22,-0.0528431867364922,0.4699719632181391,1.2935984403967709,1.983141937331565,2.185911610479108
2015-05-25,-0.0508363026426899,0.4645935779123995,1.2923141221299943,1.9856907334391856,2.1748929391332608
2015-05-26,-0.044332456618882,0.4838013548646103,1.3093973997079438,1.9954031860880803,2.1937946032473343
2015-05-27,-0.046359045206767,0.4654791558964533,1.279053608638261,1.9584660499446065,2.154714521303422
2015-05-28,-0.0426700137195741,0.4638244925250898,1.2613399229490465,1.9343623269954993,2.133921299464875
2015-05-29,-0.0426486869792306,0.4635537185404388,1.2533338264230256,1.9143402730046617,2.119510939858192
2015-06-01,-0.0410850570787548,0.4650303131452418,1.2678696474267015,1.931639637085402,2.113517008190166
2015-06-02,-0.0056347224458157,0.5754072400044024,1.436106135400454,2.095085003627342,2.255762571929351
2015-06-03,0.0105007716664164,0.6262882793908684,1.5664371582338088,2.2808612276266356,2.417435140196214
2015-06-04,-0.0093311585828654,0.6227984896632464,1.560142313258325,2.2453536825855345,2.3960865513239824
2015-06-05,0.0054539058625717,0.6754197139789451,1.6284482390985513,2.3086433380718,2.4684714191985684
2015-06-08,0.0118076854687032,0.6927640974895208,1.6610795187937342,2.352422294999722,2.51423974715504
2015-06-09,0.0233336815241962,0.7258740295998081,1.727355587080364,2.44099837857614,2.597404704676232
2015-06-10,0.028480719904099,0.7267768286490615,1.7532262683325204,2.493993024075899,2.6382120248218026
2015-06-11,0.0202200024547867,0.6911798377841762,1.6467844748762932,2.365663245815526,2.55839562727585
2015-06-12,0.0693784236905381,0.7354956441199274,1.7193511543092068,2.4459752227086486,2.557845421294937
2015-06-15,0.1252561061935839,0.799072709867426,1.7515279588375403,2.4551558344721887,2.5612302528332194
2015-06-16,0.1285874407895288,0.8048990475330768,1.7227907181243474,2.4189845413490705,2.6028645262279824
2015-06-17,0.0897107793001321,0.7737451769540762,1.7122409295340812,2.4024778863595024,2.5777703358286006
2015-06-18,0.0808461601925714,0.7467125959314309,1.677848717354662,2.357765348704538,2.5142279174394293
2015-06-19,0.0772575587759876,0.7267015364034837,1.673672323092923,2.36797144515805,2.479841777271674
2015-06-22,0.0590124261228002,0.7065578690734071,1.6694301010627657,2.3931210568205774,2.526984561307253
2015-06-23,0.0349076367764222,0.6641357402033918,1.6359625445820765,2.3803458899494174,2.506229366175985
2015-06-24,0.0419157090213531,0.6565018416974144,1.6246145478456455,2.381689155058263,2.502207706815496
2015-06-25,0.0220157407029519,0.6496624937025217,1.6411703764219077,2.4084797556174795,2.5341788886345578
2015-06-26,0.0238666095450401,0.6638252209533047,1.6949896577031025,2.478677402888108,2.5638789359501857
2015-06-29,0.086537089639858,0.7298954362840533,1.7219832912265556,2.4966199329321075,2.587210648120567
2015-06-30,0.0745175184269983,0.7023201780558335,1.6935096342274107,2.4787316327751174,2.542065089261998
2015-07-01,0.0562858738892648,0.692216610374377,1.692131571351016,2.488273830260445,2.5830036176303226
2015-07-02,0.0577476106234975,0.7179764674391258,1.7506079244269035,2.5578489993339595,2.6436151779242207
2015-07-03,0.0494777673528856,0.703053311499076,1.7244879808104798,2.5113675270178852,2.599763094920469
2015-07-06,0.0651593367099181,0.7142164029839844,1.6973729891917184,2.4639641353677533,2.594603212401336
2015-07-07,0.0539582152849211,0.6708230576280609,1.617934023946054,2.3621195136638473,2.4820575179374993
2015-07-08,0.0435578758644847,0.6545891963503117,1.586020368725782,2.303205309361571,2.412060141859545
2015-07-09,0.0300490841778344,0.6323047453953201,1.5953872206350326,2.3445043523070783,2.4087362550836264
2015-07-10,0.0251843466076406,0.6678266590310589,1.688379022461497,2.4508500550930528,2.5061280843041054
2015-07-13,0.0095025770300001,0.6408978205335831,1.6863167029227275,2.5042565435454467,2.5464153323293663
2015-07-14,0.0040994953113191,0.6169152093078409,1.6362052498695974,2.465633900845349,2.5465234440487015
2015-07-15,-0.0186964999307779,0.5665679434339435,1.532015453303929,2.3310883576729537,2.4720041402253408
2015-07-16,-0.0153634265903246,0.5731160420897439,1.5381464883734657,2.3418311462212262,2.4877549072208573
2015-07-17,-0.0350182355893311,0.5230674529562354,1.4591968475372197,2.247410679847487,2.3880449467985176
2015-07-20,-0.0479629562717462,0.493209742326016,1.420239715344776,2.2109952474742975,2.354393275937393
2015-07-21,-0.0395025198069554,0.5197065448287734,1.463496264110944,2.249910326494911,2.383674795878993
2015-07-22,-0.0397094068514558,0.5141425802160295,1.4516064939402096,2.2383052037799267,2.375639179125969
2015-07-23,-0.0447678891775122,0.4978678428189234,1.4248047139118896,2.206274655486393,2.3444672627605607
2015-07-24,-0.051741642683873,0.4775302336407474,1.385337718558528,2.1459944850267743,2.2761483409212415
2015-07-27,-0.0360459053835251,0.4901665332891802,1.3761908027244658,2.1252012543791015,2.2614754128178536
2015-07-28,-0.0505756070924103,0.4838283581052849,1.402844664128967,2.1604073070455083,2.2672845147447065
2015-07-29,-0.0534012175412073,0.4853019512188457,1.4137200085026986,2.169912884618011,2.2707893324153554
2015-07-30,-0.0662835712641198,0.460731993498781,1.3777638218573944,2.1290514602018593,2.231428171789055
2015-07-31,-0.0665786890924469,0.4502641285888238,1.3511724279277093,2.0856933460391485,2.1834830616976646
2015-08-03,-0.0603020707113328,0.4453794119655523,1.327779694169699,2.0627161127140283,2.169760265877928
2015-08-04,-0.0727467772930836,0.4415530872137925,1.3432271979352297,2.0858380293248917,2.1871079646363025
2015-08-05,-0.0568001200920242,0.4957924281962729,1.4383708220691016,2.2031581913515463,2.319938850798475
2015-08-06,-0.0706467239356811,0.4707476544429809,1.4271036906143575,2.2006880808942686,2.271191645571979
2015-08-07,-0.0804761313302337,0.4455325138847552,1.3941621958321964,2.1765586806845914,2.253523304508187
2015-08-10,-0.077730734842313,0.4475722756615852,1.3868196720746155,2.157144716601813,2.232215415890634
2015-08-11,-0.0837645811974399,0.4189907994290376,1.3400485314800097,2.101838436751926,2.163009412154228
2015-08-12,-0.0845573424527943,0.4202901018753149,1.3396426636616,2.0889496109601744,2.1431595460574355
2015-08-13,-0.079232206997279,0.4401941344702074,1.3497681329367597,2.087528922951993,2.1870113797289843
2015-08-14,-0.0780859510287603,0.4435329874595908,1.3723772394330975,2.113324406309806,2.168707322980656
2015-08-17,-0.0764057195989433,0.4309790104167561,1.3246414356811815,2.052536938718468,2.1502022392616276
2015-08-18,-0.0609668702635071,0.4598460591991244,1.356051694000291,2.088408792505271,2.190828509458176
2015-08-19,-0.0557644702660287,0.4715469966982013,1.3768274165101977,2.113740127720174,2.2141976130594507
2015-08-20,-0.0655168042697074,0.4330336968280903,1.320102780653169,2.0658551701383168,2.1515992860135
2015-08-21,-0.0489157696126492,0.4724160436548725,1.3621170655469292,2.088350417717926,2.166317732666159
2015-08-24,-0.0402213708348568,0.4762616654009513,1.3516288319898295,2.0585426184399704,2.131199089446678
2015-08-25,-0.0259081808696155,0.5430340491272858,1.487555676941195,2.2377146384750386,2.3165641039085187
2015-08-26,-0.0153998510268715,0.5538531171711849,1.5088038168492997,2.2649880161918112,2.3042094620657787
2015-08-27,-0.0151069227529658,0.5421133011996115,1.467286463760594,2.234210303251825,2.336059612565223
2015-08-28,-0.020756209830604,0.5251061449060437,1.4353959351478398,2.1891807935767673,2.2775320456296635
2015-08-31,-0.0157776384659769,0.5391417231451641,1.4622908752968795,2.217891465289444,2.319350823147479
2015-09-01,-0.0091626927881538,0.5756344863616647,1.5289377485914866,2.2961328030334887,2.392374537751797
2015-09-02,-0.0127792218094775,0.5771004510022291,1.5404122475998818,2.304432371384257,2.3931401158514403
2015-09-03,-0.0437545756041606,0.5237841178160121,1.4930373748612311,2.2720517600796537,2.3443464589545693
2015-09-04,-0.0582209374465483,0.4882971297476093,1.441601358192969,2.2167444610335316,2.29181009388624
2015-09-07,-0.0543720672486864,0.48251971658207,1.442881130841723,2.2445360289221323,2.3112058568004343
2015-09-08,-0.0581395475664319,0.4711005154421723,1.4156113825937542,2.228882265188245,2.348684948956154
2015-09-09,-0.0597180888196158,0.4830887459584403,1.436768485793115,2.2463927594608037,2.3882294780077578
2015-09-10,-0.0584451960207967,0.4753879627138495,1.416138364554545,2.2138658765773833,2.3535622398907066
2015-09-11,-0.0541597113139991,0.4764566279939224,1.414037963039812,2.2119100595723076,2.352601844934375
2015-09-14,-0.0560719970981367,0.4683463808840287,1.3945124091148156,2.220467268549136,2.41152383657644
2015-09-15,-0.0466811711899746,0.500063897336469,1.443435949208789,2.265163367412658,2.447996900963483
2015-09-16,-0.0376051181458478,0.522361877434939,1.4769703508654857,2.294605133718317,2.47134959053567
2015-09-17,-0.0217146460952628,0.537437340671719,1.4806283573965704,2.3011647294207194,2.487809649435907
2015-09-18,-0.0508229797087489,0.4527541661169376,1.3405543787820893,2.145541292116512,2.3331469190928473
2015-09-21,-0.0412023287583016,0.4723799925184551,1.3745656502832606,2.19269991325689,2.382019294577865
2015-09-22,-0.0563687072840632,0.4378691615841816,1.3260902675889312,2.151776438357647,2.3511774995685473
2015-09-23,-0.0551765044382301,0.4381251316476025,1.3189530687896769,2.1324616176122166,2.3281139488182605
2015-09-24,-0.0572137589909802,0.4291176921803625,1.291778354341245,2.080849685722658,2.268877093762762
2015-09-25,-0.0452701424879933,0.4684793757295011,1.3666486124583894,2.172145122189683,2.3534391801832024
2015-09-28,-0.0533320971294628,0.4442056880738558,1.3251587232159352,2.130371041686404,2.319049827833097
2015-09-29,-0.0532408001883375,0.4451030159177414,1.3123815318754986,2.106797442464984,2.2984074373920578
2015-09-30,-0.0538422821738562,0.4395476835859728,1.303380580777242,2.0942936031481754,2.2965381545830024
2015-10-01,-0.0712698795957615,0.404013429769936,1.2525780865916722,2.0522507945658433,2.2665855870000025
2015-10-02,-0.0890144652041797,0.3586066696482,1.1935231481919235,1.9993899583749908,2.1982774672238072
2015-10-05,-0.0841902754210925,0.379327419475695,1.235544882510359,2.0530971099880873,2.2498458581197243
2015-10-06,-0.0715039349438262,0.4160789588437588,1.297941520662727,2.1230491288962323,2.314737265435955
2015-10-07,-0.072549170838239,0.4148475420771618,1.2949429961733117,2.1114913966866684,2.298241715717224
2015-10-08,-0.0809628122418244,0.4008336443938365,1.2663779783569993,2.07277798432615,2.2719634853775386
2015-10-09,-0.0764828946756859,0.4152145559361724,1.2890941650075245,2.092494406438977,2.28705843663909
2015-10-12,-0.0780591972689075,0.4005469693573804,1.261325600336047,2.063936311125006,2.2638360331118124
2015-10-13,-0.0735320460455444,0.4064344820362198,1.2662703541429146,2.0796983533259876,2.2889718442822655
2015-10-14,-0.081054277797361,0.3847273619402074,1.2404978656730885,2.052813770658201,2.259763783158351
2015-10-15,-0.0872113494215778,0.382957171740319,1.2416800188103032,2.0567843989197847,2.2655227065174435
2015-10-16,-0.0879436617582225,0.3782108076318593,1.2329870885505638,2.042092874775234,2.248148503656754
2015-10-19,-0.0890194122578069,0.3728576196801629,1.222365618463975,2.041326440847591,2.269709173758126
2015-10-20,-0.0648181072655225,0.4222926396289974,1.2807096485161544,2.1019871033720587,2.320557017966098
2015-10-21,-0.0759775926569332,0.3854825804639912,1.2449978339114862,1.997116664446408,2.2653305368094427
2015-10-22,-0.1226902610233242,0.299911430864789,1.1601982361920582,1.9208998602352017,2.1915872689983673
2015-10-23,-0.1372417435974586,0.2761873428214159,1.1543618839525864,1.906808425076183,2.171329822099113
2015-10-26,-0.1360973287171543,0.2589206748852977,1.1212638235934476,1.8995734259761523,2.177208205963372
2015-10-27,-0.1467793325080677,0.2274224425864357,1.0741578484212546,1.850891753982594,2.1289158569788036
2015-10-28,-0.1472857684186976,0.2313332214973122,1.080546242611228,1.852763607148011,2.1285119142387288
2015-10-29,-0.1354953933154998,0.2622683281930342,1.116341245166777,1.8805774259857069,2.1525949283841004
2015-10-30,-0.1278404658842475,0.2786816444221216,1.1472851889809172,1.915164784611664,2.187488482078941
2015-11-02,-0.1204374851534382,0.3163691704841653,1.1975889809800169,1.979201936337121,2.257633827532086
2015-11-03,-0.1229221626075975,0.3050853838596836,1.1903516493896689,1.9836198753938628,2.2666910012616683
2015-11-04,-0.1351793328622825,0.2893667736507019,1.1836617096123003,1.9898726570563796,2.277974577982558
2015-11-05,-0.1265698562752923,0.3132487608181851,1.2272044878482538,2.0483649894355027,2.341608950533294
2015-11-06,-0.0975363023331237,0.3696914375533744,1.3067651012949533,2.1440425668002527,2.4429198104049097
2015-11-09,-0.1043108235857257,0.3639225806860615,1.3337520538340994,2.2154816251592853,2.5316606037561646
2015-11-10,-0.1324717591691318,0.3062388823077402,1.2800784747320515,2.1788945927887196,2.5017134749824637
2015-11-11,-0.1435335900946874,0.2862160349829459,1.243418505617953,2.135389509708408,2.457062895758698
2015-11-12,-0.1513205214385706,0.2770591320888496,1.2195291648712168,2.113572602539042,2.4384242078936937
2015-11-13,-0.1546256208908154,0.2447604967720575,1.1765862915981868,2.0546366328707117,2.3713903644586884
2015-11-16,-0.1526290698500378,0.2495294044876779,1.1734366320845735,2.03755505562869,2.3487258817101044
2015-11-17,-0.1589212197906491,0.2411503987421976,1.1676594570892913,2.0308748306783633,2.3412246952170515
2015-11-18,-0.163589130213051,0.2290822265126468,1.1455775685991298,2.005741290727935,2.315728748659444
2015-11-19,-0.1686526848235523,0.2176403873235362,1.105349085001165,1.9415508750906765,2.2435586602368076
2015-11-20,-0.1758547774880305,0.2023938809350642,1.0822176014763771,1.8977331878793509,2.190319649289642
2015-11-23,-0.174780738832899,0.2337142185553347,1.130400590950754,1.9454012547070425,2.236822490316588
2015-11-24,-0.1668125910660496,0.2158819254818169,1.1151295995285135,1.9458855491780107,2.243313321299071
2015-11-25,-0.201452635260777,0.1617563747040407,1.0619389447589818,1.899494215466837,2.1995267506601386
2015-11-26,-0.2057962890279157,0.1661871435863524,1.0648981815365417,1.9152050483076928,2.222138591448936
2015-11-27,-0.2065986030545943,0.1444336097375949,1.0297051498816714,1.8879539364289588,2.199606071773714
2015-11-30,-0.1977466954778464,0.1654993650278324,1.050381937060826,1.914935827084959,2.2303816903781484
2015-12-01,-0.2043041315018161,0.1615156626807348,1.052236828484598,1.9355627516659624,2.2596308298685197
2015-12-02,-0.2207916017319782,0.1378735925637517,1.0384826065326296,1.927971988486408,2.2536162648206934
2015-12-03,-0.1288497817367453,0.2755304904162781,1.175223536542636,2.0566388468144075,2.380114471043097
2015-12-04,-0.1037371204995274,0.338625936550315,1.2502728105662593,2.096188417488402,2.4018306097662485
2015-12-07,-0.1197936658770952,0.2790847458210415,1.1716283543624997,2.02160861486802,2.330047029366385
2015-12-08,-0.1290391545510214,0.2682484610653652,1.1438528806160493,1.9669749100280869,2.264552683049995
2015-12-09,-0.1294295687560769,0.2666042906362804,1.1455598602657189,1.944314246141528,2.22952832281869
2015-12-10,-0.1290711848100638,0.2542241334033264,1.154807446436065,2.0069056459468446,2.3146772669714575
2015-12-11,-0.1344764755748375,0.235647578888603,1.1209934428457444,1.9670187434005928,2.2734027285501615
2015-12-14,-0.1112268795778934,0.2808902534286943,1.182695122686611,2.0167250371826726,2.3155794360910034
2015-12-15,-0.0972365371635248,0.3359441541319512,1.2603922763745654,2.082512671747912,2.3743865295255095
2015-12-16,-0.1045810025736582,0.3364083274477831,1.2661467872881431,2.084896554708423,2.3749243751369007
2015-12-17,-0.1192893412976303,0.3142882097658752,1.2211574875104372,2.036096620247094,2.326814082391934
2015-12-18,-0.1246920126181407,0.2733168399709829,1.1702191910076527,1.9713515103097483,2.2554034649893473
2015-12-21,-0.1235946330619732,0.2825325674602261,1.183542132601537,1.986596374705197,2.27138161461039
2015-12-22,-0.1238650684139965,0.3058789264923813,1.2124387137142074,2.023509918397516,2.312146732704404
2015-12-23,-0.1238032628315455,0.3310151521672289,1.2563864704406609,2.0844390085664974,2.3795965326486757
2015-12-28,-0.1345649126502746,0.3124647279241532,1.2392595537774564,2.0596898328285835,2.350833975325483
2015-12-29,-0.1324706465358556,0.3253245570994973,1.2690757712945206,2.0980416298278945,2.391549089752419
2015-12-30,-0.140507695655021,0.3096479103449816,1.2600313810178436,2.1139969055987677,2.4181947173934333
2016-01-04,-0.1633441742641999,0.2675070716240864,1.1946421646122438,2.037665602792336,2.338857531494505
2016-01-05,-0.173586966350939,0.2469275320629638,1.1798498568136626,2.0355713770161388,2.341834695801681
2016-01-06,-0.1836534529685813,0.2261879345846562,1.152161664052314,2.0086010136792374,2.315735950831471
2016-01-07,-0.175649067572154,0.2619696134479294,1.2014083625657932,2.062171514290695,2.3707018764297763
2016-01-08,-0.1761909189884978,0.2406834307312824,1.174616809955534,2.038110132083381,2.3476813243464676
2016-01-11,-0.1698620556057513,0.2713377731683408,1.216366160481729,2.070950341070229,2.3758879234527086
2016-01-12,-0.1632684178385961,0.3029614639925544,1.2494795813212187,2.0910010572520146,2.3905067682765133
2016-01-13,-0.1707941459829758,0.2736538783124995,1.194595807813661,2.024140714636079,2.3204127971991855
2016-01-14,-0.173835597107562,0.2592374823467516,1.164167800488328,1.9911659725616688,2.2878735695791153
2016-01-15,-0.1813656670947985,0.2492631431720209,1.1495708630184245,1.948393429057236,2.232280891865088
2016-01-18,-0.1698447697525953,0.2580776500709074,1.1607956726912736,1.9706160728601327,2.2592342027024306
2016-01-19,-0.1644442143833604,0.25639181302747,1.163472410597672,1.9764308574124132,2.2657869569444378
2016-01-20,-0.1648285998843501,0.2533411948216404,1.1561621469760412,1.9590986743198584,2.2442624678872436
2016-01-21,-0.2071189728229256,0.1981202253370408,1.0903185417052343,1.8935277727544424,2.1798967604671384
2016-01-22,-0.2037660904590907,0.2096744801149501,1.1338135125845108,1.9502900000997363,2.239395341909497
2016-01-25,-0.2038731748973195,0.2076135142077326,1.120358634751513,1.932704978727648,2.2211145924745295
2016-01-26,-0.2106237728124931,0.1782284429953975,1.0798531458963518,1.890954528055687,2.1793741687881933
2016-01-27,-0.2002689908174133,0.1866938766891674,1.0842698358986622,1.892830095977335,2.1804827856852578
2016-01-28,-0.2157117541520516,0.1620147591132497,1.0396271104922803,1.8456237843125336,2.1343357195101293
2016-01-29,-0.2361495337811661,0.1120929627668001,0.979923622251718,1.779366668174719,2.065053610563872
2016-02-01,-0.2364817923744659,0.1160945098894412,0.9814404460628632,1.7843189915603015,2.0721419201698037
2016-02-02,-0.2383530555312774,0.1087175751304894,0.9728599771621972,1.7816962871044466,2.0722728329211013
2016-02-03,-0.2423305179025128,0.1115643715473897,0.9768397007676768,1.7836111892773676,2.073327233201432
2016-02-04,-0.244593512662897,0.1281073637555962,0.9908478039179184,1.783108238718131,2.066932393868796
2016-02-05,-0.2435600465609066,0.1337730020449665,1.0002142317212055,1.79424298501997,2.0786092178727005
2016-02-08,-0.2300193812081339,0.1575056828456933,1.0094324296730963,1.7771811933986943,2.051021020912827
2016-02-09,-0.2179767554614802,0.1905538397183921,1.0491346594578983,1.8134117967641663,2.0855281322170023
2016-02-10,-0.2303468223785181,0.1607549530312688,1.019846855304836,1.8033628499563972,2.0840964167484186
2016-02-11,-0.2162952094275905,0.1737779976613289,1.0194825114193409,1.789066903395898,2.0647880498527313
2016-02-12,-0.215567879610429,0.1773917697180511,1.0150876929954098,1.7769635924481877,2.050117257321833
2016-02-15,-0.2224544203442811,0.160358081769246,1.0057065740358837,1.7770960749325857,2.053545722124664
2016-02-16,-0.2070847241401008,0.1830166861337119,1.0424964219321904,1.820662533537503,2.0986694591416915
2016-02-17,-0.2108244972638502,0.1675402242983494,1.0151406017210336,1.7934914890894675,2.072723207509969
2016-02-18,-0.242103201496473,0.1429687120155236,0.9579937149521448,1.7361072320580684,2.021853401785399
2016-02-19,-0.22450099108433,0.1377555687812091,0.9565233734026002,1.7161660875110485,1.9896507008572224
2016-02-22,-0.2230652707391467,0.1159947367132527,0.9353111830163146,1.6937390590092405,1.965414282381179
2016-02-23,-0.2105981272727977,0.1379639336445031,0.9572800149945015,1.706757853098413,1.974410335453597
2016-02-24,-0.2270126935010648,0.1048864188011364,0.8974274756940703,1.6412047104911625,1.9092072076396385
2016-02-25,-0.2335350450003979,0.109480155111294,0.9124923440132876,1.665171549475318,1.9366292922946091
2016-02-26,-0.2523311948787228,0.0885263648033518,0.8982718064686992,1.6738428064000583,1.9561284189391135
2016-02-29,-0.2636634682060101,0.0519201755839411,0.8639937377700582,1.6270741631209615,1.901340561904416
2016-03-01,-0.2772145923838565,0.0283552666931683,0.8783797219960281,1.676810861895961,1.962692268003118
2016-03-02,-0.2732237155226915,0.0553955961702765,0.9300127475874644,1.752626387693764,2.0479091028195167
2016-03-03,-0.2880450877620397,0.0465082125068594,0.919092174816928,1.7359691427141928,2.0289199908532645
2016-03-04,-0.274134494442201,0.0649826628399878,0.9374603378385188,1.755810999693603,2.049503594952535
2016-03-07,-0.2711354625873401,0.058692350401813,0.9305431811353831,1.752908202007089,2.0481525288894535
2016-03-08,-0.2830224833956158,0.0290553593590221,0.9052283158965791,1.7421059813831814,2.043132738038515
2016-03-09,-0.2701239983425232,0.0665252582271627,0.93303453471459,1.7561875367131248,2.0528746839165923
2016-03-10,-0.2732997400822636,0.0317008495144399,0.8697586648259295,1.6902164351435816,1.988132117777318
2016-03-11,-0.2368115739329628,0.0704304880549706,0.9073375009317796,1.7172298034831934,2.0098942844216947
2016-03-14,-0.2394815183493062,0.0568614264816407,0.8869521182582103,1.6962355625980372,1.9889802164275996
2016-03-15,-0.2213125948477508,0.0953336075950517,0.937948670030269,1.7390904029483734,2.0269094707526247
2016-03-16,-0.2207839526381789,0.0816191215438859,0.9106443299846356,1.7138303175489202,2.0038206175272526
2016-03-17,-0.2356652600476589,0.0600362622155952,0.8658206238497339,1.6516911011595572,1.9363221298679272
2016-03-18,-0.2340110265008448,0.0415385371334444,0.8396589781767716,1.6072090602913565,1.883012484124198
2016-03-21,-0.2338289170613166,0.0536884145548022,0.8590727670685183,1.623936271675317,1.8980089961689268
2016-03-22,-0.2347702521731456,0.0490410854454985,0.8426137519333095,1.6108341027775075,1.887773614846698
2016-03-23,-0.2383258577794258,0.0677017376529676,0.8698092084998121,1.6338694978734285,1.9087471095946036
2016-03-24,-0.2334733183244477,0.0537190312266542,0.8345738132046883,1.5950324044740012,1.8702287346721111
2016-03-29,-0.2428473830694457,0.0246908433747972,0.7866585858980777,1.5435564750471,1.8189181503419072
2016-03-30,-0.2478431630612441,0.0347386124123278,0.7941498799236859,1.5456888824675774,1.819681108248659
2016-03-31,-0.2503165987294853,0.0310047064822587,0.788075253211149,1.538339451625522,1.811773921329248
2016-04-01,-0.2588263722311481,0.0190923336214314,0.762825757500317,1.507474588254365,1.7800587708374636
2016-04-04,-0.2573278183680756,0.0381183293921747,0.7750022989015326,1.5084312710626309,1.7775746824482503
2016-04-05,-0.2564577728888118,0.0265761690441177,0.7554933705719513,1.487637323642887,1.7567049892076088
2016-04-06,-0.2573559402229577,0.0404322215945729,0.78050901086106,1.5230336671312017,1.7964310860319914
2016-04-07,-0.2542456887169066,0.0520593994216813,0.7962242792883218,1.531731254471854,1.8013063666549587
2016-04-08,-0.2623693881256699,0.0357210882268717,0.783408078467347,1.529220199241609,1.803092256129488
2016-04-11,-0.2562217334417074,0.043868492178996,0.8164129548480243,1.5737395675209007,1.849306456235302
2016-04-12,-0.2575904176960808,0.0404513066898637,0.8298380900367848,1.6053613179584842,1.887256429929924
2016-04-13,-0.2581010814381521,0.0446736338630948,0.8107327328984422,1.5760467412774537,1.856618855798505
2016-04-14,-0.2618878448179362,0.0533356418425565,0.8224927079743134,1.5838352025152584,1.862593434362216
2016-04-15,-0.2644702227539479,0.0413038492833273,0.8148727590493321,1.5724310680734366,1.84793083197616
2016-04-18,-0.2568885938663392,0.0455232714636864,0.8252300072190026,1.5866405530865575,1.8628824207517505
2016-04-19,-0.2609648588437743,0.0585893551021179,0.8573446048538278,1.6344392787153137,1.9165002253743308
2016-04-20,-0.2579543765308472,0.0485526299821152,0.8370543793293326,1.6162072921223882,1.9001819036258232
2016-04-21,-0.2591673248634976,0.0811995836456382,0.8865673678590698,1.6816535608289866,1.972951655509025
2016-04-22,-0.2474931552575778,0.0855385778885864,0.91941680245679,1.7145527337490902,2.000866860177876
2016-04-25,-0.2462315059351372,0.1130370016550301,0.9667879548979323,1.7767612599345854,2.068691018939372
2016-04-26,-0.2448548287936383,0.1152038817272451,0.9736810718026624,1.776686380315768,2.0646742557280704
2016-04-27,-0.2491701521601346,0.1096607122559767,0.976811321304691,1.787219676987298,2.077688108006636
2016-04-28,-0.2585440246173167,0.0898110177138526,0.9410448556696204,1.756611766376749,2.051235651535193
2016-04-29,-0.2596803183772564,0.1153292018308231,0.9702500759210206,1.7733749095867828,2.0626568604524658
2016-05-02,-0.2624378995195826,0.1064590993266456,0.9441255456445754,1.7423335037072785,2.03139885617099
2016-05-03,-0.2858506483607037,0.0732803954976262,0.8881848384514397,1.6808519198468947,1.9702601061207932
2016-05-04,-0.2852102260276723,0.0896460446811122,0.9145830605998856,1.712576526025675,2.0039208526583723
2016-05-05,-0.2925607711993763,0.0802271137142121,0.8992148428609443,1.695857229179985,1.9874683730218732
2016-05-06,-0.2968028910612847,0.0710738320064745,0.8849418555366633,1.6830247218597765,1.9759547601354488
2016-05-09,-0.2944860652903642,0.0591180755242266,0.8687154938285717,1.6690827493885123,1.9628875678713784
2016-05-10,-0.2973979425120596,0.0465334324056403,0.8436216071111007,1.6406805318941045,1.9342953079886016
2016-05-11,-0.2991750831440001,0.0474825384763679,0.8631227317558698,1.6799503673320686,1.9809674230417853
2016-05-12,-0.3051000361514582,0.0695986465206282,0.8927997127398015,1.7005837759432687,1.9973968938187945
2016-05-13,-0.3042453975338546,0.0528974434733058,0.8619475871648206,1.6724619966550618,1.9719252339430056
2016-05-16,-0.2939137518920898,0.0637724193184325,0.8705393909400669,1.681774238112571,1.9818041249705851
2016-05-17,-0.2970419463836506,0.049994075670483,0.8442697870025153,1.6560211709179091,1.9579333138899464
2016-05-18,-0.2911679311406736,0.0761714848395129,0.8847836363247215,1.6975855696119009,1.9986795419174912
2016-05-19,-0.2891295985139237,0.0685098164896249,0.8674778081455914,1.6772293085083758,1.9778852431299407
2016-05-20,-0.2930857128493649,0.0757583761717253,0.874776900988782,1.6792505708433092,1.977877026553436
2016-05-23,-0.2962779711435441,0.0735186326712327,0.8729010785673275,1.6771929954469833,1.9757580259560608
2016-05-24,-0.3013578618958679,0.0595753820938522,0.852959670724271,1.6629957401930398,1.9653012172505244
2016-05-25,-0.3092263061121478,0.037491030774694,0.8167954015876582,1.627469741828058,1.932314085262948
2016-05-26,-0.3194170758284382,0.0329070854705904,0.8147685400361695,1.6238045728558117,1.927813535461824
2016-05-27,-0.3189551872262033,0.020540264849302,0.7969654019679115,1.61025958457442,1.916751663398372
2016-05-30,-0.3068265316795653,0.0433961270817775,0.8360234552163934,1.6425402713412574,1.942514382374172
2016-05-31,-0.3013635706170419,0.0457656364153287,0.8308882651866094,1.6286787771339686,1.9248715908259832
2016-06-01,-0.310327355134893,0.0313158946720655,0.8078896880066404,1.5977287934112532,1.8911017527284344
2016-06-02,-0.307220191865726,0.0396743774748706,0.8119798825735494,1.5947315156148738,1.885438609499048
2016-06-03,-0.3162408519923811,0.0132423319649248,0.7695369475810931,1.5375404681692828,1.8224079070017432
2016-06-06,-0.3079679956336854,0.0149894683355,0.7726990616819425,1.5336012398707175,1.8139142024708157
2016-06-07,-0.3123631425583308,0.0131204356233887,0.7549816812435246,1.504049698347658,1.781190488890032
2016-06-08,-0.3015704344566892,0.0041679496457689,0.7471658413940823,1.4867348683962982,1.7580241487363537
2016-06-09,-0.3155320949062883,-0.0114318570918197,0.7000831407221559,1.399405117585843,1.6556117450320995
2016-06-10,-0.3101644269890755,0.0129020576045526,0.7146414447605292,1.395298350506613,1.644733396853387
2016-06-13,-0.2796166453468558,0.0337812024134436,0.7419341489054991,1.432119541892685,1.6846952433970237
2016-06-14,-0.2700415443344912,0.041186960622273,0.7563847681123281,1.43293025145387,1.6776887491803318
2016-06-15,-0.2706765253482217,0.0315542546114251,0.7521591033135451,1.4378986486427117,1.6860854342329552
2016-06-16,-0.2724970703577245,0.0695570824500428,0.786107207208282,1.4448162292034925,1.6825653824308031
2016-06-17,-0.2945522297198621,0.042207024156184,0.7629350546835676,1.4484311680627475,1.6989285457885193
2016-06-20,-0.3039373857170648,0.0114796069973106,0.7447581037332407,1.4492375663609989,1.7058828479125414
2016-06-21,-0.3040916972439031,0.0093678083203734,0.7477035462474122,1.4536433286867094,1.7101266327053004
2016-06-22,-0.306382168900452,-0.0005764129565708,0.7436576826215795,1.4633099280514452,1.7252295287811976
2016-06-23,-0.3030157701748965,0.0114502593766676,0.7458916319381386,1.4732565928040957,1.7411754849460823
2016-06-24,-0.2982878038795693,0.0022373580878571,0.7241769881500426,1.388081646564939,1.6251879138635847
2016-06-27,-0.3311985027920769,-0.0203888175291222,0.6614197465121681,1.2790828516368546,1.499561520362346
2016-06-28,-0.3523730647507541,-0.0580960541926884,0.6167242463985918,1.2500252288893767,1.4781516087046334
2016-06-29,-0.3686697877137206,-0.0871413518850712,0.5772132330706627,1.2127688879671656,1.4428532841850572
2016-06-30,-0.3844466126402341,-0.1015827987728279,0.5621013067526643,1.191042299271932,1.4181325286703337
2016-07-01,-0.4104308389298801,-0.1460081201129348,0.5094976287805739,1.1549762058596738,1.3907236067171245
2016-07-04,-0.4100657889977928,-0.1458119759836282,0.5167705383013077,1.1711198399604612,1.4098804023299123
2016-07-05,-0.4080947273925783,-0.1557900095632796,0.5027345605579887,1.14761250595717,1.3817453711662449
2016-07-06,-0.4128846947817752,-0.164054437039157,0.4800193929772884,1.1063231789659702,1.333358277062232
2016-07-07,-0.4001430363594966,-0.1450053487450908,0.5050229097574706,1.1373608584939952,1.3666922198281184
2016-07-08,-0.4071536362353747,-0.1759133195108457,0.4646318268068681,1.0937820241267735,1.3219817959511668
2016-07-11,-0.4053579153046911,-0.1716162213470884,0.473928288088933,1.1051295760872015,1.3337073680374505
2016-07-12,-0.3905259905739804,-0.1557443163140739,0.5063089595819541,1.1536598374188696,1.3878086434049544
2016-07-13,-0.3892430787549354,-0.1649850532065109,0.4789477805059583,1.1223583540519106,1.3565368440757504
2016-07-14,-0.3783429318798283,-0.1378398659817623,0.5240283220745443,1.1814428798294545,1.4209444617047335
2016-07-15,-0.372774841150532,-0.1337411560950432,0.5415692170359483,1.194716047065299,1.4301166427240388
2016-07-18,-0.3714379451788812,-0.1439384503460434,0.5380244466805735,1.193948589545068,1.4293778825262344
2016-07-19,-0.3690854658064033,-0.1434604660915184,0.5287998916734873,1.1825937485684743,1.418066780555244
2016-07-20,-0.3614729181756502,-0.1328784997656029,0.5388127745453959,1.1942360417549551,1.430715987945843
2016-07-21,-0.3610953788958078,-0.1234795519715259,0.5574008147016274,1.200471957322677,1.430409719674692
2016-07-22,-0.3618549894596228,-0.128766242741241,0.5492888613816049,1.1792544996800491,1.4032424628727882
2016-07-25,-0.3622376638892781,-0.1401689650542401,0.5222167687150296,1.138721366987939,1.357816226313561
2016-07-26,-0.3573002351007517,-0.1380500721937583,0.5237752503010595,1.126713876632437,1.339653546192352
2016-07-27,-0.3653098738391325,-0.1486850807715161,0.5021831611841989,1.1075352038293156,1.3226639062449923
2016-07-28,-0.3661137592945316,-0.1444944717984757,0.4984825574948885,1.092230837233395,1.3030246249655568
2016-07-29,-0.3765862025904329,-0.1618360889681103,0.4686271878214212,1.0580460206793898,1.268197512024024
2016-08-01,-0.3877035099667427,-0.1648851334973873,0.454414335275195,1.048295351821074,1.2620001290311451
2016-08-02,-0.3742837998676265,-0.1263428329726608,0.5125407476681048,1.1150098151956258,1.3312561124373468
2016-08-03,-0.3833064744400385,-0.1244001089314288,0.5059165949855666,1.097986210813815,1.3107549284777007
2016-08-04,-0.402704384773676,-0.1590324826458573,0.4640274171925878,1.075900053915852,1.2989838340873607
2016-08-05,-0.4023697538393822,-0.1625911538024667,0.4684976092179669,1.0886208068538732,1.3144475297986662
2016-08-08,-0.3957763805244756,-0.1590795299936722,0.4781332663291486,1.1018757096854643,1.3282280600767478
2016-08-09,-0.4050885128969739,-0.1765699050798126,0.4504088812632654,1.0780044891413445,1.3074834474117425
2016-08-10,-0.4149089848374885,-0.1965504331477205,0.4144682796507926,1.0379108241583608,1.2673671408078695
2016-08-11,-0.4142981164453552,-0.2065074408910305,0.4013706371171706,1.028395344969034,1.2596253926717518
2016-08-12,-0.4091034306321646,-0.2004547978740252,0.4074558036147317,1.0343201561149602,1.265456876571807
2016-08-15,-0.3987829119230266,-0.1805346975255286,0.4375103867226837,1.0676637071611643,1.2991628319157251
2016-08-16,-0.3975589066064255,-0.1711202244177592,0.4525705078111368,1.082891406015385,1.313892323520366
2016-08-17,-0.3977447857644502,-0.1650734544734362,0.4600324796182242,1.088276580230059,1.318341905008361
2016-08-18,-0.4216470142761128,-0.1884327728930301,0.4147445698647036,1.039375488103091,1.2720808577590526
2016-08-19,-0.3993577439743028,-0.1722032746172139,0.4494360117543472,1.0701518884876435,1.296740695278253
2016-08-22,-0.4079776304818434,-0.1796329360206083,0.4397006891196291,1.0366052488144617,1.2518674849244058
2016-08-23,-0.4007739278247406,-0.1873740476386096,0.4380636076187123,1.032524800214654,1.2452166465113677
2016-08-24,-0.3987386323306374,-0.1834876248799748,0.4477837109908034,1.0442268801735866,1.2572911761070862
2016-08-25,-0.4012674302272518,-0.1731610137385075,0.4695223331715388,1.074635596878458,1.290931346527402
2016-08-26,-0.3982282635626593,-0.179485937536926,0.4602678565600495,1.0632541052786535,1.2785560240528988
2016-08-29,-0.3998447243243497,-0.1832489738977791,0.4683009679944501,1.0829550122505855,1.3023478847902583
2016-08-30,-0.4053587599648498,-0.1822244160755968,0.4458535060731705,1.0563405806476616,1.2767749682649128
2016-08-31,-0.3960871984920526,-0.1782511002779099,0.4600853974141401,1.0695659523402066,1.288062123888977
2016-09-01,-0.3843969299615697,-0.1402621116800713,0.508175507019673,1.136619487196862,1.3637755118820905
2016-09-02,-0.3916588177528854,-0.1470507225550861,0.5048683299104804,1.1403911042564232,1.370581725499826
2016-09-05,-0.4009378073879457,-0.1556758248661029,0.4870564714051655,1.137729535690179,1.3765947888576933
2016-09-06,-0.4194181881246432,-0.1905537693888863,0.444992514959952,1.08982718191869,1.3261920530171944
2016-09-07,-0.4407799175721312,-0.2107631859776102,0.401115607113673,1.0272264368846042,1.2587136826421537
2016-09-08,-0.4164261273450567,-0.1873185449442864,0.4358339035410399,1.0962014116531886,1.3434161599499612
2016-09-09,-0.3779190731964679,-0.1357185995973395,0.5412066889950706,1.23440162263862,1.4893358583481198
2016-09-12,-0.3606422609497635,-0.1115019203876954,0.5665167607110204,1.2517682770469714,1.5027983525922877
2016-09-13,-0.3663007890475178,-0.1097167520954727,0.5703305507923648,1.2511885334583717,1.500087466852833
2016-09-14,-0.3694669309334308,-0.1201272255231025,0.5760458558645691,1.2675163282688031,1.51881543856588
2016-09-15,-0.3785170086785339,-0.1035848235526071,0.6044630955173931,1.312456634530911,1.57152001439227
2016-09-16,-0.3838780727260982,-0.1222256980525244,0.5830809391695047,1.2931975492760692,1.5531873251111783
2016-09-19,-0.383112524513935,-0.1269355022736462,0.5742190872178066,1.290100916545457,1.5530445609791743
2016-09-20,-0.3938669681147715,-0.1499755960222142,0.5284153570538646,1.217492917580932,1.4699508878027356
2016-09-21,-0.3935386842988819,-0.1333629206991577,0.544528239338776,1.2255705495782134,1.474903541545809
2016-09-22,-0.4129420411205622,-0.1890111982562725,0.4632365598043639,1.1227843218682567,1.3635889245401378
2016-09-23,-0.4028819521333755,-0.1804219306276824,0.4827423989014399,1.131453113131585,1.365633650123876
2016-09-26,-0.4027721065944387,-0.2006248356379547,0.459036178074145,1.1094253470122912,1.343795937375163
2016-09-27,-0.4149921606113125,-0.217722083428157,0.4482623873907396,1.1023701416517993,1.3375783861990964
2016-09-28,-0.4242990140178033,-0.2242605103115273,0.4322487585471517,1.0911438982773416,1.3297847846284785
2016-09-29,-0.4163339528303158,-0.2008384864175081,0.4613810401456231,1.1109370217969694,1.3449211902251514
2016-09-30,-0.4212131176631981,-0.2142261614622747,0.4399811713366484,1.090837942542612,1.3261669634183495
2016-10-03,-0.4313653333696496,-0.1898759288185445,0.4587113341660958,1.1139061543837043,1.3533465917887626
2016-10-04,-0.4312484106761793,-0.1782895748747979,0.4853009345304766,1.151466327690414,1.394670930960742
2016-10-05,-0.4394309817020367,-0.1322034258162592,0.5425558322512032,1.2319378099570484,1.4896447510462003
2016-10-06,-0.4181323836535728,-0.1141009669955028,0.5748577081160544,1.260412296914441,1.5130131845150627
2016-10-07,-0.4176214917530565,-0.1224228642304474,0.5742003250015513,1.267528329021084,1.5222517139274738
2016-10-10,-0.4084536709018458,-0.0996808871374046,0.611476077819213,1.3096129606562203,1.5647858908170265
2016-10-11,-0.4192428452167007,-0.1103481339587109,0.6003585125765332,1.2988216779777826,1.5543331596682042
2016-10-12,-0.4156216299909108,-0.0810438804512383,0.6348801167979969,1.3244780217525416,1.576115049485293
2016-10-13,-0.4169537648625621,-0.097623818498528,0.5914456153747079,1.28387938853973,1.5403557860164354
2016-10-14,-0.3917703573671716,-0.0931970160965693,0.6072366749748488,1.3143463351194071,1.5753728160809204
2016-10-17,-0.404565503303754,-0.0914808075054747,0.6135385629219172,1.3175867745964265,1.5771203837792511
2016-10-18,-0.4094781924779127,-0.0972232516640883,0.608197472775589,1.3071527873799762,1.5639734851578222
2016-10-19,-0.4159912747833516,-0.11297965781357,0.5831706372743195,1.2848785842485944,1.544326715890056
2016-10-20,-0.4108888646230593,-0.1027771742622452,0.5813527732118677,1.2670541783553286,1.5205211036053674
2016-10-21,-0.4035793136321324,-0.1155238176918178,0.569813484165822,1.2469127469254864,1.4934314339175532
2016-10-24,-0.4008522862909576,-0.1142023230520568,0.5721828947002914,1.262499774479268,1.515314726321281
2016-10-25,-0.3966762432777795,-0.1009099736406557,0.5919743091955407,1.28399705261289,1.5369903438432964
2016-10-26,-0.3827517219494609,-0.0556028932549583,0.6565391961626057,1.348749584552782,1.6004420725138533
2016-10-27,-0.3583132508514879,-0.0274367112684021,0.733787393727229,1.4412338968541292,1.6940147708247308
2016-10-28,-0.3345862874026224,0.0214582769755811,0.7642293772268021,1.4762070163708896,1.7346925290624324
2016-10-31,-0.3295036154995099,0.0100408364297219,0.746634286334638,1.4497490051270008,1.7039529874424335
2016-11-01,-0.3314256043664976,0.039660018723957,0.7975646649682391,1.4985302833508536,1.750328643631919
2016-11-02,-0.3535819924706569,0.0130497506725095,0.7541321381286172,1.4508076373815406,1.702935039559518
2016-11-03,-0.3642252789509843,0.0205704285608625,0.7767389514050596,1.471100010365738,1.720712929777235
2016-11-04,-0.3717338430343702,0.005190685224516,0.7541929654056396,1.4460520796119178,1.69502978892338
2016-11-07,-0.3605584517656464,0.0098946891007063,0.7732524364310862,1.4860492916600094,1.742588641390766
2016-11-08,-0.3588804677890529,0.0087979644732563,0.7709644466069348,1.4824729976557252,1.7383736693334215
2016-11-09,-0.3676940133345354,0.021985342939029,0.807744737491805,1.5357341459094878,1.7974904375231886
2016-11-10,-0.3536251813989928,0.125155747678157,0.9706944323735592,1.7016814034257233,1.9609958191130636
2016-11-11,-0.2985642532129695,0.1774091091721796,1.0122285587190003,1.7497512404244002,2.0131340629772168
2016-11-14,-0.2613719615875318,0.2428226978493342,1.088723460179427,1.83777333378034,2.1060809746076647
2016-11-15,-0.3001637961674568,0.1918403847705132,1.0227797790506905,1.7439121736133585,2.0004864547985393
2016-11-16,-0.2975581234499547,0.2158192213243772,1.0428007075260108,1.759083037541008,2.014884910328294
2016-11-17,-0.2958805359196486,0.2264059129918205,1.0602367998179227,1.7725330652331404,2.0257698843780396
2016-11-18,-0.3090967534004001,0.1965805006822272,1.024687102970768,1.7260289710706749,1.9741780822681876
2016-11-21,-0.3082883490840906,0.2100041313140561,1.0558595139108764,1.7600945005254256,2.007973033636969
2016-11-22,-0.3374067338970548,0.1584078166367248,1.0028875237436647,1.7114778519911975,1.961005883394796
2016-11-23,-0.3037239761731563,0.2292594983251934,1.090168653830479,1.809087393757293,2.0626508897767413
2016-11-24,-0.3228225318721964,0.1929459671368203,1.047631056198064,1.7687080868628913,2.023521065849845
2016-11-25,-0.3197059795631389,0.2110713956225218,1.068407898759812,1.792563730776538,2.049062632785617
2016-11-28,-0.3102603064911751,0.193812425421493,1.0354783638344056,1.7529334658425475,2.0070811403269357
2016-11-29,-0.3213524145168396,0.1751215802786632,1.00952864193549,1.744598513502731,2.0080921741305535
2016-11-30,-0.3179573512683138,0.1505697439738398,0.9933615494138808,1.7286410906107608,1.9899844874336448
2016-12-01,-0.3333264549048262,0.1801945872074988,1.0512029425319769,1.803195334594962,2.0709471692842514
2016-12-02,-0.3242909579579116,0.1902027410257343,1.0536492052556363,1.8116023504130945,2.0831970138463816
2016-12-05,-0.3097645515347,0.1992213182941835,1.0702089456968968,1.8154127056642473,2.079232785660176
2016-12-06,-0.3277122477264154,0.1733364315693748,1.0418396041591933,1.774830192553555,2.032989583420311
2016-12-07,-0.3280733498092409,0.1576655174641015,1.0259345744828536,1.7665601641485091,2.027834392996862
2016-12-08,-0.3325506705300682,0.1776649568549917,1.0689749032197993,1.8201053310326047,2.0846051029041406
2016-12-09,-0.4040932238296477,0.127735813038095,1.076002502978881,1.8834216715655367,2.1690136621684575
2016-12-12,-0.3993160104238118,0.1431624959658393,1.1232438535666145,1.9542228458132924,2.247509583638086
2016-12-13,-0.4126722065968344,0.0861221279307002,1.0520549402536892,1.8653504938258736,2.151104942275881
2016-12-14,-0.4345994046621584,0.0401285649382536,0.9816609369550456,1.7917457350201906,2.0781927130456572
2016-12-15,-0.4374285466276859,0.0767150800234404,1.023051509232121,1.8203678163699344,2.10160743920841
2016-12-16,-0.4200731584975443,0.0457807092902893,1.004413670008126,1.7676934632191768,2.031209654167374
2016-12-19,-0.4301373060786737,0.0218772403531541,0.968268503441271,1.735724913162488,2.001704717313773
2016-12-20,-0.434073811900534,0.0357906647771084,0.9583861975386414,1.707064395073973,1.9670226763623104
2016-12-21,-0.447945386658013,0.0161621477851952,0.936148918086718,1.688951911751126,1.9508141218169612
2016-12-22,-0.4729801742178203,0.0356036132012,0.9682545064296796,1.7107366346053388,1.968320774926945
2016-12-23,-0.4573563448790541,0.0225546779921295,0.9322015579970762,1.671786364304416,1.9291327337690651
2016-12-27,-0.4680385612593802,0.0097484038086186,0.9262191101850386,1.6549024701756945,1.9069532068198445
2016-12-28,-0.4814693606822029,0.0032222872896756,0.918999593721364,1.6695449124413075,1.9313894523404276
2016-12-29,-0.4773173167701579,0.0376644105851866,0.9223123550481374,1.6314205827348824,1.8783292056580128
2016-12-30,-0.4594093714081282,0.0079036014766344,0.9320327216642204,1.6909919717177448,1.9553794874052288
2017-01-02,-0.4672641689412309,-0.0383391134366597,0.8856746338879464,1.647832712981559,1.9130553720784729
2017-01-03,-0.4633513851249251,0.0314587105094457,0.9848686059686348,1.7656162105058524,2.0376885370307867
2017-01-04,-0.4616873452949228,0.0506518965175253,1.0071320936592765,1.8108982569026584,2.0933651004042764
2017-01-05,-0.4257843455280152,0.0896561655628644,1.0574943560599035,1.851335385432238,2.1284316322925094
2017-01-06,-0.3942074664961215,0.1026469644115941,1.0752500083268686,1.8557167662145089,2.1261219214962317
2017-01-09,-0.4158045501285698,0.0788690617289837,1.0394696324710253,1.848936868391755,2.13308604586511
2017-01-10,-0.412882965148162,0.0745298108079453,1.040946853559646,1.8423114374355123,2.1220775950962065
2017-01-11,-0.4096862622632677,0.0597574932955815,0.9926148731076524,1.8017718892140837,2.087969185709929
2017-01-12,-0.4033403029043718,0.0579650928420285,0.999852883987419,1.820365901258844,2.110645464190772
2017-01-13,-0.4009305566371051,0.0657224608547206,1.0243060859283757,1.859480352299922,2.154755229128684
2017-01-16,-0.3917136621783399,0.0646307602183746,1.0383684407697844,1.8800922121512775,2.1767371602482712
2017-01-17,-0.4080499212665547,0.0262002264774245,0.9913691249139038,1.8344857933349696,2.1320037199116957
2017-01-18,-0.4006217265858929,0.0533957804341405,1.037042972474736,1.8925459620226128,2.1943208438309183
2017-01-19,-0.3817451569904531,0.1016347510649762,1.110883010634959,1.9661491566060816,2.2660267472987057
2017-01-20,-0.3629666013838708,0.1064709275588917,1.1270261783568696,1.9810744410148249,2.27920134370317
2017-01-23,-0.3748788487657037,0.1308979493722262,1.1318344486341445,1.975510211635044,2.2715125820305193
2017-01-24,-0.3803557094358964,0.1177641070606583,1.1073018916419182,1.951573183035927,2.2487837790539147
2017-01-25,-0.3563710778900777,0.1621909565946815,1.183318952106431,2.025097903589151,2.3187700970048675
2017-01-26,-0.3514940208859265,0.2044226975758327,1.2249069927722829,2.0445714019770027,2.3293347057561653
2017-01-27,-0.3340727880501077,0.2290867208137683,1.2491807027819872,2.0482893704196083,2.32445142478853
2017-01-30,-0.3106292650269662,0.2936257706237448,1.287003144357457,2.071956312858634,2.3448893586909185
2017-01-31,-0.3261801222079885,0.2740624411509778,1.2860234925235705,2.065927037558235,2.33504076957966
2017-02-01,-0.3317004668503021,0.2876684572492909,1.32091504222294,2.1167869871214435,2.391503230129309
2017-02-02,-0.3764677945362145,0.2336934496980003,1.2521110541907363,2.052150377123527,2.3298374927035663
2017-02-03,-0.379167447423935,0.2197573278404867,1.2760387471701191,2.1083759320821054,2.396836007167848
2017-02-06,-0.3735297570456986,0.2454511190208901,1.2901893472395418,2.1067333273039095,2.3894902006318204
2017-02-07,-0.378000727034621,0.2439515025452898,1.3060922666889612,2.1356670952612293,2.422791835260653
2017-02-08,-0.4057075586971432,0.2208638081309928,1.248832313816484,2.082998695790923,2.375304475727412
2017-02-09,-0.4239939173532878,0.1788771663710679,1.174029168770823,2.001466902495502,2.293982200735596
2017-02-10,-0.4058342735496936,0.2320673139381472,1.2392121640781104,2.067131267732309,2.3597661738747338
2017-02-13,-0.3909424736639373,0.2215120544352018,1.233953258304589,2.060697369310712,2.3506804450013448
2017-02-14,-0.3993619158800801,0.2042582712020184,1.2163007728817394,2.047275582753371,2.3390501465190345
2017-02-15,-0.3966362213317556,0.2300598748567051,1.2598161133551589,2.1042373739542426,2.4010467329931418
2017-02-16,-0.395198625758816,0.2207187561336177,1.2167544831619992,2.053563964656727,2.350476584896731
2017-02-17,-0.3948879140669916,0.2007053326834178,1.1935873997532171,2.0143333418342517,2.303016814330773
2017-02-20,-0.3602838698215613,0.2313136654563656,1.233218563427403,2.034653081329602,2.3135105237314373
2017-02-21,-0.3402658816624875,0.2355179241585503,1.2299066150770337,2.0503157644954717,2.337902284983175
2017-02-22,-0.3498186100148182,0.2110517958858668,1.197860877689843,2.0238560531992618,2.314401577528314
2017-02-23,-0.3870999980632827,0.1820613836188158,1.1721730914198982,1.99933603296964,2.290646708912297
2017-02-24,-0.3951241128081459,0.1715874452487913,1.1487042803602645,1.9577174624933744,2.2419345879950727
2017-02-27,-0.3991703758610363,0.1720394263703752,1.1159613165732465,1.895181376357031,2.1695354042575823
2017-02-28,-0.3961591876005901,0.1479101050561961,1.0961405881491055,1.8851415534315197,2.1624510765001386
2017-03-01,-0.3868391234189268,0.1754930759376076,1.1299436968833598,1.9328974068024456,2.2166694943446017
2017-03-02,-0.3934128236572149,0.18494495492018,1.1652930686791487,1.9552445122680369,2.2307252218056033
2017-03-03,-0.405710654497124,0.1861255756922464,1.187390250036687,1.9742194335063563,2.246891356843389
2017-03-06,-0.4057475375706172,0.1856667523812589,1.1752743117030624,1.9541461616068077,2.2241688038609335
2017-03-07,-0.4178537208880932,0.1845677020352116,1.1971221579431353,1.9983167147593577,2.2763851820123535
2017-03-08,-0.3762530105965336,0.2415504210795234,1.2613598324991688,2.0882613762668933,2.3771400314756908
2017-03-09,-0.3924269077413935,0.2358088776926674,1.2511509300385129,2.0785284010725995,2.3684096447184766
2017-03-10,-0.353854659483293,0.3059222498451586,1.3255037756960544,2.161361083669197,2.4553829410391814
2017-03-13,-0.3292367097314592,0.3490853906732791,1.348123360676477,2.1331263244042065,2.4063323669349246
2017-03-14,-0.3170596816103543,0.3728462146687086,1.3634395411730855,2.134039024909111,2.4018612253547302
2017-03-15,-0.3424098625998937,0.312160698482602,1.318031533658815,2.0972955718479063,2.367027674955514
2017-03-16,-0.3376171656193047,0.3381176561441918,1.3465932057077632,2.1295793790376605,2.40116506010411
2017-03-17,-0.3149267303076666,0.3380012987052332,1.3570543399500394,2.119084333956155,2.3805062712182665
2017-03-20,-0.3086980251355129,0.3345874810853022,1.363859340997239,2.130243415275025,2.3927390812301517
2017-03-21,-0.3098032773913992,0.3317434653560269,1.3542406708604684,2.1185351459733637,2.3805364437063976
2017-03-22,-0.3392052823494129,0.2758472930534008,1.2849276059646495,2.047413499258123,2.3092279563986353
2017-03-23,-0.3402186482509535,0.2624231385267315,1.265459612401374,2.0298073762779714,2.29261131646684
2017-03-24,-0.3359352667547881,0.2700946951978853,1.2724635875379704,2.03332967779504,2.2947614353544026
2017-03-27,-0.3407778048466454,0.2533662907826333,1.238678477257113,2.0001286641584137,2.26275987118752
2017-03-28,-0.3449201162141015,0.2387244537911073,1.225021506511073,1.9911544078209191,2.2556065756936374
2017-03-29,-0.3670728070505227,0.2049813174728036,1.1998858637637362,1.9793772508949692,2.2488111290758166
2017-03-30,-0.3459445653350528,0.2228255965991685,1.1974622470167988,1.9756441987679243,2.2459904719651687
2017-03-31,-0.322063713558542,0.2284823705941878,1.1904304577001232,1.9826570261000525,2.2598184949348803
2017-04-03,-0.3531929228567829,0.2121441079432742,1.1921885910152472,2.003301662985641,2.287828109844899
2017-04-04,-0.3716976874753737,0.1744118625540291,1.138854634272466,1.946249046939152,2.230402870110618
2017-04-05,-0.3661561931067112,0.1806017135532354,1.1475456706406175,1.953695666630077,2.2370528722879084
2017-04-06,-0.373308390686109,0.17525782630522,1.1312051022038725,1.9365695269799923,2.220815629646416
2017-04-07,-0.3886814744592133,0.136159576607671,1.0931122590195184,1.900760989771482,2.1853469924923035
2017-04-10,-0.3765449500892153,0.1533248082245588,1.1220139726833889,1.9225467296589396,2.2027239479786624
2017-04-11,-0.3495922555688437,0.1864711655987996,1.1387485886607864,1.9312087656331405,2.209335754489059
2017-04-12,-0.3422769462862085,0.1887631828070048,1.137622932165816,1.9288953877161368,2.2066720300872955
2017-04-13,-0.3496685258218956,0.185009107958523,1.1091061063896976,1.8896208922605375,2.16526432353939
2017-04-18,-0.3462749399432532,0.1632799981528734,1.100948901446742,1.9012740787827385,2.183896108709419
2017-04-19,-0.3506339640704663,0.1707115497667608,1.0931839178677931,1.8794109655990772,2.1575626846785405
2017-04-20,-0.3447274021159963,0.2201550803974825,1.128970491399219,1.913807793900415,2.19535736738385
2017-04-21,-0.3301431442887388,0.2189226212537889,1.124478398191484,1.900634640913537,2.1770962489869374
2017-04-24,-0.3277459573164325,0.2130181070518837,1.1231151124868513,1.8957499483138007,2.1691720910895635
2017-04-25,-0.3283592751393875,0.2161963019683526,1.1357008352075564,1.9227073926327076,2.201903634674914
2017-04-26,-0.3245012956438007,0.2460695864407007,1.170118601066534,1.9656260441387228,2.2494776265768155
2017-04-27,-0.3455060221032138,0.2176218936741012,1.1316158657562705,1.930243372211439,2.217152140414699
2017-04-28,-0.3534830867089837,0.1917644576633819,1.11686758459318,1.932285907202404,2.2251253597317864
2017-05-02,-0.3473476618223809,0.1993876699727863,1.1174206829319262,1.9363302354498613,2.231996615291333
2017-05-03,-0.3666226681218187,0.1924663806727355,1.1058429193186932,1.9084743903930668,2.1975030979466097
2017-05-04,-0.3698883837542279,0.2074952234074043,1.1299168170330791,1.9409900516154208,2.2339653143513805
2017-05-05,-0.3626452359259939,0.2039342665117054,1.112571134325334,1.9329191887343289,2.2325751088471955
2017-05-08,-0.3370298865967083,0.2083036493090801,1.1268179957320203,1.9461701865498244,2.241315774138441
2017-05-09,-0.3461435309307745,0.2393101461347306,1.167333875758441,1.9955587302770823,2.2965071044957166
2017-05-10,-0.3684949158622697,0.2068566159514073,1.1275671010512962,1.959375068101406,2.263686205496373
2017-05-11,-0.3545534224205191,0.2359935549222651,1.1724833019386622,2.014535654846669,2.322372942739619
2017-05-12,-0.3604176853924379,0.217628338859452,1.15693180337123,1.98874472461463,2.289836768744509
2017-05-15,-0.3526695273011544,0.2213034825407351,1.1628199210974364,2.009655351095498,2.317353619141684
2017-05-16,-0.3643340582867971,0.2119509535098558,1.1588238009055916,2.000665674884664,2.3050282669339253
2017-05-17,-0.3825123721872927,0.174684759939474,1.1244297907573868,1.9731928617833825,2.2797402480192153
2017-05-18,-0.3684542297870372,0.1492365261819372,1.0791973705261355,1.9343633627905357,2.2455300388050703
2017-05-19,-0.3788694426940058,0.151553618086492,1.0863883546275384,1.9509929371728516,2.2666760429008783
2017-05-22,-0.3609923764534812,0.1689952156294758,1.1237389623610463,2.0167390325581165,2.343491245405689
2017-05-23,-0.3729941929594709,0.1677164101835266,1.1124847476585416,1.9580852530746848,2.2626984861556902
2017-05-24,-0.3648562101275185,0.1765220696183735,1.1128716955404734,1.9432943073125597,2.2415550438719425
2017-05-25,-0.376588674323596,0.1512931898180358,1.0852153037931336,1.921511170280969,2.2226496247185414
2017-05-26,-0.3749874617512532,0.1383319569724186,1.045441306534971,1.8929579906690028,2.203658465057074
2017-05-29,-0.3794629383594916,0.12726565570145,1.041545461009158,1.887765514914596,2.1961222993111256
2017-05-30,-0.3519422791984752,0.1669790168488631,1.0615891371995565,1.931009065820649,2.256375357381289
2017-05-31,-0.3723873015834815,0.1329960207164084,1.0279605425791072,1.917091999422981,2.2525971502321007
2017-06-01,-0.3610768844474599,0.2003642234603333,1.13924505762487,1.966286028220837,2.2634175565338386
2017-06-02,-0.3662940687351543,0.1767968260775614,1.1157947273728164,1.9467630449321924,2.2450240701036934
2017-06-05,-0.3705042843366879,0.1979224480443839,1.1325839670554902,1.9729171445905689,2.278364062072533
2017-06-06,-0.3837802627926052,0.1653339448843827,1.0868911939649024,1.9381506997780011,2.250922422901793
2017-06-07,-0.3824064922378376,0.1839418443556706,1.1081213447666958,1.9510040655047745,2.259739495073232
2017-06-08,-0.4009842117635749,0.1311793447603086,1.055904898222785,1.9259864220073988,2.247686957352222
2017-06-09,-0.4101407041170564,0.0890866732650792,0.9894125745531976,1.9042478565634724,2.2551105986624966
2017-06-12,-0.4147252400960663,0.0658227087829477,0.9585701362497864,1.8243877297321012,2.145868207506449
2017-06-13,-0.4119335767646568,0.0725771052928596,0.9747860626641788,1.821130036365872,2.1306314640124224
2017-06-14,-0.4106972577463175,0.066290705429818,0.9425013697097172,1.8158556392379728,2.1450562404584206
2017-06-15,-0.3760447038604635,0.1474144776126653,1.0383187651205867,1.8533767987098768,2.150304475582071
2017-06-16,-0.3912166754942241,0.1091392995408,0.9797367463741616,1.8004254150292294,2.10292493448988
2017-06-19,-0.3914229361097288,0.1118840636956957,0.9827763586129024,1.8039942649264793,2.106900633905479
2017-06-20,-0.4036840238871981,0.0757010798176942,0.9432425548680392,1.7685174750372816,2.0727221425044804
2017-06-21,-0.402779980728253,0.0714867450282135,0.9325696459852306,1.7448454035692844,2.043109171464516
2017-06-22,-0.4187089563842452,0.059353414216936,0.9178858889741192,1.7287784658525789,2.0276065149672857
2017-06-23,-0.3993970125913222,0.0770197310858051,0.9304507437244584,1.7442591432845838,2.044695190426484
2017-06-26,-0.39899205339659,0.0650550976921291,0.9156194804655442,1.7267113857921412,2.025215048440574
2017-06-27,-0.3623995939934623,0.1413616721518007,1.007391574182206,1.8107156688531625,2.104121233730563
2017-06-28,-0.3556384509492911,0.1587240432028895,1.0312065516172186,1.8382990709167295,2.133157736810919
2017-06-29,-0.3358794740133177,0.222348869641598,1.1032949366402285,1.902053816212068,2.193800460274508
2017-06-30,-0.3362906842498461,0.2541033477695062,1.161612132570772,1.9403805310275295,2.219118726669927
2017-07-03,-0.3575286075443404,0.2360253251663007,1.1467019153131837,1.9326169313498176,2.215112403236473
2017-07-04,-0.3600886045410689,0.2353931346881701,1.146160236355393,1.9490145481444303,2.240583248796563
2017-07-05,-0.3496417580860687,0.2491269812905212,1.1614004995187592,1.9687226930338113,2.262631088691908
2017-07-06,-0.3212167320584047,0.331214613132488,1.2880705136027144,2.0804513293798643,2.3614819824134403
2017-07-07,-0.3289805064321385,0.3599017804406816,1.2990807366426873,2.060356597115825,2.3309712651841243
2017-07-10,-0.3326597709323007,0.3267617397250451,1.2690261017953182,2.042632608736056,2.317142064686567
2017-07-11,-0.3257621113510982,0.3367244761534795,1.2797779159858251,2.092298795626328,2.386981290434069
2017-07-12,-0.3411900044941838,0.3031248903246926,1.2302142376877807,2.045637685251462,2.3445729332536875
2017-07-13,-0.3372654311109002,0.3200241156459782,1.2396983576151772,2.0431519933472417,2.33837201858819
2017-07-14,-0.3305533698451324,0.2986669697504229,1.2082622716567588,2.02588137378239,2.3284519986150105
2017-07-17,-0.3292193260229759,0.3097176877120127,1.2154099822791853,1.9834406708127712,2.2597334710329138
2017-07-18,-0.3471252439155972,0.2741655420133089,1.1810035285125542,1.963252220521616,2.2460386218298956
2017-07-19,-0.3506075389346641,0.24829806434151,1.1547280504590915,1.939612195950161,2.22268109632932
2017-07-20,-0.3605596160466486,0.2247422736236206,1.1308448125993014,1.9238947531014017,2.2105079368827485
2017-07-21,-0.3577562699586796,0.2253588309690393,1.1167267161394872,1.9097563957846164,2.199036601601421
2017-07-24,-0.3633814648894571,0.2130585864943892,1.100420990806473,1.8962804307939896,2.1873868648059847
2017-07-25,-0.3555795927728553,0.2474006255075043,1.156483543622163,1.9488731055785105,2.2356266045541897
2017-07-26,-0.3644895661836109,0.2493653122071943,1.171510222014699,1.9531466597537177,2.23288766026571
2017-07-27,-0.3805888706670757,0.2209258489789238,1.1448107047901166,1.9412606281125395,2.227761852597579
2017-07-28,-0.3793841663561004,0.2455900799391219,1.1831778615456194,1.9716692237571631,2.2531369103636907
2017-07-31,-0.3841997157357166,0.2343302976491177,1.17539247540656,1.9884979223985315,2.281601764606627
2017-08-01,-0.3945067659758994,0.2184875169169213,1.1467109232280608,1.906285370969623,2.1744834595980405
2017-08-02,-0.4020502131441077,0.1861561420280448,1.1074534769470556,1.8758023577528369,2.148100657323368
2017-08-03,-0.3983749791170421,0.191329040844586,1.0942794753019118,1.8614507872707875,2.135981817928139
2017-08-04,-0.385495923870085,0.1985692478661231,1.1003198441484183,1.8642320352833863,2.136471428096637
2017-08-07,-0.3881878294929013,0.1901374564708629,1.0933328526211357,1.86127969202932,2.1351370141229147
2017-08-08,-0.3858731335546661,0.1909422389234816,1.0890846967661414,1.851898408505608,2.123868630873587
2017-08-09,-0.3933170919896174,0.1740058614099631,1.066562049295399,1.8282290170072564,2.1000811699429107
2017-08-10,-0.3933764795140391,0.1860490798313936,1.0748728580156586,1.823057626377703,2.089436734771483
2017-08-11,-0.3988407534697415,0.1735239270938127,1.0617078984075814,1.8493310189510384,2.1358853458063245
2017-08-14,-0.403868520499854,0.1733382580772513,1.0765032541249695,1.8694509025190695,2.1562192142713625
2017-08-15,-0.3917548269068494,0.1999337613250382,1.1091329149930793,1.9032197985791468,2.190205855781338
2017-08-16,-0.4001469235255097,0.2022303448791795,1.1060974675031918,1.8684781451656516,2.1411657537039437
2017-08-17,-0.3956700046707251,0.1999191468778551,1.110559443699204,1.9005386600112877,2.185846994108221
2017-08-18,-0.3973222603155033,0.1695535635082077,1.0784772728367011,1.8603132772337196,2.1397299427302836
2017-08-21,-0.39814964091636,0.1722681392757667,1.084911888850959,1.866818740776385,2.145890342778224
2017-08-22,-0.3874699525454979,0.2053989973854939,1.124316925380267,1.8998661512035369,2.1757621043604205
2017-08-23,-0.3852951443963412,0.2044129796168121,1.1215439064816026,1.8992515457732455,2.176372475917817
2017-08-24,-0.389046809353994,0.1784322941027554,1.0957474944302286,1.8825663763725504,2.1632411133746525
2017-08-25,-0.3819912013749817,0.2109883235364122,1.1259254916093635,1.9088244967052803,2.189027140898216
2017-08-28,-0.3919210756910605,0.1758081647331657,1.0947238630931713,1.890926853944931,2.175940788449807
2017-08-29,-0.3975202541323863,0.1629613486588841,1.071169441984237,1.823807580307121,2.0889661214834696
2017-08-30,-0.3915122064954506,0.175739570032853,1.0881551483325935,1.883062713964729,2.168604184709271
2017-08-31,-0.4044613024048509,0.1509791295216693,1.052179486219874,1.8593381753331997,2.152751072597142
2017-09-01,-0.402456035992234,0.1660528958249525,1.0876507688989232,1.9033769094400244,2.1983652308834056
2017-09-04,-0.4118419051715651,0.1588616319467384,1.0778161013380547,1.8480932447897216,2.1207909125037925
2017-09-05,-0.4233278095916564,0.1296988519513728,1.0495361938386027,1.831060061454775,2.108407359797785
2017-09-06,-0.4107716191164563,0.1501079744438502,1.0532867996384452,1.812463749983002,2.081386890480238
2017-09-07,-0.4235533843784047,0.1227796978367639,1.0206455426245222,1.791024962224553,2.0655644506119826
2017-09-08,-0.426157540295085,0.1290980468605553,1.037355249857871,1.813491963655386,2.0899288272960974
2017-09-11,-0.4178280048542149,0.1368013689768314,1.048694887775051,1.8267669950293572,2.1034590776564785
2017-09-12,-0.4061306719983086,0.1547074702628759,1.0668479614610682,1.8546511250904751,2.136598738893181
2017-09-13,-0.3994189952925939,0.1849799662119196,1.0980254364051607,1.8914696256800945,2.177579421714018
2017-09-14,-0.3924589011459964,0.2028034007562897,1.1130860486416552,1.9289469118195663,2.2288841082963167
2017-09-15,-0.3926889253840979,0.199249513801897,1.119880161784666,1.934490254662504,2.230917504672897
2017-09-18,-0.3897984981290463,0.2184537283798668,1.168369871392735,1.9441565620202912,2.2168866283690427
2017-09-19,-0.3910598457474812,0.2004390330569396,1.129930704727678,1.918940936877282,2.2000645549540025
2017-09-20,-0.3950357934236077,0.2038266192801821,1.1667026014353468,1.9460367420148168,2.218747798942215
2017-09-21,-0.386676787549737,0.2249982942448927,1.1929332690809629,1.9658477319578809,2.235494853982888
2017-09-22,-0.3923240814444568,0.2321262026349551,1.195680589550471,1.9395765347540752,2.1971133425227034
2017-09-25,-0.400113976586967,0.2141980108407288,1.1696688474160597,1.9220221437057223,2.1837542701606485
2017-09-26,-0.4076003356744735,0.2166022208989346,1.1939933871536574,1.9699176793077964,2.2404917984929607
2017-09-27,-0.3933233442436776,0.2425230797037976,1.230356820435305,1.9892514585897365,2.2515515175766385
2017-09-28,-0.4015232039873062,0.2346231070092894,1.2259653906335144,1.9870062479922717,2.2499980607263605
2017-09-29,-0.4016274485324285,0.2312412025084711,1.215866700524808,1.9670200783026504,2.226191673567814
2017-10-02,-0.402508491307616,0.2405365261464513,1.217256444131683,1.9639735846573176,2.222043028755141
2017-10-03,-0.4008252058914507,0.2501869476174292,1.242148025558281,2.007437656941835,2.2724973717856343
2017-10-04,-0.397062076654505,0.24862532552741,1.2342183102334232,1.996986429358461,2.26134264583405
2017-10-05,-0.3937263166700759,0.2491397760594598,1.2079749963339443,1.9513377322625505,2.2094538140298257
2017-10-06,-0.3740333750198292,0.2853925731806477,1.2643178910489796,2.0230315159209984,2.286448064852796
2017-10-09,-0.3935645566357859,0.2437287794623728,1.204972735591121,1.944574140243681,2.2006631061766995
2017-10-10,-0.3818123073512467,0.2576283866204178,1.2198745097793413,1.959459805960074,2.2154045719183935
2017-10-11,-0.3859559597503956,0.2514802927935839,1.2140189774530752,1.9559134282266208,2.212820648238904
2017-10-12,-0.3945374645650279,0.2316961769322159,1.180846608684548,1.937697082442703,2.2024010674699475
2017-10-13,-0.4008093696274368,0.2045620116858746,1.135466878357116,1.8913696846921584,2.1569597837558496
2017-10-16,-0.4137636113925911,0.1917961289831886,1.1115540123103624,1.8774320205900723,2.149573365636022
2017-10-17,-0.422554822106381,0.1728566741279635,1.088015116294489,1.8547630840798868,2.1275537271009037
2017-10-18,-0.4133173746171259,0.1849810524504054,1.0889973933000885,1.8742960709162515,2.159101301973618
2017-10-19,-0.4285813257208435,0.1893782259775722,1.124693646097553,1.886351156604266,2.1551859860780964
2017-10-20,-0.4089887790353259,0.2120872648115721,1.1627758717226753,1.937267702394331,2.210002047070712
2017-10-23,-0.4133026664932266,0.1807782957977952,1.113684536563948,1.9044860515303244,2.1861311846904905
2017-10-24,-0.4041123440431171,0.2094225832562912,1.161127133583915,1.9403016220043336,2.2146057585339296
2017-10-25,-0.4024699813840264,0.2280051453757519,1.1819237024191969,1.9534997000505896,2.22457946346714
2017-10-26,-0.4288966784344818,0.1779554190411776,1.125578949916556,1.8983230341635853,2.169995573701952
2017-10-27,-0.433007885101663,0.1546928242466165,1.1199573775687304,1.9130340478941783,2.1915538813013717
2017-10-30,-0.4531107030401546,0.1151052230714864,1.0683615300899092,1.8591302140789303,2.1375052927793017
2017-10-31,-0.4435971721047647,0.1223945479213544,1.0530698355915504,1.8379743190325408,2.1160931273645764
2017-11-01,-0.4526683972452101,0.0972770876395756,1.0103024912008376,1.816165071915304,2.10657050132916
2017-11-02,-0.4430071386436847,0.1046085380611128,1.023209576096516,1.8277914061705705,2.116221866678897
2017-11-03,-0.4520954004197985,0.0945969597627218,1.0120778489173317,1.7987145870665833,2.078555352534715
2017-11-06,-0.459239972712238,0.0872049273042989,1.0082618489799016,1.784845700353749,2.059371390355125
2017-11-07,-0.4743309297511224,0.0658355770899437,0.9843837328864512,1.767630962592686,2.0454995096806554
2017-11-08,-0.4727116159835596,0.0689484176436323,0.9801678415868328,1.7562152544592369,2.0316001790715665
2017-11-09,-0.4518528070384686,0.1237412704824763,1.0637446165193376,1.8377886095622404,2.109847314613833
2017-11-10,-0.4543292789536632,0.1172305506344244,1.0787047775361636,1.8742400898032423,2.153779800171242
2017-11-13,-0.4554260895968554,0.1275511728397873,1.0874078155313578,1.886856849220239,2.1688424411164133
2017-11-14,-0.4500167987404797,0.119111460093249,1.0795363583117874,1.8798500603316368,2.1616151488668405
2017-11-15,-0.4576712726687848,0.1019968214891307,1.0495452166444403,1.8448727579984936,2.125521780561078
2017-11-16,-0.4541775105862111,0.1154501365168201,1.065293755209891,1.862305041834157,2.1437868366362163
2017-11-17,-0.4601448031685677,0.1061653063049465,1.062065438083888,1.855940867479985,2.1351374885002494
2017-11-20,-0.4601750436068119,0.105825052634243,1.0559170082032958,1.839065950222492,2.1139543008332753
2017-11-21,-0.4714492278170628,0.0863876326804256,1.0216643470967508,1.793331380026642,2.064323608113186
2017-11-22,-0.4597710707782241,0.0975304397681977,1.0231121565023829,1.7830287582261808,2.049545358248565
2017-11-23,-0.453553549802951,0.1080037287044373,1.0263042510679874,1.7792513049641814,2.0434228835691677
2017-11-24,-0.4507880866877976,0.1209646185436277,1.0450837619952082,1.802612662892484,2.06868717782265
2017-11-27,-0.4567054824642707,0.1142495294820271,1.027358413602971,1.787695358565808,2.0566174234975025
2017-11-28,-0.465585636577746,0.1060709192701985,1.0218307065139944,1.7907743349016143,2.0635133645884163
2017-11-29,-0.4565398344990186,0.1263346407763439,1.0528825096757588,1.8215714980601825,2.0930534314939675
2017-11-30,-0.4582350418879102,0.1106207311935936,1.022492371466,1.7851623750236656,2.055046212709688
2017-12-01,-0.4624135539064546,0.084161672812062,0.9740924517317184,1.738315912875127,2.0109436001147447
2017-12-04,-0.4682180677308682,0.0818626163446012,0.9887261001150618,1.7502321993598615,2.0195045593581105
2017-12-05,-0.4764540176518324,0.0662543294598805,0.9815557215516604,1.7440710259421317,2.0126284653663165
2017-12-06,-0.4930321430490423,0.0419660751138941,0.9506297113153516,1.7106304434019552,1.978682511521905
2017-12-07,-0.502587067634412,0.039927892523405,0.9544174562979632,1.7172179492666428,1.986158227198472
2017-12-08,-0.5002420095770823,0.0322879839514023,0.9471742825617486,1.714176681114948,1.9846221380938025
2017-12-11,-0.4865486961821226,0.04421122021356,0.9470946759925054,1.704604553642164,1.971763310951614
2017-12-12,-0.4739124807710144,0.067246435954777,0.9726793100569022,1.730576398939482,1.9978371718473968
2017-12-13,-0.465622581505821,0.0975797199919927,1.004185711289348,1.7614010919493088,2.028973272969752
2017-12-14,-0.4581406367769194,0.1159170862047371,1.0118163522388803,1.7684409775496597,2.0374873122589747
2017-12-15,-0.4570551963708045,0.100073702802625,0.9913085314420922,1.7390981621038657,2.003565511778655
2017-12-18,-0.4568084822094622,0.0993578806772621,0.9779119500670116,1.725289280295871,1.9909091768945375
2017-12-19,-0.4353678887577921,0.1373687223426749,1.0319164054671963,1.7870321578544912,2.054764598060662
2017-12-20,-0.4178393601160906,0.1854492663841096,1.083683097938235,1.835455951870684,2.1022866363711996
2017-12-21,-0.4149868860855292,0.1886912144387462,1.087772533090071,1.8402136561727191,2.107254513262534
2017-12-22,-0.4185113389809967,0.1756233387944572,1.0729777203385744,1.8190210909332976,2.082912809449694
2017-12-27,-0.4020912299851229,0.1806260357892277,1.0837735755954307,1.8179686220610376,2.0751031173775374
2017-12-28,-0.3899807883363717,0.211715922836337,1.0910676014060394,1.840891760679888,2.10942050501775
2017-12-29,-0.3789410619645021,0.2477550710644465,1.1345026380946894,1.89252139765623,2.165932190730387
2018-01-02,-0.3657966730776305,0.2659291343685055,1.1700793759190145,1.9407647490686344,2.2183885684110582
2018-01-03,-0.3770432506990513,0.244057030392824,1.1601778060366137,1.912830634691008,2.178849062821138
2018-01-04,-0.3832615596662503,0.236399454044708,1.1381465205814196,1.8903566978224216,2.1583444336748836
2018-01-05,-0.3831090821218854,0.2193084326690435,1.1260652419143344,1.873982924465301,2.1382726630454822
2018-01-08,-0.4000072884921533,0.2048108912126416,1.1112855934325756,1.8598686261966997,2.124940315647436
2018-01-09,-0.3946665114930372,0.2164689524183263,1.1276351029700251,1.876625355420682,2.141587994135099
2018-01-10,-0.3818925119549341,0.242822580677652,1.158501311945244,1.9164050599353455,2.1856812983382077
2018-01-11,-0.3391716291633297,0.2946960850940279,1.1915840217545035,1.9439333688492595,2.2137086239969044
2018-01-12,-0.3347684502888182,0.2957147051650484,1.1837130131960762,1.9072282063697965,2.1637177173770157
2018-01-15,-0.3443269815708731,0.2833960926384637,1.1807131854579316,1.917894136054192,2.1796007496019536
2018-01-16,-0.3530407292631885,0.26248829061125,1.1476719580451231,1.8765345093485168,2.1351333201205818
2018-01-17,-0.3417917824003762,0.280537867369949,1.159414895485491,1.882258877776919,2.139046200930609
2018-01-18,-0.3432060816995648,0.2818271819893923,1.1665848873971365,1.8974024498386748,2.157448237796471
2018-01-19,-0.3501530904375123,0.2754804808746076,1.160148912141672,1.8961385505630697,2.1589533131008225
2018-01-22,-0.3522080928411206,0.273521303408625,1.1586983697942657,1.8935733386781504,2.1557866510233414
2018-01-23,-0.3620768570884465,0.2477903319543806,1.121332192933575,1.8503323011387016,2.1106001058978268
2018-01-24,-0.3552731405470073,0.2642449604464296,1.1431936703282286,1.8846937146121068,2.1510975709389095
2018-01-25,-0.3336328011340885,0.3168388510043431,1.178033590911152,1.8928555289761368,2.1510730212093927
2018-01-26,-0.3221909358722179,0.3374460481326533,1.1820807746933628,1.8636025725111784,2.107231205173722
2018-01-29,-0.2945201415427174,0.3902647916753974,1.23132602396361,1.893882862486647,2.129514943213658
2018-01-30,-0.3077170408368612,0.3822835861716864,1.241413236064992,1.9119692452994372,2.1489297037582102
2018-01-31,-0.3158437229967941,0.3764184941285649,1.2275372278657324,1.882500598731704,2.1128558965447377
2018-02-01,-0.3257422505529028,0.3778317318968405,1.2396931053596836,1.8928328669111736,2.121384805813309
2018-02-02,-0.3161266602089725,0.4032119168624195,1.2687958282402594,1.9100520566468644,2.1329241807783736
2018-02-05,-0.3303174946546399,0.3924757674846155,1.2777540013654587,1.9226852027721064,2.145242044446296
2018-02-06,-0.3373005879650819,0.377583145856768,1.260771367362918,1.907196935036808,2.1304545173557567
2018-02-07,-0.3463595690230185,0.3649285684815737,1.2449307270205994,1.8836098879155576,2.103670036820952
2018-02-08,-0.3176792511218504,0.4219826460245777,1.3002698396720245,1.9362190334561116,2.1558397010822747
2018-02-09,-0.3362076348418412,0.4066675509555377,1.2881236136186347,1.9105033762457708,2.123930797616688
2018-02-12,-0.3427645292688055,0.4071712320823586,1.299790112561583,1.9233788100029217,2.1365654831666543
2018-02-13,-0.3377397131259769,0.4121647133099628,1.3183162832810078,1.960406123531958,2.180496686570233
2018-02-14,-0.3289161807241569,0.432796934973096,1.3373079462975204,1.9813342357641268,2.2026095361736804
2018-02-15,-0.3192421133087819,0.4355477873598321,1.328986437750994,1.9687522247847384,2.188940028430455
2018-02-16,-0.3304981731095875,0.3956054205132755,1.2828506059155522,1.9282885250274344,2.1509044616297968
2018-02-19,-0.319439376436593,0.4044802512658592,1.2911397501359376,1.9583472600447909,2.190893007749316
2018-02-20,-0.321628230349896,0.392446521681526,1.283116387029709,1.953082004298944,2.1861083466310953
2018-02-21,-0.316562814512773,0.3952506083851741,1.2798637085575937,1.9499976154062384,2.183769895995531
2018-02-22,-0.3159944379174764,0.4043955423842131,1.2855092917572,1.9570351145812053,2.1923932069018237
2018-02-23,-0.3241239973057652,0.388363488860513,1.2591332321456186,1.9268032912789408,2.161801661416231
2018-02-26,-0.329047553555414,0.3757016333130192,1.2406553148876922,1.90353524836229,2.136559574792988
2018-02-27,-0.3172122650943976,0.390871765093129,1.2443251852095705,1.8939233061320897,2.1219865091127907
2018-02-28,-0.3308250548054108,0.38536261891646,1.2452127088136429,1.8828515334426497,2.104688659491044
2018-03-01,-0.343530158626983,0.3713700250960841,1.2242541802444933,1.8624921384099489,2.0857476934832
2018-03-02,-0.3492599004143226,0.3560293111443293,1.2063268777749876,1.848264067301535,2.073349466668697
2018-03-05,-0.3368678505198819,0.3732093286130595,1.2287315512336292,1.872194921623199,2.0969376250373526
2018-03-06,-0.3351606724254434,0.3791069134809177,1.2353784166232646,1.8775264158536689,2.101662430462229
2018-03-07,-0.3379521484772514,0.3679850987709532,1.2105622453334286,1.8502842593684472,2.0749809632317286
2018-03-08,-0.3435277109959731,0.3489561474658167,1.183002584308961,1.814484526436225,2.0355210697083748
2018-03-09,-0.3388967031274514,0.3522117324339149,1.1910271154838838,1.859168489423399,2.0987834089124724
2018-03-12,-0.346588739986025,0.3371672162458683,1.174459939471587,1.845379613484712,2.086463519365808
2018-03-13,-0.3457435818001233,0.3231303613832779,1.1555705401205376,1.8434596048464968,2.0939251949996396
2018-03-14,-0.3359487725924079,0.3243487509711489,1.1470752169227971,1.8388200904328276,2.092860866906726
2018-03-15,-0.348089446657708,0.3161659121912752,1.1320801335094988,1.795821675746469,2.0358780552026423
2018-03-16,-0.3543289971108176,0.3114573336462261,1.1301619949378097,1.7941860531196934,2.0339521736637973
2018-03-19,-0.3548707003184379,0.3179522689985852,1.1373491917523584,1.791075416483169,2.0254181012273436
2018-03-20,-0.3623661328139143,0.297410032494211,1.1136180664639532,1.7681542470647198,2.003322606457389
2018-03-21,-0.3621254400225986,0.3098095356302828,1.1354660371436154,1.7859479227371926,2.017929874622057
2018-03-22,-0.3856391462086002,0.2598323185961959,1.0727454940794203,1.7224388637319814,1.9549350624707864
2018-03-23,-0.3851931489872999,0.266197668089438,1.0844906408534758,1.7334196206074326,1.9652115971524955
2018-03-26,-0.3688565932092178,0.2587463657781885,1.0609439922900332,1.7298658096295698,1.9738908346119235
2018-03-27,-0.3855230614849478,0.2286681910438712,1.0347666443141392,1.7143208704055055,1.96292933188835
2018-03-28,-0.3954762407848093,0.2286364022924054,1.0388677920492313,1.7024457603985974,1.9418934665556649
2018-03-29,-0.4077455355399095,0.2049411957350813,1.0196917262231526,1.6954426838049663,1.9401219952725155
2018-04-03,-0.4049810091799752,0.201974297688535,1.0282084500045698,1.6996474514816198,1.931423928427773
2018-04-04,-0.4174892633667291,0.1858818275208342,1.013240515168082,1.6842202523758625,1.9183980078163565
2018-04-05,-0.4052393222499404,0.2089797726779636,1.040066689684231,1.715096707462192,1.9515159361787835
2018-04-06,-0.3917195505098281,0.2237277072925501,1.044045252163638,1.7189429940334149,1.9586186308861635
2018-04-09,-0.3965846515791504,0.2163528197502486,1.0400771778988016,1.7171108035721545,1.9567087441350597
2018-04-10,-0.3788039595336769,0.23493210665365,1.045135776148694,1.7116682027097152,1.9488789585455013
2018-04-11,-0.3771451586642964,0.2338763191744615,1.0406752028783188,1.7067747834502691,1.9444661508764944
2018-04-12,-0.3700660176689112,0.234971305915991,1.059208573337045,1.737247976463009,1.9623506592893856
2018-04-13,-0.3729880567515753,0.2361034247567879,1.0655177138955327,1.7445891585724826,1.9688358134810588
2018-04-16,-0.3660685149546516,0.234401186675889,1.0545745867434348,1.7353313927113954,1.9635050302991068
2018-04-17,-0.3761409067459897,0.2196756427982862,1.0426516291477608,1.7243066162466008,1.9512888126602563
2018-04-18,-0.3758102907168474,0.2189036175406826,1.03364149086533,1.710700400275348,1.944124159389528
2018-04-19,-0.3599507627759877,0.2644666151160368,1.0892000495999028,1.7538660560922148,1.983857391242589
2018-04-20,-0.357515863398099,0.2715723947666149,1.1101674945856068,1.7813465572194156,2.0038019956251913
2018-04-23,-0.3543934443240939,0.2800589979564485,1.1246507393054517,1.797716469610621,2.0196213637847915
2018-04-24,-0.3568488602858863,0.2895692736285014,1.1302238095335395,1.8020260673223287,2.036606006467518
2018-04-25,-0.3595242681833568,0.2815719689697644,1.1347898127230849,1.8045007041215548,2.0228182214947044
2018-04-26,-0.3600602581328136,0.2755604781871525,1.1207757543674202,1.785783104951398,2.003229449894519
2018-04-27,-0.3750147627686395,0.2467776883465475,1.071904244640466,1.7445859740847762,1.9829193657954545
2018-04-30,-0.3663180430065296,0.254071983777612,1.0814219015513338,1.7682902866996697,2.014301393765934
2018-05-02,-0.3644384110271961,0.2505316434283671,1.0761843946011709,1.7686331545042506,2.01796139981836
2018-05-03,-0.3753355467505219,0.2396099473545021,1.067252283907166,1.7574475134687404,2.004803841582118
2018-05-04,-0.371932184047079,0.2403031033776397,1.0781649098473505,1.7680604850735646,2.0062048387230984
2018-05-07,-0.3737642922810167,0.2306350198352653,1.0686649369236356,1.7595798821715103,1.9912603180788448
2018-05-08,-0.3602902354694333,0.260305870636877,1.1091904393245375,1.7983413251814735,2.026583596147842
2018-05-09,-0.3545613285488986,0.2694352696612991,1.102100057994292,1.8046151603076472,2.0603340352448294
2018-05-10,-0.3483840063571151,0.2660864564550209,1.0862645759120682,1.7844404147756745,2.040043098387386
2018-05-11,-0.3443104664624172,0.274284140060784,1.09467761658766,1.7901505628966063,2.044385834864752
2018-05-14,-0.3273389306099918,0.3050825834178017,1.1280839569055985,1.8186092928032904,2.0701990453674495
2018-05-15,-0.3154287812243979,0.3290530333099344,1.1576078061415842,1.848266138208993,2.0993171806255315
2018-05-16,-0.2749983712662427,0.3411954348991983,1.147215833839871,1.8610391606236787,2.1292600293046005
2018-05-17,-0.2686312030404174,0.3638298033938056,1.1781637450831326,1.895400049502424,2.164579548753517
2018-05-18,-0.2616654688402224,0.3723182447703497,1.189927820865881,1.9081702544005337,2.177249153139215
2018-05-21,-0.2341633729514125,0.3947870419188906,1.2025855667689296,1.926558564223111,2.201133069734221
2018-05-22,-0.2448266546999509,0.3917190688977428,1.205917088616788,1.922638512864216,2.191773978943954
2018-05-23,-0.2250966636867488,0.392733869831817,1.1939872502054651,1.9311178304182075,2.2146170569261363
2018-05-24,-0.2345698105099725,0.367011034501429,1.160253120333806,1.890477031404366,2.1709320129777607
2018-05-25,-0.1311968471791154,0.4250546258587793,1.1485170261734616,1.8846679302173968,2.1832065173685007
2018-05-28,-0.0650578984840795,0.4829338346984553,1.1928910624182103,1.893849001621084,2.1691229233683886
2018-05-29,0.2474123544810176,0.6295894708809424,1.135687745258748,1.9002942917792536,2.2766012055837894
2018-05-30,0.141469268312866,0.6443377753067274,1.2238729162329882,1.9144804938932607,2.2223104699286007
2018-05-31,0.0332140567506495,0.5522837108314498,1.1258744388370534,1.8194621986330544,2.171910858740275
2018-06-01,-0.0553945693891044,0.4880374479835705,1.1467927324007068,1.830864115070674,2.122052302837118
2018-06-04,-0.1004400947734414,0.4186571240599459,1.0882540102333955,1.8031496566205376,2.116080486024984
2018-06-05,-0.0547433256047034,0.463943691790039,1.0931230943899752,1.8188897204579677,2.173966817564306
2018-06-06,0.0626109484252559,0.5859772976593653,1.1626479809411665,1.8756058885212052,2.2703683765433436
2018-06-07,0.0724546317036312,0.591519224179228,1.1519886011341551,1.8740080650276525,2.315886917370544
2018-06-08,0.121868856991953,0.6393867564966644,1.156191358704584,1.834805699597572,2.277864143822807
2018-06-11,0.0210886868274675,0.5554429795946536,1.1594280443032066,1.8934413847920997,2.307409516012914
2018-06-12,-0.0088630695927616,0.5260415160114267,1.1513998021448266,1.8994819311130031,2.30442967815313
2018-06-13,-0.0228805858858969,0.5001093943497441,1.117070085787697,1.8673074648385448,2.284857297611568
2018-06-14,-0.0611773567253139,0.4446723080833816,1.070116749900352,1.8416041595547143,2.2633527541233116
2018-06-15,-0.1246216904640951,0.3648190963879347,1.0177033690755,1.8241808209479,2.2407854827768148
2018-06-18,-0.1649828076287729,0.3424352357526121,1.0357366898228513,1.8424782354795024,2.2150932385342568
2018-06-19,-0.1583206449864169,0.3362336846596321,0.9946414809917172,1.8057231949191657,2.2236806589781626
2018-06-20,-0.16757316154834,0.332312002599723,1.0107691499097875,1.841672443369033,2.25976150116305
2018-06-21,-0.1116298533364261,0.3848776619520873,1.0348923844717677,1.833585200920716,2.249053458501601
2018-06-22,-0.0949518951935992,0.4065781975262705,1.04837073599254,1.8342189698303544,2.248375049256583
2018-06-25,-0.0541724599138806,0.4373652958825911,1.0452788019024537,1.8475172060995373,2.2845280819360747
2018-06-26,-0.0448213717913859,0.4844571665783856,1.1477508035297053,1.9143400725758708,2.265327569325681
2018-06-27,-0.0699302790386537,0.4279354121185612,1.0469549713421635,1.831580617595618,2.2497013531470973
2018-06-28,-0.0716744576967682,0.4194821103288255,1.0299370357309634,1.8107826478350084,2.2304184178738424
2018-06-29,-0.1027619481779051,0.3915874787493276,1.0248257219705152,1.8081508390354113,2.211228573480964
2018-07-02,-0.116129202645685,0.3782529411344821,1.000155625559362,1.7432986785097937,2.127218356779972
2018-07-03,-0.1284952277629791,0.3748997250316304,1.006626289178504,1.7341251638051354,2.0895234791432653
2018-07-04,-0.122391743846129,0.3669356720041161,0.9859395125974312,1.7288445758087487,2.1132629667703533
2018-07-05,-0.0731020513457476,0.4228010984237702,1.0179408021012968,1.7398967292947791,2.111168954906491
2018-07-06,-0.0867605241181648,0.4032928652668879,1.0002227763659928,1.7347370226859429,2.115073793411428
2018-07-09,-0.0995861578046142,0.4114552059962673,1.0627065475216089,1.792770040792421,2.1203881988771025
2018-07-10,-0.0919554764063308,0.4042565520018488,1.014363211604664,1.7593976248324985,2.1415001399692617
2018-07-11,-0.084290036156065,0.4116260571664849,1.0177200679410987,1.7409052682966877,2.1233871413012784
2018-07-12,-0.0865359647393075,0.3966998393513883,0.9961061695071348,1.7474592606372017,2.1410006033231106
2018-07-13,-0.1275625146251275,0.3627648996223467,1.0021870118316,1.778619348529446,2.1663783913947254
2018-07-16,-0.1199983261584431,0.3681069312409217,0.9939043947747556,1.7494787423251328,2.127593975722175
2018-07-17,-0.1477389234663926,0.3448530510814951,0.984982766994154,1.7348506218847357,2.096927448721158
2018-07-18,-0.1357094509631329,0.3246130214624276,0.9429507746937116,1.7321761651065577,2.1279446930272092
2018-07-19,-0.1549269089665692,0.3209132107783095,0.974913784815378,1.7617511782666655,2.124859883151312
2018-07-20,-0.1111857504086124,0.3578364792433799,0.988334631881452,1.769625078825845,2.1378635111259756
2018-07-23,-0.1090640461262797,0.3642523807651976,0.9821550559479242,1.778310183139678,2.1911956103245185
2018-07-24,-0.0438947757847127,0.391002139312695,0.9793742948428878,1.8001266034281462,2.215652073505259
2018-07-25,-0.0935261979188251,0.3736776809113635,0.9775939308990989,1.7726296115416753,2.189707041191432
2018-07-26,-0.0857076840452704,0.3814072850284944,0.9804010115943882,1.7727594200837702,2.1906899651662783
2018-07-27,-0.07636517814288,0.3935350031660771,0.9922979943112828,1.7791046797794552,2.1947348960490016
2018-07-30,-0.0698214269841361,0.4469500766827856,1.1104964859366806,1.8621611919893375,2.203668336635454
2018-07-31,-0.0688418883574399,0.4372128153092376,1.0880503407078643,1.8378447959071729,2.18257041569602
2018-08-01,-0.060954391065092,0.4701438692803741,1.14292970177803,1.875118206088251,2.201374636229409
2018-08-02,-0.0291726721667693,0.4984002257755122,1.1524472272630568,1.8847411232454616,2.2205980032846453
2018-08-03,-0.0206627280253126,0.459115629756571,1.103311401139372,1.881125452658682,2.2316884741620813
2018-08-06,-0.0613260724050856,0.4651771404446805,1.1407065781001702,1.852876144757804,2.152778348145884
2018-08-07,-0.0659730706656969,0.4642397491375334,1.1453302993032306,1.8637849066333123,2.1642676042343196
2018-08-08,-0.0681787374119053,0.4567067337118509,1.1401183077718358,1.8671652634172808,2.170026729513008
2018-08-09,-0.0415879803322685,0.4672511316084407,1.1303477719792898,1.8590541321622969,2.167223568997413
2018-08-10,0.0047209762900948,0.5156260750724098,1.1313859819710803,1.8222401535124533,2.13206565211829
2018-08-13,0.0422639881924737,0.5583945044255145,1.1614453401337173,1.8479423774414856,2.1617947065973233
2018-08-14,0.0344076134754196,0.5524113589780377,1.1606557567649176,1.848147874869662,2.160885256187921
2018-08-15,0.007825506130155,0.5173317760985565,1.1540169090364234,1.8439884954241448,2.1369618495147686
2018-08-16,0.0338946502186363,0.5461707212403208,1.1600501160473031,1.8483702915460445,2.157130439273182
2018-08-17,0.0512269331639796,0.5629700950593204,1.1692993552152782,1.855756256518215,2.1659191863241887
2018-08-20,0.0222394955526148,0.5416947137683987,1.149164798816571,1.8356110624476356,2.1512929067402897
2018-08-21,-0.044191349192145,0.4568424422094708,1.1160930564412173,1.8478623134659984,2.161071280370056
2018-08-22,-0.0076351540691899,0.4972867172457498,1.1156229028252636,1.8501181718887183,2.1775709730495603
2018-08-23,0.0084350432775774,0.5124150629041537,1.1272143185313297,1.860698838510797,2.1882714507514356
2018-08-24,0.0245778225748622,0.5306517709453598,1.1492726233823856,1.87079499347782,2.186701258102969
2018-08-27,0.0487148425983132,0.5628004431833631,1.1899792165417755,1.9166285027550505,2.236973974269074
2018-08-28,0.06178932634133,0.5866549899380971,1.1842069129318666,1.8587343552570417,2.147837721576061
2018-08-29,0.0623715738189201,0.5753420699059539,1.197261825539055,1.9230200888821969,2.2440918070180924
2018-08-30,0.1068688215747482,0.6393384416591807,1.224144803357822,1.8859178037253912,2.1828171085268337
2018-08-31,0.1221796146092284,0.6412312610995272,1.2125636785656582,1.865093221638758,2.1756817206565833
2018-09-03,0.1346130381141268,0.6474892728070696,1.1949359912670283,1.8633027982161643,2.184914586038471
2018-09-04,0.0755712797252936,0.6005368862289142,1.1755508259825014,1.8510954329865363,2.167470278664225
2018-09-05,0.0454813744569513,0.5389540726287922,1.109202882963908,1.8256074823307484,2.1776190175552435
2018-09-06,0.0190467686355804,0.5524791930911697,1.1272262819522467,1.7793943688935183,2.1005823405945225
2018-09-07,0.0123573731631356,0.5532241286746533,1.152257789592101,1.7969469404679792,2.087572708526926
2018-09-10,-0.0323561557335363,0.5074990720910115,1.126578044641116,1.7805210230461102,2.069590792332747
2018-09-11,-0.0574072536416263,0.5130711760858198,1.1824636930323678,1.8447595222923807,2.12168973250082
2018-09-12,-0.0044938317084319,0.5343987783016733,1.1449120466356142,1.795976431302465,2.086936743122978
2018-09-13,-0.0153814571852599,0.5429633279719379,1.1732104676168955,1.8236243029519672,2.1071645849216374
2018-09-14,0.0037815837303174,0.564063725914318,1.204245291774134,1.8585310461824172,2.1414439189357335
2018-09-17,-0.0199893517585802,0.5316915242790721,1.1738241973307026,1.8321575097972564,2.1162143168101286
2018-09-18,-0.0658813415971479,0.5483362702036985,1.2349497731546857,1.8035449935670416,2.0134897054515495
2018-09-19,-0.0643781204176345,0.5705722581874078,1.2753293546403943,1.839251263311274,2.0434274260971343
2018-09-20,0.0035023449025679,0.5867308537506926,1.24199951060376,1.8138711028027803,2.031266216443407
2018-09-21,-0.0322342681039984,0.5628292559110495,1.2365118332350598,1.8077314396750284,2.0211949658586073
2018-09-24,0.0114722487332414,0.6250502175023946,1.2895215061941503,1.838710405897718,2.0422932975137753
2018-09-25,0.0041279760989372,0.6257347504767452,1.2982456951552006,1.8463169223668476,2.047731084691902
2018-09-26,-0.0173703744710831,0.6151821036377925,1.2923253318593415,1.8313329609999889,2.0271841671840316
2018-09-27,0.0034380523713952,0.6425469210825803,1.3077876035473892,1.8114638578309403,1.990602604439089
2018-09-28,0.1351407803775615,0.6939616806473516,1.257266484995906,1.8481308062458135,2.1236405347105007
2018-10-01,0.1249462163477268,0.7158622086801998,1.269333253363527,1.855771958599771,2.138170671257061
2018-10-02,0.1748736181293093,0.7492198677344017,1.2619903069331375,1.8483234005465388,2.148627822486252
2018-10-03,0.1316300640505261,0.7169927068244775,1.2621220446971415,1.8537468910080293,2.138794673510551
2018-10-04,0.1557320294652964,0.7654334053841243,1.3166352584474517,1.8925139611112112,2.1680477587143843
2018-10-05,0.192082612875609,0.8058602143706661,1.3581866562939613,1.931481206935049,2.2049782332329873
2018-10-08,0.2329412242881217,0.8400502144286257,1.3678833211672714,1.9422135107357636,2.234232689261902
2018-10-09,0.2292749329384618,0.8433646519984119,1.379643210033084,1.9568943620559816,2.2477062189485757
2018-10-10,0.1957268089033057,0.81118595429073,1.3668515256717324,1.9521034532703032,2.239439622184876
2018-10-11,0.2553921896287621,0.8592956468905246,1.370942654011975,1.9454889408205591,2.2483907383142228
2018-10-12,0.2377620730574099,0.8476770908148996,1.365796893300697,1.935638582639136,2.233378723605302
2018-10-15,0.2231284712604768,0.8269563208812105,1.3557847280586977,1.937779620602571,2.237585618847534
2018-10-16,0.1571105830389321,0.7617354481604721,1.325699648916716,1.9202800169623109,2.209317751242607
2018-10-17,0.1072779529379053,0.7020960371947957,1.2792908666630272,1.8973860284248412,2.2012580348638497
2018-10-18,0.1740109864562846,0.8002965999529934,1.3810180927391666,1.9744559123912069,2.2565422759512206
2018-10-19,0.2430387823713617,0.8555820216594032,1.3802515892920333,1.952084226869533,2.245803699777519
2018-10-22,0.1360885338513915,0.7922442149145965,1.4112587222004134,1.9211626414253704,2.1176372487869317
2018-10-23,0.1407414419666572,0.7875113891611552,1.3914595733388335,1.896441765817104,2.096285590510324
2018-10-24,0.1525683217960542,0.7977846871413341,1.3925461312727432,1.8932035589788752,2.0948896761608253
2018-10-25,0.0803747125423814,0.6993591359999503,1.3317593566446426,1.9112534731990165,2.152391380881716
2018-10-26,0.1093139042006434,0.7069695902026361,1.293685455536112,1.85433355591492,2.105596195325485
2018-10-29,0.0791982232565695,0.6970781088184363,1.3008010589229055,1.8586712698375296,2.1091341429664316
2018-10-30,0.134234620286362,0.7541182393681058,1.3264099267321772,1.8687889299111389,2.139676218405711
2018-10-31,0.1274267455041027,0.713825815366274,1.2460283192269728,1.7348151201565851,1.954263934493194
2018-11-01,0.1150413793106652,0.7259332236660843,1.286457505576088,1.7637838449821714,1.9724033091294872
2018-11-02,0.0965026937837176,0.7403189719893977,1.2940409732235718,1.7703003767471277,1.983636575423172
2018-11-05,0.047591299484023,0.6921726526743868,1.2843331132035107,1.783681454891628,1.9849575484692312
2018-11-06,0.0663362814797725,0.7327323536677568,1.3126167658587935,1.797364703388162,1.998121287765569
2018-11-07,0.0576823074929579,0.7153278976739941,1.3142770148120224,1.8935820344524572,2.167195329890421
2018-11-08,0.1185497390145338,0.7537216880090707,1.2830876780179885,1.8294291892253316,2.116403934613847
2018-11-09,0.0976217005175232,0.732849580785043,1.275805445849894,1.829750108265939,2.114429565385416
2018-11-12,0.1073923321243581,0.7384508111481853,1.2692708634975691,1.817544346919532,2.1045314621392173
2018-11-13,0.1144974156427141,0.7503331596011229,1.2830922167026966,1.831195994488944,2.1177192001786587
2018-11-14,0.1216343616294866,0.7612216510454264,1.300301477955193,1.8504145050176977,2.135197719850689
2018-11-15,0.103255255063603,0.7515933928100758,1.3228098830448791,1.8909839730651576,2.1720572427995934
2018-11-16,0.119622409409728,0.7667381587395372,1.3270036240300715,1.8898550979159197,2.1734183264691547
2018-11-19,0.1504254140616359,0.7987281460718734,1.3563103980952569,1.9158910228948736,2.198651348212315
2018-11-20,0.1849493741250851,0.8265192257559502,1.3529569363851284,1.8969327502309952,2.185705304771922
2018-11-21,0.0892636517188494,0.7379849056756385,1.3364915271311784,1.922556311856705,2.2021066058871748
2018-11-22,0.0875284407667535,0.7320820848914629,1.3259312595200736,1.9106625924977536,2.1913310062596496
2018-11-23,0.0726476009387973,0.7043961699908294,1.2905319903878691,1.8760327233426208,2.1599581953579134
2018-11-26,0.0222266198086549,0.6449464871580819,1.2552332294342765,1.8671234017907736,2.1563828182314255
2018-11-27,0.0268870744254252,0.6393027305882786,1.2646381586243771,1.885600125323296,2.169226877131707
2018-11-28,0.0322481081568302,0.6397071275589443,1.256613113130726,1.875169112954949,2.161527590819877
2018-11-29,-0.0096660805768475,0.5751612591617121,1.201441193729373,1.8410048237431615,2.1342551997522605
2018-11-30,-0.0074789852494934,0.5810967000711287,1.2110969455821152,1.8517721931783333,2.1442646778652117
2018-12-03,-0.0500901572407022,0.5395424698381603,1.2005223798104954,1.850246396575403,2.1278710140873187
2018-12-04,-0.0194924109593426,0.5493772587637107,1.1685186196981387,1.811840928390838,2.1103379142891656
2018-12-05,-0.0588723120109726,0.5025484252135861,1.169248139600164,1.881902428669937,2.2078569672835853
2018-12-06,-0.0233698666011408,0.5298114331332862,1.1620336667655131,1.8552482277153464,2.188743118567147
2018-12-07,-0.0080114721215887,0.5506424060527308,1.194368932169981,1.8872601384726264,2.2120659015847055
2018-12-10,-0.0083399741448868,0.5493344728059348,1.1806627156267062,1.8668745858422389,2.1816682964678087
2018-12-11,0.0009700663842959,0.5435331114876938,1.16795231059867,1.863524217187032,2.180327167151666
2018-12-12,-0.0332018659359061,0.5136007101660205,1.1580470129504583,1.8464856167589951,2.1502529563204265
2018-12-13,-0.0150326426063447,0.5048433017984433,1.1515232249529035,1.8834912779533672,2.195614864257799
2018-12-14,-0.0212432546682528,0.5054421260664377,1.1452231999657825,1.876840459937748,2.1976132411693503
2018-12-17,-0.0406580982450712,0.4972983133232898,1.14806066600244,1.8756912971946216,2.192370849672154
2018-12-18,-0.0438367486596646,0.4864139337306401,1.131712234117014,1.8580495274550932,2.175628679005546
2018-12-19,-0.0883083989954034,0.4735117668460784,1.150705301709543,1.838987718358444,2.119530754167968
2018-12-20,-0.0988459848580447,0.4459790584923517,1.1275963692794695,1.8209226995711427,2.0969304556978856
2018-12-21,-0.0838858449880994,0.4628491258023679,1.140843799047042,1.829888753523389,2.104360750335524
2018-12-27,-0.0988426944839311,0.4574627168361891,1.149405268299747,1.8290019704338851,2.1042033978110695
2018-12-28,-0.1050328296166704,0.4617534496940489,1.1653486888195177,1.8452772066754448,2.117908487357127
2019-01-02,-0.1252806469042813,0.4061911848314192,1.1032631399958683,1.7844369211094877,2.0576897130596903
2019-01-03,-0.0667764059204008,0.4683811267754136,1.149087319994294,1.8303876520506333,2.1097948892251415
2019-01-04,-0.0837660671131526,0.4766140684434914,1.1877258873681962,1.86783879489611,2.1383327016044356
2019-01-07,-0.0721422101528102,0.476934356527618,1.167202932519606,1.8905019144262347,2.2007130030592377
2019-01-08,-0.0511879174304845,0.5050264525153101,1.1893011656531542,1.912687074083106,2.224833369394835
2019-01-09,-0.0515837456053476,0.4702838517745675,1.1208072428409492,1.8365155362042775,2.1551755191082806
2019-01-10,-0.0366675909208926,0.4427400472823435,1.0635053876662024,1.8216772201368725,2.182849268835134
2019-01-11,-0.0582649050304322,0.4162221986805958,1.041574056872118,1.8029654025156023,2.163978441016513
2019-01-14,-0.091043772263383,0.3974953496746618,1.0462771657518508,1.800840638960976,2.154451733876032
2019-01-15,-0.102322909781146,0.3807239335983152,1.033072165698789,1.8009704664732396,2.163131233892909
2019-01-16,-0.1257461784034372,0.3689676096377767,1.0514997302178497,1.8336731247470144,2.1916057782410094
2019-01-17,-0.1250931086052493,0.3644356100074111,1.0397145106348118,1.8182914186818904,2.176557717817948
2019-01-18,-0.1288845860138994,0.3616604279825934,1.0406377828117577,1.821122260993856,2.1789194244956684
2019-01-21,-0.1128147927871947,0.3777872072204911,1.04846078665034,1.83211544705274,2.194097352821091
2019-01-22,-0.1312100783158767,0.3580931534934146,1.0310804495725567,1.8065046632549344,2.1623219468012578
2019-01-23,-0.1200713964567126,0.3657294781680966,1.0276344724884343,1.798114833828925,2.155646207346889
2019-01-24,-0.1284598829933436,0.337517672970641,0.979848911392348,1.748839020834574,2.1131480245040417
2019-01-25,-0.1296522746078836,0.3000203391319678,0.9192617012615752,1.7151472737110725,2.110218084014356
2019-01-28,-0.1245096377062089,0.2973482011357848,0.9402393036801366,1.748943890475879,2.1285810524358193
2019-01-29,-0.1263433298389182,0.3283353790618188,0.9782926469591642,1.740909100348866,2.0900803683068667
2019-01-30,-0.1224461797138021,0.3355447309668475,0.979136233996542,1.7393875758044826,2.087293070566413
2019-01-31,-0.1198352996176632,0.3182645445215781,0.9461593173589208,1.7062925097056096,2.060824582364929
2019-02-01,-0.0826322482683097,0.3262233400947152,0.8998624170752554,1.672033822844957,2.0712749043987992
2019-02-04,-0.0931082341575577,0.3933191018285411,1.0329300937811023,1.7387415922081209,2.0561181155256314
2019-02-05,-0.0912816273991143,0.3713381723310931,0.9961973418303224,1.7435827141816986,2.0936729257757456
2019-02-06,-0.0523644293673339,0.3563426348129637,0.9250016684921284,1.7261585780294642,2.14321764345765
2019-02-07,-0.0212742189325667,0.3839108609066,0.9217896789091232,1.7095271894204669,2.13215217080419
2019-02-08,0.0107540837451396,0.4019954698083543,0.9148204355619338,1.70972643131432,2.1498914532273705
2019-02-11,-0.0397169799679644,0.3621131196506923,0.9147518363953836,1.7267987961085542,2.161569243293365
2019-02-12,-0.0215475136421314,0.3761448666566998,0.913563570511144,1.719309045428349,2.15645888824817
2019-02-13,-0.0631299828892264,0.3366441993284339,0.8986757497870279,1.7162383010971285,2.1503489722687883
2019-02-14,-0.0523865420100486,0.3303412706432893,0.8642194061781527,1.6720561948942905,2.1111600639440695
2019-02-15,-0.0512454146832426,0.3422883158682324,0.8972032536617811,1.7122401454359184,2.147283246070943
2019-02-18,-0.0887792739967747,0.3071727810112579,0.8779759683227693,1.7010056175926451,2.134477964468309
2019-02-19,-0.0699484730835791,0.3246622871953941,0.8852499864089638,1.7034275530700365,2.138221279462772
2019-02-20,-0.0476553607764764,0.3378240266072896,0.8743186770162987,1.6828374032923483,2.1214690103858853
2019-02-21,-0.0418248741442193,0.358027531955841,0.909650403144088,1.7222189326692212,2.157864780919671
2019-02-22,-0.0484230601935156,0.3357234176253616,0.8706629287759995,1.679883333741893,2.119946544467975
2019-02-25,-0.0586664432686308,0.3273846912268259,0.8701336602198744,1.6828918908236603,2.1219308947028415
2019-02-26,-0.1014907744758177,0.2825827872704542,0.8457937578529493,1.6696877404160082,2.1066674634120552
2019-02-27,-0.0918058511231012,0.3354761596435223,0.9672812936033216,1.7469006479475064,2.1153427963812756
2019-02-28,-0.0784009089038679,0.357377996747342,0.9874360124862812,1.7655534326118314,2.1322399523486824
2019-03-01,-0.0645399309009175,0.3755586344602326,1.0029913481417283,1.7926469855550295,2.15977463636787
2019-03-04,-0.0758791207998719,0.3716072496151108,0.991009636422985,1.7709573321226988,2.137363154341087
2019-03-05,-0.0993427132113313,0.3513553633374204,0.9757967966150916,1.7533322691217643,2.119676223083441
2019-03-06,-0.1205494515285252,0.3136537651812832,0.9303198929536038,1.712328862014031,2.0840076684742392
2019-03-07,-0.1559491022598957,0.2171579498526989,0.8165265579971721,1.6371799038739423,2.031164035263558
2019-03-08,-0.1530040663393768,0.2199124223032331,0.7958079014387489,1.613141974696176,2.0245008131752575
2019-03-11,-0.1290691529435403,0.2254826810559747,0.7783311205298968,1.6193365973998453,2.0608020468596857
2019-03-12,-0.1220335529023595,0.2426356979188195,0.8042852992869278,1.6467586817451545,2.086201209658264
2019-03-13,-0.0981673739841464,0.2608902651597615,0.8041203227069493,1.6400617306784455,2.082471963962245
2019-03-14,-0.1338414596777046,0.2400469641474134,0.7942018856333997,1.6327611319280342,2.1016609217315176
2019-03-15,-0.1252895502508031,0.2410051275061904,0.7800412326065795,1.6260372325694052,2.0994836626181423
2019-03-18,-0.1472551907676211,0.238493967762789,0.8016967219029199,1.6224081746960684,2.0552782904193876
2019-03-19,-0.1295322288835234,0.2583772049777968,0.8094977568774668,1.6346033260507389,2.0823397424194345
2019-03-20,-0.1230650191034929,0.260712951421254,0.8027511204546727,1.624167361998848,2.073346602815862
2019-03-21,-0.1310257821494587,0.2199069554890305,0.7344194143908012,1.5672183676733633,2.042971839222081
2019-03-22,-0.1299344423524338,0.2187182534563709,0.7291765445292357,1.561019054501655,2.038259716017431
2019-03-25,-0.1307018510884896,0.2450024615248196,0.7616939559907512,1.5474984120310773,1.9920649412536853
2019-03-26,-0.1483768756341299,0.2398819981228324,0.776613497361367,1.525035700653112,1.9234866195187323
2019-03-27,-0.1693245411561159,0.1844169500306716,0.7126980556605771,1.492983281551874,1.9169911178173693
2019-03-28,-0.142981275358148,0.2098581576368312,0.7437790703805844,1.5051707783927033,1.8933840012356928
2019-03-29,-0.1425397072315375,0.2150556937919696,0.7476090398766826,1.5175418171007546,1.9139780555922332
2019-04-01,-0.1535599721642975,0.2179221492112182,0.7703366108297693,1.5479603200480887,1.943128499857181
2019-04-02,-0.1444248516827913,0.230579145447507,0.7786100190207708,1.552042833582434,1.947086230237068
2019-04-03,-0.1394260474596742,0.2243917937367476,0.7556545869464051,1.5678297204105012,2.0081576552995557
2019-04-04,-0.130878451585402,0.1940851258865477,0.6704892716959927,1.4651069423119725,1.915707661798919
2019-04-05,-0.1157759703137273,0.2254590914081573,0.7143763912229364,1.5111522945894116,1.958931895571454
2019-04-08,-0.1019813999310392,0.1922630220848296,0.651499338585606,1.5014902320767685,1.997854043697321
2019-04-09,-0.140750057951736,0.2432523676170257,0.7899463297243954,1.5777721271475895,2.019080805808066
2019-04-10,-0.1537287796952573,0.2015751053270031,0.7520774515207349,1.5615616856325412,1.9945897257939305
2019-04-11,-0.1406722551023138,0.1690195062117725,0.6542340930544315,1.4652323787405814,1.95748316290109
2019-04-12,-0.1313371163911432,0.1998709903809534,0.6881172398672128,1.5072150399809612,1.9903503685664097
2019-04-15,-0.1271691461081725,0.2449022440120241,0.7806241445526849,1.5462241950576172,1.984448778581952
2019-04-16,-0.1085952479200451,0.2267811605845753,0.7300647476353701,1.552371960553787,2.0509240693982944
2019-04-17,-0.1032052268176451,0.2746753014736782,0.7909703360289613,1.5255635154232938,1.9558712324777103
2019-04-18,-0.1137488222731351,0.2410924144146,0.7282651731948273,1.4485571970617457,1.8847536526678457
2019-04-23,-0.0808866765186704,0.2767629575101771,0.7695895394744761,1.4928358478836738,1.9273122661229616
2019-04-24,-0.1033948082314231,0.2349147690933892,0.7030517692192233,1.4213865228869027,1.8705076463008623
2019-04-25,-0.0917654210792719,0.258189308159904,0.738729873919207,1.456095560969421,1.895963711150824
2019-04-26,-0.0972965318112422,0.246240532603672,0.7179165532596574,1.4372287549971865,1.8858478127887184
2019-04-29,-0.1299114378717889,0.1884467070907041,0.6750576476243144,1.4554948476795837,1.9146033291320892
2019-04-30,-0.1281079879886681,0.1876139171597355,0.6747739296278912,1.4560172109536405,1.9036486175440712
2019-05-02,-0.1355142608031796,0.1709886361933668,0.6469024927125946,1.4385783934218574,1.884406536382224
2019-05-03,-0.1430623614913977,0.1698463618804568,0.6520777179335187,1.446429707833178,1.892302010761272
2019-05-06,-0.143536758874593,0.1770613965408056,0.6560270048887569,1.4504752873004887,1.9040075456420076
2019-05-07,-0.1499772154637044,0.1575789869797832,0.6258251718209364,1.4269101731803475,1.8892256115811412
2019-05-08,-0.1322527401088922,0.1711960814131119,0.6239428233071203,1.417757938287906,1.8822102107224736
2019-05-09,-0.1277725269287257,0.1805656406889269,0.637247555265716,1.4319045285896874,1.8954888626494368
2019-05-10,-0.1167368830507982,0.1971134686841131,0.6513653841005285,1.4457183535608764,1.9191948239305796
2019-05-13,-0.1151963393238615,0.1933052831698321,0.6392179437681547,1.4300929705465042,1.904874784445315
2019-05-14,-0.1245012501277247,0.2134052153297223,0.6925085762782,1.4324171906917016,1.8430807859950773
2019-05-15,-0.1095353791598765,0.2149773672073038,0.6674450598422208,1.3965287694443878,1.8114629294863576
2019-05-16,-0.1228451222563857,0.1859815063337846,0.6261196572494097,1.3553246215803552,1.7754040043077703
2019-05-17,-0.1393154140966088,0.163166107295007,0.6051612915093352,1.339996384896864,1.7631877997051315
2019-05-20,-0.1348335964821694,0.1709650676514607,0.6389588174670222,1.4216537325359266,1.8649542526894975
2019-05-21,-0.1335401510366369,0.1697490770801213,0.6336532708550853,1.4148353601964634,1.858804795619928
2019-05-22,-0.1370008586251638,0.1634944252572836,0.6259518384935352,1.4069834728337067,1.851258144166781
2019-05-23,-0.1447027949360473,0.1479443595042333,0.6037529225034226,1.383708410351057,1.8298149758901372
2019-05-24,-0.1720762849964381,0.1194616388500326,0.5886486344395712,1.37575156967319,1.8202571508978136
2019-05-27,-0.1449229128957192,0.1364689653120021,0.5769521125357464,1.3516140299061066,1.800501822618057
2019-05-28,-0.1391244772911082,0.1762453372024013,0.6444264776578401,1.3513810353087217,1.7403403119355494
2019-05-29,-0.1287391391544834,0.1334068566193904,0.5394899665994415,1.3014930568180074,1.7565493128312972
2019-05-30,-0.1287391391545713,0.1334068566192714,0.5394899665993269,1.3014930568179128,1.7565493128312124
2019-05-31,-0.1238451402078855,0.1200239978375483,0.4993722319905411,1.25327914842413,1.7143721488682744
2019-06-03,-0.1078467627170236,0.1027607377023538,0.4527804367462309,1.2290918283591523,1.7130838383772526
2019-06-04,-0.1228661419192072,0.076000276521436,0.4008793772585033,1.182905138288882,1.7029266735952726
2019-06-05,-0.120388358939699,0.0716552316207357,0.3858255412922551,1.1635408336888735,1.685307021293025
2019-06-06,-0.1148036311914184,0.0660861677998183,0.3616049831195562,1.131229081352079,1.6557837597059473
2019-06-07,-0.1713671626856419,-0.0048284306945305,0.2941478092954135,1.0617083038087611,1.5871028913928011
2019-06-10,-0.1557797730706194,0.0307375240101168,0.3569084924071424,1.1349083233259192,1.6417680819254608
2019-06-11,-0.1615680491230882,0.0164067276423205,0.3299522510344292,1.1007430945255874,1.6096537534599726
2019-06-12,-0.1402826032116308,0.0402139519586746,0.3452364603594215,1.1109421776657291,1.620735968243315
2019-06-13,-0.1488078830946944,0.0147706022178306,0.3689600947480382,1.1938743671819685,1.6931850822751555
2019-06-14,-0.1677373691892696,-0.0057969502692651,0.3397385037249254,1.1619835627333908,1.6724748094817503
2019-06-17,-0.1655944082300715,0.0059194864715603,0.3507013908907379,1.1689677901406674,1.6806495655779456
2019-06-18,-0.2497673666140478,-0.1091642945201334,0.2506845546681839,1.0768592844555005,1.5688813941772048
2019-06-19,-0.2370085449452412,-0.0926305140721055,0.2653311888812268,1.083779160664966,1.5723929814733335
2019-06-20,-0.2585761739911447,-0.1057091138613017,0.2446134295115687,1.0216049182583498,1.4918018729445528
2019-06-21,-0.217919982011717,-0.0631116946082217,0.2817903730523063,1.074344373632525,1.5529712131229916
2019-06-24,-0.2173414958439696,-0.0726017470767033,0.2603429084143571,1.0572547305898232,1.5405528442756615
2019-06-25,-0.2148459398032893,-0.0859230233968322,0.2300119347836138,1.026567094792206,1.515167281998526
2019-06-26,-0.214845939803181,-0.0859230233968828,0.2300119347833522,1.0265670947919086,1.515167281998286
2019-06-27,-0.2173455971956586,-0.0833314818152093,0.2397408555916294,1.03825317664688,1.5254878888292704
2019-06-28,-0.2311718384440735,-0.0966015585656236,0.2332534689047389,1.034359319761457,1.5206254824330296
2019-07-01,-0.2782211293891827,-0.1433195392132895,0.1992986339082829,0.9942194899404612,1.4739260505781966
2019-07-02,-0.3223201705429872,-0.189245524768661,0.1714553897989641,0.96725945079526,1.4352405931717638
2019-07-03,-0.3559590690187773,-0.234830018979772,0.114690360100738,0.8808637537190949,1.3272217810893812
2019-07-04,-0.3333551124810792,-0.2272915732168514,0.0932512371713998,0.8505750785201394,1.3021419125867073
2019-07-05,-0.3029811420173112,-0.1740191438508196,0.1631815012749715,0.9370102792660616,1.4006145367755407
2019-07-08,-0.304580876079946,-0.183326975140027,0.1497090690848059,0.91977931174192,1.3708495191017962
2019-07-09,-0.3084194946883078,-0.1724523555502344,0.1780520110780399,0.9529212476808566,1.406508082077341
2019-07-10,-0.2974921207820866,-0.147856693866637,0.2178153188023048,0.994895285320386,1.4452629572554712
2019-07-11,-0.3095657774651483,-0.1521472091201725,0.2321384542111024,1.018881558577842,1.4612720147662852
2019-07-12,-0.300701811977254,-0.1203476563958863,0.2947917223480729,1.0837898856861576,1.5142417047362593
2019-07-15,-0.3324094705900813,-0.1582459664028483,0.2562557768164151,1.033402640727532,1.4580722571563924
2019-07-16,-0.3462138879515661,-0.1772971754550676,0.2327789413496503,1.0041582374148184,1.4196699659819711
2019-07-17,-0.3613679429806979,-0.2071587326362762,0.1934767673684669,0.967345818895327,1.3878738879641703
2019-07-18,-0.3508164097303217,-0.197015848280464,0.1887775854609863,0.9440409317125495,1.360012741310795
2019-07-19,-0.3517519301518432,-0.2569325879390156,0.1281364790985026,0.9724968936050288,1.4373976323467534
2019-07-22,-0.3519006718130666,-0.2577867182846578,0.1264564171043707,0.9705747060741468,1.4355986604755415
2019-07-23,-0.3715104920002541,-0.2676632281720419,0.1300516276761665,0.9693864042882452,1.4277448827258286
2019-07-24,-0.4048937562003281,-0.2982635894953835,0.0970014132958358,0.9006037769121185,1.3384791673767409
2019-07-25,-0.3766703446455457,-0.2432765871608411,0.1663266434420283,0.9489607385830996,1.366413337057918
2019-07-26,-0.3775767735845425,-0.2752892175303496,0.111825854368158,0.9125523237121892,1.351144926679933
2019-07-29,-0.3813440629549247,-0.2940059529171974,0.0782328004186756,0.8778755025217957,1.3207366649193213
2019-07-30,-0.3690973893129325,-0.2784865609346738,0.0975183472630232,0.8973155770648673,1.3388788166457268
2019-07-31,-0.3547994908626051,-0.2913548592034725,0.0479105728960815,0.8726152972479122,1.335064902287354
2019-08-01,-0.3563724964973502,-0.3081272677581954,0.0145619121889377,0.8366812853710965,1.3029725334659936
2019-08-02,-0.3708978895359731,-0.3227662913975226,-0.0127004025823258,0.77610111048826,1.2299297935279614
2019-08-05,-0.3679791139992838,-0.2950965576558877,-0.0109917210415737,0.7006257672541012,1.1274856197456742
2019-08-06,-0.3875745912621402,-0.3076838685757832,-0.0728757266360906,0.5879391454611564,1.076832683686864
2019-08-07,-0.4282693222486382,-0.3721474727249947,-0.1257833124736005,0.5096325232923449,0.9308488895070386
2019-08-08,-0.3906596106053381,-0.3237566872160089,-0.0578637983238499,0.6043127828223871,1.0337102641226408
2019-08-09,-0.3313435361242103,-0.2757025978717542,-0.0519427679333741,0.6354701902690048,1.1089115074658709
2019-08-12,-0.3384191014900342,-0.2785887196486829,-0.0616059417142191,0.6152100083131162,1.081169292633945
2019-08-13,-0.3515468491741775,-0.2973249735940211,-0.0827918540696104,0.5816151272315526,1.03054928313543
2019-08-14,-0.3928106804743816,-0.3515291101488231,-0.1428461974897938,0.5017014780131799,0.949393809823432
2019-08-15,-0.4168884903906638,-0.3388021444619924,-0.1269128795155354,0.4423804018785437,0.851015676756103
2019-08-16,-0.4169904879556463,-0.3946207333354343,-0.2167987555745174,0.3988164277713255,0.822383026482814
2019-08-19,-0.3982158666069353,-0.3090314083762071,-0.1012870849440217,0.5028742927520837,0.9681684430273978
2019-08-20,-0.421003413332027,-0.3487880264177563,-0.1483437103464271,0.447783625093217,0.8864869203766572
2019-08-21,-0.4315317467598525,-0.3492235578276261,-0.1262238087094811,0.4833499961635241,0.9197228427016362
2019-08-22,-0.4161114300986919,-0.3230689756173732,-0.0979511170291953,0.5051520800759182,0.9569425511897736
2019-08-23,-0.4287429508126448,-0.3338491584426974,-0.0953621575812091,0.5186141677574314,0.9697828701006276
2019-08-26,-0.420815209084179,-0.33391700257333,-0.1136772758166531,0.49938424240541,0.9503245598675756
2019-08-27,-0.486957146991378,-0.3945485742879269,-0.1499918550024181,0.439012746353447,0.8672535486729958
2019-08-28,-0.5008149645365352,-0.4305351559747472,-0.2050234373815502,0.3597620536047476,0.755102883530264
2019-08-29,-0.5405198857279276,-0.4359190546443745,-0.1278708819848293,0.4211113618464366,0.7201249871024284
2019-08-30,-0.5367709541018837,-0.4287643795035794,-0.1095066509231914,0.4467815524487442,0.7515923168595233
2019-09-02,-0.5548274835132174,-0.4384568409182461,-0.0975503261796069,0.4679669115821165,0.7691210488981961
2019-09-03,-0.5503210690939455,-0.4329540748130673,-0.113797369462762,0.4386535317091917,0.7330119421864236
2019-09-04,-0.5556866527578475,-0.429262907073106,-0.0762787424250417,0.5146973753183377,0.8163377306681154
2019-09-05,-0.5397260900442449,-0.380079981074338,-0.0081840028956876,0.583516937028592,0.8866596964050406
2019-09-06,-0.5515957080458955,-0.4180712046219921,-0.0631740614372247,0.5294259267782433,0.8301334775069704
2019-09-09,-0.5208214599280381,-0.3804545260622802,-0.0011510080372203,0.6795904635748791,1.040207171704571
2019-09-10,-0.5094170732512735,-0.3693736259125684,0.0079409733098976,0.6927479369232588,1.0579612388784452
2019-09-11,-0.5097497633902921,-0.3685836000955715,0.0179290964093983,0.7028242652213472,1.062703088088377
2019-09-12,-0.5110284785262649,-0.3875664179069398,-0.018409050974677,0.6607425202808481,1.0221424534194123
2019-09-13,-0.4490518346353975,-0.3155259418535481,0.0479611545737519,0.6973551514275469,1.078907035358395
2019-09-16,-0.4505277460286749,-0.3109381643563944,0.0580427417674114,0.711503077873628,1.0550038633143135
2019-09-17,-0.4333259095874346,-0.2988234880396092,0.0633870103332325,0.7205201544978905,1.06085219401434
2019-09-18,-0.4486657247539973,-0.3157797144517147,0.1017917573599396,0.7236906100248723,0.997267457914564
2019-09-19,-0.4246152207812517,-0.2945124181385621,0.0400818051530826,0.6795044535929637,1.0331334633685332
2019-09-20,-0.4299820250510984,-0.3082257877633152,0.0252065467875759,0.6514780056771459,0.9858032160289454
2019-09-23,-0.4516962460611293,-0.34413948927563,-0.0355768007651153,0.5731975080293785,0.911514764961754
2019-09-24,-0.4563037403854895,-0.3552747261302853,-0.0461039619663212,0.5561449754094987,0.8847013887723616
2019-09-25,-0.4587522062355393,-0.360070683342732,-0.0659398711957495,0.5157624194096972,0.8440042420522857
2019-09-26,-0.4578073949743753,-0.3418236416086744,-0.0324239307399478,0.5416670988609371,0.860497610570897
2019-09-27,-0.4700381650709215,-0.3552823002919876,-0.0360461052758118,0.5526131687241294,0.8785549600898843
2019-09-30,-0.4823742239916999,-0.3678580683868553,-0.0355822788327273,0.5749785864603343,0.9040908003054704
2019-10-01,-0.4739223201408982,-0.3457602222708429,-0.0005673061662694,0.6212404267856493,0.9511145343575848
2019-10-02,-0.4718490619730873,-0.3417577491336319,0.0059510079121327,0.6279728457660814,0.957119673103719
2019-10-03,-0.485094846926851,-0.3711348983426568,-0.0397205724912312,0.5746515206025244,0.9061863859520538
2019-10-04,-0.4882080261883081,-0.3746556471328981,-0.0413543431908642,0.571963835438948,0.9037479221369256
2019-10-07,-0.4799095151136119,-0.3681588281662096,-0.0365518133429256,0.5862678746590513,0.9256973082033292
2019-10-08,-0.4755139991703445,-0.371295706127225,-0.044737222136165,0.5842376208850193,0.9291570291129156
2019-10-09,-0.4652598012793003,-0.3543234386366807,-0.0240964462351467,0.6094292684693543,0.9577828714006767
2019-10-10,-0.42248744751888,-0.2807695685052458,0.055213267940033,0.6769243445169688,1.0202514696459462
2019-10-11,-0.4325299875402382,-0.2852407631803242,0.0650018771937492,0.6996545585327443,1.046211191579741
2019-10-14,-0.4332740785436968,-0.2889768043377545,0.0556965672951905,0.6816894607070951,1.0316096242036932
2019-10-15,-0.4333956213402294,-0.2939071048151165,0.0443961919756557,0.6723824819362774,1.0265457813674228
2019-10-16,-0.4291620517648185,-0.2660805312308865,0.0962024217686527,0.7220644727039218,1.0777019920212587
2019-10-17,-0.4270168371950777,-0.2687249860606862,0.0923472283315511,0.7148711493130797,1.0710844898592162
2019-10-18,-0.4268956069402168,-0.2558737525584984,0.1168760714077006,0.7322085136440366,1.086828375376462
2019-10-21,-0.4090886590239759,-0.2307805235440714,0.1429951646207188,0.7748199293823053,1.138286302849239
2019-10-22,-0.4209578598075656,-0.2530493749942595,0.114661110858302,0.7323460927419392,1.0852663524347483
2019-10-23,-0.4018170803975045,-0.2476668284389998,0.0938037452439415,0.7093528926240049,1.0677898771450771
2019-10-24,-0.4240244562926731,-0.2671844475268923,0.0920160302094892,0.7169166431043119,1.0723919031241502
2019-10-25,-0.4027406944692338,-0.2340798030345769,0.1213490006196398,0.7380182923080838,1.0973779211079069
2019-10-28,-0.3786533560317435,-0.1969090632811028,0.1528313513720203,0.7852857988806665,1.1618542610928806
2019-10-29,-0.3815066242494231,-0.2053602375821253,0.1465486731827177,0.7695396160141796,1.1240424758085292
2019-10-30,-0.3774691600758482,-0.2043968581234816,0.1412484433226284,0.7619689294509366,1.1176871507988384
2019-10-31,-0.4077144285371461,-0.2538122095207233,0.0845797028883552,0.6982367201304829,1.0462676077185962
2019-11-01,-0.4049854318523462,-0.2443457996151101,0.1086750829400893,0.7331308237097938,1.0832587228126336
2019-11-04,-0.3911505871948937,-0.2153928092849808,0.1512935602160396,0.7855559447111,1.120685046766836
2019-11-05,-0.4358586937307698,-0.2523765340934698,0.1407941084498292,0.799594863013362,1.164507338934445
2019-11-06,-0.4238341616799141,-0.2505762532043309,0.1168977127106245,0.7806112780463819,1.1777924603934342
2019-11-07,-0.4041282221571793,-0.2075698095656495,0.1698023241633537,0.8391367992014138,1.2418087845399757
2019-11-08,-0.3810551546847343,-0.1776705699660024,0.1959304814939271,0.868027871993442,1.2781113918780869
2019-11-11,-0.3681003643538805,-0.1682299578700385,0.1967585874717334,0.8701700037403235,1.2872139885163063
2019-11-12,-0.3727684948627616,-0.1663355735008718,0.2129342387833936,0.8918574111731083,1.305423646801212
2019-11-13,-0.3812569232943303,-0.1750601971068341,0.2053771756024991,0.8542034772249218,1.2396835430101318
2019-11-14,-0.3854849327693306,-0.1889611533872486,0.1801346535772534,0.8249149347336133,1.212899633443493
2019-11-15,-0.3807412329025474,-0.1803564899954652,0.1987835817205701,0.848663081521277,1.234598262784398
2019-11-18,-0.3947690182675836,-0.1990013868637881,0.1721289093658855,0.8155415028935704,1.2004576635506954
2019-11-19,-0.3850140276756635,-0.1835760589241744,0.1904782728796226,0.8355727041914007,1.2218784547739654
2019-11-20,-0.3952601255723911,-0.2040891514825134,0.1649363288074736,0.8080894832482253,1.1946686991430635
2019-11-21,-0.3962173786145335,-0.1837694028033434,0.2136692166606639,0.8444681029394285,1.2131321242526596
2019-11-22,-0.4030821608047148,-0.1971088074816904,0.1914907221711113,0.8211263745067443,1.1952383426027255
2019-11-25,-0.4121902326202029,-0.2091027113272092,0.1774689306891543,0.808346862102403,1.184548363472981
2019-11-26,-0.4156509630592073,-0.2232208113827249,0.1541116577867081,0.7959798175067627,1.189658171803342
2019-11-27,-0.4116221763245327,-0.2147815474708201,0.1659065117041942,0.8048956722250873,1.1937852958309445
2019-11-28,-0.4049806402378451,-0.2024171162655701,0.1750086371369734,0.8162987983264491,1.213945307539979
2019-11-29,-0.4072058993131682,-0.1890411797547075,0.2097917419262742,0.8354960153740727,1.1993377178508378
2019-12-02,-0.3780766999483438,-0.1387801428479713,0.260919956652633,0.9070073337573868,1.279666389471231
2019-12-03,-0.3934141998724878,-0.1825911075605395,0.1965393758258162,0.864157014125658,1.2576798986388362
2019-12-04,-0.4053330451106389,-0.1909879354058583,0.1863723563001427,0.8430301830334215,1.2413197695241611
2019-12-05,-0.3736869255462185,-0.137424129177285,0.2473901542529253,0.9023727800446886,1.30070089311499
2019-12-06,-0.3874198944660274,-0.1513793835210828,0.2380685792741825,0.8934218531168527,1.2888459477326952
2019-12-09,-0.3975739228488733,-0.1721488801649959,0.2258410549837632,0.8924260985024022,1.2726356075056922
2019-12-10,-0.4037139594054126,-0.1687889459266118,0.2298146817718978,0.8893831575378228,1.2829566283343057
2019-12-11,-0.4142717609729636,-0.1929279543296207,0.2021470376845382,0.8647516670860251,1.2601931918686375
2019-12-12,-0.4199107710763443,-0.1886337662666335,0.2306789342591271,0.8805452509972662,1.246278229663834
2019-12-13,-0.4177581183806458,-0.1792945963286216,0.2372579212819729,0.8758227761132558,1.247759623513882
2019-12-16,-0.4185251003366503,-0.1944923263547782,0.2076500912942753,0.8430286302856427,1.2212984417967792
2019-12-17,-0.4191182835311013,-0.194053015980649,0.2123479701525239,0.8532155089687974,1.2333459386565866
2019-12-18,-0.4182048810083438,-0.1772081300858099,0.2456245234844098,0.8847655504774714,1.251099674524947
2019-12-19,-0.399202709048287,-0.136568456255004,0.2995265818705706,0.9406141777209688,1.3047303022909036
2019-12-20,-0.3934118034511269,-0.1496303764615714,0.2672909328765414,0.9162056904298764,1.3036446508173616
2019-12-23,-0.3951075828987433,-0.147804429246384,0.2619531329299516,0.9194517624508524,1.3282560094196216
2019-12-27,-0.408298049010793,-0.1660095500721361,0.2615748445947945,0.9208478904096512,1.307741194027022
2019-12-30,-0.3819824531992806,-0.1116804240818662,0.3150915677470838,0.9600123885431122,1.3471560057019203
2020-01-02,-0.3824204386886416,-0.1389974828158937,0.2871001775053114,0.9429112565337334,1.3309646378451254
2020-01-03,-0.4096653874848701,-0.17706157318884,0.2322311005432888,0.8869647994266057,1.2928210372838072
2020-01-06,-0.4201173412115111,-0.1915809001900372,0.2155622641127452,0.870041912798011,1.2758517422902158
2020-01-07,-0.4148347078005168,-0.1823141153779435,0.2221760367340195,0.8844787250022854,1.308790082733208
2020-01-08,-0.4037474869979713,-0.1645298191058515,0.2473702165807445,0.9141994654602996,1.3377222617619458
2020-01-09,-0.3922724787827425,-0.1465071954034575,0.2748662683767291,0.9387503080077924,1.3476350259179886
2020-01-10,-0.3915924882479293,-0.1475423603151053,0.2578085352212964,0.9174401197412924,1.3458287212484676
2020-01-13,-0.3729268329055735,-0.1266763310457896,0.2950632970363447,0.9746174363022072,1.4048073766557718
2020-01-14,-0.3753317041938926,-0.138753555197074,0.2562702390264721,0.9323601825030758,1.3946026134109033
2020-01-15,-0.3803159680970422,-0.1517772395364218,0.2391920826529121,0.910136509389913,1.3660966597883903
2020-01-16,-0.3688949566309238,-0.1425598720410255,0.2404054572960889,0.9152506058319848,1.387866689733558
2020-01-17,-0.353892360473405,-0.1271091956883943,0.2471570116440835,0.9097084093089024,1.3804083143266572
2020-01-20,-0.3550228814082119,-0.1482101159154387,0.2148652191352518,0.8958891914996485,1.3922751516593612
2020-01-21,-0.3436893057072732,-0.1467406552420955,0.2055557385730253,0.890683434419147,1.367090474629029
2020-01-22,-0.3490574580070862,-0.1630393575948812,0.1751103698460028,0.8518824630315041,1.3299335802160042
2020-01-23,-0.3746428542368496,-0.1864605819352918,0.1616887392641661,0.8063602087999167,1.273461483147603
2020-01-24,-0.3789908749835917,-0.215359749359302,0.1196876496946535,0.7952957402167953,1.265897415490282
2020-01-27,-0.4192882998442364,-0.2748129266331931,0.0514007479550926,0.712853899881762,1.167035537037715
2020-01-28,-0.4271414436949636,-0.2766541607457133,0.0590454284107755,0.706939630086282,1.1384050288260965
2020-01-29,-0.4406411519293054,-0.2865228853959998,0.0579925480149476,0.6894536009996504,1.094013079040563
2020-01-30,-0.4461524390420646,-0.3052806040022702,0.0278773630614193,0.6667422947573725,1.0869240206588295
2020-01-31,-0.4562115573890923,-0.3284668197176099,-0.0092208977494312,0.6417687937385272,1.06305868368821
2020-02-03,-0.4612931713290984,-0.3302444200930425,-0.008229042209634,0.65117859820969,1.0794299125610314
2020-02-04,-0.4583632159628292,-0.2855851898891766,0.067145163083488,0.6865888803722227,1.0838806036016089
2020-02-05,-0.4526316746655969,-0.2793053686115696,0.0758147301271829,0.697594237775939,1.0948393150244833
2020-02-06,-0.4357016770408788,-0.2657596659465042,0.0822566920176814,0.7153675886974407,1.1347279191406674
2020-02-07,-0.4502075754977945,-0.2936110674808843,0.0368420895826231,0.6606246561836215,1.0846471705896716
2020-02-10,-0.4497418046143067,-0.2923608625751708,0.0301336157696177,0.658181069360193,1.0986785996389146
2020-02-11,-0.4484373593284598,-0.2912665554283848,0.005096164761329,0.6060693474190195,1.121931623534687
2020-02-12,-0.4458878144282185,-0.286963973997242,0.0081981137075333,0.602278386699207,1.1125623523186254
2020-02-13,-0.4621740660393478,-0.2979596263630362,0.0310880310089043,0.6456539777562549,1.0752727434277167
2020-02-14,-0.4678984358557947,-0.3105375212458812,0.0146037366252658,0.6322378683453476,1.06673269820683
2020-02-17,-0.4647650131103009,-0.3089598858872957,0.0147680042129749,0.6315556978203682,1.0659298449813257
2020-02-18,-0.4632550517430491,-0.3020547450010027,0.0340572431959973,0.6536307429286712,1.059768083393312
2020-02-19,-0.4594176828473235,-0.3050699242440586,0.0248514040267462,0.6414005072687532,1.0483773116942796
2020-02-20,-0.4660733019556062,-0.3176841094562488,-0.0024663164115645,0.5973984427338594,1.0104084500682695
2020-02-21,-0.4637175788865997,-0.3251869149931057,-0.0227563068847711,0.5619317833868314,0.9682242754368549
2020-02-24,-0.4691642219881133,-0.3309798742002177,-0.0331188213846269,0.5535790155755427,0.980195134705144
2020-02-25,-0.4672041926096291,-0.3267101409486495,-0.02879861030884,0.553345507351791,0.9757992268789106
2020-02-26,-0.4632430111568503,-0.307729245567693,-0.0040975731152586,0.5831802087439217,1.0373238245673138
2020-02-27,-0.4549567449077218,-0.2994538849481467,0.0038791836161453,0.5903544223717483,1.0438909760727677
2020-02-28,-0.460476009041093,-0.3150071060002775,-0.0231861951753824,0.552337208743956,1.002649313631894
2020-03-02,-0.4580477275568217,-0.3008244679396263,-0.0091407851895422,0.5449029024680931,0.97680649285514
2020-03-03,-0.4709975698721205,-0.3178599589648045,0.0113224225004646,0.557723694576377,0.8534930181808806
2020-03-04,-0.5173985652314408,-0.3935350042402348,-0.0809981501384085,0.4931113447276627,0.8365481073611103
2020-03-05,-0.5105051978640517,-0.3696040103815814,-0.0340909560906084,0.5231334522030511,0.8032552855573218
2020-03-06,-0.484339221876832,-0.3497921857287256,-0.0849991411671013,0.4043303238945435,0.7539149367740436
2020-03-09,-0.4509402573899537,-0.3068894855359771,-0.0195342251178947,0.4239050942466531,0.6363455533764903
2020-03-10,-0.4305276512733929,-0.2715048988924464,0.0227300608255616,0.4480485635242717,0.6337563929548478
2020-03-11,-0.452648658135528,-0.2768017632259374,0.0645655819894828,0.4514753522647314,0.5927838882412013
2020-03-12,-0.4658295766214402,-0.3329997461467191,-0.0540325977581348,0.422381999287766,0.7153984547236436
2020-03-13,-0.2815227137728322,-0.0465708929595409,0.3119770147691496,0.6994603792172887,0.8627890516354961
2020-03-16,-0.0902230118037703,0.1745780505854295,0.4961236651496041,0.8842202123318597,1.0538656055236637
2020-03-17,0.0284458943590539,0.2801330792955645,0.6159576670321651,0.939777234842494,1.058567729047938
2020-03-18,0.0390260202107173,0.3714310679090635,0.7104567535426014,1.1174292780135504,1.3191239601844464
2020-03-19,-0.0797634968801088,0.1834370586740688,0.5763551020000874,0.96387606680114,1.1091225849092594
2020-03-20,-0.146662483011017,0.077374676136249,0.4636389605817081,0.835749722562127,0.9718759991197412
2020-03-23,-0.1499143776121774,0.075730159873065,0.4748745527392946,0.9142303276087114,1.0842763262094748
2020-03-24,-0.1461945433653482,0.129045531139158,0.5336773596976268,0.9699792077182688,1.1461312258461835
2020-03-25,-0.1098683204739923,0.1227814459180902,0.528630065056944,1.012411905480333,1.2085591744042372
2020-03-26,-0.2476594239711436,-0.0037680764886478,0.4209202647581294,0.908275995028526,1.1043527874509134
2020-03-27,-0.30665533770261,-0.1244399497288513,0.3014584523403574,0.7895473663485879,0.9793863177378928
2020-03-30,-0.2671630430910454,-0.0864175224746501,0.3165948647988195,0.8044590151164932,0.9999672601697612
2020-03-31,-0.2450893358441424,-0.0497071539183702,0.3783381125651766,0.8522479624282122,1.034234223787813
2020-04-01,-0.1913549466141009,0.019664700599959,0.4424223369082209,0.9678983741951824,1.183578791515261
2020-04-02,-0.1911365771695305,0.0166064249161324,0.4434414912331355,0.9341314930262296,1.126479166793849
2020-04-03,-0.1698468233486267,0.0240890916110076,0.4519407574603038,0.9280164087154984,1.10997346639573
2020-04-06,-0.1558853083016416,0.0667679522067281,0.4238325764685235,0.933708572863294,1.1972382902988976
2020-04-07,-0.1277253474401738,0.126906617060631,0.4966657866767106,0.993373432384914,1.245222769687196
2020-04-08,-0.0715422388116202,0.1749930068553951,0.5385696800955855,1.0243443212595371,1.2688940418581738
2020-04-09,-0.1082570419993613,0.1227803078735561,0.4872508802180735,0.9843977379155624,1.235318177127624
2020-04-14,-0.0674728201173788,0.1124288768899823,0.5489684801965384,1.029531145133654,1.2109279643000974
2020-04-15,-0.0275051461696582,0.1563091874185618,0.5382540745089859,0.9922550511501852,1.1748330769884363
2020-04-16,-0.0447823531366626,0.1451431883577094,0.5320977432803544,0.9776700310273404,1.1536712657334056
2020-04-17,-0.0664456515797677,0.1232426739487237,0.521231844722251,0.9740264957744532,1.1506491556523275
2020-04-20,0.0009543378771343,0.1895946895199514,0.5999373517301383,1.0425826387380863,1.2082611802458592
2020-04-21,-0.0009649317500146,0.2257476927340778,0.6167738219950842,1.0728692245926588,1.2538277012148664
2020-04-22,0.0606379976242865,0.3026280618750059,0.7153237458123396,1.1736623509660995,1.3506990313585816
2020-04-23,-0.0160528619293844,0.2274549214786705,0.6626965075596318,1.1077065158515116,1.2737385786561215
2020-04-24,-0.0515066482820438,0.1707033985682482,0.5951529670513942,1.0440455289850246,1.213303163322853
2020-04-27,-0.1151412213712141,0.1354613550302499,0.5571396871533127,1.0012638074160227,1.173093188068461
2020-04-28,-0.157348773619526,0.0974428208085975,0.5198590109208299,0.9767058680139636,1.1560436617633263
2020-04-29,-0.196616935193437,0.0597784897288584,0.4826704526648724,0.9426191539180766,1.1249400240649274
2020-04-30,-0.2024695451751765,0.0367140414109439,0.3905456714136246,0.8832964249803736,1.164537655387487
2020-05-04,-0.2455389756570705,0.0184198367674257,0.4773668485196638,0.9862110332124154,1.0873595819875743
2020-05-05,-0.2408353017119094,0.0335537077909569,0.497106019253013,1.0020551639943864,1.0992024555402502
2020-05-06,-0.2150278583081579,0.0741678858295449,0.5507196356520834,1.0619563800272256,1.158036353352065
2020-05-07,-0.2054846860038606,0.0839417179842181,0.5471591304626049,1.067403597223123,1.1982611285166154
2020-05-08,-0.2534707874403041,0.0230367271759224,0.5059409804701365,1.030230935103246,1.121840522839259
2020-05-11,-0.2264992419162208,0.0612806587527754,0.4562251805212614,0.944124382927332,1.176113004589982
2020-05-12,-0.2419354639522015,0.0647598543581615,0.476387824524243,0.9479231466867536,1.1671738985959212
2020-05-13,-0.2754630571525385,0.0252487171925115,0.4725938442802087,0.924486543791005,1.0579933775926915
2020-05-14,-0.2549810098195813,-0.0314445794746736,0.3435719053869541,0.8692152827520867,1.1476928536929514
2020-05-15,-0.2372966007213242,-0.0251563390234532,0.3397344908126332,0.8564172011944184,1.133443816798261
2020-05-18,-0.2423888916368199,-0.0275632470226039,0.3509974876533612,0.9024466500302112,1.170614529053884
2020-05-19,-0.2722123597447807,-0.0507959484788878,0.3134567165486612,0.8654276658740625,1.1661751614962113
2020-05-20,-0.2704693702869627,-0.0520883290118896,0.3067791973312896,0.8562705386431828,1.1577085392568345
2020-05-21,-0.2790630070247628,-0.065340181638442,0.292534701475065,0.8429523583152316,1.1448683962409412
2020-05-22,-0.2905071185484922,-0.0740571198693378,0.2949470179851938,0.8513511030437328,1.151821584534727
2020-05-25,-0.2917329991316109,-0.0770638725477779,0.3047356108493702,0.8333317148692685,1.0771471730751463
2020-05-26,-0.2606145963692068,-0.0638261374150457,0.2927782552734137,0.8576776074865975,1.1412725549328389
2020-05-27,-0.2881965420801875,-0.1065997064298973,0.2829164300246782,0.8508798225900835,1.1097813962065597
2020-05-28,-0.3378138224989704,-0.1694708987161766,0.2342710110065762,0.8099470472299375,1.069161459657831
2020-05-29,-0.3407828127293379,-0.1800142234387491,0.1889278305914952,0.7697881781770204,1.0582122221876156
2020-06-01,-0.3371145047926167,-0.173891088584261,0.2261136956585887,0.8178127577037162,1.0866590260078353
2020-06-02,-0.3493134389368841,-0.1822478654197694,0.2045252457944633,0.8017577167452894,1.0817762161825744
2020-06-03,-0.3235625814412224,-0.1284180804467594,0.2433158718297936,0.8350704430291334,1.1362380276768094
2020-06-04,-0.354257742871833,-0.167968983265986,0.2465898625755271,0.8483102545839212,1.1220006800560027
2020-06-05,-0.3391348805824288,-0.1644496106523418,0.2465420853806588,0.8745836316058022,1.1675014551473926
2020-06-08,-0.3560477355473557,-0.1907597264030736,0.2174960989579233,0.8491824835308428,1.1451560176000504
2020-06-09,-0.3441049045544897,-0.171317853307257,0.2174004331959991,0.8335117995965209,1.1347704260220683
2020-06-10,-0.3183452001888516,-0.113123332324847,0.2904638341448242,0.8764801982831636,1.1580211378572574
2020-06-11,-0.3336417582827318,-0.1689257786147719,0.205389885872842,0.7909555860443473,1.0732071850830187
2020-06-12,-0.3520411998142392,-0.1928321696510995,0.1839113692820957,0.7733918307302889,1.0573016943556242
2020-06-15,-0.356731694284214,-0.1915847878524519,0.151283449886634,0.7527576739611934,1.0930282927579138
2020-06-16,-0.3835261936302094,-0.2146540782805428,0.1490250298910087,0.7611908827444362,1.0987889860183135
2020-06-17,-0.3792080723829054,-0.2175612981533463,0.1339847636388436,0.7395348307252805,1.0774958470012836
2020-06-18,-0.3868597883604325,-0.2193962802102502,0.1264818890872661,0.700369835283714,1.0227191000171636
2020-06-19,-0.4050432843079912,-0.242181083256654,0.1097672839353003,0.6878858289452954,1.003335569284392
2020-06-22,-0.4106314097174588,-0.2730864690198831,0.0639557332126057,0.6515215615373864,0.9588800170327224
2020-06-23,-0.4062871066260043,-0.2513954667558766,0.0899191842366726,0.6831247969096241,1.000925743846383
2020-06-24,-0.4222623882667409,-0.2650444498294177,0.0937658937590537,0.6868048652596841,0.9968334099027272
2020-06-25,-0.4350236905540374,-0.2825014877182137,0.0934672763461406,0.6578690180444384,0.9202683169576332
2020-06-26,-0.4420511809680076,-0.297311885936387,0.0580790488645996,0.6400225129471733,0.9395649956998218
2020-06-29,-0.4164382586065902,-0.2741448820167482,0.0661345950494038,0.6521518636674399,0.9637231042422504
2020-06-30,-0.4507498428487451,-0.2954249572336005,0.0719028718994385,0.6274567082303635,0.904619144853034
2020-07-01,-0.4300123856524063,-0.252287564608229,0.1403197836330108,0.7054749173150501,0.9718907750425564
2020-07-02,-0.4220262974368487,-0.2651370761875675,0.0862752994720539,0.6587829598052206,0.9574328651861748
2020-07-03,-0.4107825691137949,-0.2631791068674052,0.0756161124137837,0.6508524851198207,0.9564516869511556
2020-07-06,-0.4210400478346803,-0.268980997871505,0.0706718651883306,0.6548807673231589,0.9691217461677452
2020-07-07,-0.4215783991213442,-0.275211015080318,0.0539676449511978,0.6259511393992021,0.9352410548789644
2020-07-08,-0.4200192423648048,-0.2867772374970796,0.0414069029936521,0.6098927929629872,0.905875339608908
2020-07-09,-0.4247901250868069,-0.2947302603710766,0.0318864129223777,0.6004968508316548,0.8969230506718939
2020-07-10,-0.4027334008340975,-0.2878450524347418,0.0120282541939982,0.5741195049515695,0.8753708968463643
2020-07-13,-0.4055846214574692,-0.2608265229735922,0.0650162753344489,0.6325898535735377,0.9408473429339514
2020-07-14,-0.4140098083646228,-0.2822244823362636,0.0367021239940581,0.5941556005571742,0.8928110151399191
2020-07-15,-0.419942253923441,-0.2861324923218462,0.0380442856109648,0.5972518888539915,0.8950445974411962
2020-07-16,-0.4172861909102254,-0.2895696635525948,0.0148313779946782,0.5773699841515332,0.8963519195689245
2020-07-17,-0.438258647805787,-0.3310913680390914,-0.0156747030214146,0.601310664717009,0.952511542079771
2020-07-20,-0.455115748119576,-0.3605521428775313,-0.0129002578773302,0.5676948057124094,0.8432845513931515
2020-07-21,-0.4548012774759025,-0.3622990439286706,-0.0117128347795771,0.5719358419904235,0.8468295043514471
2020-07-22,-0.4743447399702727,-0.3898264924857972,-0.0382313361966497,0.539182784088182,0.8074097631213968
2020-07-23,-0.4679705457954353,-0.379170356222767,-0.035416285405335,0.5256550173742807,0.786850812272587
2020-07-24,-0.4625317861675204,-0.3568315729432747,0.0003702534790046,0.5591386148425166,0.8151106693190313
2020-07-27,-0.454742304860823,-0.3320951685223283,-0.0078496494537176,0.5216084244540906,0.7902663247076183
2020-07-28,-0.4667299940473803,-0.3704728673846551,-0.039433983979797,0.5095334255557777,0.773565621372795
2020-07-29,-0.46582235816309,-0.3755596983134022,-0.0399435439340538,0.527427325267833,0.8010242927756077
2020-07-30,-0.4809878339063707,-0.4042582505707601,-0.0792490820994804,0.4809627806438057,0.7524293803780924
2020-07-31,-0.4674508394423924,-0.3851920997613183,-0.0447205833722201,0.5162439978295794,0.7765479101495301
2020-08-03,-0.4744344018683963,-0.3522715617964165,-0.0006433542758124,0.5273030975752959,0.7683868876852593
2020-08-04,-0.4879922527485278,-0.4044986954120015,-0.1030838174583692,0.4456181496948628,0.7259443473271594
2020-08-05,-0.4775149039880089,-0.373193789425994,-0.0647784511466316,0.4797339127647826,0.7643489194324529
2020-08-06,-0.4861408080033458,-0.3976147767872597,-0.0975626831454752,0.4464989385401641,0.7282474217236627
2020-08-07,-0.4870695938196399,-0.399572152018504,-0.0990459204965521,0.462173893236566,0.7613415383469964
2020-08-10,-0.4896679027855219,-0.4078268245729077,-0.1126372638998436,0.4475637184531187,0.747697785165611
2020-08-11,-0.4778640686043172,-0.3724646707178602,-0.0573158560942892,0.4868661024411778,0.7650786021084193
2020-08-12,-0.4759670810368952,-0.3678095925108069,-0.0477450925492894,0.499270383241436,0.777730927304702
2020-08-13,-0.452873821395432,-0.3202008200919852,0.0108801833001339,0.5542472435228893,0.8338205220718486
2020-08-14,-0.4588744058578389,-0.3271206003913427,0.0066912258407239,0.5505058203708264,0.8266237883555001
2020-08-17,-0.4836303334746701,-0.3577518048446082,-0.0084548764922738,0.5392234981124007,0.804873371597352
2020-08-18,-0.4949486696074796,-0.3734704057382103,-0.0178954601347975,0.5215012816267979,0.7726889829842505
2020-08-19,-0.5035423216359978,-0.3905494562954485,-0.0390994396925044,0.5028329619529481,0.7564551547063212
2020-08-20,-0.5126160702972953,-0.4087237570045881,-0.0653899667976189,0.4684331222153939,0.7188806512904591
2020-08-21,-0.5044733290271464,-0.4008663331771656,-0.0564746270590319,0.4862887761673686,0.7424329952905115
2020-08-24,-0.5060712554364264,-0.3966360337962071,-0.0349309096359768,0.4720285387365825,0.691095508374661
2020-08-25,-0.4813283836233759,-0.3487058553194306,0.0194331823529743,0.5438002639430906,0.7784928201858278
2020-08-26,-0.47590796175095,-0.3456662296023411,0.0250866865224925,0.5522393781095056,0.7849810186337828
2020-08-27,-0.4823024058087288,-0.3212223820206294,0.0438183335466622,0.5582993523022077,0.7971819996594107
2020-08-28,-0.4846533209076735,-0.3186638770262102,0.0424311703686846,0.5721349175994399,0.830900963208445
2020-08-31,-0.4750193469803403,-0.2998359282426364,0.065583010208615,0.5906655055426475,0.8452865876195472
2020-09-01,-0.4837473949895292,-0.3087040350684731,0.0605325306040689,0.5888857971595363,0.8442105823201498
2020-09-02,-0.5054078893452072,-0.3581792906954373,-0.0149463021258609,0.5095959257048386,0.775410518547389
2020-09-03,-0.5075193135282614,-0.3771910751989953,-0.0503947373899054,0.4698431542553747,0.7320128584584837
2020-09-04,-0.4952057754508689,-0.3545113892756353,-0.0259854001950565,0.5026085697367431,0.771687418661716
2020-09-07,-0.4834142957359677,-0.3476988689520328,-0.0084293659399445,0.5403756146318517,0.8141670736960758
2020-09-08,-0.4896995531799077,-0.3615209295551223,-0.0445060273063635,0.5269250486330748,0.8505802798512507
2020-09-09,-0.4845597873261731,-0.3465726244272211,-0.02186337020236,0.548881072307942,0.8703104371974191
2020-09-10,-0.4808262774519933,-0.3310326538879344,0.0021804119161004,0.5661528798249833,0.8788515019315524
2020-09-11,-0.4853507748768788,-0.347046615944639,-0.0225590634283241,0.5413106979940636,0.857188094252556
2020-09-14,-0.5051826895241622,-0.3759594871395797,-0.0514207432372146,0.4995141275269996,0.8095936270362045
2020-09-15,-0.5014138987768126,-0.3686769775670573,-0.0428196480833609,0.5104635435981542,0.8228161027291201
2020-09-16,-0.5187927676675368,-0.3957694563483898,-0.0705029701880453,0.4841406539213078,0.7955135852685093
2020-09-17,-0.5163473632485058,-0.3844993459559518,-0.0650742318638242,0.4822723361351246,0.793434398067393
2020-09-18,-0.5203315958302617,-0.3841626805094393,-0.0512232441820423,0.4860337950194631,0.7786900323257024
2020-09-21,-0.5224766153465077,-0.3956754352949034,-0.074108329065293,0.4593784588359715,0.7546001386277135
2020-09-22,-0.5257333235888946,-0.3894327690540158,-0.0619354009564543,0.4636297253505024,0.7493157341291379
2020-09-23,-0.5358863435318872,-0.4012270859015596,-0.0659405810632351,0.4561866064341471,0.7322446495991308
2020-09-24,-0.5245828581846159,-0.3942120207028905,-0.0704613980951687,0.4448826959578023,0.722105211449287
2020-09-25,-0.5128256406019289,-0.3872467472837928,-0.0749041414146058,0.4336830142460957,0.7118673005658889
2020-09-28,-0.5142334415404504,-0.3904418628260693,-0.0764432004473354,0.4474081592423684,0.7167281088779209
2020-09-29,-0.5197271336062279,-0.4002248241640083,-0.0865277852749688,0.4321939423210947,0.697577508765725
2020-09-30,-0.5141651914877634,-0.3894795312869918,-0.0788711077794088,0.4389174896772814,0.7080246955594041
2020-10-01,-0.5154132279656554,-0.3839257455038649,-0.0536057197430737,0.458171888415237,0.7083672758029964
2020-10-02,-0.5362530402639849,-0.4143610255550269,-0.0771408931190116,0.4349783047836699,0.6761482794050284
2020-10-05,-0.5349748146972435,-0.404473119516481,-0.0623213314559198,0.4500869483432965,0.6913283555694789
2020-10-06,-0.5409689752187565,-0.4126751166199383,-0.0746639743674695,0.4396524020036867,0.6835364198409499
2020-10-07,-0.5403299872825205,-0.4071435566283465,-0.0457270676631256,0.4727520675174901,0.7058794352184431
2020-10-08,-0.5504173335278113,-0.4229280150087162,-0.081502586500751,0.4362973326998582,0.6793690700097079
2020-10-09,-0.5662190521915067,-0.4486561071724169,-0.1128311978831373,0.3991042731285954,0.6376130133135376
2020-10-12,-0.5747926196691298,-0.4594619291183828,-0.1245706262809238,0.3823833746287912,0.6177924097563678
2020-10-13,-0.573860934122137,-0.4568044309394934,-0.1353596614232923,0.3684678894468598,0.6073085065811479
2020-10-14,-0.5831037335822238,-0.4745690633521366,-0.1533823636160809,0.3504174811368334,0.5855539666426024
2020-10-15,-0.5676240662870724,-0.4641906286354249,-0.1627909574008135,0.3369910476824715,0.5794182717043324
2020-10-16,-0.5911505589018682,-0.4975227704071576,-0.1806952092492988,0.3248419319277351,0.5618659459709368
2020-10-19,-0.5823426301831796,-0.4827836898331781,-0.1545492373171892,0.3583050667659244,0.592971184585276
2020-10-20,-0.5834264045392517,-0.478161921975258,-0.1279908637507056,0.3710959493306416,0.5857666064625978
2020-10-21,-0.5769003741178214,-0.4560976597335302,-0.1019560343145786,0.4006209588223326,0.6195953395823344
2020-10-22,-0.5747786526575953,-0.4435776045873698,-0.0905092310734017,0.4089068178392545,0.627798198457302
2020-10-23,-0.5766123752562407,-0.4431726088121954,-0.0846966724384432,0.4157227912599841,0.6337587916391302
2020-10-26,-0.5852223340321026,-0.4472503670960699,-0.0992302966518465,0.3910692058504874,0.6115501706501799
2020-10-27,-0.5990485870115283,-0.4742183930971957,-0.1297446548972827,0.3580436628656547,0.575747663103484
2020-10-28,-0.5933160213429267,-0.4695605641436238,-0.120168048994723,0.3655992787785467,0.5770494646693345
2020-10-29,-0.6114319524162473,-0.4970309489859636,-0.1410995663244851,0.3473025671553407,0.5560871376816612
2020-10-30,-0.6121937157409163,-0.4979296590966999,-0.1443576470086602,0.3411665928095422,0.5494320565413744
2020-11-02,-0.6177442977145358,-0.5073821645473968,-0.1445920528328335,0.3420099458693089,0.5462255589932089
2020-11-03,-0.6210853709800026,-0.5079137318618105,-0.1468076151885702,0.3334333445096018,0.5348280956509461
2020-11-04,-0.6287435597996052,-0.5315062040392129,-0.1995942810875814,0.3016116133234807,0.5331596208942988
2020-11-05,-0.6325423064784037,-0.515251232835384,-0.173228000299189,0.3116646518326367,0.5320012146656188
2020-11-06,-0.6298732688643016,-0.513058902516788,-0.1677265665857885,0.3214927709510931,0.5434580559097362
2020-11-09,-0.6003801997676759,-0.4600466128829485,-0.1000230822657983,0.4092651375159737,0.646466307464159
2020-11-10,-0.582589888947562,-0.4378254216352473,-0.0769681083542375,0.4478597321602071,0.6966974151951089
2020-11-11,-0.5889359216684442,-0.4548441338252162,-0.1088259361185168,0.4116794803767356,0.6637506141707272
2020-11-12,-0.5947653497703476,-0.4678033643372354,-0.1270308833411002,0.3844061226515061,0.6313896107819563
2020-11-13,-0.6105709247992803,-0.4785086028952725,-0.1347857171386723,0.3574613523666348,0.5900802324436945
2020-11-16,-0.6078167935286152,-0.4918859747966673,-0.1580978992490656,0.3498693381529403,0.5962531738726757
2020-11-17,-0.6052942470755907,-0.5015299202492489,-0.1750761942041023,0.3289765264089592,0.5674953226198809
2020-11-18,-0.6065770023158366,-0.4969073755439543,-0.1675861118051784,0.3371916614945822,0.5761078132770281
2020-11-19,-0.6052888092906019,-0.4997159025511948,-0.1784122960325462,0.3224999517194351,0.5615368668022136
2020-11-20,-0.6158274630609057,-0.512442134294615,-0.1865128796269672,0.3212721423144651,0.5636781714618395
2020-11-23,-0.6174635562253412,-0.5141228532589319,-0.1850357547363876,0.3315071120273312,0.5789486404338355
2020-11-24,-0.619720860250973,-0.5178439699384922,-0.1889505351229665,0.3273621717230259,0.5745745244782934
2020-11-25,-0.6180945162251759,-0.5181080649010106,-0.192137173844229,0.3225344174212901,0.5694254575827282
2020-11-26,-0.6237582276929972,-0.5233410011123496,-0.1991729836203037,0.3120754980091484,0.5591069671694278
2020-11-27,-0.6280480977996552,-0.5266615028353603,-0.1975287296575945,0.3133417085196648,0.555326414323867
2020-11-30,-0.6233702200440434,-0.5210302857721607,-0.1932461321325651,0.3200909339340052,0.5641350020936493
2020-12-01,-0.6033568188055862,-0.4883043282228501,-0.1477123036045653,0.3682237174670177,0.6064697950122862
2020-12-02,-0.6044598685194578,-0.4775776348069938,-0.13326096787504,0.386468646703543,0.6339144579954255
2020-12-03,-0.6087532734635048,-0.4939863428981046,-0.1724190937341312,0.34449463727186,0.6002226504812018
2020-12-04,-0.6096490601364211,-0.4958827465752242,-0.1764926477796256,0.3468253306328319,0.6016822738905534
2020-12-07,-0.6201895684582157,-0.5132198983400897,-0.1985037364173898,0.3234360962683036,0.5791944430561449
2020-12-08,-0.6291686397561209,-0.5332961096642248,-0.2377260693825342,0.2905805082771957,0.5650525752157776
2020-12-09,-0.6352475756150198,-0.5363722633225136,-0.2338163850987915,0.2974149751189474,0.5729308900838632
2020-12-10,-0.6279149262518171,-0.5327434843658452,-0.2317379555898084,0.2936543555358599,0.5585445918791421
2020-12-11,-0.6442132655569919,-0.5623956833831865,-0.2639582789177197,0.2603127097540427,0.5211569200419219
2020-12-14,-0.6433596736416973,-0.5590450505536086,-0.2360590377543139,0.2874219318920528,0.5296451003420579
2020-12-15,-0.6464541053553674,-0.5601846210617625,-0.2636695061593719,0.2617240180169355,0.5284592810047459
2020-12-16,-0.6377231695988108,-0.5289322176774798,-0.2091045260904058,0.3108903503353928,0.5702751131770623
2020-12-17,-0.6548458359505838,-0.5578991305465459,-0.2163634577945439,0.2943969449413977,0.5241626755583475
2020-12-18,-0.6415317557720437,-0.5388734566191089,-0.1975540243950129,0.3309051217315719,0.5773288481660159
2020-12-21,-0.6312585221850315,-0.5265225884395348,-0.1861616097981615,0.3331899970461323,0.5675105464951895
2020-12-22,-0.6230533557859519,-0.5133952043362635,-0.1903507888235149,0.342441649234857,0.6030671537015277
2020-12-23,-0.6177558807811783,-0.4942944914658769,-0.1455957836979236,0.372159584221186,0.6068175940415246
2020-12-28,-0.6246659043080727,-0.5017088158785414,-0.1616834770317292,0.3539101516845839,0.591922125545749
2020-12-29,-0.6262436434443917,-0.5205341541649018,-0.185734569789985,0.3158175799174758,0.5383014654280089
2020-12-30,-0.6273567250141578,-0.5246811811724879,-0.1944065404900583,0.3060261766212004,0.5302265110587991
2021-01-04,-0.623337853368048,-0.5209344332434065,-0.1916960283931597,0.329489726592244,0.5858147690300037
2021-01-05,-0.6071578508546949,-0.512675852400136,-0.1954931600634455,0.3017864857068688,0.5353705467370177
2021-01-06,-0.5936471070856195,-0.5123891586527529,-0.201536938905448,0.3252576529699829,0.5796679107620333
2021-01-07,-0.59695894533887,-0.5024894715020309,-0.1945418419974824,0.3183598863853911,0.5708601716567112
2021-01-08,-0.6039204825521756,-0.5284356936251995,-0.2327369787894144,0.2950525183201362,0.5653720682078729
2021-01-11,-0.5832611734052986,-0.5017927180202424,-0.2003578167667536,0.3352937059932444,0.606410029135629
2021-01-12,-0.5582670373798397,-0.4762323522550744,-0.170955722954794,0.3814752547180553,0.6638506462152957
2021-01-13,-0.5622073715694029,-0.4913952193484734,-0.197920518034822,0.3455387323229226,0.6262528105279008
2021-01-14,-0.5627324211032247,-0.5066213144999563,-0.2229820891278575,0.3245843350035913,0.6116206150383827
2021-01-15,-0.5734809323143071,-0.5084376455777289,-0.2139967145742862,0.3360842822780758,0.6218797575569863
2021-01-18,-0.5643418949686407,-0.4714259300621344,-0.1504476209554317,0.3685705468774962,0.6153850319915412
2021-01-19,-0.5713849554265582,-0.4758903798394085,-0.1515611677597186,0.3669802047217623,0.6130708622705567
2021-01-20,-0.569924781868933,-0.48074659244537,-0.1623269252511789,0.3539860185422343,0.5996705650212131
2021-01-21,-0.5637390273210909,-0.4651527490764335,-0.1228382525151268,0.3973797345192271,0.6339854293249951
2021-01-22,-0.5472792983207613,-0.4547347369747547,-0.1217691866592298,0.4087980397645401,0.6568198432634194
2021-01-25,-0.5624444832643898,-0.4954944095545808,-0.1924432282859358,0.3565166669144461,0.6319770973489702
2021-01-26,-0.5718742832159434,-0.503303533450866,-0.1854708263342721,0.363958023447229,0.6301127135541768
2021-01-27,-0.5884783963956646,-0.5165943228448757,-0.190827517248755,0.3609202073575677,0.6286486624132988
2021-01-28,-0.5893229569302774,-0.5076784249659183,-0.1770018601297778,0.3762654463947044,0.6473713113248907
2021-01-29,-0.5811884269127068,-0.4989469204450176,-0.1555583426867888,0.4074264349073218,0.6742220837759341
2021-02-01,-0.5853049188535493,-0.4964374320536242,-0.1556777483027369,0.4035365885154385,0.6733830416240233
2021-02-02,-0.5757996875528728,-0.4798150111584509,-0.1354412263378095,0.4245423786694549,0.694305439248927
2021-02-03,-0.5778045893319244,-0.4708482230251856,-0.1313990717106032,0.4271922328986723,0.7072427624284561
2021-02-04,-0.5790934575008482,-0.4555107161474465,-0.09634540500421,0.4678791234187804,0.7466827016768001
2021-02-05,-0.5866461312863647,-0.4665846554475292,-0.1053285616060777,0.4593394774547252,0.737149319844949
2021-02-08,-0.5852240851236303,-0.4528482870567152,-0.0793884945036338,0.4908107416320142,0.7688180955139361
2021-02-09,-0.5898119535630044,-0.4654721270077404,-0.0990184689314959,0.472366166072157,0.7533017623629079
2021-02-10,-0.5918930822694046,-0.4714387317553288,-0.1006211807885257,0.4692626665809452,0.7425990442421541
2021-02-11,-0.5992497405517343,-0.4775228095928918,-0.1094238587700768,0.4575936865294336,0.7362865484714558
2021-02-12,-0.591302328502612,-0.4480704465758025,-0.0556000739647188,0.5130380252431004,0.781185735291645
2021-02-15,-0.5788662232651978,-0.4203816458073439,-0.0168684838408896,0.5502523362730327,0.8148188653008707
2021-02-16,-0.5706319116809468,-0.4032489982052474,0.0100910390647608,0.5737347763792975,0.8303753616362558
2021-02-17,-0.5665751150277569,-0.3918876526545629,0.0319884907309671,0.5963315377421152,0.8504427070696529
2021-02-18,-0.5415962228830422,-0.3595706096449507,0.0735369696502981,0.6468120218822544,0.9048803937072468
2021-02-19,-0.5515335220394562,-0.3644229253416231,0.0774344251682506,0.6568139857651254,0.9165309569054838
2021-02-22,-0.556461123104945,-0.3790732646945964,0.0645947118664773,0.6342114725716459,0.8773014967216682
2021-02-23,-0.5365390402224945,-0.3519095877092075,0.1036331947514637,0.6891764255100081,0.937858685299394
2021-02-24,-0.5307651212895863,-0.3351181041545001,0.1345722380628875,0.737835788894248,0.9956892509043772
2021-02-25,-0.5045938786885231,-0.2899156931734472,0.1790729439699845,0.7597717704129743,1.0059685436389718
2021-02-26,-0.507452655137514,-0.3018819183354342,0.157210355294262,0.7103943611070924,0.938929961524817
2021-03-01,-0.5428491547878718,-0.3698628555484244,0.0753623524722058,0.6422473232222337,0.881491318136656
2021-03-02,-0.5443927651715934,-0.3723379586989113,0.0874783073353371,0.66485372142761,0.9032422152287828
2021-03-03,-0.5419157839331776,-0.3615583883029396,0.1068983546482638,0.6987831122424437,0.9451950447162912
2021-03-04,-0.5404873772007543,-0.3640405906457169,0.0902871521498536,0.7033436773511461,0.9705712577814852
2021-03-05,-0.5412808452229461,-0.3502173665549519,0.1109516985996355,0.7215847095017103,0.9886569362736772
2021-03-08,-0.5453032696314672,-0.3511920594341982,0.1096664226466774,0.7139200850871226,0.9773892661184106
2021-03-09,-0.555843425974371,-0.3668300219915736,0.0813323586136567,0.6699474505306144,0.929302564205126
2021-03-10,-0.5441928636119968,-0.3784736063651395,0.0710605355424935,0.679352494645985,0.94211713456282
2021-03-11,-0.5669676567624589,-0.3860906648403288,0.0512200573634129,0.6341875950174429,0.8952306621221299
2021-03-12,-0.5530889315843677,-0.3887157702090253,0.0635563773309626,0.6928581577991049,0.971489416121734
2021-03-15,-0.5631895107532698,-0.392224186510667,0.0663532867855423,0.6896202960290685,0.963238022667846
2021-03-16,-0.576830569115311,-0.3996501690829559,0.0484437678233975,0.6604942040990178,0.9361579555271392
2021-03-17,-0.5604501286937111,-0.3865491614560197,0.0845270701666187,0.7301564028641627,1.0133170106478322
2021-03-18,-0.5609134776936915,-0.3585696710579902,0.1233282785166065,0.7605775851859047,1.0409257215237453
2021-03-19,-0.5731607499995892,-0.3817616127986256,0.1045724956052671,0.7461130326997492,1.024513845271626
2021-03-22,-0.5783442383089135,-0.3946535342994965,0.0873822167080855,0.7360690481350327,1.0196145772866043
2021-03-23,-0.5897856905133994,-0.4219471685900795,0.0537250611268578,0.6995607366542653,0.9804083791205676
2021-03-24,-0.5970785005915715,-0.4305016874131264,0.0430994995835165,0.6825876251098162,0.9604550299313832
2021-03-25,-0.5951523236338223,-0.4423584098360096,0.0188230904869093,0.6536810423552206,0.9296686088429396
2021-03-26,-0.5907585059606528,-0.4267669837322243,0.0376610735212197,0.6832766780889534,0.9703376585568908
2021-03-29,-0.5829662676157399,-0.4167494406575112,0.059404133605772,0.6984199943651059,0.972096726813764
2021-03-30,-0.5613562244866139,-0.3745771403245665,0.1084351345848482,0.7396052946193206,1.0076049404150285
2021-03-31,-0.5687430733950976,-0.3863764997387369,0.0881456600362957,0.714128222697016,0.9812243013556756
2021-04-01,-0.5767282521373946,-0.4092521846636239,0.0619030118920691,0.693755568888931,0.9632357629897144
2021-04-06,-0.5689630225025744,-0.3831502994995728,0.0907483160944711,0.7226855970276145,0.9960068064785434
2021-04-07,-0.5784814942508973,-0.3954510753337277,0.082379757526573,0.7179859898655614,0.992291833988866
2021-04-08,-0.5827846613822594,-0.4068259095672584,0.0562551447656947,0.6935644588884062,0.9754355736743368
2021-04-09,-0.5662331795861943,-0.3608703559087436,0.1094778631921351,0.7447554673696499,1.0308107651761884
2021-04-12,-0.5700023679074646,-0.3659443847186931,0.1122709282388809,0.7466325210396934,1.0263620166583238
2021-04-13,-0.5621403819044759,-0.3597388667622838,0.1094648506819715,0.7502560113826682,1.0392131652720156
2021-04-14,-0.5594551590898105,-0.3521777765590959,0.122730413937,0.7597552126633675,1.043103614340461
2021-04-15,-0.5554963573074536,-0.345726937610217,0.12016787674556,0.7540178952253214,1.0433668927181283
2021-04-16,-0.552797626893107,-0.3454578476432965,0.1277513188852501,0.7645147704302462,1.0494111334977934
2021-04-19,-0.5475076736807911,-0.3168173596934904,0.1643886934837306,0.7938860645560868,1.0767481712934743
2021-04-20,-0.552734906911672,-0.3283637078314605,0.1546343682594053,0.7846741878057133,1.064015986915627
2021-04-21,-0.5606096064655612,-0.3525475834016931,0.1165853589113719,0.7443384260482213,1.0256621915045447
2021-04-22,-0.5583095343447009,-0.3471207394588753,0.1155548587926826,0.7380114467093357,1.0204035014625754
2021-04-23,-0.5612589391256653,-0.3420524580177124,0.1306296431251552,0.732308870550529,0.9940685625687564
2021-04-26,-0.5550032136940894,-0.3358493748427862,0.1317608009522581,0.7381882626174443,1.006820504581433
2021-04-27,-0.5498383400153835,-0.3238374148810377,0.1477791616567785,0.7551087262719809,1.023908712029812
2021-04-28,-0.549028242373329,-0.3140794152281034,0.166337802386272,0.7959261113884175,1.086073176222958
2021-04-29,-0.5385870587831678,-0.2828827544117591,0.223057795233339,0.8654120865309161,1.1573917378589544
2021-04-30,-0.5462587101906979,-0.2994799244529349,0.2020310274361376,0.8463597522000708,1.1366854742511752
2021-05-03,-0.551623488342168,-0.307442978946749,0.198832888495025,0.8474611609525466,1.1347246931777089
2021-05-04,-0.5671323267410235,-0.3290247370445343,0.1825776662840574,0.8193077692803132,1.0924055867476556
2021-05-05,-0.5631240879367936,-0.3219671906423418,0.1826420799796269,0.8348329526923992,1.1280343525466734
2021-05-06,-0.5575458261732871,-0.3159372369586584,0.188896018924138,0.8555044383361561,1.162278039675675
2021-05-07,-0.5471944095782415,-0.2885114407806068,0.2340824088562443,0.8819009261202315,1.163957698692672
2021-05-10,-0.5484030984634247,-0.301309348530673,0.2112322285723422,0.8783034150195423,1.1766746431636088
2021-05-11,-0.5360194329511305,-0.2669879112076176,0.2561899759305031,0.9220484629494564,1.2199976608303804
2021-05-12,-0.5261309133889474,-0.2416177531673842,0.289159815980669,0.9480808514237612,1.242363302303238
2021-05-13,-0.5200284251372169,-0.2100802720494208,0.3494224957375502,0.9678769958205258,1.218228156851875
2021-05-14,-0.5139614172768157,-0.2165265494902093,0.3180092588057341,0.9521648053764438,1.2244224331570348
2021-05-17,-0.508120291442884,-0.2059954272967643,0.3457077706613347,0.9884972117083533,1.2587887408909748
2021-05-18,-0.5176261877379804,-0.2081922154039088,0.363158639046512,0.987363529956368,1.236185500254688
2021-05-19,-0.5139369034303087,-0.2029788692982435,0.3678255992555614,0.9905488074048228,1.238759295519214
2021-05-20,-0.5202417364116403,-0.217747224483364,0.351202249381342,0.960776616591628,1.199101105582911
2021-05-21,-0.5322638648188867,-0.2452636558744423,0.3141943921707337,0.926982937631603,1.1687493067378063
2021-05-24,-0.5329917439619123,-0.2493802577112731,0.3459192381231095,0.9612060969063612,1.1937443009580724
2021-05-25,-0.5443674494837978,-0.2888913246898461,0.2708199242624531,0.8853250367331436,1.1237983645829088
2021-05-26,-0.5547214383718777,-0.3110552585265984,0.2207961733293464,0.841387468662095,1.0922220141600942
2021-05-27,-0.5478696969092445,-0.2925766048849509,0.2491136557614104,0.8704913797521323,1.119805279305781
2021-05-28,-0.5556987074548561,-0.2982344186054502,0.245294229053008,0.8725878319553753,1.126744381469716
2021-05-31,-0.556857332819167,-0.2906284062041937,0.2518974277811039,0.8718367745339515,1.1232314207682066
2021-06-01,-0.5594901544502044,-0.3027613833741376,0.2394945627961031,0.8610474109402566,1.1112618181962717
2021-06-02,-0.5650681680606775,-0.3175170426234022,0.2258917294233042,0.8523439200038665,1.1040211347420748
2021-06-03,-0.5684425406582472,-0.3187519025647463,0.2349031930622631,0.8607637692969374,1.108355865041708
2021-06-04,-0.5739931323166936,-0.335510151735829,0.2158290759903778,0.8451165798512243,1.094067489127956
2021-06-07,-0.568937247322163,-0.3218709150250323,0.2417569229107843,0.8798556533882596,1.1313486858104689
2021-06-08,-0.5713063397647924,-0.3295505849184659,0.2173717346251735,0.8395552863337086,1.0860114123712463
2021-06-09,-0.5905148314214657,-0.3703316299340495,0.1687843561596902,0.7905126402180176,1.0371121113678736
2021-06-10,-0.5830861507031433,-0.3617238160235292,0.1851195819203466,0.8117726818857198,1.058416013445457
2021-06-11,-0.5931552038453229,-0.3878665392369376,0.1473009592582972,0.7754458895314278,1.024729163410719
2021-06-14,-0.5844221846612092,-0.3663645352651352,0.173979801320586,0.7993328809985514,1.0465650565775206
2021-06-15,-0.5835556823013337,-0.3609757743257131,0.187822628017275,0.8108302344575529,1.054507689116472
2021-06-16,-0.5846946103137489,-0.369658160358143,0.1798973427269858,0.8117470996690543,1.0598034085150347
2021-06-17,-0.5677869370149404,-0.3179035744747036,0.2218306799512768,0.8352609236770971,1.0791519615339271
2021-06-18,-0.557233104129421,-0.3180356610942767,0.2180924835541688,0.8218375598525909,1.0586941472682243
2021-06-21,-0.5585614446844529,-0.3118408340995331,0.2360689292377431,0.8341461639526335,1.065357917909794
2021-06-22,-0.5548641006833779,-0.3087129663055137,0.2386308962665646,0.8474594655798255,1.0851251427829258
2021-06-23,-0.5528622377790906,-0.3100895438873445,0.2185974407259401,0.8289332381327588,1.0731217039913648
2021-06-24,-0.5536767811962147,-0.3147225042793713,0.2114581090453597,0.825890913051762,1.0732577534360803
2021-06-25,-0.545673593300839,-0.2894991989530568,0.2441557999698389,0.8638133676336459,1.1142647022506218
2021-06-28,-0.5495647194426803,-0.3022140177067607,0.2320644357202841,0.8552984271427448,1.1069706180507863
2021-06-29,-0.5597282605885594,-0.3102884837800546,0.2296332257271567,0.8505983045576375,1.0996719838476
2021-06-30,-0.570598747350328,-0.331932094593526,0.2016334200405629,0.8152745886262167,1.0609636676174017
2021-07-01,-0.5808373857317211,-0.350550715714065,0.1812124774080428,0.7975834142138893,1.0450221857498736
2021-07-02,-0.5940884449271773,-0.3721229691055976,0.1590621601814752,0.7764879564492457,1.0242633117880258
2021-07-05,-0.5805997296391532,-0.3568884267986387,0.1766575197557687,0.7910006939572318,1.0351559969102224
2021-07-06,-0.5905757483636533,-0.3908703710403758,0.1279659443969727,0.7427683497271205,0.9889824579919034
2021-07-07,-0.5974646764979838,-0.406894148894442,0.0955278066360105,0.6906918089345193,0.9289093277439584
2021-07-08,-0.5892818523553547,-0.4064667790437166,0.0977084830684484,0.6906851301875998,0.9250027279022516
2021-07-09,-0.584372838338505,-0.4021941501986856,0.1201549646396598,0.725546501679518,0.9620235604851028
2021-07-12,-0.5844523674752085,-0.4072407004976339,0.1074420866913874,0.7155768749258815,0.9550800785308776
2021-07-13,-0.5859399336315516,-0.4200248302801705,0.0891548777727695,0.704064442919401,0.9478607394984332
2021-07-14,-0.5872787865806086,-0.4177600891638899,0.0878904399952513,0.6927627621775914,0.9320456878698964
2021-07-15,-0.5912518879178181,-0.4264197821697686,0.0728581922829241,0.6732373843901986,0.9112443368043446
2021-07-16,-0.5998599016640211,-0.4553483705613828,0.0417124142492359,0.6565591568285392,0.9016949028040302
2021-07-19,-0.5963824004943195,-0.4337849867659638,0.0292421061794532,0.6170870250249547,0.8594077093040077
2021-07-20,-0.6094144705216111,-0.4554817060929563,0.0155991641108428,0.5992158732031492,0.8345513670744465
2021-07-21,-0.606087376346959,-0.4430160948176862,0.0284174308394047,0.6229951366070865,0.8667791482012177
2021-07-22,-0.6130207437754074,-0.4532101894577853,0.0159415816680437,0.6169282333972821,0.865330081221916
2021-07-23,-0.6220084251735409,-0.4707071393715121,-0.0041782938041476,0.5911773082860092,0.8353002651415383
2021-07-26,-0.6250539248616589,-0.4656010547553233,0.0067229406981454,0.6046823107107318,0.8501527335067831
2021-07-27,-0.6304520550829671,-0.4815539420636829,-0.0155436872819318,0.581109684976959,0.8264148970115552
2021-07-28,-0.6386923899881833,-0.4851016081986334,-0.0052092328619886,0.6039722705586081,0.8537495074914246
2021-07-29,-0.6384442068768428,-0.4837508558091468,-0.0077789351748838,0.5980462901526211,0.8472109221617689
2021-07-30,-0.6395784653579393,-0.4903582601320644,-0.0200024684082462,0.5791127291714686,0.8254857465517641
2021-08-02,-0.6404744577265471,-0.4938900847757415,-0.0399698581767098,0.552503493077227,0.7991316193556474
2021-08-03,-0.647633766225503,-0.5115640905630325,-0.0643158279244275,0.5256916847423867,0.7715776705707916
2021-08-04,-0.6553895021640892,-0.5222197351670794,-0.0763124185756956,0.5161339672459486,0.7637890300094545
2021-08-05,-0.6604246218246603,-0.528876788216138,-0.0869218249474896,0.5016085921438633,0.7483329752052346
2021-08-06,-0.6433038035529295,-0.5006782258876981,-0.0495100107865851,0.5437366607004626,0.7912734989697746
2021-08-09,-0.6427461715173937,-0.5080380046128985,-0.0663882841449492,0.5257854292847495,0.7744655370172541
2021-08-10,-0.6439655390509045,-0.5146218676797103,-0.0752239031367081,0.5067488489282157,0.7482636898047497
2021-08-11,-0.6367596000573144,-0.4935733271952944,-0.0465344725860115,0.5407181056772954,0.7850851622876743
2021-08-12,-0.6386653345808802,-0.4966092607622383,-0.0500237291216048,0.5373340152327011,0.7818255679987276
2021-08-13,-0.6350045231013084,-0.4947047775599151,-0.055765851904348,0.5232222197719336,0.764662253850175
2021-08-16,-0.6446874065173813,-0.5073699061969523,-0.0749899123929456,0.508005813998802,0.7565679461552036
2021-08-17,-0.6435885122758129,-0.5065499347907796,-0.0597660896414877,0.5322232596743735,0.7803456939334575
2021-08-18,-0.6509484462003305,-0.5176111013365476,-0.0718971819826683,0.5228409289483167,0.7728228119969245
2021-08-19,-0.6539472808204487,-0.5166589638988008,-0.0691637567070171,0.519666857689622,0.765733926186804
2021-08-20,-0.6589475510157718,-0.5245376150404653,-0.0823868040520965,0.5009018297434278,0.7452864280425423
2021-08-23,-0.6529506196230186,-0.5123358066152952,-0.0612370984411723,0.5283991118707352,0.774047392917045
2021-08-24,-0.6542110278502262,-0.5113496949834673,-0.0597801192336016,0.5271126814572347,0.7713502255966214
2021-08-25,-0.6443921446003296,-0.4816524679738379,-0.0150203812052316,0.5805867455506555,0.8287089480905682
2021-08-26,-0.630844629396569,-0.4555176004340273,0.020541093648247,0.6190570911080977,0.8671699089357309
2021-08-27,-0.6334265562303505,-0.458483290358572,0.0178809611438377,0.6166193434700462,0.8648115154941038
2021-08-30,-0.6373677313160502,-0.4702775835846973,-0.0072712605402847,0.595181821110597,0.8505848852675165
2021-08-31,-0.6267031696332097,-0.4511407660476494,0.0222242160369208,0.6277021692951807,0.880592118699534
2021-09-01,-0.6299823786930825,-0.4475108585266385,0.0365160999141314,0.6469357596979364,0.9010807798358
2021-09-02,-0.6375719410293286,-0.4611604759374383,0.024579257072407,0.6431333486986379,0.9015286940435208
2021-09-03,-0.626401826161133,-0.440584322246806,0.0549576899751991,0.6786388406235151,0.9371760892615404
2021-09-06,-0.6251136302635247,-0.4326444035471311,0.0547645871532327,0.6615228262647823,0.913006824910557
2021-09-07,-0.6159005536382303,-0.3951696884657152,0.1099232067522195,0.7160645654238138,0.9655025602241438
2021-09-08,-0.6151699233383028,-0.3944548749438574,0.0967538910129488,0.7110270498485662,0.973514979907788
2021-09-09,-0.6204644364321088,-0.4252750191651429,0.0350417370748745,0.6663437702517452,0.9535439721385324
2021-09-10,-0.6219199030187248,-0.4208930691442729,0.0390792135368838,0.6686177065934464,0.9592234165013592
2021-09-13,-0.6230858890047346,-0.4155698975963764,0.0518994183722592,0.6823199212528015,0.9713617479513182
2021-09-14,-0.6264227249846255,-0.4217520131374632,0.0425805705473236,0.6707663006614903,0.9594872278470156
2021-09-15,-0.6283741497866151,-0.4116127736143875,0.0712655766334107,0.7021529686946741,0.9870236987166708
2021-09-16,-0.6281993399544097,-0.3916072313842647,0.1154553991822089,0.7260203796069928,0.9895624506057966
2021-09-17,-0.6111821922995115,-0.3917370186276496,0.0981570875353119,0.7417572385518412,1.0235203603834928
2021-09-20,-0.6222013685913736,-0.4236142434500536,0.0561940148413913,0.7098203086292272,0.9994742192980728
2021-09-21,-0.6279128658028099,-0.443481753900723,0.03682764041509,0.6835295692422605,0.9637786101550954
2021-09-22,-0.6261766466947323,-0.4329367663170109,0.0493072490123713,0.6873019809218497,0.9625509833684364
2021-09-23,-0.6132980493169908,-0.3972266590443363,0.0929701165499241,0.7225107322902269,0.9932142751932505
2021-09-24,-0.5996048672754788,-0.3664445943948449,0.1446494371046167,0.783062922330332,1.0520142935320635
2021-09-27,-0.5916109464244044,-0.3605692064635288,0.1428649603506526,0.7849708995733222,1.058474602606677
2021-09-28,-0.5809872840305745,-0.3242793981806473,0.1798235256215345,0.8180453287847214,1.0951855725678592
2021-09-29,-0.5956394166037544,-0.3586864382998804,0.1434355326184411,0.7777457509612431,1.047942245006619
2021-09-30,-0.585321937123495,-0.3356189289994917,0.1782038529749923,0.8204592233290744,1.0930167502065196
2021-10-01,-0.5964273814134042,-0.3798714133884955,0.1331799721748483,0.7821788908961449,1.0518093941320226
2021-10-04,-0.6018689656043037,-0.3645089752548966,0.1673657102150296,0.8210574961499078,1.0902708676382409
2021-10-05,-0.6024154149427532,-0.3607504693501511,0.1711147718556529,0.8209879753352509,1.088625850554914
2021-10-06,-0.5918996884685501,-0.3461237804648545,0.1796789731111885,0.8307588946463247,1.102435898778269
2021-10-07,-0.6068547224154972,-0.3570867657703083,0.1849668237954964,0.8340709443134258,1.0990448803941222
2021-10-08,-0.6003637293763098,-0.3445078769963441,0.1982953294619438,0.8523751844305507,1.1212814540397464
2021-10-11,-0.5865541077700029,-0.3199366148508549,0.2288161464075848,0.8870901439091454,1.1577107718890474
2021-10-12,-0.5838507511760938,-0.3032963060280678,0.2618749105220257,0.895112748723859,1.1453393815219783
2021-10-13,-0.5805851563196984,-0.3051715996744129,0.2219828208672107,0.8328085756761501,1.08154158299933
2021-10-14,-0.5952386154611542,-0.3277955384257676,0.1891643411317636,0.7924391225445166,1.041407558702662
2021-10-15,-0.579491490983354,-0.3161459577369077,0.2126259266063936,0.8190847704655566,1.062464685905713
2021-10-18,-0.5575956244256501,-0.2661957252798754,0.236766805314891,0.7964202367311426,1.0227083520897056
2021-10-19,-0.5367465108930498,-0.2373669324612124,0.2769454078213551,0.8474080524723921,1.0767770734980031
2021-10-20,-0.5674817197334923,-0.2816772102290845,0.2337090501876639,0.8311846031056183,1.079615239017155
2021-10-21,-0.5565132913627624,-0.2472011974581915,0.2783700970838432,0.8457444221508272,1.0721803538477808
2021-10-22,-0.5464004585191999,-0.2352956056169075,0.2829140196575417,0.8280430348845182,1.0426469043786952
2021-10-25,-0.5654861737910697,-0.2465394834149412,0.267137975651865,0.8204380339036017,1.0466153026861404
2021-10-26,-0.5684216380068103,-0.2508797383833725,0.2587259403939241,0.8119288142880134,1.0393214791083358
2021-10-27,-0.5716238628170258,-0.267798270820871,0.2182360576612239,0.7511162116233729,0.9700039381585532
2021-10-28,-0.523036333461055,-0.192499974711354,0.2863614496400748,0.779184553622482,0.9793691445716516
2021-10-29,-0.4844982254960013,-0.1074370070052506,0.3893441080928008,0.8437206451197645,1.017583896844119
2021-11-01,-0.4856216735599437,-0.1037189397783153,0.3949259498387387,0.8595252930257937,1.039840197361718
2021-11-02,-0.5570206853607373,-0.2161410218001704,0.3019016647791934,0.804341674335282,0.9958405463998246
2021-11-03,-0.5459422223875618,-0.2478933478413871,0.2791469963848572,0.795426699244338,0.9868660909688178
2021-11-04,-0.60966332801185,-0.3039570358104777,0.2187939689922968,0.7541707980712182,0.9616763761481693
2021-11-05,-0.6334535841048066,-0.3518015555293399,0.1635921764858636,0.7026292427922125,0.911771368546922
2021-11-08,-0.6266486436025795,-0.3425410508474744,0.176571143400829,0.7222635941722655,0.9332695057786522
2021-11-09,-0.6480820306198911,-0.3515980313393445,0.1525820282920378,0.6696712616748912,0.8694917067480084
2021-11-10,-0.6265896796822918,-0.3161487331043968,0.1899028682634211,0.7035980765411769,0.9013789021548124
2021-11-11,-0.6118424479239861,-0.2688939288518286,0.2374655941791541,0.7328006873708803,0.924103838246193
2021-11-12,-0.6331194768140893,-0.2944828014005862,0.2225288237525848,0.7380935099009838,0.9393319527678892
2021-11-15,-0.6252776067599024,-0.2762411518817513,0.2380738778737283,0.7365556547236114,0.9274792055983668
2021-11-16,-0.632485391185245,-0.2829183713215135,0.2476360726875057,0.7712814222335238,0.9727068068744936
2021-11-17,-0.6296867738658021,-0.2855701137409649,0.24957849150256,0.7774540856116885,0.9789354742084484
2021-11-18,-0.6386009198828804,-0.3154910162041133,0.2138648613345877,0.7435342976043993,0.9444697306394976
2021-11-19,-0.664590098810649,-0.3550419846121322,0.1614773441656156,0.6899383528716658,0.8936814536986131
2021-11-22,-0.6550374970057788,-0.365866902452991,0.1652154355258543,0.7060268390250712,0.909573843450832
2021-11-23,-0.627217169146439,-0.2989426224736675,0.260307234071738,0.7971522757520453,0.9949556139333208
2021-11-24,-0.6200829184569683,-0.2751761032838251,0.2942350543071148,0.858756205220367,1.07093374972766
2021-11-25,-0.6253927941979001,-0.2925446921394794,0.2613388442256967,0.8089435355371979,1.0144195804349327
2021-11-26,-0.6499439175977368,-0.3393132941355574,0.1799446851642239,0.7371960902958912,0.958180458335446
2021-11-29,-0.6305446365147578,-0.3156192814521903,0.2135800565607866,0.7602611583258674,0.9700297260576584
2021-11-30,-0.6432620674315066,-0.3570133713858272,0.1499172384951324,0.6797595898128743,0.882396260304495
2021-12-01,-0.6064024609476322,-0.2981252993285359,0.1897363167852885,0.6975253103655019,0.8938762901949615
2021-12-02,-0.6215940962246878,-0.3415616996717006,0.1385821209952427,0.6633818365715674,0.8689427650652903
2021-12-03,-0.5974965122456855,-0.333089965082384,0.1372528245438333,0.6652220515098026,0.8733654531415778
2021-12-06,-0.616599035074179,-0.3761157809774715,0.1051190576672977,0.6330889892265708,0.8356448367180891
2021-12-07,-0.601585271799479,-0.364348151021109,0.1100697341424501,0.633149443551627,0.8341452507159479
2021-12-08,-0.5861597066662014,-0.3050203447295958,0.1676193335580498,0.6837521587155204,0.8871036432679549
2021-12-09,-0.5994928955726913,-0.3430084551488823,0.1431511935480074,0.669326683911065,0.8719888842447459
2021-12-10,-0.5863904618925337,-0.3470727897027901,0.111995073131081,0.652935571577149,0.8718302960687934
2021-12-13,-0.5867327106497653,-0.3649530104938696,0.0914830945228759,0.6322305756664002,0.8488536878357762
2021-12-15,-0.5723382483982515,-0.3521756797412418,0.0970595847874413,0.6377969164691097,0.8574573688323703
2021-12-16,-0.5588136481257058,-0.3342337535012598,0.1430595768818765,0.681783321201253,0.8898142733811758
2021-12-17,-0.6053791188400419,-0.35938675295571,0.1089485654777346,0.6460877935197571,0.8620342482615813
2021-12-20,-0.607522058360801,-0.3687793469791858,0.1000058558989493,0.6615304147598762,0.8922750551940037
2021-12-21,-0.5935371100418854,-0.325751105564608,0.1764995530348212,0.7392289653089112,0.9626398169669266
2021-12-22,-0.578857180224662,-0.2915834473630383,0.2189712386804432,0.7717028445821885,0.989468377731538
2021-12-23,-0.5622091779149248,-0.2557769241640848,0.2553182504586448,0.8179710165838436,1.0471200831386305
2021-12-24,-0.5631534385668227,-0.2562661777169603,0.2547656169191032,0.8181927304411327,1.0475487254890483
2021-12-27,-0.5576196821410244,-0.243083760983171,0.2627445136212483,0.8197583304288387,1.0504880862137358
2021-12-28,-0.5572275499100616,-0.2433477819327851,0.2586772665004178,0.8106009533914889,1.0391626286528646
2021-12-29,-0.5536662166896722,-0.2185406659859667,0.2864895421634266,0.8336860940258535,1.0612946642712542
2021-12-30,-0.5273848746842029,-0.1931048403079973,0.3191169483454503,0.870332815178708,1.0946785121459008
2021-12-31,-0.5299111509765284,-0.1932923103328541,0.3189072792286369,0.8701590753681385,1.0947236106421534
2022-01-03,-0.5163299235720435,-0.1690825315402158,0.3613249093788946,0.918797448652286,1.145380161239033
2022-01-04,-0.5164676449571655,-0.1951795436040395,0.3251004739247518,0.9059544065399344,1.1490392546711194
2022-01-05,-0.5091261976956769,-0.1816112430715817,0.3461161599843017,0.9361438947735424,1.180544709727405
2022-01-06,-0.4910780339289511,-0.1488642314044792,0.3769879421529829,0.9559064028395596,1.1970162354370455
2022-01-07,-0.4730552446235938,-0.1358408695020765,0.3637910459492008,0.9452422573789424,1.2060288926729394
2022-01-10,-0.4720873645234427,-0.116772071465359,0.4183026115839716,0.9952460964877528,1.2338042554820734
2022-01-11,-0.4546382458623137,-0.1092139649271892,0.3919332625739677,0.9602798001126632,1.2135874858896067
2022-01-12,-0.4771297615371486,-0.1432143800771754,0.3580006315464255,0.9338240061112444,1.1911576401040485
2022-01-13,-0.4774874731492087,-0.1495808560915641,0.3385482297235382,0.8846517457313698,1.1233666726910485
2022-01-14,-0.470874612973124,-0.1326837024225406,0.3571238297935988,0.9055919299489084,1.1474607584391348
2022-01-17,-0.4625966589580867,-0.1034560459696116,0.3972222343640252,0.9426678472265468,1.1796841892349137
2022-01-18,-0.4630798495625843,-0.0990369290750807,0.4082549970868694,0.95550302195901,1.1910238260938706
2022-01-19,-0.4598793722923684,-0.0872570974295614,0.4384264393891666,0.9794397281173968,1.2001219706899091
2022-01-20,-0.4869410187544325,-0.1095056601152117,0.4220171040368674,0.9463249498827332,1.1505123396971908
2022-01-21,-0.5064541573995998,-0.1424824166373461,0.3861490033843351,0.9173142920437468,1.126114952053055
2022-01-24,-0.5127917871286352,-0.1514038471945902,0.3746547695376074,0.8932626289376158,1.0924941406987785
2022-01-25,-0.5133402113560086,-0.1547507938533634,0.3734659848210029,0.9083412909719452,1.119102381360007
2022-01-26,-0.4893330137436659,-0.1294097782911968,0.3891904956833677,0.9581273170841608,1.1995658185379514
2022-01-27,-0.4827422958057015,-0.0989292734480973,0.4198227168979154,0.9405538933310992,1.1506111898019662
2022-01-28,-0.4648744331994376,-0.076563237231814,0.4418018514975121,0.9620201309002288,1.1717727204241382
2022-01-31,-0.4263411767607238,-0.0104704274383315,0.497164903889204,0.9896897907947838,1.187541142496873
2022-02-01,-0.4172081787740698,0.0096640673211405,0.5097949725367634,0.9971963492066648,1.195473979417135
2022-02-02,-0.382335540393899,0.0516127176010913,0.5340922655367925,0.9957925645251094,1.1823686602995804
2022-02-03,-0.2753424827047995,0.149215878533669,0.625653638207549,1.0616836393678883,1.2301620957590202
2022-02-04,-0.1453451376968522,0.2950198124800982,0.7298767561619453,1.1152146624559327,1.263503327555042
2022-02-07,-0.1119431448905631,0.3474843149386008,0.7930451144338106,1.1950417211727231,1.35208883914482
2022-02-08,-0.1290988959029368,0.3593227593791611,0.8363759910244556,1.2572657937825653,1.4194142528134217
2022-02-09,-0.1764304626061529,0.3178076939720249,0.8049753436122473,1.2343390425774503,1.3997778865246853
2022-02-10,-0.1668421184657758,0.3506112007117797,0.8395986934993819,1.2611044637438509,1.4224037473781197
2022-02-11,-0.1441917514571684,0.3726361722438674,0.8604221081960711,1.2782822960851046,1.4368753673975672
2022-02-14,-0.1769511785318485,0.3533049961177948,0.859859728981258,1.2896010667637203,1.4514694059802995
2022-02-15,-0.1624537638950107,0.3965821240454651,0.9241987502234248,1.3669712414028,1.5332257044423905
2022-02-16,-0.2065166663116264,0.3418960126808956,0.875012079278478,1.33196226989647,1.5048568460642928
2022-02-17,-0.2316991754533727,0.3283396222010575,0.8579352876300841,1.2998589911745853,1.4662325750156704
2022-02-18,-0.2741878101745788,0.2655138370413616,0.8169163401443428,1.2972967771269317,1.4806186691601777
2022-02-21,-0.2655551748907261,0.2783686574893582,0.8275452967011663,1.3124185468226388,1.4987502204690275
2022-02-22,-0.2010846441017081,0.3526780654560931,0.8923259302755732,1.3598817516556343,1.538939033857618
2022-02-23,-0.1743495168097021,0.3628519622525735,0.8841478746565316,1.3376597967995965,1.5108717825629292
2022-02-24,-0.2142791598500839,0.3037965664297253,0.8173306277607332,1.2656797658257166,1.4369757936501328
2022-02-25,-0.2162434442112203,0.3096303352431708,0.8393992949852149,1.294375432057668,1.465613697063891
2022-02-28,-0.3021998249527883,0.2679609603415323,0.8165988432637775,1.2795651407507531,1.4553008374887186
2022-03-01,-0.4714409618056013,0.0330173378835654,0.6234764096100004,1.1274931400179082,1.3149794716947938
2022-03-02,-0.4143565470344127,0.0763888573271018,0.6408958053555127,1.12939953484747,1.3130859523281169
2022-03-03,-0.3571076193117194,0.1686589476284991,0.7202429983236225,1.196264050520113,1.3774505614164931
2022-03-04,-0.4484237933788725,0.0673172889728636,0.6336805566410835,1.1174236045467405,1.2988713183082494
2022-03-07,-0.4292243223187467,0.0920901070189977,0.6469630627973482,1.106703785302379,1.2769512820229754
2022-03-08,-0.401503596548233,0.1489947020484441,0.7304431335671931,1.2077886607857349,1.3835838869773345
2022-03-09,-0.3442204315097262,0.2332643743821851,0.8202530118453425,1.2888121146675409,1.4599044683998104
2022-03-10,-0.2226893040837985,0.334050372535859,0.8900933068795227,1.3469472957414044,1.516279027302453
2022-03-11,-0.1977282279464091,0.4050710131857792,0.939680632756646,1.3514810533959571,1.502031223565898
2022-03-14,-0.1658108649458478,0.4525008275713631,1.0008325627613768,1.4256302002899472,1.5803525332714956
2022-03-15,-0.2072800722604671,0.4185704162747822,0.9860334117807842,1.4291825871057966,1.5908254749989943
2022-03-16,-0.1846080832316034,0.4586193638573054,1.023795968579568,1.4481668407805486,1.600253422524578
2022-03-17,-0.180037720806008,0.4736539303855743,1.0309020059752516,1.4377469663139864,1.582226886360317
2022-03-18,-0.197635102212252,0.427246059810881,0.9883140727944564,1.4202550436021786,1.576791644123677
2022-03-21,-0.1558924244501024,0.4768919101991808,1.04469844587833,1.4959469266621757,1.6624110676444852
2022-03-22,-0.0874491092127021,0.5532346271280059,1.1039652814568433,1.538458286706558,1.6986184129365491
2022-03-23,-0.0982584872765265,0.5305619561721809,1.0778762836402702,1.5183249010388875,1.6817252813097543
2022-03-24,-0.0658693663868637,0.5700477705386241,1.099691905731036,1.5237545765647191,1.6822820403135983
2022-03-25,-0.0293282852946421,0.6207554441146405,1.1434682815049877,1.5523632979013855,1.70400256616559
2022-03-28,0.0078609804934829,0.649955662970627,1.150027327560263,1.5363242127419732,1.6785336113100404
2022-03-29,0.0781094769392033,0.7185656087244802,1.183365182561896,1.537660750058127,1.6703439007674128
2022-03-30,0.1897929060570293,0.831487039615254,1.2797916148612922,1.612083032670959,1.733393888794171
2022-03-31,0.1066048941168709,0.7308701558411939,1.182376775864515,1.5272837132568535,1.6560432701570695
2022-04-01,0.1152752147114455,0.7589836193328773,1.2201876010857724,1.564567342590595,1.6922136359899855
2022-04-04,0.0862501004454952,0.6883351284188232,1.140525731122287,1.5014478900047268,1.6381715145218274
2022-04-05,0.1482885872783867,0.7812037357235565,1.2395603608793695,1.59669319728293,1.731122381146678
2022-04-06,0.1797514338854517,0.8599991973744894,1.3439787429444234,1.706493277743954,1.8399231198578363
2022-04-07,0.2037907506485435,0.8803894412234392,1.3593072387958711,1.714486049356989,1.84489692190306
2022-04-08,0.2397837070036877,0.9065951548718136,1.371971642239162,1.7172130723927732,1.843823240869934
2022-04-11,0.3046899407610823,0.9758953239327304,1.432882904404996,1.7740272076158976,1.8997192237298504
2022-04-12,0.2589967491826651,0.9364480699929651,1.4144376406712171,1.7637720154591148,1.8901728920970673
2022-04-13,0.2462748678039574,0.9277391498485672,1.41359722519653,1.7688130488662226,1.897757504537702
2022-04-14,0.2299325726781695,0.9183175081578188,1.4425266889245592,1.8442191026202048,1.9914546324307276
2022-04-19,0.2755998693249175,1.019076083495446,1.568903446800576,1.9753791286286264,2.122423615599841
2022-04-20,0.2561765520449128,0.9683506295605144,1.4939145330402277,1.883391005126649,2.024566844938979
2022-04-21,0.3282480923810519,1.0240981867619747,1.530316889139053,1.911120607521086,2.050940373706997
2022-04-22,0.4293008045956908,1.116279446521349,1.594797689108009,1.9498295322710455,2.0796054941116897
2022-04-25,0.356586412627778,1.0313228235701843,1.5237255667022638,1.8932166372690824,2.0289879378531808
2022-04-26,0.3255454387590262,1.005772202823402,1.5039448970835538,1.8726595588139003,2.0076364836602063
2022-04-27,0.2953194568007936,0.9602140777782712,1.4856742910409888,1.8956590225705985,2.047487921668973
2022-04-28,0.3712449012561157,1.0608093264197744,1.584677983002424,1.981972824745062,2.1272072587476885
2022-04-29,0.4479264432252201,1.117580656023308,1.5992777034296384,1.967417534313647,2.1033624716497608
2022-05-02,0.4486833589036675,1.1631705196164346,1.675342133812416,2.055329796132633,2.1944309561144277
2022-05-03,0.4497153424834426,1.1506265078206188,1.6481220071710985,2.015761422311708,2.1500328727443168
2022-05-04,0.5289202834262626,1.2509118031692892,1.733039988344621,2.076673101984923,2.2007628981722043
2022-05-05,0.4919213383403982,1.2264802767958822,1.7269624146475298,2.081160423170401,2.2087698455587037
2022-05-06,0.5810879554004591,1.3420017777502828,1.8385133982596928,2.174310539347939,2.292941462636997
2022-05-09,0.5372110612506713,1.3415083807935089,1.8799895684172645,2.2370974122314045,2.362246639340315
2022-05-10,0.441293791779021,1.219009925514948,1.7599264659090794,2.1213055529856426,2.2479190705403767
2022-05-11,0.4135528823130027,1.210490425736187,1.77493649911269,2.146337669115769,2.2753822577343583
2022-05-12,0.2998160773724683,1.0338288372936328,1.6051461188352998,2.013225947445074,2.158948428715366
2022-05-13,0.361081772565109,1.094421240956971,1.6651322953771048,2.0827741397076687,2.2336444044376007
2022-05-16,0.387528667874949,1.125621878402686,1.6818016923072414,2.082773183972073,2.227622033560204
2022-05-17,0.4832971772842387,1.2420089924204671,1.780503277087264,2.154571212021729,2.2881304615159377
2022-05-18,0.5310457737530376,1.277894765849868,1.7877385267698378,2.1336265866841546,2.2562079020026653
2022-05-19,0.4757028863667301,1.1907943625702484,1.6942116937120286,2.044595484464934,2.170147236465596
2022-05-20,0.4952488124192314,1.216119362588773,1.7457686560556571,2.13821035501354,2.2832011650393818
2022-05-23,0.5100079447705819,1.2100034910123665,1.746199681818739,2.1679731754272757,2.3280566362492943
2022-05-24,0.5110509515661702,1.2503972196060498,1.803283667935666,2.208379785357153,2.356539675682852
2022-05-25,0.4688753976803598,1.1701976914229353,1.7286699561253158,2.1694101223308637,2.335324031202073
2022-05-26,0.4379322587064158,1.1514486582044463,1.7346658991492294,2.19883831895458,2.375119831016534
2022-05-27,0.4371789813776915,1.1754185537425168,1.7458772060801049,2.162839555683637,2.3149851760612763
2022-05-30,0.5466845259953637,1.2697716523807312,1.826600675337659,2.264851010325155,2.4322452535613275
2022-05-31,0.6145997895539241,1.3529492607525098,1.8979615948619724,2.315692490657267,2.4730300957446176
2022-06-01,0.6194896324334007,1.3382444103674538,1.886241727900328,2.3284565667304737,2.4992908686153195
2022-06-02,0.7391918217857574,1.4767117936012308,2.0008187550539063,2.4112745704273273,2.5686246555173797
2022-06-03,0.7875454103505,1.5546755117938358,2.0941531202926105,2.5094525659002223,2.66720608840535
2022-06-06,0.8035677729515341,1.5625213128287183,2.0917656351782803,2.4927786017840248,2.6436147990872323
2022-06-07,0.7890701112481002,1.552911795289032,2.082949196084209,2.476831889329585,2.623336922050959
2022-06-08,0.8525839380987275,1.5938086678261532,2.114057034816163,2.5293003173406245,2.689714010338468
2022-06-09,0.9494187005592613,1.7352142195634903,2.237811268177459,2.593081700640377,2.7226372211090215
2022-06-10,1.0576896619644445,1.8756420125661104,2.326718609405785,2.6091963045104207,2.709475540567019
2022-06-13,1.2472483902831053,2.10377554504312,2.514714968028082,2.742546070035465,2.824723186703866
2022-06-14,1.3326816598842262,2.1870537740646943,2.607304109114796,2.8663520689519664,2.9354382060506437
2022-06-15,1.2026486571467496,2.0142144325385134,2.472853440658057,2.783071810153547,2.863117170310496
2022-06-16,1.343559259483656,2.2129123932666137,2.6645986616931605,2.9210687713792383,2.963618368484698
2022-06-17,1.2098553097031697,2.0120757434006435,2.4947252743925104,2.816570157171124,2.8877896220160237
2022-06-20,1.2297523974374929,2.0245511351621195,2.503521888711387,2.823939448958187,2.894201202398134
2022-06-21,1.2213195800182262,2.059269845516213,2.5598570369359077,2.883566743273126,2.9544241558113833
2022-06-22,1.1828607420575428,1.9035307765328224,2.4101011682667854,2.7688873399144507,2.839606560209763
2022-06-23,1.027632911796165,1.657856265850821,2.2236603152099894,2.6345031579169778,2.727930965178059
2022-06-24,1.0688630604504223,1.710000169836876,2.290976939124995,2.688890792038274,2.7639018859692
2022-06-27,1.1183402963469642,1.7840797140421527,2.3394666008146725,2.7143881953353626,2.7806294604193456
2022-06-28,1.1636541053371792,1.8865583070234135,2.447175957381971,2.8224709065240576,2.8884069666173784
2022-06-29,1.0877106656154667,1.7868020028108662,2.3645043295105626,2.7821437361237535,2.862946872134094
2022-06-30,0.9174363294361672,1.567669688468098,2.2090547702574246,2.640175339886878,2.728808272893698
2022-07-01,0.7691985474697469,1.4149000015266058,2.0918653399756386,2.5488556183060247,2.6316020697406772
2022-07-04,0.8527987016231873,1.5117841749549734,2.1827894179687917,2.61978830816893,2.683011740472756
2022-07-05,0.7558405830096067,1.436906611404261,2.1079089885498767,2.5216003234066187,2.566477745275787
2022-07-06,0.6188622371706005,1.3114938875305546,1.9966671227625623,2.474474790223403,2.564319454360889
2022-07-07,0.7779810473413051,1.438454957069407,2.14210643044178,2.613873667620814,2.665937222313992
2022-07-08,0.7751911760293483,1.4334860598083194,2.1382053316812484,2.611316032395485,2.6642729166356403
2022-07-11,0.7282234019739454,1.3646440707898684,2.0914543527376437,2.591320918114189,2.6425393156357972
2022-07-12,0.6407999168852395,1.2551930622308485,1.9534101953248315,2.431829365943214,2.497993491429653
2022-07-13,0.7422455872446109,1.3461100294445845,2.0319704477114504,2.4970371817560704,2.5430401641151614
2022-07-14,0.8621653305358694,1.43748173397422,2.074651736088255,2.486945288284258,2.517525702476206
2022-07-15,0.8288039748030717,1.392169422660233,2.0182015498753296,2.446761788418795,2.4943425329135165
2022-07-18,0.8643748433186241,1.461002578438856,2.0844414537053284,2.518343053602917,2.569228387906834
2022-07-19,0.9528233757238213,1.4964885988302794,2.0969904764537293,2.498211251267414,2.5220704315217146
2022-07-20,0.9535671364455924,1.49895906164257,2.090657990948839,2.4954800024544306,2.5022546666231027
2022-07-21,1.0497601273058337,1.675523021194375,2.1800453363359327,2.5525206056674357,2.587108335708225
2022-07-22,0.7808132004260402,1.3277410346049587,1.905231926803977,2.338086022800001,2.3923070260565473
2022-07-25,0.8318635291963026,1.377293315662499,1.9688165035072636,2.412902700333746,2.4628373209156673
2022-07-26,0.7260298459163564,1.243900873777239,1.8219221408699795,2.2956249851162336,2.383312447449174
2022-07-27,0.7627458846157416,1.278840961025348,1.849301144660415,2.313892680439416,2.3948610961914323
2022-07-28,0.6233376516869956,1.1164331716538172,1.6981227433725712,2.1964576849357367,2.3098766357542315
2022-07-29,0.6225710775318318,1.113850655894289,1.6943698748464957,2.182122947155344,2.288558476957566
2022-08-01,0.582321729833209,1.0624180434272563,1.6412263319845766,2.1403777218127105,2.259174280527823
2022-08-02,0.5912661066804211,1.0468028578455664,1.5888455159838335,2.068740458984387,2.192643994522979
2022-08-03,0.6525396171194424,1.1454599713016098,1.6708558849826285,2.0995432972654258,2.1900820539147468
2022-08-04,0.628790274069591,1.101577111636002,1.6134654459427873,2.047142339292728,2.1519610253748596
2022-08-05,0.709736749562162,1.162536788588464,1.676217552539206,2.1221374760617495,2.2244058080505447
2022-08-08,0.7000827037037255,1.151384620373949,1.655546732458531,2.101376058341251,2.2098793106987578
2022-08-09,0.7616357185557652,1.2265232252848168,1.7344148741810144,2.1793314991845305,2.279579616531999
2022-08-10,0.69962579288843,1.1623126377674082,1.6678215502554674,2.106369722028364,2.209855268226767
2022-08-11,0.7185888810114005,1.1783336583826038,1.697186907927655,2.1456011203710417,2.2491658169790703
2022-08-12,0.7364543606984086,1.2027126744829606,1.7453856210119307,2.2325037368697505,2.347862668336707
2022-08-15,0.7193724140158956,1.1656427672580076,1.6823239465751,2.161831112093208,2.2867063563324894
2022-08-16,0.7795869668549978,1.2592631468467868,1.7943371750902768,2.2764925875448903,2.3862541389946723
2022-08-17,0.881553948928678,1.3524399793391866,1.880465834254151,2.3522669735934096,2.44791897042541
2022-08-18,0.9031147147192984,1.3341482205609865,1.851497620342466,2.334176152438901,2.443369047018069
2022-08-19,1.0135739767813745,1.4713493613763482,1.995948719822308,2.4569918494196386,2.538054702355277
2022-08-22,1.063713211190032,1.5449908984901883,2.0730390254967324,2.517671326500488,2.570518401514038
2022-08-23,1.0924109060039404,1.6107666062359118,2.1553241832266616,2.571144750167132,2.594221855472341
2022-08-24,1.1541683981766997,1.6993990101822325,2.2202126844179664,2.609305113901381,2.618758455653834
2022-08-25,1.0916934687420958,1.611831003396316,2.1570712135098224,2.5734694392624777,2.5967435122855385
2022-08-26,1.192852362960625,1.68439347895221,2.253352446674969,2.6463991729616065,2.6450767354861684
2022-08-29,1.33525270236735,1.82114564226326,2.3410491015813286,2.69355332294897,2.7020751284374755
2022-08-30,1.337995437583098,1.8322695949515857,2.3412526654014316,2.689895483184558,2.699397049661378
2022-08-31,1.444611216873822,1.878481076065657,2.3810857290826393,2.7166305104492943,2.7105966889334727
2022-09-01,1.4401297051426998,1.9040639216066937,2.4544161323544493,2.820648563382139,2.804601142915785
2022-09-02,1.3533074830908278,1.7875050633773069,2.3512466742194458,2.7683363713497875,2.775607294907011
2022-09-05,1.443814807221503,1.9053861351492136,2.4405833647912822,2.835984417319614,2.8619548228089284
2022-09-06,1.4095065722595543,1.8879500572391428,2.46225957349509,2.845972822944407,2.855767539618584
2022-09-07,1.3687203253586355,1.8333457948072929,2.397331719624112,2.774392870809776,2.8064161523573774
2022-09-08,1.5256147445080142,1.9172080632258084,2.461289043877082,2.8052007924149724,2.8082849089676167
2022-09-09,1.6580504243153666,2.006960434680427,2.5585874011607572,2.927061455834305,2.9275748593932205
2022-09-12,1.6401754208002948,1.9792063590105224,2.489682582883592,2.853391884857015,2.8703389760831377
2022-09-13,1.7208411404429809,2.0289298728673213,2.5098747071812206,2.8827033508675166,2.911266308114248
2022-09-14,1.7665235396613832,2.097760414814982,2.5720707420292177,2.8999790777689665,2.899203746473806
2022-09-15,1.7946065032406244,2.113147624828289,2.5529398221603508,2.859863064575972,2.861178509959814
2022-09-16,1.9223063095649724,2.1824221178980583,2.608226976230276,2.8853317584187463,2.8700691519731776
2022-09-19,1.9500030316852428,2.1778757682017424,2.6151739705171075,2.9176324227921047,2.912422175525963
2022-09-20,2.0856843742610196,2.319210824240711,2.7702846727772386,3.044516511471731,3.0123266157361392
2022-09-21,2.085378233330061,2.2862577058939575,2.695681313372466,2.959291509982136,2.9381556002101976
2022-09-22,2.2000079209302443,2.3916552688550485,2.7664244710560286,2.978512890161264,2.9448305888417368
2022-09-23,2.236385622450025,2.491026112776246,2.832024323764762,2.9642895708040657,2.9101173503468245
2022-09-26,2.330900661297655,2.611118779765079,2.9432888155243924,3.063776094217591,2.9934137173861997
2022-09-27,2.3787454970010904,2.6842075801193994,3.0565884310309306,3.224465085999434,3.1321420742377595
2022-09-28,2.28225529755652,2.628936383422088,3.0612857406341143,3.263090942548122,3.1826973436148953
2022-09-29,2.350125894695357,2.6548585695845146,3.1097585736714235,3.3163245461984427,3.2346662185741373
2022-09-30,2.17903984043791,2.5013857985595407,2.996374441888309,3.231606617962108,3.1710389924957134
2022-10-03,2.106110600879073,2.4121190374753714,2.899591409909083,3.1417514712187766,3.0968220845150354
2022-10-04,1.97782747641877,2.2691697462063347,2.755135674784007,3.025157876154479,3.0092054483579527
2022-10-05,2.062757823812066,2.3813552830486837,2.8996718645969346,3.1749018009097236,3.1370240018646203
2022-10-06,2.174179579205343,2.4808483488656714,2.9740424604184215,3.2009267211878196,3.1312604854417914
2022-10-07,2.291789117964562,2.61030595866791,3.111615050181978,3.337312012656464,3.2470695200552435
2022-10-10,2.293097608730773,2.6205738177896016,3.1438169648346164,3.3979033236049028,3.307485158219471
2022-10-11,2.315035864741723,2.693836071981831,3.2566261068442444,3.5031795971643733,3.3674431580825384
2022-10-12,2.292630125055052,2.7143622687751527,3.337910779449839,3.621293375364364,3.489059488618555
2022-10-13,2.341328118328702,2.698731962838906,3.2657888624337694,3.549568129156662,3.473446716888245
2022-10-14,2.3011866754256136,2.628474074490163,3.1953005438757147,3.5068351915960254,3.432988887652074
2022-10-17,2.3647684962356137,2.647290938026231,3.1723658878855017,3.485554151215206,3.417331889220217
2022-10-18,2.3615205369169923,2.6484466870220817,3.1692505535873887,3.4745312439508624,3.401036975571145
2022-10-19,2.4654189925402386,2.763406522889789,3.2622394778253834,3.5210628789957727,3.421023125126586
2022-10-20,2.496081655246392,2.811686734412133,3.3383100480810852,3.579899432664281,3.4532102980547648
2022-10-21,2.48259512454416,2.817495700080189,3.366586576511579,3.616351864650223,3.494885649896485
2022-10-24,2.3882254081977328,2.69798544742092,3.2282842237679064,3.476254002798948,3.3786413395146737
2022-10-25,2.29619600237896,2.603044681637137,3.102216300322498,3.3095377509949335,3.221993105329692
2022-10-26,2.3257607424631694,2.597152436655168,3.0793430741923404,3.294179910360979,3.2152820875213264
2022-10-27,2.175460855846409,2.4760808501796654,2.985559353034148,3.2265359819669217,3.1608898010707005
2022-10-28,2.230266462539893,2.501098816561363,2.981512596808771,3.2048929290303834,3.126531186687203
2022-10-31,2.2740635810672956,2.522637722789703,3.021516251999891,3.273991418345953,3.1982575026907463
2022-11-01,2.261113083199838,2.5427389684892834,3.0533772509154136,3.294413057409902,3.218161405167459
2022-11-02,2.2835651234310133,2.5472107476834274,3.037892067756208,3.258896121030653,3.1713293679917087
2022-11-03,2.3637790291289917,2.646335403559069,3.128882285266975,3.31802380740852,3.206601082631603
2022-11-04,2.410251125531257,2.672433755519095,3.1641565688461832,3.343408770573019,3.220987647511552
2022-11-07,2.4472120216490074,2.7228824898735886,3.2159048167818667,3.379995875653162,3.2494731707296425
2022-11-08,2.4908881309766526,2.717643078582137,3.169523813735863,3.3525643780347125,3.2415865004476836
2022-11-09,2.4631076043333433,2.6746967425881247,3.1322271874174863,3.3156515233644472,3.207910437393118
2022-11-10,2.2713820096910684,2.4956128688119215,2.9454135921937272,3.1196918516081587,3.032921100937315
2022-11-11,2.3778002643279574,2.574223884038194,3.0313926455962585,3.233057504818693,3.1381110643996237
2022-11-14,2.350484940018064,2.551152042976305,3.013479401901491,3.2127359208054904,3.113903566537352
2022-11-15,2.3470767107606667,2.5318599644582074,2.961107037717933,3.1604015964905323,3.0755747385173153
2022-11-16,2.295927349836578,2.453207262649298,2.865440907482318,3.0508253952222355,2.967404028948263
2022-11-17,2.3107897204722914,2.486858956878222,2.9123728900001815,3.075206224185109,2.985901077697696
2022-11-18,2.25539400513797,2.440633508252004,2.864561285165854,3.0253057382850654,2.9459492892522894
2022-11-21,2.237375510552011,2.417572553384534,2.822458258801198,2.9698920202094667,2.895396016044409
2022-11-22,2.2717108046601995,2.443192294663871,2.834612136090653,2.980588560439609,2.9073986177501148
2022-11-23,2.2874490530865828,2.4182908663377245,2.753702117777175,2.862535484330841,2.801944562318507
2022-11-24,2.2251374394359065,2.345113706900345,2.6655228379449354,2.7788431662445205,2.7341397592292185
2022-11-25,2.323928505445833,2.466981276783678,2.807270050760339,2.9025463821599056,2.820763312984493
2022-11-28,2.344530025958284,2.5058276511516864,2.841548871062757,2.927786948335457,2.847885808169854
2022-11-29,2.2691645573679113,2.4308122135135837,2.7543007198554963,2.8805157138539688,2.81789664954029
2022-11-30,2.3181327709588113,2.4651441807150585,2.7719853928448748,2.874670665688108,2.7940906826579415
2022-12-01,2.160199446778081,2.3072280962061353,2.639078865364113,2.7815625986808654,2.728499226064524
2022-12-02,2.186957687372836,2.316971163091039,2.673402582238914,2.80466646193613,2.6847573543995717
2022-12-05,2.2600717869273272,2.3442113545916468,2.656733575968494,2.7844946091069676,2.6877781941079606
2022-12-06,2.2129436114898327,2.2964265539699,2.593697456349518,2.7235104259909875,2.647739683418676
2022-12-07,2.166011387745635,2.262182374374983,2.5740893128857114,2.7198559939166698,2.657715445684711
2022-12-08,2.180877197685318,2.317623886483279,2.626631119125102,2.7408700378866575,2.647580750298867
2022-12-09,2.3048570901705827,2.402912427444953,2.7052440356958094,2.8224648441239397,2.724844590245497
2022-12-12,2.3130980619651034,2.39321786581617,2.684324467581783,2.8009074539259458,2.708253089021978
2022-12-13,2.254326904489483,2.351743065465035,2.652588298498074,2.7776562018038975,2.6862042867211735
2022-12-14,2.285749190603336,2.4110768546742483,2.746076326366703,2.887015603068187,2.7800627522288313
2022-12-15,2.442663644087424,2.574051444792354,2.8905495615842973,3.040100666566033,3.028429216816577
2022-12-16,2.6468356898293166,2.76176534118639,3.061439635396665,3.1306530260085172,3.017295056461526
2022-12-19,2.616624140356698,2.7476669301218934,3.0896090694720546,3.1865324471455607,3.0570909748975788
2022-12-20,2.677565897227329,2.8306907492025006,3.196358332074854,3.2941118038786303,3.14210543358428
2022-12-21,2.6650835866369476,2.817327279819563,3.1654414424559705,3.2796337871236263,3.1432210591495435
2022-12-22,2.720876398096259,2.9025850799316895,3.2366509409811246,3.33949502098792,3.1962442803436275
2022-12-23,2.7733513303899504,2.941703217447011,3.265487489576278,3.377962281202237,3.2397098917226064
2022-12-27,2.8020932961400677,2.984554268656323,3.3358991358348935,3.477775360191464,3.3373441182307952
2022-12-28,2.8008833869825764,2.992710404242009,3.349420341621369,3.49419218736694,3.354719382972105
2022-12-29,2.8147824467731293,2.983311016184555,3.33664462445731,3.4916413466564657,3.3604011663146425
2022-12-30,2.875466083815468,3.029163729242756,3.3920425904923475,3.558007215194467,3.4172292435527134
2023-01-02,2.8416059394473945,2.9807869995945913,3.311267746476658,3.47177773605663,3.349489615505402
2023-01-03,2.8042715493547243,2.897177685604369,3.2260812830385603,3.3773716649567356,3.243065303941774
2023-01-04,2.7361791700175795,2.807938172261659,3.123419412419047,3.2907862125566094,3.181586133956854
2023-01-05,2.78581393667095,2.8624009718419936,3.1772622990285417,3.348613600033429,3.2383271375788247
2023-01-06,2.786159707289469,2.8162298798351895,3.1099114324624613,3.276823062777749,3.1729642345394753
2023-01-09,2.746821366973089,2.8010307473299716,3.0975174525794835,3.286442212605015,3.207176501499618
2023-01-10,2.7656006999112903,2.813537291341132,3.104583710368108,3.28938276730565,3.2061955129165582
2023-01-11,2.72516470094921,2.738673132019446,2.9942957989920527,3.1840080239414528,3.1292115003782923
2023-01-12,2.6625075996593544,2.670415853996935,2.92010804099695,3.127397209873525,3.0986066240306624
2023-01-13,2.6426707810012005,2.637375567893542,2.888347486274376,3.1082372884198484,3.091069218773217
2023-01-16,2.6737375784031547,2.68081555178636,2.9444123567841536,3.1709957282153045,3.1484937887595374
2023-01-17,2.633037041486234,2.645317904207544,2.909248739079699,3.1332720507176983,3.111392322811706
2023-01-18,2.500373394000615,2.4813889412683,2.696348839136824,2.918660511961254,2.938012664166934
2023-01-19,2.571127861645164,2.543363560851086,2.763012004927124,2.9741065466990637,2.9707754325613203
2023-01-20,2.644632329832642,2.6346973425820868,2.88362603922468,3.1093909942215725,3.099439694245788
2023-01-23,2.6675294834466525,2.6809554232306594,2.947852038484739,3.1750546545717317,3.1477712295575717
2023-01-24,2.6795660356760633,2.6897854021015206,2.9489307782804457,3.1641564264421835,3.128143013774773
2023-01-25,2.6054913936550306,2.6177389307151366,2.8658121618181163,3.0802051681539058,3.059493523908696
2023-01-26,2.6515806660145484,2.679640452489908,2.9377733174084875,3.1591758518206987,3.134933911409715
2023-01-27,2.693473254383973,2.7395983941514324,3.007381609366969,3.2258581663351777,3.188864044536619
2023-01-30,2.764231302465106,2.7972600032555084,3.0483876020057656,3.248446599033903,3.20112850833624
2023-01-31,2.7472432911247244,2.77812257350604,3.0527838134872916,3.25714367780622,3.1949234068375434
2023-02-01,2.7574058255113414,2.7864236770418467,3.036134185907677,3.242075407688521,3.200477307192235
2023-02-02,2.593871502891823,2.6216814468996907,2.8899117917243418,3.108819398439687,3.0724987434220505
2023-02-03,2.619841012064455,2.645452267062691,2.905182042881543,3.166627940935256,3.1834216934895325
2023-02-06,2.6872407080870753,2.740474785521802,3.0164786050158363,3.251221334889636,3.2239620483017006
2023-02-07,2.7174131496618656,2.7759996913675904,3.0460883605936107,3.264460636042968,3.224533859575803
2023-02-08,2.7972777790550554,2.8275807673629747,3.099719467667606,3.308143904607444,3.2451359536595237
2023-02-09,2.763140851037692,2.773973244925088,3.027632824224245,3.2359902400021103,3.187847070953006
2023-02-10,2.8420105924400056,2.850896309132719,3.089971493950271,3.2925835591207533,3.249262682663765
2023-02-13,2.8706182401236005,2.8722357300464214,3.0981973723790537,3.2823763892078803,3.231841775285405
2023-02-14,2.926360302712637,2.906497286151818,3.126587949371371,3.309830851904197,3.2549511661105943
2023-02-15,2.96659473113466,2.9710448061564465,3.205608476147759,3.384361320251969,3.3128914529708493
2023-02-16,3.000606959614591,3.037645594467257,3.274907138914459,3.4629187160758947,3.403754907283809
2023-02-17,2.9735668326576183,2.9976523919604467,3.2249506170860776,3.4067454736159237,3.350399412516516
2023-02-20,2.980858104975585,2.98794805823251,3.200723769079726,3.3772662863832306,3.3280158584710446
2023-02-21,3.0746220311514887,3.105285191823254,3.3352631293185766,3.5164779231280874,3.451946250949388
2023-02-22,3.0664104292278154,3.0849971532931924,3.3252673781791744,3.5128954394371537,3.4434723729977623
2023-02-23,3.042232869341031,3.054868802920472,3.2892305867907994,3.4759027600503667,3.413685457850513
2023-02-24,3.1522056541664503,3.1415220786902407,3.3499506247800945,3.510241609818514,3.431721814616144
2023-02-27,3.1704515243915767,3.154701484707997,3.3630614702455586,3.5310503289211335,3.460180206704587
2023-02-28,3.282326827268645,3.2766464608753596,3.4987585979252125,3.6788233362463383,3.59738750560279
2023-03-01,3.294548763161421,3.273176702897786,3.47036321430904,3.631188877803979,3.553639275423716
2023-03-02,3.308832482076669,3.3108632042347126,3.5153810387736075,3.673994272026356,3.5913069211460775
2023-03-03,3.3120394821643453,3.295397320306511,3.4889383479079203,3.6393027985544086,3.5550260384263392
2023-03-06,3.387530177829997,3.3248771457688138,3.5009667569050165,3.6388236662462674,3.5398112152885255
2023-03-07,3.3615102198375784,3.278256270286208,3.461807372838219,3.6145996960802336,3.525212839265195
2023-03-08,3.388946700812276,3.2685394156157574,3.3985397618018163,3.53622975424783,3.4730266395132268
2023-03-09,3.365395425289492,3.2573476859553825,3.4051726437637653,3.5579291066639818,3.4995720582659517
2023-03-10,3.163788688298757,3.0771625347710017,3.2398944527828686,3.415856639255135,3.39218762813598
2023-03-13,2.7808804465598844,2.827425596687288,3.046834872186016,3.269749338735944,3.2840279504058008
2023-03-14,3.046832731568868,3.051806090481989,3.253206903390978,3.42658247173106,3.3789923262874715
2023-03-15,2.695425899376174,2.7892821363316256,3.015350462792881,3.23561396671168,3.2510119154039065
2023-03-16,2.6899015249525364,2.7836517145313415,3.022127131377512,3.2628526237894655,3.2900492603483467
2023-03-17,2.656198609422149,2.7430471753774013,2.965049232713707,3.188755235356455,3.212423325977071
2023-03-20,2.597842748148585,2.681540707325415,2.8973424246148074,3.1743243972175303,3.2810826776414133
2023-03-21,2.7338259426160603,2.8323714483264544,3.044450406232516,3.276465905753297,3.3254672259542346
2023-03-22,2.87511378425149,2.96507926720679,3.17386791165889,3.363486355025194,3.355433350241056
2023-03-23,2.7660927221596245,2.837357304396208,3.027674516054773,3.2731578745287995,3.3661356913535543
2023-03-24,2.6683966290093117,2.7258492424605607,2.90544852430529,3.1765350522085876,3.3253485144331223
2023-03-27,2.717414282931857,2.7760932269222014,3.0864525710067348,3.3755466808566137,3.233920369236345
2023-03-28,2.72984049647008,2.7923265520708194,3.1088186346158437,3.4077915715726084,3.2710095119344977
2023-03-29,2.767171531198595,2.8384503062482436,3.136466439318097,3.419406321975541,3.2865771528155294
2023-03-30,2.849472251152748,2.9362207225482724,3.199653809493638,3.4489856648696513,3.33145372067494
2023-03-31,2.834767581120062,2.8800052903509465,3.146232886822822,3.3973058407462444,3.258951505971077
2023-04-03,2.8208681910947067,2.8546069154057694,3.1161126234379832,3.373718130254969,3.2424661842993476
2023-04-04,2.8356019106450647,2.878179155342655,3.1491317707441677,3.4101461778107893,3.2748168354718334
2023-04-05,2.726991298122364,2.733774495523434,3.0545807851917868,3.343445405242943,3.1765782352407026
2023-04-06,2.698365104284921,2.694501294021979,2.9945464935597172,3.2707929230000587,3.1129588836929702
2023-04-11,2.8479634606900355,2.8313596705859565,3.1301029501469557,3.414403712003568,3.2593408137060926
2023-04-12,2.887203436064552,2.92239842875719,3.1731081751405323,3.4560138318220357,3.35941990924681
2023-04-13,2.9016691943019137,2.91241290098408,3.1486392023670824,3.4397595819777163,3.356229902054734
2023-04-14,2.9420715888355944,2.9883662578228822,3.21323608071682,3.471504743361999,3.387948535368017
2023-04-17,3.0045927983466503,3.0255207804219664,3.2820671230092913,3.567748845560862,3.449940464169985
2023-04-18,3.007798740185745,3.008250667161835,3.2505513679364757,3.531309678673029,3.418103364066347
2023-04-19,3.050301603123844,3.0741659296416186,3.308785424754669,3.5519839081977107,3.4241384548973386
2023-04-20,3.0304657297144875,3.0427563722817856,3.2796988959836035,3.5412597858431933,3.4232749142293386
2023-04-21,3.031955727499758,3.0488016075422433,3.293889808164531,3.5647469604775743,3.448645161896499
2023-04-24,3.0552551027507544,3.0829362182124074,3.312926041237194,3.5456124666970315,3.416258732775579
2023-04-25,2.982586508408117,2.982364980895194,3.230084289184365,3.514138614956022,3.401168748026321
2023-04-26,2.912166774191203,2.909455330329842,3.1783680045255327,3.50648364924888,3.4123091700889203
2023-04-27,2.9614598031925343,2.9770383234893405,3.234775116478417,3.547728347066002,3.4565066310957464
2023-04-28,2.907590299687314,2.897035480288003,3.15106426115066,3.473381313138164,3.3830115310344757
2023-05-02,2.917530075487511,2.907390605696368,3.1647783081033047,3.4787194253767293,3.372097504672424
2023-05-03,2.8472216138601,2.8142507414712057,3.1017806212071406,3.4185677636003025,3.2807764121516625
2023-05-04,2.812011714993904,2.7633435455215336,3.0956705952559584,3.479107735225072,3.3497856581197736
2023-05-05,2.7982721396249373,2.7734753638568517,3.1412690286173213,3.5187486855052965,3.357045862494479
2023-05-08,2.848994781968127,2.8341252298206774,3.176875553009197,3.5371627030945163,3.382049408175245
2023-05-09,2.849606885276686,2.840182121237465,3.193714157139704,3.565132302434404,3.4111687962654145
2023-05-10,2.81267223323386,2.7892749965788735,3.139314601076377,3.51952795414827,3.3753737940031616
2023-05-11,2.7793110714888813,2.7284559958073027,3.0704862837844615,3.4421950926137095,3.293913257394512
2023-05-12,2.8150335320728974,2.7587849518146657,3.098326501292309,3.4767372159639507,3.3285018772518473
2023-05-15,2.8457410183565113,2.8219396309785028,3.1711777093412596,3.538070171929487,3.3816068448451366
2023-05-16,2.8537268171780372,2.823664647197405,3.1690630396692736,3.5587911605251596,3.4202332725155413
2023-05-17,2.873612867315303,2.8433023114090332,3.166403980438208,3.5322241211399765,3.395314306129785
2023-05-18,2.9608404090889944,2.9569613777630117,3.2945958753790396,3.6588107624129167,3.507713995769616
2023-05-19,2.9906883596,2.9904760653,3.3186855121,3.6750574346,3.5245684559
2023-05-22,2.9740255269,2.967022439,3.293506997,3.6453623388,3.4926066687
2023-05-23,2.9995912624,3.0086547996,3.3105749547,3.6659600192,3.5481556278
2023-05-24,2.9814016515,2.9681216522,3.2750747359,3.6189179934,3.4776390521
2023-05-25,3.0351733873,3.0272943847,3.318661371,3.6401782158,3.4949464071
2023-05-26,3.067418572,3.0710159464,3.3659882827,3.6942594481,3.5534008842
2023-05-29,3.0393781977,2.9947173397,3.2693784629,3.592075421,3.4503700621
2023-05-30,2.9807728134,2.912719194,3.1973116968,3.5407267528,3.4008015727
2023-05-31,2.8958540236,2.8098489528,3.1083325159,3.4829110316,3.359166777
2023-06-01,2.8922109766,2.7885087895,3.0875537347,3.4535194053,3.3181073055
2023-06-02,2.9322765209,2.843656844,3.1007025807,3.458099654,3.3605277133
2023-06-05,3.0143925239,2.9221047418,3.1749605042,3.5161543581,3.4056393141
2023-06-06,3.0003976993,2.9002109265,3.1665026152,3.5291295021,3.417565592
2023-06-07,3.0287415379,2.9280764289,3.1828241994,3.5247834918,3.4047945759
2023-06-08,3.0460675019,2.9621758621,3.2295152168,3.5698533765,3.4420164706
2023-06-09,3.0414583247,2.951068597,3.1906028929,3.521419998,3.4110814244
2023-06-12,3.0266467966,2.883010707,3.1658792344,3.4579707226,3.4240290756
2023-06-13,3.0677903627,2.9096570332,3.1804627562,3.4680898649,3.4367790299
2023-06-14,3.124254439,2.9774871182,3.2489583546,3.5163042622,3.459800743
2023-06-15,3.1967969146,2.9956504681,3.2256944826,3.4660251057,3.4059736932
2023-06-16,3.2294989469,3.0056558682,3.21299918,3.4308494506,3.3603829057
2023-06-19,3.2521635561,3.0513704637,3.2650997442,3.4813066723,3.4061177679
2023-06-20,3.2477773685,3.0060259996,3.1861274671,3.385962813,3.3171457216
2023-06-21,3.2679355175,3.0285754733,3.2175291039,3.404927136,3.3144619077
2023-06-22,3.3295171539,3.0773190531,3.2511876816,3.4147498654,3.3042223094
2023-06-23,3.2302339362,2.9428369825,3.1145364748,3.315941216,3.2496249663
2023-06-26,3.2307173146,2.9330951959,3.1040259481,3.3104229035,3.249945074
2023-06-27,3.2449334124,2.9333691402,3.0897797401,3.2812595426,3.2138716786
2023-06-28,3.2618275526,2.966255379,3.1145971788,3.3012645451,3.236210057
2023-06-29,3.3328535801,3.0423082637,3.1875479161,3.3632246361,3.2848828283
2023-06-30,3.364024007,3.0728069835,3.2201384118,3.3912378082,3.3043339054
2023-07-03,3.3837400672,3.0741682607,3.1934824543,3.3375782068,3.2419050886
2023-07-04,3.3909444971,3.0959019818,3.2349960833,3.3979371185,3.3069606145
2023-07-05,3.3475761546,3.0752042498,3.2261889128,3.4037594645,3.3322207579
2023-07-06,3.4676620031,3.2227185846,3.3837034804,3.5454095809,3.4409283651
2023-07-07,3.4287467565,3.2220816845,3.4112375836,3.5815187514,3.4718397687
2023-07-10,3.4251489827,3.226610999,3.4285903219,3.6063857709,3.4964690981
2023-07-11,3.4610749913,3.2497271009,3.4403646182,3.6149329595,3.5057346094
2023-07-12,3.4142429369,3.1939748014,3.3808762299,3.5760091161,3.4955315078
2023-07-13,3.2916829101,3.0562956793,3.241298112,3.4393273698,3.3754366916
2023-07-14,3.319303922,3.0710515067,3.2509663997,3.4480699927,3.3834066719
2023-07-17,3.3431736522,3.0772765442,3.2538576864,3.4566750137,3.3960769061
2023-07-18,3.2193516168,2.9512250207,3.1279993836,3.3410735333,3.3028149112
2023-07-19,3.2256250763,2.9683718989,3.1510457219,3.3657279169,3.3234107632
2023-07-20,3.3033241715,3.0475384145,3.2169576025,3.4079603989,3.3462728053
2023-07-21,3.2906658396,3.0236967389,3.1955057007,3.3996740768,3.348876886
2023-07-24,3.2295502592,2.9825803556,3.1650025271,3.372808267,3.3261037601
2023-07-25,3.2540933494,3.007228976,3.1889209662,3.402084548,3.3610364293
2023-07-26,3.3031549102,3.0482288375,3.222147423,3.4289213715,3.3813817753
2023-07-27,3.2396169583,2.9955653956,3.169583478,3.3904250926,3.3668875399
2023-07-28,3.2377375123,3.0228660821,3.2323010581,3.4708294274,3.4366391646
2023-07-31,3.2402544252,3.038040177,3.2357469862,3.444881038,3.3916314274
2023-08-01,3.2574363123,3.0597967035,3.2795993039,3.5254864981,3.4899876604
2023-08-02,3.2007765646,3.0250592642,3.2689782721,3.5349163886,3.5069888586
2023-08-03,3.2198009951,3.08197124,3.3549055004,3.6144551299,3.5565811452
2023-08-04,3.228724274,3.0759104512,3.3312181314,3.5724669147,3.5082486553
2023-08-07,3.214005029,3.081730753,3.3499214603,3.5953517415,3.5301441023
2023-08-08,3.1403930438,2.9757724125,3.21677887,3.4660964061,3.4283120914
2023-08-09,3.178251929,3.0118948956,3.2645528433,3.5137973208,3.4588860554
2023-08-10,3.1983921059,3.0135941086,3.2601409887,3.5187267175,3.4714656853
2023-08-11,3.2460386499,3.1004281029,3.3729921574,3.614174072,3.5282253314
2023-08-14,3.2811846934,3.1387028028,3.4038747092,3.6365962264,3.5472543546
2023-08-15,3.3312538898,3.1914678804,3.4609282398,3.6785161041,3.5690730363
2023-08-16,3.3032500706,3.1581683043,3.4304540544,3.6731631853,3.5863810797
2023-08-17,3.315760685,3.1888865942,3.469266536,3.7117029283,3.6240678587
2023-08-18,3.2544335024,3.1326087293,3.4039129072,3.6514523815,3.5861389007
2023-08-21,3.3017698926,3.1794053228,3.4650013137,3.7203165683,3.6431407525
2023-08-22,3.3033778012,3.1650797173,3.4396649254,3.6877740026,3.6083101206
2023-08-23,3.1866516757,3.0370092633,3.2947773141,3.5220364361,3.4431335858
2023-08-24,3.1886859263,3.0409027187,3.2975929611,3.5185025189,3.4327194871
2023-08-25,3.226909731,3.0796421488,3.3289546895,3.5426047993,3.4547353333
2023-08-28,3.2590182666,3.086458786,3.3365833395,3.5576253096,3.4693790379
2023-08-29,3.2742591376,3.0941177396,3.3336124438,3.5564499296,3.4772622821
2023-08-30,3.2620699,3.0655733318,3.3023800554,3.5338566019,3.4656636408
2023-08-31,3.1858738782,3.0093191949,3.2494975902,3.4853396487,3.4277151466
2023-09-01,3.1880941229,3.0421796815,3.300196696,3.5441104792,3.4853915673
2023-09-04,3.2286101193,3.078414281,3.3460713683,3.6036618001,3.5474373239
2023-09-05,3.240019232,3.0976053004,3.3741035605,3.6398119166,3.5855808264
2023-09-06,3.2768920888,3.1266902103,3.3912396509,3.6454548189,3.5858868186
2023-09-07,3.2882143572,3.1384103854,3.4014821098,3.6431345959,3.5702381095
2023-09-08,3.2721488803,3.1153712845,3.3761044033,3.6151839189,3.5416267619
2023-09-11,3.2975370544,3.1468959388,3.4122736007,3.6701898858,3.6113542986
2023-09-12,3.3155887671,3.1606640384,3.419969162,3.6686455671,3.6060080711
2023-09-13,3.3585133715,3.1905779005,3.4354108315,3.670566229,3.6016088295
2023-09-14,3.3422001458,3.1519279158,3.4000829459,3.6381451117,3.5687114221
2023-09-15,3.3882660045,3.208969028,3.4705258394,3.7190072574,3.6470663814
2023-09-18,3.4242450985,3.2547334945,3.5108968508,3.7534961607,3.6809762537
2023-09-19,3.4427590383,3.2725539611,3.5270238616,3.7621685123,3.6807134918
2023-09-20,3.4163607317,3.2460241338,3.4999442241,3.7411535495,3.6677523369
2023-09-21,3.4395077874,3.2785658488,3.5492559204,3.7947625144,3.710516364
2023-09-22,3.4241251583,3.2721684768,3.5544888898,3.8095365344,3.7259024121
2023-09-25,3.4298272904,3.3004043128,3.6051292566,3.878751487,3.7980288855
2023-09-26,3.4327591318,3.3090118023,3.6197948734,3.8993914825,3.8175274415
2023-09-27,3.4313961189,3.311635477,3.6240801355,3.8978025637,3.808825362
2023-09-28,3.5492402912,3.4748748889,3.8164204652,4.0811357107,3.9520688601
2023-09-29,3.4360095696,3.3334150416,3.6656801678,3.943669164,3.8426821097
2023-10-02,3.4497808252,3.3747739781,3.7285874306,4.0010051576,3.8799233168
2023-10-03,3.4376368815,3.3899258606,3.7698155753,4.0745455784,3.9706830588
2023-10-04,3.4766182021,3.4459934252,3.8109297515,4.0994102581,3.9891017207
2023-10-05,3.4227296552,3.4032700546,3.7680150279,4.0715134362,3.9861248091
2023-10-06,3.4316487393,3.4271721302,3.7963002163,4.1115636203,4.0365960298
2023-10-09,3.3797274791,3.3626787521,3.7283869995,4.0550588938,3.9968827809
2023-10-10,3.3837181563,3.3428026472,3.7010084271,4.033937219,3.9803286975
2023-10-11,3.3755489183,3.2791540369,3.5847060578,3.8848480555,3.8376702276
2023-10-12,3.4114201549,3.3011168341,3.607941497,3.9134811216,3.8628860964
2023-10-13,3.4119726446,3.3154504802,3.6359704339,3.9533237591,3.9032686658
2023-10-16,3.4266898157,3.3540394417,3.6817259268,4.0015146329,3.9537103843
2023-10-17,3.4784363946,3.4009580756,3.7530523145,4.0985077445,4.04631018
2023-10-18,3.4935931499,3.4147849651,3.7713208238,4.1209688776,4.0673215902
2023-10-19,3.5027149896,3.4514168288,3.7905884303,4.080826591,3.9893854462
2023-10-20,3.4256848347,3.4107306599,3.7628393637,4.0573235644,3.9738151577
2023-10-23,3.4335313262,3.422269535,3.7816944483,4.0841787286,4.0027943618
2023-10-24,3.3989288471,3.366442299,3.7111312994,4.0261328583,3.9708070488
2023-10-25,3.4186310212,3.3967357162,3.7532813994,4.0845666807,4.0354764704
2023-10-26,3.372794339,3.35993634,3.7165472703,4.0644604491,4.040563832
2023-10-27,3.3440792755,3.3293817355,3.6959077048,4.0520802442,4.0275034481
2023-10-30,3.3050492458,3.2999376328,3.6722388917,4.0321834717,4.0095460547
2023-10-31,3.2778774828,3.2576211956,3.6191769486,3.9815633754,3.9711102884
2023-11-01,3.2581320457,3.2396930987,3.6013265849,3.9766713842,3.9818562337
2023-11-02,3.2238531357,3.180000638,3.5194987884,3.8815218216,3.8903886237
2023-11-03,3.2133879514,3.1420761974,3.4667137403,3.8259523233,3.8414070566
2023-11-06,3.2663518074,3.2120826216,3.5536201763,3.927469909,3.9439515934
2023-11-07,3.2676538973,3.1834133915,3.5054881948,3.8654992736,3.8789942614
2023-11-08,3.2421301924,3.1542636766,3.4469382132,3.7770661939,3.7889284396
2023-11-09,3.2577593279,3.1721909799,3.4599302373,3.7861577915,3.7986678776
2023-11-10,3.2950514686,3.2224476189,3.5222146566,3.8598366498,3.8737894295
2023-11-13,3.3195148531,3.2460001275,3.5460896005,3.8871839795,3.9018832256
2023-11-14,3.2438340857,3.1326093356,3.434797558,3.8045397343,3.8348395411
2023-11-15,3.2387452385,3.1193753827,3.4236920654,3.7985953642,3.8313231776
2023-11-16,3.1795494397,3.0418832863,3.3506628414,3.7308416812,3.7705765019
2023-11-17,3.1774801014,3.0538402939,3.3679917548,3.7455224274,3.785992463
2023-11-20,3.2091514396,3.0809756695,3.3633828912,3.7107347599,3.7432608127
2023-11-21,3.189552768,3.0437630887,3.3259433989,3.6752705366,3.7111272605
2023-11-22,3.1752106829,3.0227364964,3.2894254374,3.622077718,3.6548336864
2023-11-23,3.2409124795,3.1178463808,3.3813953053,3.7055655029,3.7325900804
2023-11-24,3.2557321053,3.1362459108,3.3927923493,3.7107661778,3.7348742438
2023-11-27,3.1962601997,3.0568723762,3.3317157989,3.6688805315,3.702178309
2023-11-28,3.1488466514,3.0018682318,3.3013953517,3.6638093088,3.7054989253
2023-11-29,3.0337581791,2.8676806671,3.1895634277,3.5725023806,3.6246407069
2023-11-30,3.0587093419,2.9208151436,3.2601882344,3.6585288654,3.7091288776
2023-12-01,2.9510800885,2.8121258651,3.1800651796,3.6040382538,3.6634428048
2023-12-04,2.9067558582,2.7439876903,3.1059431576,3.5275257371,3.5884946201
2023-12-05,2.8859423373,2.7079920486,3.0437448773,3.4417428852,3.5012573231
2023-12-06,2.8480253123,2.6543829997,2.9855510706,3.3751023927,3.4472821609
2023-12-07,2.8366088632,2.635347759,2.9683679188,3.3534594973,3.4254521118
2023-12-08,2.9229976555,2.7392409872,3.0591756768,3.436740097,3.5032659394
2023-12-11,2.9209135222,2.730392321,3.0439567511,3.4123658187,3.4751257602
2023-12-12,2.9366162433,2.7157814623,3.0070159957,3.3770057157,3.4439747421
2023-12-13,2.8940501567,2.6654012177,2.9547164435,3.3118156808,3.3767002612
2023-12-14,2.775768132,2.5593034412,2.8925216231,3.2739185643,3.3484730752
2023-12-15,2.7601436708,2.5059066533,2.7962262458,3.1485979919,3.2243454616
2023-12-18,2.7583015808,2.5291000948,2.8350187412,3.1831963003,3.2564494306
2023-12-19,2.7056360188,2.4608607946,2.7591540832,3.094032959,3.166770116
2023-12-20,2.6704291584,2.4069802495,2.7127951983,3.0619750908,3.1427054231
2023-12-21,2.6667638174,2.3861466974,2.6640080495,2.9962384177,3.0801267691
2023-12-22,2.5753636526,2.3472738627,2.6854990093,3.0465769022,3.1362676247
2023-12-27,2.5611692395,2.3289825339,2.6612595821,3.0126370612,3.0989063879
2023-12-28,2.5699223967,2.3490999587,2.7022039547,3.0673495574,3.1553167548
2023-12-29,2.5865498097,2.4156295853,2.7881387554,3.1566725436,3.2431356516
2024-01-02,2.6117869805,2.4437311959,2.8165154778,3.1902182617,3.2757813143
2024-01-03,2.6400963978,2.4689179766,2.8362134581,3.2065915566,3.2887007803
2024-01-04,2.7072853156,2.5503138885,2.9164446258,3.2931717316,3.3737853718
2024-01-05,2.7938099917,2.6225204,2.9585101494,3.3155495055,3.3890507945
2024-01-08,2.7717993796,2.590242866,2.9330010905,3.3010033448,3.3790351876
2024-01-09,2.7765648337,2.5846121305,2.9296703076,3.3058033916,3.3879858411
2024-01-10,2.792505736,2.6057054575,2.9403762441,3.2991375894,3.3746730334
2024-01-11,2.7720143448,2.5888507075,2.925773374,3.2843886621,3.3613794815
2024-01-12,2.7040027329,2.5328604043,2.8951236361,3.2682438983,3.3511908759
2024-01-15,2.7453523545,2.5914829393,2.9540249669,3.3206466741,3.4013880146
2024-01-16,2.7135740538,2.5726494641,2.9390768753,3.2988958768,3.3826312402
2024-01-17,2.8364471135,2.6931706009,3.0311871017,3.3722706842,3.446528945
2024-01-18,2.8412209628,2.7024147131,3.041611441,3.3872087045,3.4561451487
2024-01-19,2.8390656383,2.7126669904,3.0452799757,3.3756445294,3.4386090808
2024-01-22,2.8262893536,2.662076549,2.9881140192,3.3233096238,3.3902563346
2024-01-23,2.8532053874,2.6988751185,3.0404050174,3.3930095009,3.4616171378
2024-01-24,2.8347726649,2.688446628,3.0339809572,3.3837895953,3.4512869892
2024-01-25,2.7703666796,2.6475312155,3.0122912564,3.3649074984,3.4341442947
2024-01-26,2.7574743842,2.6407482149,3.0155981976,3.3739293534,3.4431011314
2024-01-29,2.703947583,2.5705819256,2.9524579563,3.3253930654,3.4026244335
2024-01-30,2.7217650043,2.583312392,2.9639591203,3.3371605799,3.4132391119
2024-01-31,2.672384718,2.5243061563,2.9114668154,3.2905627868,3.3709663122
2024-02-01,2.6768574331,2.517772416,2.9003459471,3.2802130789,3.3609365437
2024-02-02,2.7823250037,2.5869582343,2.9327674991,3.3046468132,3.383286766
2024-02-05,2.8371914919,2.6628791702,3.0159173801,3.3946021871,3.4667457807
2024-02-06,2.8332359867,2.6810793877,3.0331322097,3.3975286389,3.4630900453
2024-02-07,2.8359205519,2.6698004029,3.0199433014,3.3906131911,3.4575101754
2024-02-08,2.8846752151,2.7289264987,3.0638032526,3.4199903931,3.479840826
2024-02-09,2.9438019537,2.7871188298,3.0987233482,3.4371068318,3.4896808849
2024-02-12,2.9215590581,2.7636954395,3.0743182771,3.4122887017,3.4693818183
2024-02-13,2.9615921242,2.7989659415,3.0860228634,3.4033567959,3.4550248991
2024-02-14,2.9579122108,2.7797114089,3.0642276544,3.3873172048,3.4423592822
2024-02-15,2.921842926,2.7309040065,3.0072391733,3.320390415,3.3750100748
2024-02-16,3.0035518576,2.8043835496,3.0718638107,3.3907300775,3.4411926516
2024-02-19,2.9882910578,2.797564242,3.0718120763,3.3931157942,3.4435339618
2024-02-20,2.9546452028,2.7653781087,3.0440312144,3.3675612551,3.4202389218
2024-02-21,2.9785088867,2.7914495329,3.0713286853,3.399402638,3.4532668659
2024-02-22,3.0255838872,2.8252999202,3.0708823102,3.3733500453,3.4240300895
2024-02-23,3.0121497758,2.7903900282,3.0246819885,3.3244467352,3.3782750072
2024-02-26,3.0479072587,2.8227306377,3.0570013415,3.366094733,3.4226233183
2024-02-27,3.0576169072,2.8417738642,3.0862619742,3.4080949947,3.4669304522
2024-02-28,3.0601430394,2.860957436,3.1053440297,3.4220647463,3.4807069424
2024-02-29,3.0651688599,2.8395850475,3.0620124941,3.3673899936,3.4264137653
2024-03-01,3.0798914992,2.8831294146,3.1151899736,3.4169471889,3.4737634551
2024-03-04,3.0551434224,2.8156639446,3.031836716,3.3285015309,3.3857412637
2024-03-05,3.0058491656,2.755420406,2.9660896744,3.2547658923,3.3091762196
2024-03-06,3.0015552355,2.7358887792,2.947579262,3.2521627914,3.3145229309
2024-03-07,2.9688019798,2.7013771255,2.9159002205,3.2127280377,3.2737340385
2024-03-08,2.8908320199,2.637801038,2.8830491352,3.1944741189,3.2595476913
2024-03-11,2.9316147307,2.6894083006,2.9368467724,3.251466596,3.316707829
2024-03-12,2.9507897347,2.705755323,2.941273491,3.2411579686,3.3028208933
2024-03-13,2.9583202684,2.7159321058,2.9489258069,3.2431534881,3.3040255624
2024-03-14,2.9772574331,2.7693108886,3.0137738833,3.3047560256,3.3590741541
2024-03-15,3.0319142649,2.8159771181,3.0398715775,3.3204638285,3.3659176092
2024-03-18,3.037456009,2.8145009919,3.039899774,3.3307528997,3.3795115099
2024-03-19,3.0140589871,2.7905914272,3.0278103254,3.3320113668,3.3853384677
2024-03-20,3.0215604803,2.7978472202,3.0286414146,3.3260669428,3.3770451528
2024-03-21,2.9854622733,2.7658408881,3.012534258,3.3213005819,3.3765112619
2024-03-22,2.9414077715,2.7137788677,2.9583689377,3.2648099264,3.3219808195
2024-03-25,2.9771417755,2.7566682096,2.9920512674,3.294437815,3.3494015146
2024-03-26,2.9702672108,2.7428148248,2.9757390335,3.2799076458,3.3371342268
2024-03-27,2.9343745997,2.6904580028,2.9250104103,3.2362464329,3.296872495
2024-03-28,2.9489160904,2.7194966275,2.948681538,3.245694812,3.3029323584
2024-04-02,2.9696848459,2.8011831265,3.0716315996,3.3899105613,3.4470348264
2024-04-03,3.0006545534,2.8204443034,3.0841129466,3.4007912073,3.4561144008
2024-04-04,2.9495509525,2.7378952463,2.9889723269,3.300733239,3.35935841
2024-04-05,2.9848019156,2.7623313131,3.0138474737,3.3454911954,3.4061017325
2024-04-08,3.0101681365,2.8090303361,3.0512825377,3.3607600057,3.4156467796
2024-04-09,2.9928812992,2.7690590887,2.9943573617,3.291009726,3.3457925357
2024-04-10,3.0246865389,2.81332821,3.0323320866,3.3158416033,3.365244881
2024-04-11,3.0558242443,2.8447634516,3.0634804115,3.3610654358,3.4150391328
2024-04-12,2.9617241468,2.7342919284,2.9597278803,3.2574085594,3.3154070625
2024-04-15,3.003244159,2.8204767579,3.0593365139,3.3536678842,3.4070573495
2024-04-16,3.0437378436,2.885891823,3.1315175593,3.4288631115,3.4763356619
2024-04-17,3.0447989549,2.8709290086,3.1002524999,3.3880544912,3.4333316777
2024-04-18,3.0555183864,2.8833557062,3.1175036156,3.4084695148,3.4559652651
2024-04-19,3.0975302168,2.9241909149,3.1333435429,3.4058283669,3.448420241
2024-04-22,3.0647652403,2.8897822646,3.1086714207,3.3926313541,3.4362379529
2024-04-23,3.0418422877,2.8656782472,3.0889092517,3.3743492356,3.4201641805
2024-04-24,3.1032626348,2.9524593615,3.1819567159,3.4743827539,3.5194065448
2024-04-25,3.1532975183,3.0170611578,3.2486318618,3.5407005103,3.5833590614
2024-04-26,3.1076103943,2.9451002373,3.1622188332,3.4432808982,3.4853548106
2024-04-29,3.0774520676,2.9023208562,3.121777856,3.4104803702,3.4560123258
2024-04-30,3.1361169334,2.9637110143,3.1652509619,3.4386054315,3.4774688412
2024-05-02,3.1149635631,2.9419942273,3.1409020761,3.413068291,3.4521586958
2024-05-03,3.0389489334,2.8594569835,3.0761342696,3.3618228381,3.4070585583
2024-05-06,3.0340977384,2.8469316968,3.0637865797,3.3509428203,3.3961285343
2024-05-07,3.0377574278,2.8340504705,3.0367861764,3.3189943593,3.3644446677
2024-05-08,3.0563908685,2.8603326407,3.0633273025,3.3454369333,3.3902088895
2024-05-09,3.0715002668,2.888903612,3.101526441,3.3961476273,3.4432413366
2024-05-10,3.0833366238,2.9006789061,3.105705856,3.3903594459,3.4335697119
2024-05-13,3.0892483788,2.8883401353,3.0960421407,3.4013023149,3.4514609396
2024-05-14,3.0918805287,2.9167416389,3.1280777269,3.4215398265,3.4640163468
2024-05-15,3.0466560809,2.8258870866,3.0351258015,3.3512220286,3.4054223235
2024-05-16,3.0389041933,2.8388902712,3.0439482096,3.3373116418,3.3830599832
2024-05-17,3.0850015285,2.9005604,3.1035526063,3.388065375,3.4260136586
2024-05-20,3.0821342552,2.9083405647,3.1168616251,3.4010807226,3.4358687138
2024-05-21,3.0696997894,2.8841383504,3.0915668713,3.3784020839,3.4145084316
2024-05-22,3.1078612442,2.9125785936,3.1155066187,3.4082291301,3.4463452276
2024-05-23,3.1731802821,2.980098422,3.1667473694,3.4503807061,3.4863880675
2024-05-24,3.2022094954,3.0080930623,3.1782713257,3.4560081116,3.4908211261
2024-05-27,3.1335113358,2.9352776361,3.1203635005,3.4033840986,3.4386070036
2024-05-28,3.1375929131,2.9585723866,3.1514966325,3.4345446373,3.4655986296
2024-05-29,3.1837167788,3.0382911609,3.2415335269,3.5281424918,3.5557031585
2024-05-30,3.17842621,3.0446449339,3.2556158394,3.5435718618,3.5674566758
2024-05-31,3.1620918494,3.0205753505,3.2246748269,3.5016928488,3.524290477
2024-06-03,3.1403541887,2.9796411528,3.1767398779,3.4601910593,3.4882446393
2024-06-04,3.1011321399,2.908072288,3.1060033222,3.4106340382,3.4566777207
2024-06-05,3.0859835315,2.8987458818,3.0898226054,3.3808673553,3.4211419487
2024-06-06,3.1281418419,2.9570177588,3.1472413939,3.4265168191,3.4543300952
2024-06-07,3.1876687733,3.0342410255,3.2121612209,3.4808521298,3.504799611
2024-06-10,3.2116276056,3.0848934461,3.2863740988,3.5740332537,3.5965497748
2024-06-11,3.1967512641,3.0798993223,3.309905064,3.6235823039,3.6513664196
2024-06-12,3.1175937475,2.9610400967,3.1778410161,3.4909800653,3.5241979036
2024-06-13,3.1219523548,2.9713070672,3.1906961371,3.5019219827,3.5323311594
2024-06-14,3.0370419196,2.868369248,3.1019501265,3.4334688107,3.4737632939
2024-06-17,3.0819164163,2.9023094635,3.1286483149,3.4625542347,3.5019353485
2024-06-18,3.0651294931,2.8841469435,3.1015538866,3.4317680869,3.4710761758
2024-06-19,3.0845793533,2.9107542848,3.1278035604,3.453911809,3.4917963712
2024-06-20,3.0851281618,2.9259643322,3.1525395132,3.488088616,3.5256545275
2024-06-21,3.0333727924,2.8730123638,3.1211353016,3.472007635,3.5156934214
2024-06-24,3.0423146163,2.8781645136,3.1205609554,3.4747782061,3.5239806443
2024-06-25,3.0409661887,2.8747114004,3.1150991136,3.4718476362,3.522259828
2024-06-26,3.0598207199,2.9084501218,3.1560791337,3.5096817082,3.5527056879
2024-06-27,3.0733047321,2.9318304063,3.1802374087,3.529882539,3.5658768108
2024-06-28,3.0658210849,2.9352537853,3.1980257738,3.5470134612,3.5785416906
2024-07-01,3.1172501467,3.002455265,3.2611656784,3.6009552973,3.6257484553
2024-07-02,3.0912967652,2.9783154838,3.2458075008,3.581645136,3.6033553042
2024-07-03,3.1095087284,2.9856205685,3.2416393042,3.5792308864,3.6005843345
2024-07-04,3.1013323553,2.9711561628,3.2224091095,3.5649576787,3.5902405058
2024-07-05,3.0781465718,2.9358179388,3.1859950724,3.53920525,3.5672262384
2024-07-08,3.0476254597,2.8893849233,3.1330621552,3.4921711349,3.5311696461
2024-07-09,3.0628958259,2.9152973968,3.1633747993,3.5222636371,3.5574446198
2024-07-10,3.0416546724,2.8814394664,3.1228631513,3.4822357676,3.5226418688
2024-07-11,2.9727961957,2.8058792013,3.0689383865,3.449437247,3.4945091852
2024-07-12,2.9877346444,2.8259111714,3.0877276842,3.4698283075,3.5157803964
2024-07-15,2.9640493453,2.8017627342,3.0707328706,3.4601188618,3.5063908212
2024-07-16,2.9383788857,2.7594385779,3.0200944959,3.4060849366,3.457501193
2024-07-17,2.9349611714,2.7682128395,3.0262135764,3.3933614129,3.4392637347
2024-07-18,2.9047947328,2.7327801109,3.0042090222,3.38049606,3.4301003319
2024-07-19,2.932124142,2.7821723761,3.0667261173,3.4484871349,3.4929654427
2024-07-22,2.9474650205,2.7947569469,3.0676348625,3.4334295149,3.4687696699
2024-07-23,2.9309796406,2.7787000393,3.0622066465,3.4341559511,3.4734453602
2024-07-24,2.8994719766,2.7635435013,3.0718645904,3.4610788286,3.5066244423
2024-07-25,2.8932801887,2.7334622515,3.0313469968,3.4212612348,3.4686420129
2024-07-26,2.8791459172,2.7025192131,3.0204544987,3.4696009582,3.5382336321
2024-07-29,2.834450036,2.6864853183,2.9921791528,3.387485122,3.4349740311
2024-07-30,2.8082181908,2.6470989091,2.9576814953,3.3810475017,3.43814081
2024-07-31,2.7792693305,2.605575964,2.9229971697,3.3583707849,3.418616855
2024-08-01,2.7465674595,2.5904306861,2.9108858121,3.3260008923,3.3782000618
2024-08-02,2.6525534231,2.5087121071,2.8603951548,3.2930877626,3.3501600653
2024-08-05,2.5226333685,2.4743564265,2.9341679489,3.2438417183,3.1418200763
2024-08-06,2.5671227781,2.4947557868,2.9356243951,3.2297017488,3.1187158472
2024-08-07,2.6396917538,2.573281146,3.0205696055,3.3258951832,3.2026035898
2024-08-08,2.6321824697,2.5708836607,3.0215297959,3.3270027422,3.2064565411
2024-08-09,2.6082721967,2.528198399,2.9761258388,3.2839434491,3.1646511879
2024-08-12,2.6142116603,2.5282866909,2.975753616,3.2886985268,3.1666734022
2024-08-13,2.5863437706,2.492771789,2.9324811064,3.2467187615,3.1345993084
2024-08-14,2.5726360002,2.4800457061,2.9242545288,3.237008314,3.1269035094
2024-08-15,2.6400860584,2.5506725212,2.9834054274,3.2913934781,3.1666229002
2024-08-16,2.6291174498,2.5471172249,2.9732923691,3.2758101779,3.1584814625
2024-08-19,2.6437427857,2.5598614037,2.9800566539,3.2814839276,3.1614435103
2024-08-20,2.6210461407,2.5336216015,2.9537537122,3.2571637862,3.1416277668
2024-08-21,2.5796853795,2.5009833237,2.9338900874,3.2438635982,3.1367935242
2024-08-22,2.5852988561,2.506696817,2.9414451389,3.243462224,3.1188661872
2024-08-23,2.6109664266,2.5366694499,2.9742803361,3.2810133731,3.1501853054
2024-08-26,2.5877715755,2.5324401061,2.9777758337,3.2870483091,3.1745068024
2024-08-27,2.6128280345,2.576495781,3.0340524948,3.3496421182,3.2392571649
2024-08-28,2.5856815928,2.5454778849,3.0002941322,3.3104350251,3.2014733255
2024-08-29,2.5537769793,2.5386860473,3.0046436508,3.327031909,3.2319986424
2024-08-30,2.586247576,2.5565983734,3.0148731308,3.328230187,3.2170039915
2024-09-02,2.6148694479,2.6021410786,3.0641439859,3.3785825902,3.2692564054
2024-09-03,2.5919772559,2.5568975912,3.0114228325,3.3183793977,3.2065258162
2024-09-04,2.5374417845,2.4991678868,2.9586279658,3.2776301955,3.182577383
2024-09-05,2.4853362028,2.4559585743,2.924067269,3.2475037982,3.1612821275
2024-09-06,2.4787110148,2.4727603508,2.9369450467,3.2497406186,3.1677724035
2024-09-09,2.4431769541,2.4395303081,2.9295405394,3.2555964517,3.168978988
2024-09-10,2.4331301702,2.4272414074,2.91863262,3.2525343496,3.1724400845
2024-09-11,2.3580849739,2.3550145561,2.8521025365,3.1903580535,3.12812771
2024-09-12,2.3855317469,2.3721310648,2.862673385,3.2013351086,3.1368955352
2024-09-13,2.3804562148,2.3902232815,2.8695611784,3.2138176395,3.173560926
2024-09-16,2.3799090283,2.3855604296,2.8679888517,3.2021398808,3.1486235657
2024-09-17,2.3718293,2.3996110015,2.8638819138,3.1727949786,3.116076257
2024-09-18,2.4057827071,2.4579604281,2.9154166682,3.2348992227,3.195192254
2024-09-19,2.3952534049,2.4367249086,2.9333827474,3.2686328841,3.2045411956
2024-09-20,2.3986478746,2.4551428146,2.9553549237,3.2871311411,3.2207296934
2024-09-23,2.3409671186,2.4120579049,2.9266768332,3.2812761474,3.2360354679
2024-09-24,2.281219299,2.3794233874,2.9111436299,3.2749230291,3.2344546015
2024-09-25,2.278839022,2.395087341,2.9180586622,3.2727299897,3.2331660097
2024-09-26,2.2297805006,2.3508809301,2.8905341049,3.2428709872,3.193663292
2024-09-27,2.2156224836,2.346129048,2.8633776592,3.2157641794,3.1860355615
2024-09-30,2.2161247085,2.3555855931,2.8627040562,3.2115433402,3.1889434398
2024-10-01,2.14660908,2.2564520522,2.7615365829,3.1062442171,3.0877928638
2024-10-02,2.1760378828,2.3338353362,2.8423325839,3.1973143992,3.1861139752
2024-10-03,2.1992941516,2.3721996423,2.8801945618,3.2296018686,3.213028957
2024-10-04,2.2605514734,2.4290516077,2.9071828415,3.2412283378,3.2228670056
2024-10-07,2.3266091505,2.4877126402,2.9504289607,3.2792432087,3.2588122603
2024-10-08,2.3486122628,2.5035149723,2.9609492053,3.3040017618,3.2965218361
2024-10-09,2.3532081211,2.4980572731,2.9638366015,3.298622486,3.2761413334
2024-10-10,2.372312373,2.4989950792,2.9642902222,3.3030344384,3.2795228096
2024-10-11,2.3901722836,2.5148030714,3.0000972466,3.3315599314,3.2823872999
2024-10-14,2.3814392623,2.5099805443,2.9805732397,3.3137223803,3.2771474144
2024-10-15,2.3414634982,2.4333798139,2.9088225739,3.2572635941,3.2293901573
2024-10-16,2.2927656291,2.3837836053,2.8640594219,3.2074614972,3.1746394436
2024-10-17,2.2730439082,2.3787860224,2.8847316543,3.2365256326,3.1902984683
2024-10-18,2.2164667109,2.3439830339,2.8490825154,3.2127624286,3.1888246269
2024-10-21,2.2833797768,2.4532741878,2.942907839,3.3010398968,3.2820779949
2024-10-22,2.285808587,2.4649016812,2.961323479,3.3231002705,3.3011380474
2024-10-23,2.2464162869,2.4757085149,2.9876118028,3.3558035582,3.3399792448
2024-10-24,2.20846218,2.4268535885,2.9269444012,3.2949810488,3.2877964605
2024-10-25,2.2556336905,2.4620587853,2.9502264232,3.305423867,3.2830302741
2024-10-28,2.240075893,2.4338065626,2.9381773402,3.2878336562,3.2452292904
2024-10-29,2.2737293043,2.5004265869,2.975887921,3.3265489573,3.3009376822
2024-10-30,2.3531654152,2.5766923815,3.0133438995,3.3455844575,3.3225773598
2024-10-31,2.455378949,2.672691631,3.0780952127,3.3687418825,3.3134320637
2024-11-01,2.3913556861,2.6053882748,3.04627582,3.3613198607,3.3119834933
2024-11-04,2.4192837638,2.6184740388,3.0567738597,3.3411499769,3.264449135
2024-11-05,2.4183260017,2.6180195867,3.0633320009,3.3447678247,3.2591787795
2024-11-06,2.3812327732,2.6191145217,3.1022234918,3.4127294272,3.3300052811
2024-11-07,2.3754952233,2.6243073968,3.1164745635,3.443695065,3.3711838137
2024-11-08,2.3682691773,2.5918902314,3.0618081827,3.3737175806,3.3030749859
2024-11-11,2.3212742615,2.5383533712,3.0184508045,3.3243454185,3.2467284015
2024-11-12,2.2888953638,2.5229773891,3.003983398,3.2961843317,3.2110163433
2024-11-13,2.3093463608,2.5737883887,3.0429434262,3.320970362,3.231117028
2024-11-14,2.2608210451,2.5372403308,3.0060382105,3.3087291502,3.2411552813
2024-11-15,2.2771947401,2.5537120507,3.0027914395,3.2963532645,3.2302886278
2024-11-18,2.3170125973,2.5819320015,3.0215118685,3.3142653895,3.2457995125
2024-11-19,2.2886114858,2.541851063,2.9849930249,3.2747520913,3.2054624915
2024-11-20,2.2938779012,2.5556154515,3.0089678089,3.2978832774,3.2177972541
2024-11-21,2.2448140036,2.5081929514,2.9742453591,3.2737080775,3.1997496449
2024-11-22,2.1653418746,2.457736309,2.9350218642,3.2568087921,3.201720615
2024-11-25,2.1553072953,2.427248374,2.8811280569,3.1942442443,3.1503301867
2024-11-26,2.1888064775,2.4353717514,2.8855249634,3.1932909505,3.1405770706
2024-11-27,2.1860993786,2.4132507418,2.8532590478,3.1485269724,3.0914267883
2024-11-28,2.1350632337,2.3647730539,2.8048750234,3.1130778183,3.0719014807
2024-11-29,2.0961530815,2.3213534203,2.7677911076,3.0774398499,3.0417856218
2024-12-02,2.0441843502,2.2783089991,2.7377179852,3.047126634,3.0100554123
2024-12-03,2.0539669806,2.2695830208,2.7197236919,3.0267630326,2.9866655794
2024-12-04,2.0804067853,2.2916850756,2.7420725668,3.0493360654,3.0057834979
2024-12-05,2.1085150719,2.3071360764,2.7341769152,3.0227158981,2.9721755531
2024-12-06,2.0970885273,2.283719705,2.7056138353,3.0036111765,2.9684944871
2024-12-09,2.0775730442,2.271978105,2.7073453884,3.0189469479,2.9887750198
2024-12-10,2.056323449,2.256076657,2.7100099825,3.0292332956,2.9945354968
2024-12-11,2.0310377271,2.2467664605,2.717576671,3.0495418506,3.016850762
2024-12-12,2.0904936567,2.3229355373,2.7978524643,3.1287822756,3.0828492624
2024-12-13,2.141461046,2.3756297743,2.8536636312,3.1793320183,3.1169766479
2024-12-16,2.1472915344,2.3903603006,2.8759157731,3.206871738,3.1428068242
2024-12-17,2.1525415635,2.3962533279,2.8737500087,3.2011134944,3.1386933926
2024-12-18,2.1457127028,2.4047055796,2.8910203162,3.2203082736,3.1547606278
2024-12-19,2.1766160363,2.4681424445,2.9561845189,3.2806303412,3.2064562207
2024-12-20,2.1346188715,2.4299967076,2.9343072962,3.2711838661,3.2040964089
2024-12-23,2.1654101821,2.4719437384,2.9660859061,3.2963159623,3.2289173266
2024-12-24,2.1620712137,2.4759757014,2.967041134,3.2953959834,3.2339724005
2024-12-27,2.1636265588,2.5050901415,2.9846335277,3.3162453132,3.2641204659
2024-12-30,2.1779528435,2.5222334719,3.00078517,3.3380454117,3.2921391744
2025-01-02,2.1617799475,2.5062223414,2.9893020186,3.3454472838,3.3127279899
2025-01-03,2.260976176,2.5822296123,3.0379149473,3.3940161133,3.370721016
2025-01-06,2.3005659695,2.6184465079,3.0691256718,3.4056032215,3.3649901582
2025-01-07,2.2653703474,2.5993477942,3.0755131881,3.4331220221,3.3971331818
2025-01-08,2.2965238959,2.648456143,3.155688636,3.5037995038,3.432534315
2025-01-09,2.3203781605,2.6718182605,3.1773658924,3.5180082859,3.4358767316
2025-01-10,2.3724782306,2.7130299281,3.2094728418,3.5428056772,3.4538145995
2025-01-13,2.4171260857,2.7500028334,3.2474925843,3.5708121955,3.465807144
2025-01-14,2.4259520919,2.7632154281,3.2692795047,3.6050880324,3.5043129351
2025-01-15,2.352427961,2.6718226366,3.1647869222,3.5158686501,3.4442797301
2025-01-16,2.3626270088,2.6873514385,3.1827404977,3.5413049851,3.4754891318
2025-01-17,2.3127841877,2.6322148368,3.1202365843,3.4716782927,3.4095359346
2025-01-20,2.3143593706,2.6327115771,3.1197871202,3.4729952812,3.4095980344
2025-01-21,2.3134950596,2.6210642225,3.1032408492,3.4621189938,3.406639386
2025-01-22,2.3023594257,2.6152425059,3.0950444361,3.4450504378,3.3848845667
2025-01-23,2.3334359491,2.6572702957,3.1490372723,3.4945977989,3.4179769932
2025-01-24,2.3835420963,2.6889843401,3.1723047694,3.5132641236,3.4322193879
2025-01-27,2.3468216683,2.6451165888,3.1245708902,3.4758376109,3.4092317393
2025-01-28,2.350267952,2.633500465,3.1290559126,3.4822906477,3.403778054
2025-01-29,2.3406010663,2.6327789943,3.1260594069,3.4825460916,3.4111991129
2025-01-30,2.2874692459,2.5837821249,3.0893381773,3.4528106538,3.3847494719
2025-01-31,2.2135941524,2.5389798409,3.0481418497,3.4227204237,3.3708887758
2025-02-03,2.1326247688,2.4592054345,2.9720514053,3.3448831696,3.2962479277
2025-02-04,2.1549779366,2.4895733316,2.9927999545,3.3685371212,3.3284973576
2025-02-05,2.1599055386,2.4650642164,2.9230580875,3.2942975546,3.2811770799
2025-02-06,2.1418307914,2.4641437275,2.9364751294,3.2979883895,3.2682410224
2025-02-07,2.1721858907,2.484551593,2.9583070096,3.3306459623,3.3025962533
2025-02-10,2.1340263329,2.4535945102,2.9293158568,3.3160253628,3.3047132532
2025-02-11,2.171185434,2.5100634883,3.0075337626,3.3944253463,3.3636895049
2025-02-12,2.2238183177,2.5509839182,3.0600937843,3.4395631382,3.3849824753
2025-02-13,2.1811903343,2.495657197,2.9834285209,3.3654432006,3.3326826081
2025-02-14,2.1950310215,2.5085203729,2.9990532146,3.3742010903,3.3298347783
2025-02-17,2.2104503938,2.5449832022,3.0487995319,3.4307596115,3.384707393
2025-02-18,2.1977461287,2.5430225701,3.052739534,3.4319587396,3.3796790875
2025-02-19,2.2536782133,2.6044484025,3.1240920041,3.4968779363,3.4266030692
2025-02-20,2.235504389,2.5923890623,3.1153845209,3.4982675608,3.4377371255
2025-02-21,2.1770296167,2.5420905943,3.0600925978,3.439598081,3.3838714294
2025-02-24,2.168267982,2.5281731011,3.0562053838,3.453439777,3.4061394166
2025-02-25,2.1478462783,2.5113408472,3.0409026224,3.4426953464,3.3984246682
2025-02-26,2.1427423677,2.4941482643,3.0126340644,3.4113012918,3.3729257896
2025-02-27,2.1239808271,2.476218032,3.0004107998,3.4156066487,3.3897989953
2025-02-28,2.1079811613,2.4588541671,2.9826251435,3.3971154185,3.3706058016
2025-03-03,2.1552086575,2.5251053213,3.0795671759,3.5086481944,3.4682282042
2025-03-04,2.0979840323,2.4854650027,3.0593336461,3.5317978227,3.5248873397
2025-03-05,2.2652174527,2.6984524944,3.3099630142,3.7250586037,3.6198545658
2025-03-06,2.3621904118,2.8238532389,3.4379702116,3.8156791774,3.6716494042
2025-03-07,2.3014027839,2.7505278701,3.3718488689,3.7740554331,3.6556336698
2025-03-10,2.2800000692,2.7343254703,3.3727398994,3.7879238485,3.6725282827
2025-03-11,2.2740286449,2.7634482771,3.4064442602,3.8344810844,3.7271685602
2025-03-12,2.2881367309,2.7652266339,3.4079098254,3.8371058972,3.727063552
2025-03-13,2.2654682555,2.7604638822,3.4129205356,3.8509546208,3.7450901071
2025-03-14,2.2748899469,2.7671636654,3.4213100217,3.8784243275,3.7894827838
2025-03-17,2.2558389615,2.720874746,3.3488294435,3.7863197798,3.6988599076
2025-03-18,2.2642700646,2.7396900092,3.4017328736,3.8379668075,3.7256493116
2025-03-19,2.2637310365,2.7019113294,3.3547105672,3.7848572049,3.6684529867
2025-03-20,2.2385692249,2.6794977537,3.3242884511,3.7627089017,3.6653142267
2025-03-21,2.2302342987,2.6698824986,3.3440476443,3.7946058642,3.6830910499
2025-03-24,2.2188193288,2.6690216307,3.3533818058,3.8079527326,3.6962818053
2025-03-25,2.2283730389,2.6784908295,3.3649047093,3.8225465018,3.7102423845
2025-03-26,2.2055690745,2.6707102884,3.3588296286,3.8152714021,3.7061275043
2025-03-27,2.1698331735,2.6454572623,3.3545446099,3.8217661001,3.7104561002
2025-03-28,2.1363691655,2.6049879112,3.3164268146,3.7817403166,3.6707771893
2025-03-31,2.1066991373,2.5799580705,3.2957289281,3.761474619,3.6536921763
2025-04-01,2.1083209054,2.5602882824,3.2633434565,3.7156154549,3.6022004557
2025-04-02,2.1000175294,2.5584220966,3.2689571397,3.7273223892,3.6179331053
2025-04-03,2.0597910086,2.5230949018,3.2551274068,3.740957677,3.6464747176
2025-04-04,1.9656236539,2.4307148091,3.203611148,3.7004089856,3.5946815981
2025-04-07,1.949333715,2.4600037382,3.2530750004,3.7565435777,3.6496368493
2025-04-08,2.0328484681,2.5417399287,3.3114775727,3.7997597832,3.6861343033
2025-04-09,1.9448179098,2.4846382866,3.2846313602,3.7769635237,3.6586860031
2025-04-10,1.9865457719,2.4884490101,3.2425530054,3.7100044265,3.5966143191
2025-04-11,1.9389563321,2.4493253327,3.2011184324,3.6516682649,3.52783005
2025-04-14,1.9390608728,2.4290949453,3.1656323329,3.6202212694,3.5099848298
2025-04-15,1.945254701,2.4448130274,3.1889382485,3.6590696755,3.5588119057
2025-04-16,1.9060564387,2.4104440716,3.1599349792,3.6397404003,3.5496250804
2025-04-17,1.8486736483,2.3839932517,3.1318872874,3.6360043907,3.5819564482
2025-04-22,1.8349573197,2.36003272,3.1179195484,3.6133125208,3.5404260647
2025-04-23,1.8930924292,2.3875928505,3.1494613211,3.6437142537,3.5508833295
2025-04-24,1.8180082781,2.3269564122,3.1000124456,3.6141897875,3.5429307018
2025-04-25,1.8417843491,2.3522621738,3.1067879174,3.6026663826,3.5270089954
2025-04-28,1.8466266911,2.3792081675,3.1413140647,3.6523857783,3.5844034866
2025-04-29,1.8514373334,2.3748482256,3.1367470414,3.6381234653,3.5582098933
2025-04-30,1.814169216,2.3388494676,3.10851883,3.628715235,3.5667394274
2025-05-02,1.8598384444,2.3679159439,3.1291064941,3.6428501928,3.5693681233
2025-05-05,1.8647438975,2.3731216481,3.1569150433,3.6850284772,3.600919001
2025-05-06,1.8654657083,2.4094594203,3.1957146592,3.7312295283,3.657539247
2025-05-07,1.8320342583,2.3592438194,3.1316907837,3.6528875168,3.5770594041
2025-05-08,1.8414910105,2.3781927637,3.1387175321,3.6646826784,3.602219678
2025-05-09,1.8749322627,2.4156558812,3.1896447612,3.7181593797,3.6432689758
2025-05-12,1.9868756448,2.5135065822,3.2421971188,3.7524703945,3.6821172863
2025-05-13,1.9700039285,2.5275951971,3.2361243047,3.7415713037,3.6810125424
2025-05-14,1.9895808542,2.5307029883,3.2529735295,3.7772219853,3.7226945507
2025-05-15,1.9566524661,2.5079562234,3.2120010715,3.7397261325,3.7066089974
2025-05-16,1.9273477447,2.4592751641,3.1515237985,3.6729875076,3.6423977682
2025-05-19,1.9202118028,2.4717795874,3.1820690565,3.7095583217,3.6718387084
2025-05-20,1.9326459245,2.4751296033,3.1864826642,3.7472431822,3.7324422925
2025-05-21,1.9455150392,2.4902445972,3.2242591101,3.78707562,3.7545680494
2025-05-22,1.9284611183,2.4951359759,3.2440266043,3.8094052582,3.7720699214
2025-05-23,1.8476424727,2.4138097363,3.1743811885,3.7460801062,3.7154627535
2025-05-26,1.8677804667,2.425066731,3.1749061313,3.7316862945,3.6935064738
2025-05-27,1.8715106724,2.4107538484,3.1304852678,3.6723530358,3.6375247006
2025-05-28,1.8827873966,2.4203680586,3.14393228,3.6774779839,3.6331937588
2025-05-29,1.8558176816,2.3888443055,3.1025671415,3.6425885496,3.6120836717
2025-05-30,1.8712418998,2.3858869057,3.1062984231,3.6447202375,3.6035419309
2025-06-02,1.8781860493,2.3929625935,3.1285209006,3.6683049669,3.6178229194
2025-06-03,1.8539227453,2.3512035482,3.0877821521,3.6442847417,3.6078010058
2025-06-04,1.8848504976,2.3941942274,3.1195098972,3.668850393,3.6328745219
2025-06-05,1.940217373,2.4437224526,3.1400780975,3.6614773164,3.6106499749
2025-06-06,1.9648599925,2.4422481744,3.154823722,3.6722489577,3.591193064
2025-06-09,1.9603940967,2.4478373959,3.1668533066,3.6901670193,3.6128546004
2025-06-10,1.9408834577,2.3974730812,3.106518043,3.6265637996,3.5483062806
2025-06-11,1.9369782821,2.3990013666,3.1105480202,3.6419853727,3.5778556579
2025-06-12,1.924232144,2.3804329129,3.0938758708,3.6202029401,3.5502063209
2025-06-13,1.9569199585,2.4220254511,3.1255595123,3.6451921134,3.572444245
2025-06-16,1.9530127358,2.4218700801,3.1263118607,3.6469198894,3.5721708104
2025-06-17,1.9725245749,2.4434826665,3.1463730522,3.6637503697,3.5854502714
2025-06-18,1.9709459809,2.4287442544,3.1329338778,3.6487107672,3.564423968
2025-06-19,1.9546778228,2.4338941999,3.154907465,3.6648893743,3.5674121916
2025-06-20,1.9587335107,2.4321598051,3.1596863898,3.6772734472,3.5778391474
2025-06-23,1.9493513912,2.4427729276,3.142564236,3.6544404197,3.5763284721
2025-06-24,1.9431250548,2.4454352344,3.1629240096,3.6953081886,3.6226067332
2025-06-25,1.9424513848,2.4481729441,3.1711414694,3.7069927132,3.6329555619
2025-06-26,1.9079369561,2.4229696281,3.1582723034,3.705118116,3.6332456735
2025-06-27,1.9385276104,2.4492506969,3.1879472554,3.7412089762,3.6705368802
2025-06-30,1.9308483568,2.4394126472,3.173120626,3.7270875014,3.6622118612
2025-07-01,1.9220345231,2.4241763003,3.1494578379,3.6996467675,3.6379254597
2025-07-02,1.9500837567,2.4886879066,3.231802281,3.7740043939,3.6934830026
2025-07-03,1.9387417962,2.4587222117,3.1875002919,3.726206614,3.65188715
2025-07-04,1.8938239575,2.4154747834,3.1494502298,3.7173435377,3.6723551059
2025-07-07,1.9285527342,2.4537987471,3.2011217233,3.7731665659,3.7176085539
2025-07-08,1.9610792071,2.4914651732,3.2404096455,3.8126895127,3.7554602139
2025-07-09,1.9482091184,2.4792461147,3.2275564737,3.8088350903,3.7634148677
2025-07-10,1.9725856356,2.504110697,3.255374807,3.8448932544,3.8023664296
2025-07-11,2.0085409633,2.5265802222,3.2845521936,3.8698547345,3.8116263821
2025-07-14,1.9790967938,2.5215698465,3.2885220454,3.8885907446,3.8436292082
2025-07-15,1.9549822538,2.4819034597,3.2329325424,3.8322845426,3.8003816474
2025-07-16,1.9429040416,2.4796902744,3.238552523,3.8403487678,3.8073861315
2025-07-17,1.9430357303,2.4765497841,3.2389867479,3.8431983874,3.8102582968
2025-07-18,1.9533923624,2.4896929387,3.2502374243,3.857818706,3.8275566144
2025-07-21,1.91394648,2.4169984053,3.1679857663,3.7704641739,3.7456561383
2025-07-22,1.9053940906,2.4047088637,3.1511832005,3.7579871166,3.7420860306
2025-07-23,1.8993585455,2.4031627328,3.1509712562,3.7527872104,3.7304690971
2025-07-24,1.9972752088,2.4975935239,3.237902676,3.8208897727,3.7728228793
2025-07-25,2.0326654695,2.5426743454,3.2731336557,3.8485083679,3.7984817056
2025-07-28,1.9942148565,2.494820939,3.2235715324,3.8083243188,3.7728515032
2025-07-29,2.0116821581,2.508562137,3.2307795668,3.8089203027,3.7683317713
2025-07-30,2.0394463439,2.5330822629,3.2481125964,3.8196530846,3.7740346559
2025-07-31,2.0518344726,2.5263094498,3.2303909373,3.8054585944,3.7680874087
2025-08-01,1.997364328,2.480656276,3.2050207034,3.7953492864,3.7638646285
2025-08-04,1.9874013217,2.4561013259,3.1770015728,3.766251362,3.7371768493
2025-08-05,1.9938997139,2.4472970062,3.1613589878,3.7555797264,3.7332568335
2025-08-06,1.9882678492,2.4606076663,3.1753831251,3.767299904,3.7484635207
2025-08-07,1.9946187289,2.4656479564,3.1694658307,3.7572519308,3.741857901
2025-08-08,2.0297325193,2.5157228761,3.2195793098,3.7949521591,3.768716249
2025-08-11,2.0406078454,2.5176810477,3.218708285,3.7997361984,3.7798214993
2025-08-12,2.0547807327,2.5557176284,3.2750696742,3.8710208087,3.8556551981
2025-08-13,2.0096148415,2.4961529079,3.2106378448,3.809690373,3.8054348332
2025-08-14,2.0135675041,2.5091777119,3.2269011819,3.827083787,3.8222898228
2025-08-15,2.0461954152,2.5617171062,3.3024492986,3.9171306254,3.9060047477
2025-08-18,2.0394147922,2.5498363284,3.2875592944,3.9078489026,3.9036357777
2025-08-19,2.0340821375,2.5403394995,3.2778414176,3.9027312895,3.9034132665
2025-08-20,2.0096570619,2.5131262177,3.2514361117,3.8774811611,3.8808147889
2025-08-21,2.0501527172,2.5584237189,3.2973985458,3.9189947366,3.9124520035
2025-08-22,2.0505536185,2.5515211558,3.283509931,3.896290592,3.8872360186
2025-08-25,2.0607670388,2.5718205209,3.314859076,3.9426954713,3.9405309668
2025-08-26,2.0354587217,2.5385380385,3.3004921784,3.9479581199,3.9525536228
2025-08-27,2.0243611607,2.5332496113,3.3071912629,3.9580574416,3.9598174686
2025-08-28,2.0307244581,2.5149652741,3.2744103958,3.9220810517,3.9246507557
2025-08-29,2.0301510275,2.5261469941,3.2919262511,3.9460841909,3.9537241852
2025-09-01,2.0451553483,2.5483198393,3.3180098378,3.9771488259,3.9866994651
2025-09-02,2.0730994559,2.5946295429,3.3682305656,4.0279384514,4.0372059014
2025-09-03,2.0515027846,2.5529713742,3.3234704402,3.9850314028,3.9958289351
2025-09-04,2.039304161,2.5209468904,3.2796211287,3.9328688991,3.939405766
2025-09-05,2.0031086226,2.4746232623,3.2332491398,3.8977352154,3.9223464767
2025-09-08,1.9991742886,2.4554145657,3.206270745,3.8629793939,3.8836968171
2025-09-09,2.00992205,2.4701930262,3.217829424,3.8774730528,3.9039756874
2025-09-10,2.0257392164,2.4732615679,3.2140601959,3.8735648461,3.8939417643
2025-09-11,2.0603766943,2.5019164521,3.2177425635,3.8604080309,3.8829101074
2025-09-12,2.0826186746,2.5455654029,3.2540059273,3.8730708828,3.887362127
2025-09-15,2.0688817713,2.5266350517,3.2350317724,3.8597757162,3.8818472209
2025-09-16,2.0701632452,2.5263665956,3.2282448577,3.8504791398,3.8738787846
2025-09-17,2.0643115056,2.515528841,3.2148905785,3.8261673708,3.8419702122
2025-09-18,2.076145888,2.5469611868,3.2592196686,3.8825931863,3.9005816786
2025-09-19,2.082408781,2.559013276,3.2730596648,3.8975143226,3.9151519966
2025-09-22,2.0759917702,2.5547626393,3.2836251138,3.9285552548,3.955974999
2025-09-23,2.0841586194,2.5610835098,3.2809492424,3.9158915116,3.9386394367
2025-09-24,2.0886829284,2.5703906454,3.2941350382,3.9267942406,3.9430616042
2025-09-25,2.1151120663,2.6034577431,3.3180078549,3.9320318413,3.9323032038
2025-09-26,2.1032533837,2.5885337615,3.3005384014,3.9166347363,3.9229883148
2025-09-29,2.0904529095,2.5660074356,3.2671190234,3.8730995543,3.880174144
2025-09-30,2.0918442584,2.55822805,3.2519032608,3.8640668243,3.8813977896
2025-10-01,2.0743635784,2.5287265406,3.2372948869,3.8602868491,3.869180454
2025-10-02,2.0917068866,2.5561743711,3.2596170534,3.8759086142,3.8884292298
2025-10-03,2.089681222,2.5436705288,3.241662629,3.8546072955,3.8677921873
2025-10-06,2.0804535161,2.5540173303,3.2684794302,3.889166001,3.8997153834
2025-10-07,2.090783807,2.5669593117,3.2826210726,3.9079951645,3.9203513502
2025-10-08,2.0644434527,2.5238531446,3.2242862003,3.8593854587,3.8954219916
2025-10-09,2.073460085,2.5399196219,3.2383665469,3.865048218,3.8958247395
2025-10-10,2.0559436408,2.5159553051,3.2113672152,3.8357544747,3.8690862168
2025-10-13,2.0199910634,2.4756067775,3.1804028868,3.8079581454,3.840671009
2025-10-14,2.0035189197,2.447696345,3.1437302562,3.7693266438,3.8081349308
2025-10-15,1.9826237128,2.4128938454,3.1003811336,3.7314171825,3.7842116115
2025-10-16,1.9869560807,2.4143617924,3.1006698751,3.7317513109,3.7862630122
2025-10-17,1.9796260059,2.4170243016,3.1134003099,3.7508071933,3.8051889708
2025-10-20,1.9892270402,2.4242064608,3.1183140603,3.7529513825,3.8049260753
2025-10-21,1.9791602304,2.4064184274,3.0905522623,3.7146600443,3.7649887241
2025-10-22,1.9870965367,2.4156791915,3.0968147213,3.7232474929,3.7782107232
2025-10-23,1.9939703886,2.4255436088,3.1130135027,3.7420055233,3.7939894819
2025-10-24,2.0413820889,2.4790500086,3.1634556602,3.7906652313,3.8392916905
2025-10-27,2.0422549962,2.4750191656,3.1600624321,3.7793285489,3.8180812415
2025-10-28,2.0422506911,2.473305992,3.1549907764,3.7711699597,3.8086976249
2025-10-29,2.0357526856,2.4648537048,3.1494575643,3.7697801091,3.8098594645
2025-10-30,2.0578079421,2.4864597734,3.1577466824,3.7655075177,3.7989551186
2025-10-31,2.0437167499,2.4759761174,3.1576905381,3.7812471224,3.826497398
2025-11-03,2.0508636461,2.4827097914,3.1678826598,3.7879418369,3.8265808893
2025-11-04,2.0503491667,2.4805105247,3.1695573381,3.7916271061,3.8282865252
2025-11-05,2.054903846,2.4955520864,3.1774893159,3.7854334652,3.812293937
2025-11-06,2.0569640984,2.4980605274,3.1829226247,3.7916016699,3.8167931645
2025-11-07,2.0597239183,2.5101201559,3.2057830666,3.8236963102,3.8508764616
2025-11-10,2.0566941731,2.501864562,3.1891457978,3.8047133319,3.8369438366
2025-11-11,2.0607299765,2.4928651931,3.1703059873,3.7807857595,3.8098000185
2025-11-12,2.0538560233,2.4819945817,3.1536181466,3.7622573618,3.7978706283
2025-11-13,2.0783311335,2.5130883445,3.1780450848,3.7828755634,3.8190569643
2025-11-14,2.0868411014,2.5347908508,3.2165409959,3.8241088558,3.849626905
2025-11-17,2.0936545389,2.5357971168,3.2094774448,3.8235298922,3.8616153878
2025-11-18,2.0760995235,2.5183702166,3.2021922015,3.8248556219,3.8668619497
2025-11-19,2.0741828177,2.5136219507,3.2010176596,3.8292037716,3.8732741159
2025-11-20,2.0847498667,2.5337968695,3.2341882382,3.8750157256,3.920677315
2025-11-21,2.0655133422,2.517315902,3.2180747757,3.8586740229,3.9055155219
2025-11-24,2.084519814,2.5221923787,3.211639271,3.8501639588,3.9009518151
2025-11-25,2.0755176753,2.4968233048,3.1739898156,3.8101581113,3.8702300909
2025-11-26,2.0732536102,2.5028091421,3.180488487,3.814536831,3.8736911525
2025-11-27,2.0800031471,2.50761231,3.1810207707,3.8153210873,3.8770506137
2025-11-28,2.0820461774,2.5108652602,3.1851708494,3.815375032,3.8729429881
2025-12-01,2.1095474959,2.5520971739,3.2408106792,3.882740304,3.9386718657
2025-12-02,2.1127000295,2.5635636013,3.2498682717,3.8830017767,3.9291291374
2025-12-03,2.097772377,2.5458026075,3.2308977694,3.8737380529,3.9347950672
2025-12-04,2.1268512579,2.5661225634,3.2506070307,3.8960681916,3.9525945703
2025-12-05,2.1282324772,2.5845235324,3.26612708,3.9059411458,3.9727029612
2025-12-08,2.1962025311,2.6605948491,3.3352985957,3.9468901492,3.9763487378
2025-12-09,2.2554924428,2.6458114662,3.2953684851,3.9420945571,3.9851191779
2025-12-10,2.2399540819,2.6785056031,3.3129610594,3.9602676576,4.0141446178
2025-12-11,2.2022587745,2.6381145257,3.3078176979,3.9334398679,3.92567236
2025-12-12,2.2385550574,2.667076055,3.335656027,3.9666861673,3.9699975265
2025-12-15,2.2103017787,2.6368980317,3.3148577753,3.9517602081,3.8957132957
2025-12-16,2.2048418957,2.5881402948,3.2949581455,4.016821265,4.0030267256
2025-12-17,2.2093314233,2.6297562233,3.3336440781,3.9746120129,3.9001287407
2025-12-18,2.1812112546,2.6093854175,3.3436472807,4.0057910878,3.9828398019
2025-12-19,2.2109118152,2.6450985628,3.3887700099,4.0274572627,3.9413792004
2025-12-22,2.2298555424,2.6649829207,3.3823656891,4.0458790126,3.9794630789
2025-12-23,2.198820069,2.6708371677,3.3425852134,3.9676962504,4.0234964237
2025-12-24,2.2005568784,2.6711705056,3.3428161721,3.9679837139,4.0238700227
2025-12-29,2.1609760848,2.6180050459,3.2952432872,3.933728532,4.006068754
2025-12-30,2.1551242775,2.6391280875,3.3227236448,3.9522663078,4.0192131812
2025-12-31,2.1643135018,2.6444766799,3.3226451399,3.9536153339,4.0286560519
2026-01-02,2.1727062715,2.6745198955,3.3599492829,3.9896704841,4.0637518452
2026-01-05,2.172007612,2.6653526659,3.3448813122,3.9778060968,4.0604918754
2026-01-06,2.1393481266,2.6276220414,3.3027076684,3.9376016651,4.0281361879
2026-01-07,2.1332819389,2.6039676417,3.2889472915,3.9211457995,3.9945792392
2026-01-08,2.1449933108,2.6216541467,3.2973846886,3.93132268,4.0150549355
2026-01-09,2.1460615916,2.6182662662,3.292688294,3.9364026359,4.0338953359
2026-01-12,2.139079506,2.5932406404,3.2666301036,3.8943078248,3.970350842
2026-01-13,2.1409668374,2.6041473389,3.2791600269,3.9135021844,3.9996495883
2026-01-14,2.1282728994,2.582334593,3.2666889166,3.9020953353,3.976498257
2026-01-15,2.134760182,2.5787600496,3.2423655133,3.8647805262,3.9427125207
2026-01-16,2.1458375665,2.6051982077,3.260574161,3.8845461061,3.9778969283
2026-01-19,2.1213660008,2.5865566124,3.2576389478,3.8944306167,3.9880109042
2026-01-20,2.1207219583,2.608921906,3.2957181344,3.9464926108,4.0455648963
2026-01-21,2.121498067,2.6161250993,3.3087836071,3.9623367534,4.0590291852
2026-01-22,2.1562785933,2.6186701528,3.3041466258,3.9407939385,4.0111133412
2026-01-23,2.1606890023,2.6319180478,3.2931187339,3.9226775173,4.018421782
2026-01-26,2.1384033973,2.6044729291,3.2550653171,3.8806116004,3.9858282385
2026-01-27,2.1415493446,2.5913414263,3.2671386007,3.8990258231,3.9730123833
2026-01-28,2.1045487573,2.5823478409,3.2486149742,3.8919187967,4.0046831223
2026-01-29,2.0958477695,2.5700409612,3.2409059103,3.893006475,4.0100058414
2026-01-30,2.1055158478,2.5779146429,3.2501436722,3.9006258034,4.0132488724
2026-02-02,2.1196642542,2.58783966,3.2602867444,3.9143858396,4.028764662
2026-02-03,2.1423007919,2.599211574,3.2918717477,3.9466596715,4.0266320747
2026-02-04,2.1282260825,2.5832762773,3.2757793037,3.9346106183,4.0236620065
2026-02-05,2.128736764,2.5871256831,3.2833635762,3.941062573,4.0256191718
2026-02-06,2.1142380029,2.5659345518,3.2601297609,3.9230074787,4.0154424508
2026-02-09,2.1044400875,2.5571075578,3.2638584297,3.9425613377,4.0414483779
2026-02-10,2.0952612723,2.5286414586,3.2187240482,3.8867522883,3.9852282126
2026-02-11,2.1003657938,2.5333005528,3.2230003006,3.8907721987,3.9891478731
2026-02-12,2.096195996,2.5150923405,3.1997132491,3.8609801737,3.9437237073
2026-02-13,2.0661629353,2.484818943,3.1733065655,3.8365622952,3.9295142198
2026-02-16,2.0641972044,2.4909275568,3.1710098866,3.828085878,3.9422376802
2026-02-17,2.0590063253,2.4807804391,3.1582790199,3.8108804429,3.9228060004
2026-02-18,2.0759245605,2.4805627852,3.1514806367,3.8082520202,3.912900919
2026-02-19,2.0845380145,2.491202404,3.1598294231,3.815422181,3.9198891655
2026-02-20,2.0914992098,2.4836279616,3.1403444115,3.7896332704,3.8795630465
2026-02-23,2.0810306699,2.4706459798,3.1322325132,3.7900832684,3.8939316476
2026-02-24,2.0729039231,2.4610067285,3.1215737363,3.7762608607,3.8840567478
2026-02-25,2.0813877409,2.4532496412,3.1158207251,3.781883474,3.8625022265
2026-02-26,2.0777723249,2.4430979012,3.1000545384,3.7607045601,3.8313038282
2026-02-27,2.0685679067,2.4269804703,3.09476223,3.7684803181,3.8265513005
2026-03-02,2.1171509446,2.4758708874,3.1296083045,3.7981404955,3.8479860724
2026-03-03,2.2392267866,2.6214059518,3.235901743,3.8724940441,3.9195215376
2026-03-04,2.1908089777,2.5635716439,3.1958409371,3.8516709158,3.9006927284
2026-03-05,2.262252577,2.6564819427,3.2588722958,3.8783549633,3.9336403117
2026-03-06,2.3509096581,2.7612005343,3.3278329181,3.8873360433,3.9418014722
2026-03-09,2.3786450451,2.7789987773,3.3361914735,3.901201855,3.9420420697
2026-03-10,2.2848918896,2.6696236498,3.2672975893,3.8787361773,3.9066387781
2026-03-11,2.4058425128,2.763253187,3.3643416704,3.9397702654,3.9941974198
2026-03-12,2.4666605184,2.8253542361,3.4195157665,3.9826422497,4.0213691422
2026-03-13,2.4750074338,2.8374819614,3.4355386101,4.0002977552,4.0379445674
2026-03-16,2.4488133752,2.8009516673,3.3968036588,3.9699071569,4.0204337712
2026-03-17,2.4306420217,2.7767788457,3.3665157442,3.941767027,4.001902639
2026-03-18,2.5151535454,2.8475216351,3.4207298464,3.9675519448,4.0001721176
2026-03-19,2.5907980302,2.8909870609,3.4409683853,3.9725837178,3.9982906176
2026-03-20,2.7406654673,3.0052537724,3.5314594919,4.0465871502,4.0576792081
2026-03-23,2.6439366077,2.9170003885,3.4566210168,3.9847183115,4.0130513612
2026-03-24,2.7245986033,2.9837498324,3.51422019,4.0283645753,4.0416496875
2026-03-25,2.6836600677,2.9400148748,3.4499921241,3.9480051635,3.9661658332
2026-03-26,2.7588631924,3.0282611956,3.5526384842,4.0410173809,4.0274044914
2026-03-27,2.7894988898,3.0830387445,3.6294908127,4.1199759398,4.0859199741
2026-03-30,2.7279533138,3.0164160382,3.5592814742,4.059273197,4.0451773569
2026-03-31,2.7023631942,2.972278654,3.5104228621,4.0171399003,4.0131164644
2026-04-01,2.6658769234,2.9424225777,3.485055913,3.9870135266,3.981311755
2026-04-02,2.715824719,2.977757819,3.521646569,4.0261923652,4.0136282202
2026-04-07,2.769462797,3.0131237295,3.5360097739,4.0408580452,4.0350267898
2026-04-08,2.5375440657,2.8167976156,3.3683476853,3.9176883964,3.9607974935
2026-04-09,2.6245388542,2.9084975155,3.4722801684,4.0203617935,4.0441546169
2026-04-10,2.6281349279,2.9292293401,3.505578793,4.0611684602,4.0851178913
2026-04-13,2.6759111459,2.9563609426,3.5245040456,4.0767529466,4.0939462031
2026-04-14,2.6381830741,2.9263822396,3.5007160674,4.0671106659,4.0990518145
2026-04-15,2.5810623034,2.8968333321,3.4887046886,4.052803831,4.0765705972
2026-04-16,2.5779299423,2.8994844996,3.489621851,4.0546016625,4.0770414758
2026-04-17,2.4912956688,2.8150581878,3.4115195599,3.9935913193,4.035699312
2026-04-20,2.4930854036,2.821887758,3.4275151712,4.0101461186,4.0467042155
2026-04-21,2.5323971517,2.8404416916,3.4249166636,3.9929922346,4.0252452737
2026-04-22,2.5776422579,2.8765769744,3.4528307176,4.0066002247,4.0244955465
2026-04-23,2.6163637285,2.9052631492,3.4737060777,4.0184645754,4.0303825183
2026-04-24,2.6295972415,2.9167890562,3.4825008689,4.0211459156,4.0248181394
2026-04-27,2.5878700914,2.942834185,3.481352228,4.0212052412,4.1271050124
