date,2Y,5Y,10Y,20Y,30Y
1974-09-24,9.362,8.348,,,
1974-09-25,9.364,8.348,,,
1974-09-26,9.366,8.348,,,
1974-09-27,9.367,8.349,,,
1974-09-28,9.369,8.349,,,
1974-09-30,9.373,8.35,,,
1974-10-01,9.374,8.354,,,
1974-10-02,9.376,8.354,,,
1974-10-03,9.378,8.354,,,
1974-10-04,9.379,8.355,,,
1974-10-05,9.381,8.355,,,
1974-10-07,9.385,8.356,,,
1974-10-08,9.386,8.357,,,
1974-10-09,9.388,8.357,,,
1974-10-11,9.391,8.358,,,
1974-10-12,9.393,8.359,,,
1974-10-14,9.396,8.359,,,
1974-10-15,9.398,8.36,,,
1974-10-16,9.4,8.36,,,
1974-10-17,9.401,8.361,,,
1974-10-18,9.403,8.361,,,
1974-10-21,9.408,8.362,,,
1974-10-22,9.41,8.363,,,
1974-10-23,9.411,8.363,,,
1974-10-24,9.413,8.364,,,
1974-10-25,9.415,8.364,,,
1974-10-26,9.416,8.365,,,
1974-10-28,9.419,8.366,,,
1974-10-29,9.421,8.366,,,
1974-10-30,9.423,8.366,,,
1974-10-31,9.424,8.367,,,
1974-11-01,9.426,8.367,,,
1974-11-02,9.428,8.368,,,
1974-11-05,9.432,8.369,,,
1974-11-06,9.434,8.369,,,
1974-11-07,9.435,8.37,,,
1974-11-08,9.437,8.37,,,
1974-11-09,9.439,8.371,,,
1974-11-11,9.442,8.372,,,
1974-11-12,9.443,8.372,,,
1974-11-13,9.445,8.372,,,
1974-11-14,9.446,8.373,,,
1974-11-15,9.448,8.373,,,
1974-11-18,9.452,8.375,,,
1974-11-19,9.459,8.376,,,
1974-11-20,9.473,8.38,,,
1974-11-21,9.506,8.387,,,
1974-11-22,9.512,8.394,,,
1974-11-25,9.517,8.395,,,
1974-11-26,9.518,8.395,,,
1974-11-27,9.52,8.395,,,
1974-11-28,9.521,8.395,,,
1974-11-29,9.523,8.396,,,
1974-11-30,9.524,8.396,,,
1974-12-02,9.527,8.397,,,
1974-12-03,9.528,8.397,,,
1974-12-04,9.53,8.397,,,
1974-12-05,9.531,8.397,,,
1974-12-06,9.533,8.398,,,
1974-12-07,9.534,8.398,,,
1974-12-09,9.537,8.398,,,
1974-12-10,9.538,8.399,,,
1974-12-11,9.54,8.399,,,
1974-12-12,9.541,8.399,,,
1974-12-13,9.543,8.4,,,
1974-12-14,9.544,8.4,,,
1974-12-16,9.547,8.4,,,
1974-12-17,9.548,8.401,,,
1974-12-18,9.55,8.401,,,
1974-12-19,9.551,8.401,,,
1974-12-20,9.552,8.401,,,
1974-12-23,9.556,8.402,,,
1974-12-24,9.558,8.403,,,
1974-12-25,9.559,8.403,,,
1974-12-26,9.56,8.403,,,
1974-12-27,9.562,8.403,,,
1974-12-28,9.563,8.404,,,
1975-01-04,9.572,8.402,,,
1975-01-06,9.575,8.403,,,
1975-01-07,9.576,8.403,,,
1975-01-08,9.578,8.403,,,
1975-01-09,9.579,8.404,,,
1975-01-10,9.58,8.404,,,
1975-01-11,9.581,8.404,,,
1975-01-13,9.584,8.405,,,
1975-01-14,9.585,8.405,,,
1975-01-16,9.588,8.405,,,
1975-01-17,9.589,8.406,,,
1975-01-20,9.593,8.406,,,
1975-01-21,9.594,8.407,,,
1975-01-22,9.595,8.407,,,
1975-01-23,9.596,8.407,,,
1975-01-24,9.598,8.407,,,
1975-01-25,9.599,8.408,,,
1975-01-27,9.601,8.408,,,
1975-01-28,9.602,8.408,,,
1975-01-29,9.604,8.409,,,
1975-01-30,9.605,8.409,,,
1975-01-31,9.606,8.409,,,
1975-02-01,9.607,8.409,,,
1975-02-03,9.61,8.41,,,
1975-02-04,9.611,8.41,,,
1975-02-05,9.612,8.41,,,
1975-02-06,9.613,8.411,,,
1975-02-07,9.614,8.411,,,
1975-02-08,9.615,8.411,,,
1975-02-10,9.618,8.412,,,
1975-02-12,9.62,8.412,,,
1975-02-13,9.619,8.417,,,
1975-02-14,9.62,8.418,,,
1975-02-17,9.623,8.426,,,
1975-02-18,9.625,8.427,,,
1975-02-19,9.632,8.425,,,
1975-02-20,9.646,8.421,,,
1975-02-21,9.647,8.411,,,
1975-02-22,9.588,8.421,,,
1975-02-24,9.593,8.422,,,
1975-02-25,9.595,8.423,,,
1975-02-26,9.597,8.423,,,
1975-02-27,9.6,8.423,,,
1975-02-28,9.564,8.43,,,
1975-03-01,9.567,8.43,,,
1975-03-03,9.573,8.431,,,
1975-03-04,9.576,8.431,,,
1975-03-05,9.579,8.432,,,
1975-03-06,9.582,8.432,,,
1975-03-07,9.585,8.433,,,
1975-03-08,9.588,8.433,,,
1975-03-10,9.593,8.434,,,
1975-03-11,9.596,8.434,,,
1975-03-12,9.599,8.435,,,
1975-03-13,9.602,8.435,,,
1975-03-14,9.605,8.435,,,
1975-03-17,9.613,8.437,,,
1975-03-18,9.616,8.437,,,
1975-03-19,9.619,8.437,,,
1975-03-20,9.622,8.438,,,
1975-03-22,9.627,8.439,,,
1975-03-24,9.633,8.439,,,
1975-03-25,9.636,8.44,,,
1975-03-26,9.638,8.44,,,
1975-03-27,9.641,8.441,,,
1975-03-28,9.644,8.441,,,
1975-03-29,9.647,8.441,,,
1975-03-31,9.652,8.442,,,
1975-04-01,9.655,8.439,,,
1975-04-02,9.658,8.439,,,
1975-04-03,9.66,8.439,,,
1975-04-04,9.663,8.44,,,
1975-04-05,9.666,8.44,,,
1975-04-07,9.671,8.441,,,
1975-04-08,9.674,8.441,,,
1975-04-09,9.676,8.442,,,
1975-04-10,9.679,8.442,,,
1975-04-11,9.682,8.443,,,
1975-04-12,9.684,8.443,,,
1975-04-14,9.69,8.444,,,
1975-04-15,9.692,8.444,,,
1975-04-16,9.695,8.445,,,
1975-04-17,9.697,8.445,,,
1975-04-18,9.7,8.445,,,
1975-04-21,9.695,8.453,,,
1975-04-22,9.698,8.453,,,
1975-04-23,9.701,8.454,,,
1975-04-24,9.704,8.454,,,
1975-04-25,9.707,8.455,,,
1975-04-26,9.71,8.455,,,
1975-04-28,9.716,8.456,,,
1975-04-30,9.722,8.457,,,
1975-05-01,9.725,8.457,,,
1975-05-02,9.728,8.458,,,
1975-05-06,9.739,8.459,,,
1975-05-07,9.742,8.46,,,
1975-05-08,9.745,8.46,,,
1975-05-09,9.748,8.46,,,
1975-05-10,9.75,8.461,,,
1975-05-12,9.756,8.462,,,
1975-05-13,9.756,8.468,,,
1975-05-14,9.759,8.468,,,
1975-05-15,9.763,8.469,,,
1975-05-16,9.766,8.469,,,
1975-05-19,9.775,8.47,,,
1975-05-20,9.76,8.462,,,
1975-05-21,9.646,8.395,,,
1975-05-22,9.46,8.422,,,
1975-05-23,9.441,8.406,,,
1975-05-24,9.445,8.407,,,
1975-05-26,9.452,8.408,,,
1975-05-27,9.455,8.408,,,
1975-05-28,9.458,8.409,,,
1975-05-29,9.462,8.409,,,
1975-05-30,9.465,8.41,,,
1975-05-31,9.468,8.41,,,
1975-06-02,9.475,8.411,,,
1975-06-03,9.478,8.412,,,
1975-06-04,9.482,8.412,,,
1975-06-05,9.485,8.413,,,
1975-06-06,9.488,8.413,,,
1975-06-07,9.492,8.414,,,
1975-06-09,9.467,8.428,,,
1975-06-10,9.47,8.428,,,
1975-06-11,9.474,8.429,,,
1975-06-12,9.477,8.43,,,
1975-06-13,9.48,8.43,,,
1975-06-14,9.452,8.444,,,
1975-06-16,9.459,8.445,,,
1975-06-17,9.462,8.445,,,
1975-06-18,9.466,8.446,,,
1975-06-19,9.469,8.446,,,
1975-06-20,9.472,8.447,,,
1975-06-23,9.482,8.448,,,
1975-06-24,9.485,8.449,,,
1975-06-25,9.488,8.45,,,
1975-06-26,9.492,8.45,,,
1975-06-27,9.495,8.451,,,
1975-06-28,9.498,8.451,,,
1975-06-30,9.505,8.452,,,
1975-07-01,9.508,8.453,,,
1975-07-02,9.511,8.453,,,
1975-07-03,9.514,8.454,,,
1975-07-04,9.518,8.454,,,
1975-07-05,9.521,8.455,,,
1975-07-07,9.527,8.456,,,
1975-07-08,9.53,8.456,,,
1975-07-09,9.534,8.457,,,
1975-07-10,9.537,8.458,,,
1975-07-11,9.54,8.458,,,
1975-07-12,9.543,8.459,,,
1975-07-14,9.549,8.46,,,
1975-07-15,9.553,8.46,,,
1975-07-16,9.556,8.461,,,
1975-07-17,9.559,8.462,,,
1975-07-18,9.562,8.462,,,
1975-07-21,9.571,8.464,,,
1975-07-22,9.574,8.465,,,
1975-07-23,9.577,8.465,,,
1975-07-24,9.581,8.466,,,
1975-07-25,9.584,8.466,,,
1975-07-26,9.587,8.467,,,
1975-07-28,9.593,8.468,,,
1975-07-29,9.536,8.495,,,
1975-07-30,9.508,8.503,,,
1975-07-31,9.479,8.511,,,
1975-08-01,9.483,8.511,,,
1975-08-02,9.486,8.512,,,
1975-08-04,9.493,8.513,,,
1975-08-05,9.496,8.514,,,
1975-08-06,9.499,8.514,,,
1975-08-07,9.503,8.515,,,
1975-08-08,9.506,8.516,,,
1975-08-09,9.509,8.516,,,
1975-08-11,9.516,8.518,,,
1975-08-12,9.519,8.518,,,
1975-08-13,9.522,8.519,,,
1975-08-14,9.525,8.519,,,
1975-08-15,9.529,8.52,,,
1975-08-18,9.538,8.522,,,
1975-08-19,9.541,8.523,,,
1975-08-20,9.527,8.515,,,
1975-08-21,9.536,8.481,,,
1975-08-22,9.533,8.474,,,
1975-08-23,9.536,8.474,,,
1975-08-25,9.542,8.475,,,
1975-08-26,9.546,8.475,,,
1975-08-27,9.549,8.475,,,
1975-08-28,9.552,8.475,,,
1975-08-29,9.555,8.476,,,
1975-08-30,9.559,8.476,,,
1975-09-01,9.565,8.476,,,
1975-09-02,9.568,8.476,,,
1975-09-03,9.571,8.477,,,
1975-09-04,9.575,8.477,,,
1975-09-05,9.578,8.477,,,
1975-09-06,9.581,8.477,,,
1975-09-08,9.587,8.478,,,
1975-09-09,9.591,8.478,,,
1975-09-10,9.594,8.478,,,
1975-09-11,9.586,8.472,,,
1975-09-12,9.589,8.472,,,
1975-09-13,9.592,8.472,,,
1975-09-16,9.602,8.473,,,
1975-09-17,9.606,8.473,,,
1975-09-18,9.609,8.473,,,
1975-09-19,9.612,8.473,,,
1975-09-22,9.622,8.474,,,
1975-09-23,9.625,8.474,,,
1975-09-25,9.632,8.475,,,
1975-09-26,9.533,8.493,,,
1975-09-27,9.537,8.494,,,
1975-09-29,9.544,8.494,,,
1975-09-30,9.547,8.494,,,
1975-10-01,9.551,8.495,,,
1975-10-02,9.554,8.495,,,
1975-10-03,9.557,8.495,,,
1975-10-04,9.561,8.496,,,
1975-10-06,9.568,8.496,,,
1975-10-07,9.571,8.496,,,
1975-10-08,9.575,8.497,,,
1975-10-09,9.459,8.534,,,
1975-10-11,9.466,8.548,,,
1975-10-13,9.472,8.548,,,
1975-10-14,9.442,8.553,,,
1975-10-15,9.446,8.553,,,
1975-10-16,9.449,8.554,,,
1975-10-17,9.453,8.558,,,
1975-10-20,9.463,8.558,,,
1975-10-21,9.467,8.558,,,
1975-10-22,9.471,8.591,,,
1975-10-23,9.474,8.592,,,
1975-10-24,9.477,8.576,,,
1975-10-25,9.481,8.576,,,
1975-10-27,9.488,8.577,,,
1975-10-28,9.491,8.577,,,
1975-10-29,9.495,8.577,,,
1975-10-30,9.468,8.585,,,
1975-10-31,9.472,8.586,,,
1975-11-01,9.475,8.586,,,
1975-11-04,9.484,8.583,,,
1975-11-05,9.487,8.583,,,
1975-11-06,9.491,8.571,,,
1975-11-07,9.495,8.571,,,
1975-11-08,9.498,8.571,,,
1975-11-10,9.505,8.572,,,
1975-11-11,9.509,8.572,,,
1975-11-12,9.512,8.572,,,
1975-11-13,9.516,8.573,,,
1975-11-14,9.519,8.573,,,
1975-11-17,9.529,8.574,,,
1975-11-18,9.532,8.571,,,
1975-11-19,9.541,8.571,,,
1975-11-20,9.557,8.57,,,
1975-11-21,9.56,8.597,,,
1975-11-22,9.54,8.592,,,
1975-11-25,9.55,8.593,,,
1975-11-26,9.554,8.593,,,
1975-11-27,9.558,8.593,,,
1975-11-28,9.561,8.593,,,
1975-11-29,9.565,8.593,,,
1975-12-01,9.507,8.615,,,
1975-12-02,9.478,8.626,,,
1975-12-03,9.481,8.626,,,
1975-12-04,9.479,8.624,,,
1975-12-05,9.456,8.637,,,
1975-12-06,9.46,8.637,,,
1975-12-08,9.467,8.637,,,
1975-12-09,9.471,8.637,,,
1975-12-10,9.474,8.637,,,
1975-12-11,9.478,8.638,,,
1975-12-12,9.481,8.639,,,
1975-12-13,9.485,8.64,,,
1975-12-15,9.492,8.641,,,
1975-12-16,9.495,8.641,,,
1975-12-17,9.499,8.642,,,
1975-12-18,9.471,8.653,,,
1975-12-19,9.474,8.647,,,
1975-12-22,9.485,8.647,,,
1975-12-23,9.488,8.647,,,
1975-12-24,9.428,8.669,,,
1975-12-25,9.396,8.675,,,
1975-12-26,9.341,8.699,,,
1975-12-27,9.313,8.709,,,
1976-01-05,9.346,8.708,,,
1976-01-06,9.35,8.708,,,
1976-01-07,9.353,8.708,,,
1976-01-08,9.357,8.708,,,
1976-01-09,9.361,8.708,,,
1976-01-10,9.365,8.708,,,
1976-01-12,9.313,8.698,,,
1976-01-13,9.259,8.688,,,
1976-01-14,9.209,8.684,,,
1976-01-16,9.13,8.687,,,
1976-01-19,9.087,8.682,,,
1976-01-20,9.062,8.663,,,
1976-01-21,9.008,8.654,,,
1976-01-22,8.955,8.648,,,
1976-01-23,8.842,8.686,,,
1976-01-24,8.792,8.62,,,
1976-01-26,8.744,8.582,,,
1976-01-27,8.691,8.576,,,
1976-01-28,8.696,8.548,,,
1976-01-29,8.643,8.542,,,
1976-01-30,8.646,8.543,,,
1976-01-31,8.649,8.543,,,
1976-02-02,8.598,8.535,,,
1976-02-03,8.601,8.536,,,
1976-02-04,8.604,8.536,,,
1976-02-05,8.607,8.537,,,
1976-02-06,8.609,8.537,,,
1976-02-07,8.555,8.529,,,
1976-02-09,8.504,8.521,,,
1976-02-10,8.507,8.522,,,
1976-02-12,8.513,8.523,,,
1976-02-13,8.516,8.524,,,
1976-02-14,8.519,8.524,,,
1976-02-16,8.525,8.526,,,
1976-02-17,8.528,8.526,,,
1976-02-18,8.531,8.527,,,
1976-02-19,8.539,8.528,,,
1976-02-20,8.554,8.53,,,
1976-02-23,8.557,8.571,,,
1976-02-24,8.56,8.572,,,
1976-02-25,8.563,8.573,,,
1976-02-26,8.566,8.575,,,
1976-02-27,8.569,8.577,,,
1976-02-28,8.571,8.578,,,
1976-03-01,8.564,8.573,,,
1976-03-02,8.567,8.574,,,
1976-03-03,8.569,8.575,,,
1976-03-04,8.572,8.575,,,
1976-03-05,8.575,8.576,,,
1976-03-06,8.578,8.577,,,
1976-03-08,8.583,8.58,,,
1976-03-09,8.586,8.58,,,
1976-03-10,8.589,8.581,,,
1976-03-11,8.592,8.582,,,
1976-03-12,8.594,8.582,,,
1976-03-13,8.597,8.583,,,
1976-03-15,8.603,8.591,,,
1976-03-16,8.606,8.593,,,
1976-03-17,8.608,8.596,,,
1976-03-18,8.611,8.596,,,
1976-03-19,8.614,8.597,,,
1976-03-22,8.622,8.599,,,
1976-03-23,8.625,8.6,,,
1976-03-24,8.628,8.6,,,
1976-03-25,8.631,8.601,,,
1976-03-26,8.633,8.602,,,
1976-03-27,8.636,8.602,,,
1976-03-29,8.642,8.604,,,
1976-03-30,8.645,8.605,,,
1976-03-31,8.647,8.605,,,
1976-04-01,8.592,8.583,,,
1976-04-02,8.592,8.582,,,
1976-04-03,8.592,8.581,,,
1976-04-05,8.598,8.582,,,
1976-04-06,8.601,8.583,,,
1976-04-07,8.599,8.579,,,
1976-04-08,8.602,8.58,,,
1976-04-09,8.605,8.581,,,
1976-04-10,8.608,8.581,,,
1976-04-12,8.614,8.583,,,
1976-04-13,8.617,8.584,,,
1976-04-14,8.618,8.597,,,
1976-04-15,8.621,8.598,,,
1976-04-16,8.598,8.599,,,
1976-04-19,8.607,8.601,,,
1976-04-20,8.61,8.602,,,
1976-04-21,8.613,8.603,,,
1976-04-22,8.616,8.604,,,
1976-04-23,8.565,8.618,,,
1976-04-24,8.568,8.619,,,
1976-04-26,8.573,8.621,,,
1976-04-27,8.576,8.621,,,
1976-04-28,8.579,8.622,,,
1976-04-30,8.585,8.624,,,
1976-05-01,8.588,8.625,,,
1976-05-04,8.597,8.627,,,
1976-05-06,8.602,8.629,,,
1976-05-07,8.605,8.63,,,
1976-05-08,8.608,8.631,,,
1976-05-10,8.614,8.632,,,
1976-05-11,8.617,8.633,,,
1976-05-12,8.619,8.634,,,
1976-05-13,8.622,8.635,,,
1976-05-14,8.625,8.636,,,
1976-05-17,8.634,8.638,,,
1976-05-18,8.637,8.639,,,
1976-05-19,8.639,8.64,,,
1976-05-20,8.635,8.637,,,
1976-05-21,8.621,8.572,,,
1976-05-22,8.613,8.607,,,
1976-05-24,8.619,8.609,,,
1976-05-25,8.622,8.609,,,
1976-05-26,8.624,8.61,,,
1976-05-27,8.627,8.611,,,
1976-05-28,8.63,8.612,,,
1976-05-29,8.633,8.612,,,
1976-05-31,8.639,8.614,,,
1976-06-01,8.642,8.614,,,
1976-06-02,8.645,8.615,,,
1976-06-03,8.647,8.616,,,
1976-06-04,8.65,8.617,,,
1976-06-05,8.653,8.617,,,
1976-06-07,8.659,8.619,,,
1976-06-08,8.662,8.619,,,
1976-06-09,8.665,8.62,,,
1976-06-10,8.668,8.621,,,
1976-06-11,8.67,8.621,,,
1976-06-12,8.673,8.622,,,
1976-06-14,8.679,8.624,,,
1976-06-15,8.682,8.624,,,
1976-06-16,8.685,8.625,,,
1976-06-17,8.688,8.626,,,
1976-06-18,8.691,8.627,,,
1976-06-21,8.699,8.629,,,
1976-06-22,8.702,8.629,,,
1976-06-23,8.705,8.649,,,
1976-06-24,8.707,8.65,,,
1976-06-25,8.71,8.651,,,
1976-06-26,8.707,8.662,,,
1976-06-28,8.713,8.664,,,
1976-06-29,8.711,8.675,,,
1976-06-30,8.714,8.678,,,
1976-07-01,8.693,8.665,,,
1976-07-02,8.696,8.666,,,
1976-07-03,8.699,8.667,,,
1976-07-05,8.705,8.668,,,
1976-07-06,8.708,8.67,,,
1976-07-07,8.711,8.671,,,
1976-07-08,8.714,8.672,,,
1976-07-09,8.716,8.673,,,
1976-07-10,8.719,8.673,,,
1976-07-12,8.725,8.675,,,
1976-07-13,8.728,8.675,,,
1976-07-14,8.731,8.676,,,
1976-07-15,8.735,8.662,,,
1976-07-16,8.738,8.647,,,
1976-07-19,8.747,8.649,,,
1976-07-20,8.75,8.65,,,
1976-07-21,8.753,8.651,,,
1976-07-22,8.755,8.652,,,
1976-07-23,8.726,8.662,,,
1976-07-24,8.703,8.651,,,
1976-07-26,8.651,8.651,,,
1976-07-27,8.654,8.652,,,
1976-07-28,8.657,8.653,,,
1976-07-29,8.66,8.654,,,
1976-07-30,8.634,8.654,,,
1976-07-31,8.637,8.655,,,
1976-08-02,8.639,8.67,,,
1976-08-03,8.638,8.693,,,
1976-08-04,8.614,8.683,,,
1976-08-05,8.616,8.694,,,
1976-08-06,8.618,8.721,,,
1976-08-07,8.621,8.714,,,
1976-08-09,8.628,8.716,,,
1976-08-10,8.631,8.72,,,
1976-08-11,8.607,8.709,,,
1976-08-12,8.609,8.729,,,
1976-08-13,8.613,8.732,,,
1976-08-14,8.617,8.732,,,
1976-08-16,8.624,8.734,,,
1976-08-17,8.628,8.735,,,
1976-08-18,8.631,8.746,,,
1976-08-19,8.635,8.739,,,
1976-08-20,8.632,8.748,,,
1976-08-23,8.575,8.827,,,
1976-08-24,8.57,8.83,,,
1976-08-25,8.552,8.838,,,
1976-08-26,8.547,8.843,,,
1976-08-27,8.521,8.853,,,
1976-08-28,8.524,8.853,,,
1976-08-30,8.502,8.853,,,
1976-08-31,8.505,8.853,,,
1976-09-01,8.509,8.854,,,
1976-09-02,8.512,8.854,,,
1976-09-03,8.516,8.855,,,
1976-09-04,8.519,8.855,,,
1976-09-06,8.504,8.852,,,
1976-09-07,8.507,8.852,,,
1976-09-08,8.511,8.853,,,
1976-09-09,8.507,8.856,,,
1976-09-10,8.488,8.853,,,
1976-09-11,8.492,8.853,,,
1976-09-13,8.499,8.854,,,
1976-09-14,8.502,8.855,,,
1976-09-16,8.509,8.856,,,
1976-09-17,8.512,8.857,,,
1976-09-20,8.523,8.858,,,
1976-09-21,8.526,8.858,,,
1976-09-22,8.53,8.859,,,
1976-09-24,8.537,8.86,,,
1976-09-25,8.54,8.86,,,
1976-09-27,8.547,8.861,,,
1976-09-28,8.551,8.861,,,
1976-09-29,8.554,8.862,,,
1976-09-30,8.558,8.862,,,
1976-10-01,8.561,8.862,,,
1976-10-02,8.565,8.863,,,
1976-10-04,8.572,8.864,,,
1976-10-05,8.575,8.864,,,
1976-10-06,8.578,8.881,,,
1976-10-07,8.581,8.915,,,
1976-10-08,8.584,8.949,,,
1976-10-09,8.562,8.958,,,
1976-10-12,8.572,8.988,,,
1976-10-13,8.575,8.988,,,
1976-10-14,8.579,8.988,,,
1976-10-15,8.582,8.989,,,
1976-10-18,8.593,8.991,,,
1976-10-19,8.596,8.991,,,
1976-10-20,8.6,8.992,,,
1976-10-21,8.577,8.989,,,
1976-10-22,8.581,8.99,,,
1976-10-23,8.555,8.985,,,
1976-10-25,8.562,8.987,,,
1976-10-26,8.565,8.987,,,
1976-10-27,8.569,8.988,,,
1976-10-28,8.543,8.988,,,
1976-10-29,8.547,8.99,,,
1976-10-30,8.55,8.99,,,
1976-11-01,8.557,8.991,,,
1976-11-02,8.56,8.991,,,
1976-11-04,8.567,8.992,,,
1976-11-05,8.571,8.993,,,
1976-11-06,8.574,8.993,,,
1976-11-08,8.581,8.994,,,
1976-11-09,8.584,8.994,,,
1976-11-10,8.56,8.993,,,
1976-11-11,8.564,8.993,,,
1976-11-12,8.567,8.994,,,
1976-11-13,8.57,8.994,,,
1976-11-15,8.548,8.995,,,
1976-11-16,8.552,8.995,,,
1976-11-17,8.555,8.996,,,
1976-11-18,8.53,8.996,,,
1976-11-19,8.538,8.996,,,
1976-11-22,8.531,8.981,,,
1976-11-24,8.537,8.982,,,
1976-11-25,8.539,8.983,,,
1976-11-26,8.542,8.984,,,
1976-11-27,8.545,8.984,,,
1976-11-29,8.551,8.985,,,
1976-11-30,8.526,8.988,,,
1976-12-01,8.5,8.986,,,
1976-12-02,8.503,8.987,,,
1976-12-03,8.507,8.99,,,
1976-12-04,8.51,8.991,,,
1976-12-06,8.516,8.992,,,
1976-12-07,8.491,8.994,,,
1976-12-08,8.494,8.994,,,
1976-12-09,8.497,8.995,,,
1976-12-10,8.5,8.996,,,
1976-12-11,8.503,8.996,,,
1976-12-13,8.509,8.998,,,
1976-12-14,8.512,8.998,,,
1976-12-15,8.518,9.0,,,
1976-12-16,8.496,9.002,,,
1976-12-17,8.5,9.003,,,
1976-12-20,8.513,9.006,,,
1976-12-21,8.517,9.006,,,
1976-12-22,8.492,9.007,,,
1976-12-23,8.499,8.98,,,
1976-12-24,8.503,8.97,,,
1976-12-25,8.478,8.943,,,
1976-12-27,8.489,8.919,,,
1976-12-28,8.493,8.919,,,
1977-01-04,8.518,8.923,,,
1977-01-05,8.522,8.923,,,
1977-01-06,8.526,8.911,,,
1977-01-07,8.496,8.912,,,
1977-01-08,8.499,8.913,,,
1977-01-10,8.473,8.9,,,
1977-01-11,8.476,8.901,,,
1977-01-12,8.445,8.888,,,
1977-01-13,8.448,8.888,,,
1977-01-14,8.452,8.888,,,
1977-01-17,8.434,8.877,,,
1977-01-18,8.437,8.877,,,
1977-01-19,8.441,8.878,,,
1977-01-20,8.39,8.853,,,
1977-01-21,8.358,8.839,,,
1977-01-22,8.334,8.827,,,
1977-01-24,8.34,8.802,,,
1977-01-25,8.343,8.802,,,
1977-01-26,8.345,8.777,,,
1977-01-27,8.321,8.75,,,
1977-01-28,8.324,8.752,,,
1977-01-29,8.327,8.752,,,
1977-01-31,8.334,8.753,,,
1977-02-01,8.337,8.754,,,
1977-02-02,8.34,8.755,,,
1977-02-03,8.344,8.755,,,
1977-02-04,8.347,8.756,,,
1977-02-05,8.349,8.743,,,
1977-02-07,8.303,8.744,,,
1977-02-08,8.254,8.732,,,
1977-02-09,8.257,8.719,,,
1977-02-10,8.26,8.72,,,
1977-02-12,8.267,8.721,,,
1977-02-14,8.22,8.696,,,
1977-02-15,8.159,8.67,,,
1977-02-16,8.099,8.657,,,
1977-02-17,8.102,8.645,,,
1977-02-18,8.105,8.645,,,
1977-02-21,8.087,8.679,,,
1977-02-22,8.089,8.677,,,
1977-02-23,8.092,8.677,,,
1977-02-24,8.095,8.677,,,
1977-02-25,8.098,8.677,,,
1977-02-26,8.101,8.678,,,
1977-02-28,8.106,8.655,,,
1977-03-01,8.109,8.655,,,
1977-03-02,8.112,8.656,,,
1977-03-03,8.116,8.659,,,
1977-03-04,8.119,8.66,,,
1977-03-05,8.122,8.66,,,
1977-03-07,8.128,8.661,,,
1977-03-08,8.131,8.662,,,
1977-03-09,8.134,8.662,,,
1977-03-10,8.137,8.663,,,
1977-03-11,8.139,8.663,,,
1977-03-12,8.141,8.649,,,
1977-03-14,8.148,8.652,,,
1977-03-15,8.15,8.64,,,
1977-03-16,8.153,8.641,,,
1977-03-17,8.156,8.641,,,
1977-03-18,8.159,8.629,,,
1977-03-22,8.17,8.619,,,
1977-03-23,8.173,8.619,,,
1977-03-24,8.15,8.607,,,
1977-03-25,8.152,8.582,,,
1977-03-26,8.155,8.583,,,
1977-03-28,8.159,8.559,,,
1977-03-29,8.163,8.559,,,
1977-03-30,8.165,8.56,,,
1977-03-31,8.168,8.56,,,
1977-04-01,8.044,8.52,,,
1977-04-02,7.996,8.52,,,
1977-04-04,7.949,8.47,,,
1977-04-05,7.852,8.441,,,
1977-04-06,7.852,8.391,,,
1977-04-07,7.853,8.366,,,
1977-04-08,7.855,8.366,,,
1977-04-09,7.857,8.342,,,
1977-04-11,7.911,8.32,,,
1977-04-12,7.812,8.293,,,
1977-04-13,7.762,8.242,,,
1977-04-14,7.761,8.192,,,
1977-04-15,7.762,8.167,,,
1977-04-18,7.664,8.092,,,
1977-04-19,7.612,8.004,,,
1977-04-20,7.612,7.98,,,
1977-04-21,7.615,7.98,,,
1977-04-22,7.617,7.969,,,
1977-04-23,7.619,7.97,,,
1977-04-25,7.624,7.971,,,
1977-04-26,7.522,7.969,,,
1977-04-27,7.522,7.945,,,
1977-04-28,7.474,7.92,,,
1977-04-30,7.477,7.896,,,
1977-05-02,7.481,7.897,,,
1977-05-04,7.481,7.872,,,
1977-05-06,7.479,7.822,,,
1977-05-07,7.481,7.823,,,
1977-05-09,7.485,7.824,,,
1977-05-10,7.486,7.824,,,
1977-05-11,7.488,7.824,,,
1977-05-12,7.489,7.825,,,
1977-05-13,7.491,7.825,,,
1977-05-14,7.495,7.826,,,
1977-05-16,7.495,7.778,,,
1977-05-17,7.447,7.741,,,
1977-05-18,7.355,7.691,,,
1977-05-19,7.355,7.667,,,
1977-05-20,7.34,7.633,,,
1977-05-23,7.202,7.595,,,
1977-05-24,7.204,7.596,,,
1977-05-25,7.205,7.596,,,
1977-05-26,7.199,7.572,,,
1977-05-27,7.203,7.554,,,
1977-05-28,7.204,7.555,,,
1977-05-30,7.215,7.56,,,
1977-05-31,7.146,7.535,,,
1977-06-01,7.147,7.536,,,
1977-06-02,7.149,7.537,,,
1977-06-03,7.151,7.537,,,
1977-06-04,7.153,7.538,,,
1977-06-06,7.147,7.514,,,
1977-06-07,7.141,7.491,,,
1977-06-08,7.077,7.468,,,
1977-06-09,7.086,7.473,,,
1977-06-10,7.088,7.473,,,
1977-06-11,7.089,7.474,,,
1977-06-13,7.092,7.475,,,
1977-06-14,7.094,7.475,,,
1977-06-15,7.095,7.476,,,
1977-06-16,7.097,7.476,,,
1977-06-17,7.098,7.476,,,
1977-06-20,7.102,7.478,,,
1977-06-21,7.104,7.478,,,
1977-06-22,7.105,7.479,,,
1977-06-23,7.107,7.479,,,
1977-06-24,7.108,7.479,,,
1977-06-25,7.11,7.48,,,
1977-06-27,7.113,7.481,,,
1977-06-28,7.115,7.482,,,
1977-06-29,7.043,7.457,,,
1977-06-30,7.026,7.418,,,
1977-07-01,6.999,7.366,,,
1977-07-02,7.003,7.346,,,
1977-07-04,6.958,7.267,,,
1977-07-05,6.923,7.201,,,
1977-07-06,6.895,7.149,,,
1977-07-07,6.896,7.149,,,
1977-07-08,6.897,7.15,,,
1977-07-09,6.895,7.139,,,
1977-07-11,6.851,7.103,,,
1977-07-12,6.802,7.055,,,
1977-07-13,6.785,7.007,,,
1977-07-14,6.76,6.935,,,
1977-07-15,6.743,6.887,,,
1977-07-18,6.647,6.837,,,
1977-07-19,6.626,6.778,,,
1977-07-20,6.543,6.73,,,
1977-07-21,6.534,6.707,,,
1977-07-22,6.535,6.707,,,
1977-07-23,6.531,6.696,,,
1977-07-25,6.531,6.697,,,
1977-07-26,6.531,6.697,,,
1977-07-27,6.532,6.698,,,
1977-07-28,6.532,6.698,,,
1977-07-29,6.529,6.687,,,
1977-07-30,6.528,6.687,,,
1977-08-01,6.535,6.689,,,
1977-08-02,6.535,6.689,,,
1977-08-03,6.536,6.69,,,
1977-08-04,6.536,6.69,,,
1977-08-05,6.53,6.69,,,
1977-08-06,6.527,6.69,,,
1977-08-08,6.549,6.716,,,
1977-08-09,6.549,6.717,,,
1977-08-10,6.552,6.717,,,
1977-08-11,6.556,6.718,,,
1977-08-12,6.559,6.718,,,
1977-08-13,6.559,6.719,,,
1977-08-15,6.56,6.719,,,
1977-08-16,6.561,6.72,,,
1977-08-17,6.608,6.793,,,
1977-08-18,6.629,6.817,,,
1977-08-19,6.63,6.817,,,
1977-08-22,6.62,6.805,,,
1977-08-23,6.644,6.846,,,
1977-08-24,6.638,6.855,,,
1977-08-25,6.649,6.859,,,
1977-08-26,6.65,6.858,,,
1977-08-27,6.65,6.858,,,
1977-08-29,6.651,6.858,,,
1977-08-30,6.637,6.841,,,
1977-08-31,6.621,6.826,,,
1977-09-01,6.622,6.825,,,
1977-09-02,6.623,6.825,,,
1977-09-03,6.623,6.825,,,
1977-09-05,6.625,6.824,,,
1977-09-06,6.625,6.824,,,
1977-09-07,6.648,6.829,,,
1977-09-08,6.675,6.831,,,
1977-09-09,6.678,6.829,,,
1977-09-10,6.671,6.839,,,
1977-09-12,6.695,6.844,,,
1977-09-13,6.695,6.844,,,
1977-09-14,6.708,6.887,,,
1977-09-16,6.709,6.887,,,
1977-09-19,6.711,6.886,,,
1977-09-20,6.711,6.886,,,
1977-09-21,6.712,6.886,,,
1977-09-22,6.712,6.886,,,
1977-09-24,6.713,6.886,,,
1977-09-26,6.714,6.886,,,
1977-09-27,6.715,6.886,,,
1977-09-28,6.716,6.886,,,
1977-09-29,6.716,6.886,,,
1977-09-30,6.717,6.885,,,
1977-10-01,6.717,6.885,,,
1977-10-03,6.718,6.885,,,
1977-10-04,6.719,6.885,,,
1977-10-05,6.72,6.885,,,
1977-10-06,6.723,6.884,,,
1977-10-07,6.727,6.882,,,
1977-10-08,6.726,6.883,,,
1977-10-11,6.727,6.883,,,
1977-10-12,6.775,6.898,,,
1977-10-13,6.776,6.898,,,
1977-10-14,6.776,6.898,,,
1977-10-17,6.776,6.899,,,
1977-10-18,6.777,6.899,,,
1977-10-19,6.777,6.899,,,
1977-10-20,6.778,6.899,,,
1977-10-21,6.792,6.922,,,
1977-10-22,6.793,6.922,,,
1977-10-24,6.78,6.921,,,
1977-10-25,6.752,6.897,,,
1977-10-26,6.745,6.886,,,
1977-10-27,6.668,6.849,,,
1977-10-28,6.655,6.803,,,
1977-10-29,6.494,6.779,,,
1977-10-31,6.49,6.743,,,
1977-11-01,6.482,6.732,,,
1977-11-02,6.483,6.732,,,
1977-11-04,6.483,6.732,,,
1977-11-05,6.483,6.732,,,
1977-11-07,6.483,6.732,,,
1977-11-08,6.484,6.732,,,
1977-11-09,6.484,6.732,,,
1977-11-10,6.484,6.732,,,
1977-11-11,6.484,6.732,,,
1977-11-12,6.484,6.732,,,
1977-11-14,6.487,6.708,,,
1977-11-15,6.487,6.684,,,
1977-11-16,6.458,6.684,,,
1977-11-17,6.451,6.672,,,
1977-11-18,6.451,6.672,,,
1977-11-21,6.471,6.665,,,
1977-11-22,6.477,6.66,,,
1977-11-24,6.464,6.636,,,
1977-11-25,6.45,6.611,,,
1977-11-26,6.45,6.611,,,
1977-11-28,6.449,6.612,,,
1977-11-29,6.436,6.587,,,
1977-11-30,6.422,6.563,,,
1977-12-01,6.409,6.539,,,
1977-12-02,6.409,6.539,,,
1977-12-03,6.408,6.539,,,
1977-12-05,6.408,6.539,,,
1977-12-06,6.414,6.506,,,
1977-12-07,6.396,6.485,,,
1977-12-08,6.395,6.485,,,
1977-12-09,6.395,6.485,,,
1977-12-10,6.394,6.485,,,
1977-12-12,6.393,6.485,,,
1977-12-13,6.438,6.486,,,
1977-12-14,6.482,6.487,,,
1977-12-15,6.482,6.486,,,
1977-12-16,6.39,6.486,,,
1977-12-19,6.389,6.486,,,
1977-12-20,6.368,6.473,,,
1977-12-21,6.346,6.398,,,
1977-12-22,6.325,6.378,,,
1977-12-23,6.309,6.293,,,
1977-12-24,6.297,6.267,,,
1977-12-26,6.197,6.193,,,
1977-12-27,6.15,6.093,,,
1977-12-28,6.105,6.092,,,
1978-01-04,6.097,6.094,,,
1978-01-05,6.096,6.094,,,
1978-01-06,6.095,6.095,,,
1978-01-07,6.094,6.095,,,
1978-01-09,6.091,6.096,,,
1978-01-10,6.09,6.096,,,
1978-01-11,6.089,6.096,,,
1978-01-12,6.088,6.097,,,
1978-01-13,6.087,6.097,,,
1978-01-14,6.086,6.098,,,
1978-01-17,5.987,5.978,,,
1978-01-18,5.874,5.918,,,
1978-01-19,5.872,5.919,,,
1978-01-20,5.87,5.92,,,
1978-01-23,5.865,5.922,,,
1978-01-24,5.863,5.923,,,
1978-01-25,5.864,5.922,,,
1978-01-26,5.866,5.922,,,
1978-01-27,5.868,5.922,,,
1978-01-28,5.868,5.922,,,
1978-01-30,5.642,5.877,,,
1978-01-31,5.64,5.878,,,
1978-02-01,5.638,5.879,,,
1978-02-02,5.636,5.88,,,
1978-02-03,5.634,5.88,,,
1978-02-04,5.641,5.893,,,
1978-02-06,5.638,5.894,,,
1978-02-07,5.72,5.894,,,
1978-02-08,5.673,5.964,,,
1978-02-09,5.713,5.966,,,
1978-02-10,5.71,5.967,,,
1978-02-13,5.705,5.97,,,
1978-02-14,5.707,5.971,,,
1978-02-15,5.781,5.972,,,
1978-02-16,5.822,6.008,,,
1978-02-17,5.82,6.009,,,
1978-02-20,5.88,6.031,,,
1978-02-21,5.897,6.032,,,
1978-02-22,5.864,6.044,,,
1978-02-23,5.858,6.09,,,
1978-02-24,5.825,6.132,,,
1978-02-25,5.792,6.131,,,
1978-02-27,5.707,6.106,,,
1978-02-28,5.69,6.083,,,
1978-03-01,5.688,6.084,,,
1978-03-02,5.686,6.084,,,
1978-03-03,5.694,6.095,,,
1978-03-04,5.69,6.097,,,
1978-03-06,5.686,6.098,,,
1978-03-07,5.684,6.098,,,
1978-03-08,5.672,6.089,,,
1978-03-09,5.667,6.075,,,
1978-03-10,5.658,6.079,,,
1978-03-11,5.656,6.08,,,
1978-03-13,5.636,6.08,,,
1978-03-14,5.639,6.071,,,
1978-03-15,5.629,6.06,,,
1978-03-16,5.615,6.051,,,
1978-03-17,5.61,6.053,,,
1978-03-20,5.597,6.043,,,
1978-03-22,5.593,6.044,,,
1978-03-23,5.59,6.044,,,
1978-03-24,5.597,6.033,,,
1978-03-25,5.577,6.034,,,
1978-03-27,5.572,6.035,,,
1978-03-28,5.569,6.036,,,
1978-03-29,5.567,6.037,,,
1978-03-30,5.564,6.037,,,
1978-03-31,5.559,6.039,,,
1978-04-01,5.556,6.04,,,
1978-04-03,5.547,6.043,,,
1978-04-04,5.514,6.042,,,
1978-04-05,5.493,6.042,,,
1978-04-06,5.466,5.999,,,
1978-04-07,5.48,5.977,,,
1978-04-08,5.512,5.933,,,
1978-04-10,5.523,5.912,,,
1978-04-11,5.536,5.913,,,
1978-04-12,5.531,5.914,,,
1978-04-13,5.529,5.914,,,
1978-04-14,5.526,5.915,,,
1978-04-17,5.517,5.917,,,
1978-04-18,5.514,5.917,,,
1978-04-19,5.511,5.918,,,
1978-04-20,5.52,5.92,,,
1978-04-21,5.534,5.92,,,
1978-04-22,5.532,5.921,,,
1978-04-24,5.544,5.922,,,
1978-04-25,5.541,5.922,,,
1978-04-26,5.538,5.922,,,
1978-04-27,5.536,5.923,,,
1978-04-28,5.533,5.923,,,
1978-05-01,5.525,5.924,,,
1978-05-02,5.522,5.925,,,
1978-05-04,5.516,5.926,,,
1978-05-06,5.511,5.926,,,
1978-05-08,5.505,5.927,,,
1978-05-09,5.502,5.928,,,
1978-05-10,5.499,5.928,,,
1978-05-11,5.496,5.929,,,
1978-05-12,5.489,5.929,,,
1978-05-13,5.486,5.93,,,
1978-05-15,5.48,5.931,,,
1978-05-16,5.401,5.931,,,
1978-05-17,5.398,5.931,,,
1978-05-18,5.395,5.932,,,
1978-05-19,5.391,5.932,,,
1978-05-22,,5.859,,,
1978-05-23,,5.858,,,
1978-05-24,,5.858,,,
1978-05-25,,5.859,,,
1978-05-26,,5.859,,,
1978-05-27,,5.859,,,
1978-05-29,,5.859,,,
1978-05-30,,5.858,,,
1978-05-31,,5.879,,,
1978-06-01,,5.838,,,
1978-06-02,,5.831,,,
1978-06-03,,5.83,,,
1978-06-05,,5.83,,,
1978-06-06,,5.83,,,
1978-06-07,,5.83,,,
1978-06-08,,5.83,,,
1978-06-09,,5.83,,,
1978-06-10,,5.83,,,
1978-06-12,,5.83,,,
1978-06-13,,5.83,,,
1978-06-14,,5.83,,,
1978-06-15,,5.83,,,
1978-06-16,,5.83,,,
1978-06-19,,5.83,,,
1978-06-20,,5.83,,,
1978-06-21,,5.831,,,
1978-06-22,,5.831,,,
1978-06-23,,5.851,,,
1978-06-24,,5.851,,,
1978-06-26,,5.851,,,
1978-06-27,,5.851,,,
1978-06-28,,5.851,,,
1978-06-29,,5.854,,,
1978-06-30,,5.854,,,
1978-07-01,,5.854,,,
1978-07-03,,5.854,,,
1978-07-04,,5.854,,,
1978-07-05,,5.854,,,
1978-07-06,,5.855,,,
1978-07-07,,5.853,,,
1978-07-08,,5.854,,,
1978-07-10,,5.854,,,
1978-07-11,,5.854,,,
1978-07-12,,5.854,,,
1978-07-13,,5.854,,,
1978-07-14,,5.855,,,
1978-07-17,,5.866,,,
1978-07-18,,5.866,,,
1978-07-19,,5.867,,,
1978-07-20,,5.867,,,
1978-07-21,,5.888,,,
1978-07-22,,5.889,,,
1978-07-24,,5.889,,,
1978-07-25,,5.889,,,
1978-07-26,,5.889,,,
1978-07-27,,5.89,,,
1978-07-28,,5.89,,,
1978-07-29,,5.89,,,
1978-07-31,,5.891,,,
1978-08-01,,5.891,,,
1978-08-02,,5.891,,,
1978-08-03,,5.891,,,
1978-08-04,,5.892,,,
1978-08-05,,5.892,,,
1978-08-07,,5.904,,,
1978-08-08,,5.915,,,
1978-08-09,,5.939,,,
1978-08-10,,5.939,,,
1978-08-11,,5.951,,,
1978-08-12,,5.951,,,
1978-08-14,,5.952,,,
1978-08-15,,5.952,,,
1978-08-16,,5.952,,,
1978-08-17,,5.952,,,
1978-08-18,,5.975,,,
1978-08-21,,5.861,,,
1978-08-22,,5.862,,,
1978-08-23,,5.862,,,
1978-08-24,,5.863,,,
1978-08-25,,5.863,,,
1978-08-26,,5.863,,,
1978-08-28,,5.867,,,
1978-08-29,,5.87,,,
1978-08-30,,5.851,,,
1978-08-31,,5.852,,,
1978-09-01,,5.852,,,
1978-09-02,,5.854,,,
1978-09-04,,5.856,,,
1978-09-05,,5.86,,,
1978-09-06,,5.861,,,
1978-09-07,,5.861,,,
1978-09-08,,5.861,,,
1978-09-09,,5.862,,,
1978-09-11,,5.862,,,
1978-09-12,,5.862,,,
1978-09-13,,5.862,,,
1978-09-14,,5.862,,,
1978-09-18,,5.863,,,
1978-09-19,,5.862,,,
1978-09-20,,5.862,,,
1978-09-21,,5.863,,,
1978-09-22,,5.863,,,
1978-09-25,,5.864,,,
1978-09-26,,5.864,,,
1978-09-27,,5.865,,,
1978-09-28,,5.864,,,
1978-09-29,,5.864,,,
1978-09-30,,5.865,,,
1978-10-02,,5.865,,,
1978-10-03,,5.866,,,
1978-10-04,,5.845,,,
1978-10-05,,5.845,,,
1978-10-06,,5.843,,,
1978-10-07,,5.798,,,
1978-10-09,,5.799,,,
1978-10-11,,5.801,,,
1978-10-12,,5.801,,,
1978-10-13,,5.801,,,
1978-10-14,,5.802,,,
1978-10-16,,5.803,,,
1978-10-17,,5.804,,,
1978-10-18,,5.805,,,
1978-10-19,,5.807,,,
1978-10-20,,5.795,,,
1978-10-23,,5.797,,,
1978-10-24,,5.787,,,
1978-10-25,,5.776,,,
1978-10-26,,5.755,,,
1978-10-27,,5.755,,,
1978-10-28,,5.756,,,
1978-10-30,,5.757,,,
1978-10-31,,5.757,,,
1978-11-01,,5.757,,,
1978-11-02,,5.758,,,
1978-11-04,,5.759,,,
1978-11-06,,5.76,,,
1978-11-07,,5.761,,,
1978-11-08,,5.761,,,
1978-11-09,,5.762,,,
1978-11-10,,5.762,,,
1978-11-11,,5.763,,,
1978-11-13,,5.764,,,
1978-11-14,,5.765,,,
1978-11-15,,5.766,,,
1978-11-16,,5.766,,,
1978-11-17,,5.767,,,
1978-11-20,,5.777,,,
1978-11-21,,5.777,,,
1978-11-22,,6.1,,,
1978-11-24,,6.102,,,
1978-11-25,,6.103,,,
1978-11-27,,6.105,,,
1978-11-28,,6.104,,,
1978-11-29,,6.103,,,
1978-11-30,,6.102,,,
1978-12-01,,6.115,,,
1978-12-02,,6.116,,,
1978-12-04,,6.118,,,
1978-12-05,,6.119,,,
1978-12-06,,6.12,,,
1978-12-07,,6.121,,,
1978-12-08,,6.122,,,
1978-12-09,,6.123,,,
1978-12-11,,6.125,,,
1978-12-12,,6.123,,,
1978-12-13,,6.126,,,
1978-12-14,,6.127,,,
1978-12-15,,6.128,,,
1978-12-18,,6.131,,,
1978-12-19,,6.131,,,
1978-12-20,,6.132,,,
1978-12-21,,6.133,,,
1978-12-22,,6.134,,,
1978-12-23,,6.135,,,
1978-12-25,,6.137,,,
1978-12-26,,6.137,,,
1978-12-27,,6.138,,,
1978-12-28,,6.151,,,
1979-01-04,,6.157,,,
1979-01-05,,6.158,,,
1979-01-06,,6.159,,,
1979-01-08,,6.16,,,
1979-01-09,,6.161,,,
1979-01-10,,6.162,,,
1979-01-11,,6.162,,,
1979-01-12,,6.162,,,
1979-01-13,,6.163,,,
1979-01-16,,6.165,,,
1979-01-17,,6.166,,,
1979-01-18,,6.166,,,
1979-01-19,,6.167,,,
1979-01-22,,6.169,,,
1979-01-23,,6.123,,,
1979-01-24,,6.125,,,
1979-01-25,,6.126,,,
1979-01-26,,6.126,,,
1979-01-27,,6.127,,,
1979-01-29,,6.128,,,
1979-01-30,,6.129,,,
1979-01-31,,6.13,,,
1979-02-01,,6.13,,,
1979-02-02,,6.131,,,
1979-02-03,,6.132,,,
1979-02-05,,6.133,,,
1979-02-06,,6.134,,,
1979-02-07,,6.134,,,
1979-02-08,,6.135,,,
1979-02-09,,6.136,,,
1979-02-10,,6.136,,,
1979-02-13,,6.138,,,
1979-02-14,,6.173,,,
1979-02-15,,6.207,,,
1979-02-16,,6.231,,,
1979-02-19,,6.235,,,
1979-02-20,,6.253,,,
1979-02-21,,6.193,,,
1979-02-22,,6.186,,,
1979-02-23,,6.217,,,
1979-02-24,,6.238,,,
1979-02-26,,6.263,,,
1979-02-27,,6.289,,,
1979-02-28,,6.337,,,
1979-03-01,,6.38,,,
1979-03-02,,6.46,,,
1979-03-03,,6.508,,,
1979-03-05,,6.526,,,
1979-03-06,,6.62,,,
1979-03-07,,6.708,,,
1979-03-08,,6.723,,,
1979-03-09,,6.786,,,
1979-03-10,,6.779,,,
1979-03-12,,6.737,,,
1979-03-13,,6.706,,,
1979-03-14,,6.658,,,
1979-03-15,,6.661,,,
1979-03-16,,6.662,,,
1979-03-19,,6.682,,,
1979-03-20,,6.681,,,
1979-03-22,,6.682,,,
1979-03-23,,6.73,,,
1979-03-24,,6.727,,,
1979-03-26,,6.768,,,
1979-03-27,,6.765,,,
1979-03-28,,6.767,,,
1979-03-29,,6.809,,,
1979-03-30,,6.803,,,
1979-03-31,,6.804,,,
1979-04-02,,6.976,,,
1979-04-03,,7.034,,,
1979-04-04,,7.138,,,
1979-04-05,,7.236,,,
1979-04-06,,7.324,,,
1979-04-07,,7.325,,,
1979-04-09,,7.327,,,
1979-04-10,,7.328,,,
1979-04-11,,7.326,,,
1979-04-12,,7.327,,,
1979-04-13,,7.328,,,
1979-04-14,,7.329,,,
1979-04-16,,7.33,,,
1979-04-17,,7.331,,,
1979-04-18,,7.332,,,
1979-04-19,,7.403,,,
1979-04-20,,7.479,,,
1979-04-23,,7.482,,,
1979-04-24,,7.483,,,
1979-04-25,,7.483,,,
1979-04-26,,7.521,,,
1979-04-27,,7.521,,,
1979-04-28,,7.522,,,
1979-05-01,,7.524,,,
1979-05-02,,7.525,,,
1979-05-04,,7.526,,,
1979-05-07,,7.528,,,
1979-05-08,,7.529,,,
1979-05-09,,7.53,,,
1979-05-10,,7.531,,,
1979-05-11,,7.532,,,
1979-05-12,,7.532,,,
1979-05-14,,7.534,,,
1979-05-15,,7.534,,,
1979-05-16,,7.535,,,
1979-05-17,,7.536,,,
1979-05-18,,7.536,,,
1979-05-21,,7.553,,,
1979-05-22,,7.494,,,
1979-05-23,,7.495,,,
1979-05-24,,7.494,,,
1979-05-25,,7.493,,,
1979-05-26,,7.494,,,
1979-05-28,,7.535,,,
1979-05-29,,7.531,,,
1979-05-30,,7.532,,,
1979-05-31,,7.533,,,
1979-06-01,,7.542,,,
1979-06-02,,7.539,,,
1979-06-04,,7.588,,,
1979-06-05,,7.681,,,
1979-06-06,,7.748,,,
1979-06-07,,7.748,,,
1979-06-08,,7.776,,,
1979-06-09,,7.776,,,
1979-06-11,,7.853,,,
1979-06-12,,7.876,,,
1979-06-13,,7.928,,,
1979-06-14,,7.976,,,
1979-06-15,,8.002,,,
1979-06-18,,8.03,,,
1979-06-19,,8.031,,,
1979-06-20,,8.033,,,
1979-06-21,,8.037,,,
1979-06-22,,7.942,,,
1979-06-23,,7.922,,,
1979-06-25,,7.902,,,
1979-06-26,,7.89,,,
1979-06-27,,7.869,,,
1979-06-28,,7.848,,,
1979-06-29,,7.841,,,
1979-06-30,,7.842,,,
1979-07-02,,7.842,,,
1979-07-03,,7.846,,,
1979-07-04,,7.847,,,
1979-07-05,,7.852,,,
1979-07-06,,7.859,,,
1979-07-07,,7.861,,,
1979-07-09,,7.866,,,
1979-07-10,,7.749,,,
1979-07-11,,7.755,,,
1979-07-12,,7.755,,,
1979-07-13,,7.756,,,
1979-07-14,,7.759,,,
1979-07-16,,7.709,,,
1979-07-17,,7.712,,,
1979-07-18,,7.713,,,
1979-07-19,,7.715,,,
1979-07-20,,7.715,,,
1979-07-23,,7.718,,,
1979-07-24,,7.597,,,
1979-07-25,,7.575,,,
1979-07-26,,7.464,,,
1979-07-27,,7.464,,,
1979-07-28,,7.534,,,
1979-07-30,,7.533,,,
1979-07-31,,7.556,,,
1979-08-01,,7.557,,,
1979-08-02,,7.557,,,
1979-08-03,,7.557,,,
1979-08-04,,7.557,,,
1979-08-06,,7.557,,,
1979-08-07,,7.558,,,
1979-08-08,,7.558,,,
1979-08-09,,7.558,,,
1979-08-10,,7.56,,,
1979-08-11,,7.56,,,
1979-08-13,,7.584,,,
1979-08-14,,7.584,,,
1979-08-15,,7.608,,,
1979-08-16,,7.608,,,
1979-08-17,,7.63,,,
1979-08-20,,7.621,,,
1979-08-21,,7.639,,,
1979-08-22,7.632,7.64,,,
1979-08-23,7.632,7.641,,,
1979-08-24,7.632,7.641,,,
1979-08-25,7.683,7.646,,,
1979-08-27,7.683,7.663,,,
1979-08-28,7.683,7.684,,,
1979-08-29,7.735,7.689,,,
1979-08-30,7.735,7.687,,,
1979-08-31,7.735,7.687,,,
1979-09-01,7.735,7.687,,,
1979-09-03,7.735,7.687,,,
1979-09-04,7.735,7.688,,,
1979-09-05,7.732,7.682,,,
1979-09-06,7.732,7.663,,,
1979-09-07,7.732,7.663,,,
1979-09-08,7.732,7.663,,,
1979-09-10,7.732,7.663,,,
1979-09-11,7.732,7.663,,,
1979-09-12,7.733,7.637,,,
1979-09-13,7.733,7.625,,,
1979-09-14,7.733,7.61,,,
1979-09-17,7.733,7.61,,,
1979-09-18,7.733,7.623,,,
1979-09-19,7.734,7.662,,,
1979-09-20,7.734,7.662,,,
1979-09-21,7.734,7.662,,,
1979-09-22,7.734,7.639,,,
1979-09-25,7.735,7.653,,,
1979-09-26,7.735,7.653,,,
1979-09-27,7.735,7.653,,,
1979-09-28,7.735,7.638,,,
1979-09-29,7.736,7.638,,,
1979-10-01,7.736,7.638,,,
1979-10-02,7.736,7.626,,,
1979-10-03,7.736,7.616,,,
1979-10-04,7.737,7.615,,,
1979-10-05,7.737,7.615,,,
1979-10-06,7.737,7.604,,,
1979-10-08,7.738,7.625,,,
1979-10-09,7.817,7.651,,,
1979-10-11,7.871,7.664,,,
1979-10-12,7.95,7.7,,,
1979-10-13,8.031,7.759,,,
1979-10-15,8.035,7.763,,,
1979-10-16,8.089,7.811,,,
1979-10-17,8.09,7.833,,,
1979-10-18,8.106,7.857,,,
1979-10-19,8.085,7.914,,,
1979-10-22,8.087,7.913,,,
1979-10-23,8.169,7.969,,,
1979-10-24,8.225,7.995,,,
1979-10-25,8.251,8.034,,,
1979-10-26,8.252,8.011,,,
1979-10-27,8.253,7.998,,,
1979-10-29,8.255,7.998,,,
1979-10-30,8.256,7.998,,,
1979-10-31,8.257,7.993,,,
1979-11-01,8.258,7.947,,,
1979-11-02,8.259,7.921,,,
1979-11-05,8.262,7.927,,,
1979-11-06,8.263,7.967,,,
1979-11-07,8.264,7.995,,,
1979-11-08,8.319,7.995,,,
1979-11-09,8.375,8.017,,,
1979-11-10,8.376,8.049,,,
1979-11-12,8.378,8.041,,,
1979-11-13,8.379,8.067,,,
1979-11-14,8.435,8.08,,,
1979-11-15,8.436,8.155,,,
1979-11-16,8.437,8.155,,,
1979-11-19,8.439,8.16,,,
1979-11-20,8.437,8.231,,,
1979-11-21,8.449,8.306,,,
1979-11-22,8.44,8.333,,,
1979-11-24,8.504,8.39,,,
1979-11-26,8.514,8.52,,,
1979-11-27,8.516,8.521,,,
1979-11-28,8.517,8.505,,,
1979-11-29,8.518,8.445,,,
1979-11-30,8.515,8.349,,,
1979-12-01,8.516,8.265,,,
1979-12-03,8.519,8.263,,,
1979-12-04,8.52,8.294,,,
1979-12-05,8.522,8.26,,,
1979-12-06,8.523,8.321,,,
1979-12-07,8.525,8.282,,,
1979-12-08,8.526,8.17,,,
1979-12-10,8.529,8.167,,,
1979-12-11,8.53,8.166,,,
1979-12-12,8.532,8.239,,,
1979-12-13,8.533,8.239,,,
1979-12-14,8.535,8.25,,,
1979-12-17,8.539,8.27,,,
1979-12-18,8.541,8.249,,,
1979-12-19,8.542,8.194,,,
1979-12-20,8.544,8.193,,,
1979-12-21,8.545,8.193,,,
1979-12-22,8.547,8.192,,,
1979-12-24,8.55,8.191,,,
1979-12-25,8.551,8.19,,,
1979-12-26,8.553,8.19,,,
1979-12-27,8.554,8.213,,,
1979-12-28,8.556,8.213,,,
1980-01-04,8.567,8.21,,,
1980-01-05,8.568,8.21,,,
1980-01-07,8.572,8.209,,,
1980-01-08,8.498,8.169,,,
1980-01-09,8.5,8.119,,,
1980-01-10,8.501,8.104,,,
1980-01-11,8.503,8.102,,,
1980-01-12,8.505,8.102,,,
1980-01-14,8.508,8.072,,,
1980-01-16,8.512,8.043,,,
1980-01-17,8.394,7.991,,,
1980-01-18,8.396,7.992,,,
1980-01-21,8.401,8.003,,,
1980-01-22,8.404,8.031,,,
1980-01-23,8.406,8.001,,,
1980-01-24,8.408,7.996,,,
1980-01-25,8.41,7.996,,,
1980-01-26,8.411,8.008,,,
1980-01-28,8.415,8.009,,,
1980-01-29,8.417,8.009,,,
1980-01-30,8.419,8.009,,,
1980-01-31,8.421,8.008,,,
1980-02-01,8.422,8.008,,,
1980-02-02,8.424,8.008,,,
1980-02-04,8.428,8.007,,,
1980-02-05,8.43,8.019,,,
1980-02-06,8.431,8.031,,,
1980-02-07,8.516,8.078,,,
1980-02-08,8.546,8.165,,,
1980-02-09,8.548,8.226,,,
1980-02-12,8.554,8.226,,,
1980-02-13,8.612,8.236,,,
1980-02-14,8.614,8.242,,,
1980-02-15,8.672,8.314,,,
1980-02-18,8.764,8.39,,,
1980-02-19,8.885,8.468,,,
1980-02-20,8.986,8.603,,,
1980-02-21,9.174,8.668,,,
1980-02-22,9.326,8.8,,,
1980-02-23,9.333,8.909,,,
1980-02-25,9.338,8.913,,,
1980-02-26,9.335,8.676,,,
1980-02-27,9.337,8.677,,,
1980-02-28,9.34,8.704,,,
1980-02-29,9.329,8.699,,,
1980-03-01,9.332,8.699,,,
1980-03-03,9.34,8.736,,,
1980-03-04,9.737,8.845,,,
1980-03-05,9.74,8.842,,,
1980-03-06,9.742,8.844,,,
1980-03-07,10.021,9.011,,,
1980-03-08,10.309,9.162,,,
1980-03-10,10.596,9.325,,,
1980-03-11,10.87,9.489,,,
1980-03-12,10.874,9.488,,,
1980-03-13,10.878,9.487,,,
1980-03-14,10.882,9.457,,,
1980-03-17,10.894,9.501,,,
1980-03-18,10.897,9.5,,,
1980-03-19,10.901,9.499,,,
1980-03-21,10.909,9.506,,,
1980-03-22,10.913,9.303,,,
1980-03-24,10.921,9.3,,,
1980-03-25,10.912,9.096,,,
1980-03-26,10.916,9.096,,,
1980-03-27,10.92,9.088,,,
1980-03-28,10.924,9.088,,,
1980-03-29,10.929,9.087,,,
1980-03-31,10.937,9.086,,,
1980-04-01,11.236,9.174,,,
1980-04-02,11.536,9.342,,,
1980-04-03,11.84,9.509,,,
1980-04-04,12.145,9.749,,,
1980-04-05,12.116,9.986,,,
1980-04-07,12.127,10.211,,,
1980-04-08,12.133,10.508,,,
1980-04-09,12.139,10.656,,,
1980-04-10,12.084,10.574,,,
1980-04-11,11.969,10.423,,,
1980-04-12,11.854,10.421,,,
1980-04-14,11.865,10.43,,,
1980-04-15,11.873,10.441,,,
1980-04-16,11.878,10.443,,,
1980-04-17,11.884,10.133,,,
1980-04-18,11.889,9.9,,,
1980-04-21,11.906,9.9,,,
1980-04-22,11.732,9.667,,,
1980-04-23,11.559,9.626,,,
1980-04-24,11.384,9.496,,,
1980-04-25,10.799,9.296,,,
1980-04-26,10.804,9.295,,,
1980-04-28,10.814,9.495,,,
1980-04-30,10.823,9.494,,,
1980-05-01,10.726,9.406,,,
1980-05-02,10.637,9.239,,,
1980-05-06,10.459,9.151,,,
1980-05-07,10.185,8.892,,,
1980-05-08,9.998,8.887,,,
1980-05-09,9.817,8.908,,,
1980-05-10,9.724,8.814,,,
1980-05-12,9.542,8.623,,,
1980-05-13,9.447,8.533,,,
1980-05-14,9.359,8.532,,,
1980-05-15,9.265,8.574,,,
1980-05-16,9.172,8.573,,,
1980-05-19,9.181,8.573,,,
1980-05-20,9.177,8.568,,,
1980-05-21,9.234,8.693,,,
1980-05-22,9.245,8.703,,,
1980-05-23,9.223,8.67,,,
1980-05-24,9.227,8.498,,,
1980-05-26,9.128,8.39,,,
1980-05-27,9.036,8.44,,,
1980-05-28,9.039,8.431,,,
1980-05-29,9.042,8.438,,,
1980-05-30,9.045,8.37,,,
1980-05-31,9.027,8.224,,,
1980-06-02,9.033,8.225,,,
1980-06-03,8.936,8.154,,,
1980-06-04,8.934,8.107,,,
1980-06-05,8.838,8.058,,,
1980-06-06,8.841,8.056,,,
1980-06-07,8.844,8.057,,,
1980-06-09,8.85,8.081,,,
1980-06-10,8.855,8.113,,,
1980-06-11,8.862,8.203,,,
1980-06-12,8.846,8.203,,,
1980-06-13,8.845,8.114,,,
1980-06-14,8.848,8.088,,,
1980-06-16,8.86,8.125,,,
1980-06-17,8.761,8.166,,,
1980-06-18,8.764,8.18,,,
1980-06-19,8.767,8.219,,,
1980-06-20,8.77,8.195,,,
1980-06-23,8.778,8.195,,,
1980-06-24,8.781,8.181,,,
1980-06-25,8.784,8.181,,,
1980-06-26,8.787,8.181,,,
1980-06-27,8.789,8.181,,,
1980-06-28,8.792,8.197,,,
1980-06-30,8.798,8.197,,,
1980-07-01,8.801,8.221,,,
1980-07-02,8.804,8.26,,,
1980-07-03,8.806,8.261,,,
1980-07-04,8.808,8.175,,,
1980-07-05,8.811,8.175,,,
1980-07-07,8.816,8.191,,,
1980-07-08,8.819,8.253,,,
1980-07-09,8.823,8.258,,,
1980-07-10,8.826,8.283,,,
1980-07-11,8.83,8.304,,,
1980-07-12,8.833,8.304,,,
1980-07-14,8.839,8.33,,,
1980-07-15,8.863,8.375,,,
1980-07-16,8.867,8.392,,,
1980-07-17,8.87,8.393,,,
1980-07-18,8.91,8.328,,,
1980-07-21,8.961,8.335,,,
1980-07-22,8.998,8.377,,,
1980-07-23,9.045,8.421,,,
1980-07-24,9.092,8.441,,,
1980-07-25,9.095,8.441,,,
1980-07-26,9.135,8.44,,,
1980-07-28,9.18,8.44,,,
1980-07-29,9.184,8.441,,,
1980-07-30,9.187,8.441,,,
1980-07-31,9.191,8.466,,,
1980-08-01,9.194,8.439,,,
1980-08-02,9.232,8.482,,,
1980-08-04,9.321,8.57,,,
1980-08-05,9.325,8.571,,,
1980-08-06,9.329,8.571,,,
1980-08-07,9.332,8.572,,,
1980-08-08,9.336,8.555,,,
1980-08-09,9.369,8.556,,,
1980-08-11,9.376,8.556,,,
1980-08-12,9.38,8.556,,,
1980-08-13,9.384,8.441,,,
1980-08-14,9.388,8.441,,,
1980-08-15,9.392,8.441,,,
1980-08-18,9.404,8.467,,,
1980-08-19,9.408,8.467,,,
1980-08-20,9.405,8.393,,,
1980-08-21,9.336,8.35,,,
1980-08-22,9.379,8.386,,,
1980-08-23,9.382,8.387,,,
1980-08-25,9.388,8.389,,,
1980-08-26,9.392,8.416,,,
1980-08-27,9.395,8.418,,,
1980-08-28,9.398,8.418,,,
1980-08-29,9.431,8.46,,,
1980-08-30,9.435,8.461,,,
1980-09-01,9.441,8.462,,,
1980-09-02,9.472,8.506,,,
1980-09-03,9.476,8.544,,,
1980-09-04,9.381,8.444,,,
1980-09-05,9.384,8.418,,,
1980-09-06,9.387,8.418,,,
1980-09-08,9.394,8.419,,,
1980-09-09,9.332,8.423,,,
1980-09-10,9.336,8.423,,,
1980-09-11,9.333,8.432,,,
1980-09-12,9.38,8.458,,,
1980-09-13,9.383,8.459,,,
1980-09-16,9.408,8.486,,,
1980-09-17,9.471,8.511,,,
1980-09-18,9.474,8.511,,,
1980-09-19,9.478,8.512,,,
1980-09-22,9.489,8.514,,,
1980-09-24,9.549,8.585,,,
1980-09-25,9.553,8.585,,,
1980-09-26,9.557,8.586,,,
1980-09-27,9.56,8.587,,,
1980-09-29,9.544,8.586,,,
1980-09-30,9.548,8.586,,,
1980-10-01,9.659,8.76,,,
1980-10-02,9.662,8.763,,,
1980-10-03,9.666,8.764,,,
1980-10-04,9.67,8.745,,,
1980-10-06,9.678,8.746,,,
1980-10-07,9.682,8.747,,,
1980-10-08,9.686,8.747,,,
1980-10-09,9.69,8.746,,,
1980-10-11,9.698,8.781,,,
1980-10-13,9.706,8.782,,,
1980-10-14,9.71,8.764,,,
1980-10-15,9.66,8.695,,,
1980-10-16,9.57,8.522,,,
1980-10-17,9.573,8.523,,,
1980-10-20,9.39,8.481,,,
1980-10-21,9.393,8.457,,,
1980-10-22,9.397,8.457,,,
1980-10-23,9.401,8.458,,,
1980-10-24,9.297,8.442,,,
1980-10-25,9.301,8.443,,,
1980-10-27,9.308,8.426,,,
1980-10-28,9.312,8.427,,,
1980-10-29,9.316,8.443,,,
1980-10-30,9.319,8.425,,,
1980-10-31,9.323,8.408,,,
1980-11-01,9.326,8.401,,,
1980-11-04,9.302,8.402,,,
1980-11-05,9.3,8.403,,,
1980-11-06,9.304,8.401,,,
1980-11-07,9.302,8.394,,,
1980-11-08,9.306,8.394,,,
1980-11-10,9.302,8.385,,,
1980-11-11,9.305,8.43,,,
1980-11-12,9.303,8.428,,,
1980-11-13,9.307,8.475,,,
1980-11-14,9.305,8.457,,,
1980-11-17,9.305,8.455,,,
1980-11-18,9.309,8.455,,,
1980-11-19,9.312,8.458,,,
1980-11-20,9.328,8.466,,,
1980-11-21,9.245,8.39,,,
1980-11-22,9.306,8.457,,,
1980-11-25,9.397,8.552,,,
1980-11-26,9.485,8.689,,,
1980-11-27,9.578,8.774,,,
1980-11-28,9.673,8.867,,,
1980-11-29,9.67,8.868,,,
1980-12-01,9.677,8.869,,,
1980-12-02,9.681,8.869,,,
1980-12-03,9.684,8.869,,,
1980-12-04,9.687,8.843,,,
1980-12-05,9.685,8.639,,,
1980-12-06,9.689,8.692,,,
1980-12-08,9.696,8.695,,,
1980-12-09,9.7,8.696,,,
1980-12-10,9.705,8.737,,,
1980-12-11,9.705,8.779,,,
1980-12-12,9.706,8.912,,,
1980-12-13,9.709,8.913,,,
1980-12-15,9.716,8.919,,,
1980-12-16,9.72,8.919,,,
1980-12-17,9.723,8.92,,,
1980-12-18,9.727,8.921,,,
1980-12-19,9.73,8.876,,,
1980-12-22,9.74,8.861,,,
1980-12-23,9.744,8.861,,,
1980-12-24,9.746,8.817,,,
1980-12-25,9.75,8.818,,,
1980-12-26,9.753,8.818,,,
1980-12-27,9.757,8.819,,,
1981-01-05,9.735,8.779,,,
1981-01-06,9.649,8.69,,,
1981-01-07,9.653,8.69,,,
1981-01-08,9.169,8.577,,,
1981-01-09,8.98,8.535,,,
1981-01-10,8.984,8.536,,,
1981-01-12,8.837,8.538,,,
1981-01-13,8.84,8.536,,,
1981-01-14,8.843,8.537,,,
1981-01-16,8.884,8.554,,,
1981-01-19,8.915,8.592,,,
1981-01-20,8.918,8.593,,,
1981-01-21,8.921,8.593,,,
1981-01-22,8.885,8.566,,,
1981-01-23,8.888,8.577,,,
1981-01-24,8.869,8.56,,,
1981-01-26,8.875,8.562,,,
1981-01-27,8.85,8.543,,,
1981-01-28,8.825,8.518,,,
1981-01-29,8.75,8.459,,,
1981-01-30,8.753,8.449,,,
1981-01-31,8.653,8.372,,,
1981-02-02,8.659,8.373,,,
1981-02-03,8.656,8.374,,,
1981-02-04,8.659,8.347,,,
1981-02-05,8.559,8.314,,,
1981-02-06,8.562,8.235,,,
1981-02-07,8.566,8.217,,,
1981-02-09,8.572,8.247,,,
1981-02-10,8.608,8.318,,,
1981-02-12,8.614,8.32,,,
1981-02-13,8.707,8.363,,,
1981-02-14,8.71,8.364,,,
1981-02-16,8.75,8.384,,,
1981-02-17,8.753,8.402,,,
1981-02-18,8.756,8.34,,,
1981-02-19,8.713,8.284,,,
1981-02-20,8.727,8.293,,,
1981-02-23,8.742,8.243,,,
1981-02-24,8.744,8.232,,,
1981-02-25,8.747,8.233,,,
1981-02-26,8.75,8.233,,,
1981-02-27,8.752,8.213,,,
1981-02-28,8.754,8.203,,,
1981-03-02,8.749,8.208,,,
1981-03-03,8.751,8.21,,,
1981-03-04,8.753,8.21,,,
1981-03-05,8.704,8.177,,,
1981-03-06,8.706,8.177,,,
1981-03-07,8.627,8.18,,,
1981-03-09,8.61,8.163,,,
1981-03-10,8.557,8.13,,,
1981-03-11,8.531,8.132,,,
1981-03-12,8.481,8.114,,,
1981-03-13,8.387,8.035,,,
1981-03-14,8.34,8.009,,,
1981-03-16,8.152,7.936,,,
1981-03-17,8.15,7.982,,,
1981-03-18,8.106,7.984,,,
1981-03-19,8.098,7.985,,,
1981-03-20,8.095,7.984,,,
1981-03-23,8.097,7.985,,,
1981-03-24,8.099,7.986,,,
1981-03-25,8.101,7.975,,,
1981-03-26,8.098,7.972,,,
1981-03-27,8.104,7.89,,,
1981-03-28,8.007,7.874,,,
1981-03-30,8.006,7.875,,,
1981-03-31,8.008,7.875,,,
1981-04-01,8.013,7.76,,,
1981-04-02,7.874,7.761,,,
1981-04-03,7.876,7.765,,,
1981-04-04,7.878,7.765,,,
1981-04-06,7.882,7.766,,,
1981-04-07,7.885,7.785,,,
1981-04-08,7.875,7.785,,,
1981-04-09,7.878,7.795,,,
1981-04-10,7.88,7.796,,,
1981-04-11,7.882,7.814,,,
1981-04-13,7.971,7.86,,,
1981-04-14,7.973,7.86,,,
1981-04-15,7.975,7.86,,,
1981-04-16,7.977,7.861,,,
1981-04-17,7.979,7.861,,,
1981-04-20,7.986,7.862,,,
1981-04-21,7.988,7.863,,,
1981-04-22,7.991,7.863,,,
1981-04-23,7.993,7.908,,,
1981-04-24,7.996,7.953,,,
1981-04-25,7.998,7.953,,,
1981-04-27,8.003,7.954,,,
1981-04-28,8.005,7.953,,,
1981-04-30,8.026,7.982,,,
1981-05-01,8.056,8.0,,,
1981-05-02,8.058,8.0,,,
1981-05-06,8.061,8.029,,,
1981-05-07,8.107,8.056,,,
1981-05-08,8.126,8.091,,,
1981-05-09,8.128,8.091,,,
1981-05-11,8.133,8.092,,,
1981-05-12,8.219,8.127,,,
1981-05-13,8.317,8.217,,,
1981-05-14,8.454,8.33,,,
1981-05-15,8.502,8.313,,,
1981-05-18,8.51,8.315,,,
1981-05-19,8.513,8.316,,,
1981-05-20,8.488,8.341,,,
1981-05-21,8.511,8.298,,,
1981-05-22,8.69,8.278,,,
1981-05-23,8.697,8.237,,,
1981-05-25,8.702,8.238,,,
1981-05-26,8.705,8.238,,,
1981-05-27,8.697,8.254,,,
1981-05-28,8.699,8.255,,,
1981-05-29,8.701,8.227,,,
1981-05-30,8.702,8.164,,,
1981-06-01,8.705,8.165,,,
1981-06-02,8.702,8.201,,,
1981-06-03,8.705,8.219,,,
1981-06-04,8.708,8.22,,,
1981-06-05,8.745,8.236,,,
1981-06-06,8.748,8.244,,,
1981-06-08,8.754,8.244,,,
1981-06-09,8.756,8.244,,,
1981-06-10,8.758,8.223,,,
1981-06-11,8.761,8.204,,,
1981-06-12,8.763,8.205,,,
1981-06-13,8.766,8.205,,,
1981-06-15,8.756,8.182,,,
1981-06-16,8.757,8.136,,,
1981-06-17,8.759,8.129,,,
1981-06-18,8.762,8.128,,,
1981-06-19,8.765,8.135,,,
1981-06-22,8.772,8.137,,,
1981-06-23,8.752,8.138,,,
1981-06-24,8.754,8.138,,,
1981-06-25,8.757,8.138,,,
1981-06-26,8.759,8.139,,,
1981-06-27,8.664,8.122,,,
1981-06-29,8.669,8.123,,,
1981-06-30,8.613,8.114,,,
1981-07-01,8.615,8.096,,,
1981-07-02,8.522,8.08,,,
1981-07-03,8.524,8.081,,,
1981-07-04,8.527,8.099,,,
1981-07-06,8.526,8.118,,,
1981-07-07,8.522,8.126,,,
1981-07-08,8.524,8.12,,,
1981-07-09,8.525,8.12,,,
1981-07-10,8.527,8.104,,,
1981-07-11,8.523,8.094,,,
1981-07-13,8.527,8.086,,,
1981-07-14,8.524,8.098,,,
1981-07-15,8.526,8.108,,,
1981-07-16,8.528,8.109,,,
1981-07-17,8.525,8.128,,,
1981-07-20,8.525,8.149,,,
1981-07-21,8.528,8.192,,,
1981-07-22,8.53,8.248,,,
1981-07-23,8.43,8.307,,,
1981-07-24,8.432,8.283,,,
1981-07-25,8.434,8.283,,,
1981-07-27,8.432,8.286,,,
1981-07-28,8.432,8.322,,,
1981-07-29,8.475,8.374,,,
1981-07-30,8.477,8.373,,,
1981-07-31,8.474,8.392,,,
1981-08-01,8.473,8.481,,,
1981-08-03,8.521,8.526,,,
1981-08-04,8.523,8.527,,,
1981-08-05,8.526,8.509,,,
1981-08-06,8.528,8.475,,,
1981-08-07,8.531,8.451,,,
1981-08-08,8.533,8.434,,,
1981-08-10,8.538,8.436,,,
1981-08-11,8.541,8.438,,,
1981-08-12,8.526,8.439,,,
1981-08-13,8.528,8.412,,,
1981-08-14,8.531,8.414,,,
1981-08-17,8.527,8.443,,,
1981-08-18,8.53,8.444,,,
1981-08-19,8.533,8.446,,,
1981-08-20,8.517,8.436,,,
1981-08-21,8.464,8.383,,,
1981-08-22,8.465,8.4,,,
1981-08-24,8.502,8.445,,,
1981-08-25,8.503,8.461,,,
1981-08-26,8.503,8.488,,,
1981-08-27,8.503,8.513,,,
1981-08-28,8.625,8.544,,,
1981-08-29,8.628,8.545,,,
1981-08-31,8.622,8.561,,,
1981-09-01,8.625,8.569,,,
1981-09-02,8.628,8.569,,,
1981-09-03,8.572,8.512,,,
1981-09-04,8.578,8.485,,,
1981-09-05,8.582,8.476,,,
1981-09-07,8.492,8.468,,,
1981-09-08,8.498,8.423,,,
1981-09-09,8.5,8.378,,,
1981-09-10,8.502,8.379,,,
1981-09-11,8.504,8.381,,,
1981-09-12,8.51,8.358,,,
1981-09-14,8.51,8.35,,,
1981-09-16,8.461,8.327,,,
1981-09-17,8.462,8.328,,,
1981-09-18,8.466,8.322,,,
1981-09-21,8.467,8.323,,,
1981-09-22,8.462,8.34,,,
1981-09-24,8.464,8.37,,,
1981-09-25,8.465,8.388,,,
1981-09-26,8.463,8.389,,,
1981-09-28,8.468,8.392,,,
1981-09-29,8.471,8.393,,,
1981-09-30,8.474,8.394,,,
1981-10-01,8.471,8.368,,,
1981-10-02,8.477,8.341,,,
1981-10-03,8.479,8.345,,,
1981-10-05,8.427,8.33,,,
1981-10-06,8.43,8.331,,,
1981-10-07,8.431,8.359,,,
1981-10-08,8.433,8.361,,,
1981-10-09,8.381,8.318,,,
1981-10-12,8.388,8.325,,,
1981-10-13,8.333,8.294,,,
1981-10-14,8.336,8.284,,,
1981-10-15,8.332,8.285,,,
1981-10-16,8.333,8.312,,,
1981-10-19,8.334,8.316,,,
1981-10-20,8.336,8.333,,,
1981-10-21,8.338,8.334,,,
1981-10-22,8.339,8.377,,,
1981-10-23,8.341,8.377,,,
1981-10-24,8.344,8.379,,,
1981-10-26,8.349,8.382,,,
1981-10-27,8.341,8.355,,,
1981-10-28,8.343,8.349,,,
1981-10-29,8.346,8.351,,,
1981-10-30,8.348,8.352,,,
1981-10-31,8.25,8.317,,,
1981-11-02,8.25,8.294,,,
1981-11-04,8.25,8.262,,,
1981-11-05,8.253,8.253,,,
1981-11-06,8.205,8.254,,,
1981-11-07,8.208,8.221,,,
1981-11-09,8.213,8.196,,,
1981-11-10,8.21,8.145,,,
1981-11-11,8.213,8.113,,,
1981-11-12,8.166,8.07,,,
1981-11-13,8.124,8.01,,,
1981-11-14,8.12,8.039,,,
1981-11-16,8.123,8.041,,,
1981-11-17,8.125,8.043,,,
1981-11-18,8.121,8.026,,,
1981-11-19,8.034,7.819,,,
1981-11-20,8.048,7.872,,,
1981-11-24,7.967,8.156,,,
1981-11-25,7.973,8.076,,,
1981-11-26,7.968,8.048,,,
1981-11-27,7.92,8.044,,,
1981-11-28,7.92,8.061,,,
1981-11-30,7.917,8.085,,,
1981-12-01,7.918,8.08,,,
1981-12-02,7.855,8.08,,,
1981-12-03,7.746,8.021,,,
1981-12-04,7.658,7.943,,,
1981-12-05,7.658,7.944,,,
1981-12-07,7.642,7.896,,,
1981-12-08,7.608,7.867,,,
1981-12-09,7.584,7.847,,,
1981-12-10,7.557,7.831,,,
1981-12-11,7.558,7.836,,,
1981-12-12,7.558,7.842,,,
1981-12-14,7.578,7.865,,,
1981-12-15,7.578,7.864,,,
1981-12-16,7.579,7.866,,,
1981-12-17,7.578,7.883,,,
1981-12-18,7.579,7.885,,,
1981-12-21,7.607,7.913,,,
1981-12-22,7.607,7.972,,,
1981-12-23,7.558,7.974,,,
1981-12-24,7.559,7.975,,,
1981-12-25,7.559,8.018,,,
1981-12-26,7.56,8.003,,,
1981-12-28,7.514,7.963,,,
1982-01-04,7.497,7.957,,,
1982-01-05,7.497,7.974,,,
1982-01-06,7.498,7.993,,,
1982-01-07,7.474,7.984,,,
1982-01-08,7.414,7.931,,,
1982-01-09,7.362,7.894,,,
1982-01-11,7.312,7.846,,,
1982-01-12,7.312,7.848,,,
1982-01-13,7.312,7.849,,,
1982-01-14,7.313,7.841,,,
1982-01-18,7.312,7.856,,,
1982-01-19,7.343,7.875,,,
1982-01-20,7.343,7.877,,,
1982-01-21,7.364,7.88,,,
1982-01-22,7.364,7.881,,,
1982-01-23,7.364,7.883,,,
1982-01-25,7.411,7.914,,,
1982-01-26,7.459,7.951,,,
1982-01-27,7.459,7.953,,,
1982-01-28,7.46,7.968,,,
1982-01-29,7.461,7.963,,,
1982-01-30,7.435,7.947,,,
1982-02-01,7.437,7.947,,,
1982-02-02,7.469,8.011,,,
1982-02-03,7.535,8.038,,,
1982-02-04,7.535,8.058,,,
1982-02-05,7.535,8.05,,,
1982-02-06,7.536,8.044,,,
1982-02-08,7.537,8.047,,,
1982-02-09,7.587,8.048,,,
1982-02-10,7.614,8.057,,,
1982-02-12,7.636,8.085,,,
1982-02-13,7.637,8.086,,,
1982-02-15,7.637,8.072,,,
1982-02-16,7.638,8.08,,,
1982-02-17,7.622,8.039,,,
1982-02-18,7.589,8.024,,,
1982-02-19,7.503,7.975,,,
1982-02-22,7.401,7.795,,,
1982-02-23,7.418,7.816,,,
1982-02-24,7.419,7.821,,,
1982-02-25,7.421,7.803,,,
1982-02-26,7.42,7.824,,,
1982-02-27,7.419,7.827,,,
1982-03-01,7.425,7.827,,,
1982-03-02,7.387,7.812,,,
1982-03-03,7.334,7.797,,,
1982-03-04,7.308,7.756,,,
1982-03-05,7.224,7.697,,,
1982-03-06,7.227,7.68,,,
1982-03-08,7.139,7.625,,,
1982-03-09,7.131,7.628,,,
1982-03-10,7.128,7.632,,,
1982-03-11,7.126,7.632,,,
1982-03-12,7.126,7.632,,,
1982-03-13,7.126,7.631,,,
1982-03-15,7.124,7.621,,,
1982-03-16,7.079,7.569,,,
1982-03-17,7.082,7.534,,,
1982-03-18,7.039,7.451,,,
1982-03-19,7.036,7.456,,,
1982-03-23,7.079,7.508,,,
1982-03-24,7.079,7.509,,,
1982-03-25,7.079,7.512,,,
1982-03-26,7.084,7.494,,,
1982-03-27,7.084,7.496,,,
1982-03-29,7.128,7.518,,,
1982-03-30,7.128,7.519,,,
1982-03-31,7.128,7.52,,,
1982-04-01,7.19,7.538,,,
1982-04-02,7.19,7.521,,,
1982-04-03,7.189,7.522,,,
1982-04-05,7.188,7.543,,,
1982-04-06,7.215,7.568,,,
1982-04-07,7.214,7.57,,,
1982-04-08,7.214,7.574,,,
1982-04-09,7.213,7.578,,,
1982-04-10,7.213,7.579,,,
1982-04-12,7.212,7.582,,,
1982-04-13,7.19,7.565,,,
1982-04-14,7.19,7.567,,,
1982-04-15,7.19,7.577,,,
1982-04-16,7.139,7.599,,,
1982-04-19,7.138,7.612,,,
1982-04-20,7.139,7.614,,,
1982-04-21,7.124,7.614,,,
1982-04-22,7.123,7.615,,,
1982-04-23,7.123,7.617,,,
1982-04-24,7.123,7.582,,,
1982-04-26,7.122,7.585,,,
1982-04-27,7.122,7.561,,,
1982-04-28,7.121,7.555,,,
1982-04-30,7.12,7.549,,,
1982-05-01,7.113,7.55,,,
1982-05-04,7.112,7.554,,,
1982-05-06,7.111,7.547,,,
1982-05-07,7.079,7.521,,,
1982-05-08,7.078,7.523,,,
1982-05-10,7.077,7.526,,,
1982-05-11,7.082,7.537,,,
1982-05-12,7.081,7.529,,,
1982-05-13,7.08,7.53,,,
1982-05-14,7.101,7.542,,,
1982-05-17,7.11,7.554,,,
1982-05-18,7.169,7.609,,,
1982-05-19,7.217,7.645,,,
1982-05-20,7.214,7.664,,,
1982-05-21,7.218,7.599,,,
1982-05-22,7.22,7.608,,,
1982-05-24,7.26,7.646,,,
1982-05-25,7.351,7.74,,,
1982-05-26,7.444,7.829,,,
1982-05-27,7.538,7.932,,,
1982-05-28,7.538,7.934,,,
1982-05-29,7.555,7.957,,,
1982-05-31,7.597,7.97,,,
1982-06-01,7.641,8.039,,,
1982-06-02,7.693,8.069,,,
1982-06-03,7.778,8.133,,,
1982-06-04,7.844,8.175,,,
1982-06-05,7.913,8.183,,,
1982-06-07,7.913,8.219,,,
1982-06-08,7.914,8.221,,,
1982-06-09,7.962,8.304,,,
1982-06-10,7.96,8.408,,,
1982-06-11,7.962,8.394,,,
1982-06-12,7.964,8.35,,,
1982-06-14,7.966,8.352,,,
1982-06-15,7.965,8.391,,,
1982-06-16,7.961,8.435,,,
1982-06-17,8.036,8.505,,,
1982-06-18,8.05,8.54,,,
1982-06-21,8.051,8.568,,,
1982-06-22,8.051,8.587,,,
1982-06-23,8.053,8.59,,,
1982-06-24,8.057,8.537,,,
1982-06-25,8.104,8.597,,,
1982-06-26,8.103,8.623,,,
1982-06-28,8.134,8.628,,,
1982-06-29,8.135,8.63,,,
1982-06-30,8.138,8.588,,,
1982-07-01,8.153,8.591,,,
1982-07-02,8.157,8.574,,,
1982-07-03,8.159,8.57,,,
1982-07-05,8.163,8.554,,,
1982-07-06,8.164,8.553,,,
1982-07-07,8.165,8.58,,,
1982-07-08,8.166,8.599,,,
1982-07-09,8.169,8.582,,,
1982-07-10,8.124,8.548,,,
1982-07-12,8.078,8.505,,,
1982-07-13,8.064,8.506,,,
1982-07-14,8.065,8.508,,,
1982-07-15,8.066,8.51,,,
1982-07-16,8.081,8.534,,,
1982-07-19,8.038,8.471,,,
1982-07-20,8.039,8.472,,,
1982-07-21,8.04,8.474,,,
1982-07-22,7.99,8.483,,,
1982-07-23,7.992,8.493,,,
1982-07-24,7.993,8.487,,,
1982-07-26,7.994,8.487,,,
1982-07-27,7.994,8.507,,,
1982-07-28,7.995,8.506,,,
1982-07-29,7.996,8.508,,,
1982-07-30,7.998,8.491,,,
1982-07-31,7.999,8.468,,,
1982-08-02,8.001,8.471,,,
1982-08-03,7.969,8.429,,,
1982-08-04,7.97,8.439,,,
1982-08-05,7.97,8.481,,,
1982-08-06,7.97,8.5,,,
1982-08-07,7.998,8.542,,,
1982-08-09,8.0,8.571,,,
1982-08-10,8.0,8.614,,,
1982-08-11,8.05,8.683,,,
1982-08-12,8.095,8.685,,,
1982-08-13,8.097,8.668,,,
1982-08-14,8.098,8.603,,,
1982-08-16,8.1,8.603,,,
1982-08-17,8.101,8.647,,,
1982-08-18,8.053,8.547,,,
1982-08-19,7.96,8.445,,,
1982-08-20,7.941,8.437,,,
1982-08-23,7.959,8.391,,,
1982-08-24,7.967,8.411,,,
1982-08-25,7.994,8.417,,,
1982-08-26,7.969,8.4,,,
1982-08-27,7.967,8.387,,,
1982-08-28,7.967,8.403,,,
1982-08-30,7.967,8.419,,,
1982-08-31,7.986,8.444,,,
1982-09-01,7.956,8.416,,,
1982-09-02,7.956,8.418,,,
1982-09-03,7.956,8.411,,,
1982-09-04,7.957,8.399,,,
1982-09-06,7.958,8.41,,,
1982-09-07,7.959,8.399,,,
1982-09-08,7.959,8.395,,,
1982-09-09,7.96,8.388,,,
1982-09-10,7.97,8.413,,,
1982-09-11,7.988,8.439,,,
1982-09-13,7.99,8.44,,,
1982-09-14,7.99,8.442,,,
1982-09-16,8.005,8.461,,,
1982-09-17,8.006,8.461,,,
1982-09-20,8.016,8.474,,,
1982-09-21,8.045,8.493,,,
1982-09-22,8.037,8.484,,,
1982-09-24,8.02,8.469,,,
1982-09-25,8.02,8.471,,,
1982-09-27,8.022,8.481,,,
1982-09-28,8.055,8.529,,,
1982-09-29,8.027,8.488,,,
1982-09-30,8.028,8.49,,,
1982-10-01,8.028,8.499,,,
1982-10-02,8.049,8.509,,,
1982-10-04,8.055,8.521,,,
1982-10-05,8.087,8.562,,,
1982-10-06,8.113,8.595,,,
1982-10-07,8.099,8.579,,,
1982-10-08,8.056,8.514,,,
1982-10-09,8.037,8.499,,,
1982-10-12,8.049,8.51,,,
1982-10-13,8.054,8.526,,,
1982-10-14,8.055,8.536,,,
1982-10-15,8.056,8.513,,,
1982-10-18,8.042,8.508,,,
1982-10-19,8.043,8.509,,,
1982-10-20,8.043,8.509,,,
1982-10-21,8.033,8.518,,,
1982-10-22,8.013,8.52,,,
1982-10-23,8.014,8.529,,,
1982-10-25,8.015,8.548,,,
1982-10-26,8.015,8.559,,,
1982-10-27,8.016,8.558,,,
1982-10-28,8.016,8.559,,,
1982-10-29,8.001,8.561,,,
1982-10-30,7.991,8.551,,,
1982-11-01,7.991,8.554,,,
1982-11-02,7.969,8.538,,,
1982-11-04,7.97,8.53,,,
1982-11-05,7.971,8.524,,,
1982-11-06,7.956,8.5,,,
1982-11-08,7.957,8.5,,,
1982-11-09,7.931,8.502,,,
1982-11-10,7.932,8.47,,,
1982-11-11,7.932,8.446,,,
1982-11-12,7.933,8.43,,,
1982-11-13,7.934,8.387,,,
1982-11-15,7.935,8.416,,,
1982-11-16,7.935,8.448,,,
1982-11-17,7.936,8.434,,,
1982-11-18,7.937,8.433,,,
1982-11-19,7.943,8.418,,,
1982-11-22,7.837,8.399,,,
1982-11-24,7.837,8.383,,,
1982-11-25,7.84,8.369,,,
1982-11-26,7.84,8.36,,,
1982-11-27,7.826,8.34,,,
1982-11-29,7.795,8.306,,,
1982-11-30,7.75,8.219,,,
1982-12-01,7.624,8.027,,,
1982-12-02,7.536,7.951,,,
1982-12-03,7.518,7.947,,,
1982-12-04,7.503,7.949,,,
1982-12-06,7.514,7.97,,,
1982-12-07,7.428,7.892,,,
1982-12-08,7.304,7.872,,,
1982-12-09,7.317,7.889,,,
1982-12-10,7.402,7.952,,,
1982-12-11,7.403,7.95,,,
1982-12-13,7.42,7.955,,,
1982-12-14,7.401,7.937,,,
1982-12-15,7.342,7.904,,,
1982-12-16,7.282,7.892,,,
1982-12-17,7.299,7.933,,,
1982-12-20,7.257,7.931,,,
1982-12-21,7.239,7.913,,,
1982-12-22,7.116,7.844,,,
1982-12-23,7.116,7.792,,,
1982-12-24,7.015,7.725,,,
1982-12-25,7.065,7.744,,,
1982-12-27,7.063,7.746,,,
1982-12-28,7.065,7.721,,,
1983-01-04,6.917,7.597,,,
1983-01-05,6.922,7.59,,,
1983-01-06,6.941,7.631,,,
1983-01-07,6.939,7.632,,,
1983-01-08,6.938,7.634,,,
1983-01-10,6.871,7.608,,,
1983-01-11,6.824,7.591,,,
1983-01-12,6.808,7.582,,,
1983-01-13,6.729,7.562,,,
1983-01-14,6.698,7.511,,,
1983-01-17,6.699,7.505,,,
1983-01-18,6.719,7.506,,,
1983-01-19,6.8,7.583,,,
1983-01-20,6.856,7.654,,,
1983-01-21,6.918,7.717,,,
1983-01-22,7.106,7.852,,,
1983-01-24,7.298,7.982,,,
1983-01-25,7.348,7.997,,,
1983-01-26,7.16,7.853,,,
1983-01-27,7.164,7.853,,,
1983-01-28,7.061,7.854,,,
1983-01-29,7.091,7.856,,,
1983-01-31,7.143,7.897,,,
1983-02-01,7.143,7.881,,,
1983-02-02,7.063,7.873,,,
1983-02-03,7.069,7.873,,,
1983-02-04,7.068,7.856,,,
1983-02-05,7.068,7.865,,,
1983-02-07,7.067,7.865,,,
1983-02-08,7.05,7.858,,,
1983-02-09,7.034,7.841,,,
1983-02-10,7.024,7.824,,,
1983-02-12,7.007,7.732,,,
1983-02-14,6.99,7.706,,,
1983-02-15,6.968,7.671,,,
1983-02-16,6.941,7.655,,,
1983-02-17,6.951,7.674,,,
1983-02-18,6.998,7.735,,,
1983-02-21,7.016,7.759,,,
1983-02-22,7.035,7.791,,,
1983-02-23,7.06,7.822,,,
1983-02-24,7.03,7.807,,,
1983-02-25,6.996,7.772,,,
1983-02-26,6.956,7.739,,,
1983-02-28,6.957,7.758,,,
1983-03-01,6.981,7.793,,,
1983-03-02,6.981,7.79,,,
1983-03-03,6.98,7.791,,,
1983-03-04,7.008,7.81,,,
1983-03-05,7.023,7.818,,,
1983-03-07,7.027,7.817,,,
1983-03-08,7.065,7.841,,,
1983-03-09,7.115,7.888,,,
1983-03-10,7.112,7.896,,,
1983-03-11,7.15,7.94,,,
1983-03-12,7.177,7.957,,,
1983-03-14,7.175,7.958,,,
1983-03-15,7.176,7.936,,,
1983-03-16,7.156,7.921,,,
1983-03-17,7.161,7.913,,,
1983-03-18,7.092,7.856,,,
1983-03-22,7.05,7.809,,,
1983-03-23,7.05,7.809,,,
1983-03-24,7.05,7.803,,,
1983-03-25,7.005,7.771,,,
1983-03-26,7.002,7.776,,,
1983-03-28,7.0,7.779,,,
1983-03-29,7.004,7.786,,,
1983-03-30,7.003,7.788,,,
1983-03-31,7.002,7.79,,,
1983-04-01,6.979,7.76,,,
1983-04-02,6.958,7.744,,,
1983-04-04,6.961,7.747,,,
1983-04-05,6.96,7.756,,,
1983-04-06,6.959,7.749,,,
1983-04-07,6.929,7.732,,,
1983-04-08,6.929,7.75,,,
1983-04-09,6.907,7.744,,,
1983-04-11,6.911,7.745,,,
1983-04-12,6.888,7.747,,,
1983-04-13,6.885,7.749,,,
1983-04-14,6.889,7.765,,,
1983-04-15,6.888,7.782,,,
1983-04-18,6.89,7.787,,,
1983-04-19,6.889,7.787,,,
1983-04-20,6.888,7.788,,,
1983-04-21,6.907,7.823,,,
1983-04-22,6.892,7.817,,,
1983-04-23,6.891,7.817,,,
1983-04-25,6.864,7.803,,,
1983-04-26,6.863,7.805,,,
1983-04-27,6.862,7.807,,,
1983-04-28,6.845,7.792,,,
1983-04-30,6.843,7.792,,,
1983-05-02,6.846,7.778,,,
1983-05-04,6.829,7.755,,,
1983-05-06,6.799,7.733,,,
1983-05-07,6.771,7.698,,,
1983-05-09,6.754,7.674,,,
1983-05-10,6.753,7.668,,,
1983-05-11,6.752,7.67,,,
1983-05-12,6.771,7.687,,,
1983-05-13,6.77,7.696,,,
1983-05-14,6.774,7.715,,,
1983-05-16,6.794,7.741,,,
1983-05-17,6.804,7.751,,,
1983-05-18,6.824,7.778,,,
1983-05-19,6.834,7.831,,,
1983-05-20,6.814,7.814,,,
1983-05-23,6.931,7.837,,,
1983-05-24,6.946,7.821,,,
1983-05-25,6.928,7.794,,,
1983-05-26,6.926,7.788,,,
1983-05-27,6.955,7.822,,,
1983-05-28,6.971,7.848,,,
1983-05-30,6.989,7.884,,,
1983-05-31,6.989,7.885,,,
1983-06-01,7.017,7.927,,,
1983-06-02,6.993,7.898,,,
1983-06-03,6.993,7.898,,,
1983-06-04,6.99,7.899,,,
1983-06-06,6.976,7.912,,,
1983-06-07,6.976,7.906,,,
1983-06-08,7.001,7.932,,,
1983-06-09,7.001,7.934,,,
1983-06-10,6.976,7.916,,,
1983-06-11,6.929,7.865,,,
1983-06-13,6.934,7.837,,,
1983-06-14,6.914,7.813,,,
1983-06-15,6.91,7.84,,,
1983-06-16,6.93,7.857,,,
1983-06-17,6.906,7.823,,,
1983-06-20,6.877,7.818,,,
1983-06-21,6.866,7.795,,,
1983-06-22,6.865,7.793,,,
1983-06-23,6.864,7.802,,,
1983-06-24,6.849,7.785,,,
1983-06-25,6.839,7.769,,,
1983-06-27,6.842,7.771,,,
1983-06-28,6.852,7.798,,,
1983-06-29,6.861,7.814,,,
1983-06-30,6.851,7.809,,,
1983-07-01,6.835,7.793,,,
1983-07-02,6.834,7.802,,,
1983-07-04,6.833,7.802,,,
1983-07-05,6.837,7.82,,,
1983-07-06,6.856,7.855,,,
1983-07-07,6.837,7.838,,,
1983-07-08,6.856,7.854,,,
1983-07-09,6.855,7.874,,,
1983-07-11,6.859,7.881,,,
1983-07-12,6.858,7.883,,,
1983-07-13,6.857,7.891,,,
1983-07-14,6.862,7.892,,,
1983-07-15,6.861,7.893,,,
1983-07-18,6.854,7.884,,,
1983-07-19,6.834,7.868,,,
1983-07-20,6.829,7.87,,,
1983-07-21,6.828,7.871,,,
1983-07-22,6.858,7.887,,,
1983-07-23,6.867,7.907,,,
1983-07-25,6.885,7.907,,,
1983-07-26,6.884,7.883,,,
1983-07-27,6.899,7.885,,,
1983-07-28,6.913,7.894,,,
1983-07-29,6.955,7.911,,,
1983-07-30,6.985,7.921,,,
1983-08-01,7.016,7.939,,,
1983-08-02,7.015,7.941,,,
1983-08-03,7.015,7.924,,,
1983-08-04,7.015,7.915,,,
1983-08-05,7.02,7.924,,,
1983-08-06,7.019,7.925,,,
1983-08-08,7.018,7.925,,,
1983-08-09,7.038,7.934,,,
1983-08-10,7.048,7.935,,,
1983-08-11,7.096,7.944,,,
1983-08-12,7.079,7.945,,,
1983-08-15,7.035,7.913,,,
1983-08-16,7.034,7.904,,,
1983-08-17,7.034,7.888,,,
1983-08-18,7.022,7.881,,,
1983-08-19,7.033,7.89,,,
1983-08-20,7.007,7.873,,,
1983-08-22,7.003,7.88,,,
1983-08-23,6.977,7.856,,,
1983-08-24,6.967,7.837,,,
1983-08-25,6.985,7.834,,,
1983-08-26,6.984,7.823,,,
1983-08-27,6.984,7.824,,,
1983-08-29,6.999,7.828,,,
1983-08-30,6.99,7.821,,,
1983-08-31,6.972,7.804,,,
1983-09-01,6.976,7.802,,,
1983-09-02,6.956,7.794,,,
1983-09-03,6.939,7.775,,,
1983-09-05,6.941,7.767,,,
1983-09-06,6.922,7.751,,,
1983-09-07,6.921,7.747,,,
1983-09-08,6.891,7.722,,,
1983-09-09,6.857,7.676,,,
1983-09-12,6.834,7.634,,,
1983-09-13,6.86,7.676,,,
1983-09-14,6.876,7.685,,,
1983-09-16,6.875,7.684,,,
1983-09-17,6.852,7.677,,,
1983-09-19,6.828,7.653,,,
1983-09-20,6.828,7.651,,,
1983-09-21,6.818,7.653,,,
1983-09-22,6.817,7.653,,,
1983-09-24,6.782,7.612,,,
1983-09-26,6.758,7.585,,,
1983-09-27,6.758,7.579,,,
1983-09-28,6.784,7.604,,,
1983-09-29,6.784,7.605,,,
1983-09-30,6.769,7.587,,,
1983-10-01,6.739,7.564,,,
1983-10-03,6.713,7.511,,,
1983-10-04,6.723,7.525,,,
1983-10-05,6.706,7.489,,,
1983-10-06,6.659,7.421,,,
1983-10-07,6.638,7.404,,,
1983-10-11,6.668,7.419,,,
1983-10-12,6.707,7.452,,,
1983-10-13,6.736,7.459,,,
1983-10-14,6.801,7.512,,,
1983-10-15,6.785,7.496,,,
1983-10-17,6.747,7.479,,,
1983-10-18,6.736,7.472,,,
1983-10-19,6.766,7.487,,,
1983-10-20,6.749,7.48,,,
1983-10-21,6.707,7.462,,,
1983-10-22,6.711,7.472,,,
1983-10-24,6.698,7.488,,,
1983-10-25,6.702,7.49,,,
1983-10-26,6.679,7.492,,,
1983-10-27,6.673,7.491,,,
1983-10-28,6.651,7.492,,,
1983-10-29,6.649,7.501,,,
1983-10-31,6.651,7.502,,,
1983-11-01,6.65,7.502,,,
1983-11-02,6.643,7.475,,,
1983-11-04,6.64,7.465,,,
1983-11-05,6.644,7.466,,,
1983-11-07,6.641,7.474,,,
1983-11-08,6.644,7.475,,,
1983-11-09,6.653,7.475,,,
1983-11-10,6.651,7.458,,,
1983-11-11,6.671,7.439,,,
1983-11-14,6.672,7.431,,,
1983-11-15,6.671,7.424,,,
1983-11-16,6.669,7.415,,,
1983-11-17,6.673,7.405,,,
1983-11-18,6.646,7.371,,,
1983-11-19,6.629,7.356,,,
1983-11-21,6.551,7.354,,,
1983-11-22,6.558,7.372,,,
1983-11-24,6.576,7.399,,,
1983-11-25,6.602,7.408,,,
1983-11-26,6.591,7.37,,,
1983-11-28,6.588,7.353,,,
1983-11-29,6.592,7.337,,,
1983-11-30,6.566,7.292,,,
1983-12-01,6.564,7.274,,,
1983-12-02,6.568,7.273,,,
1983-12-03,6.567,7.273,,,
1983-12-05,6.565,7.274,,,
1983-12-06,6.568,7.266,,,
1983-12-07,6.567,7.258,,,
1983-12-08,6.53,7.216,,,
1983-12-09,6.484,7.178,,,
1983-12-12,6.523,7.209,,,
1983-12-13,6.523,7.202,,,
1983-12-14,6.53,7.219,,,
1983-12-15,6.524,7.194,,,
1983-12-16,6.501,7.194,,,
1983-12-17,6.49,7.185,,,
1983-12-19,6.492,7.185,,,
1983-12-20,6.467,7.176,,,
1983-12-21,6.449,7.168,,,
1983-12-22,6.43,7.162,,,
1983-12-23,6.404,7.154,,,
1983-12-24,6.401,7.182,,,
1983-12-26,6.405,7.183,,,
1983-12-27,6.403,7.183,,,
1983-12-28,6.383,7.168,,,
1984-01-04,6.391,7.169,,,
1984-01-05,6.408,7.196,,,
1984-01-06,6.457,7.239,,,
1984-01-07,6.441,7.223,,,
1984-01-09,6.469,7.257,,,
1984-01-10,6.498,7.284,,,
1984-01-11,6.498,7.278,,,
1984-01-12,6.461,7.242,,,
1984-01-13,6.446,7.225,,,
1984-01-17,6.439,7.19,,,
1984-01-18,6.422,7.18,,,
1984-01-19,6.37,7.135,,,
1984-01-20,6.374,7.136,,,
1984-01-21,6.373,7.153,,,
1984-01-23,6.376,7.154,,,
1984-01-24,6.375,7.162,,,
1984-01-25,6.375,7.145,,,
1984-01-26,6.358,7.146,,,
1984-01-27,6.31,7.137,,,
1984-01-28,6.293,7.127,,,
1984-01-30,6.291,7.128,,,
1984-01-31,6.295,7.138,,,
1984-02-01,6.283,7.155,,,
1984-02-02,6.292,7.163,,,
1984-02-03,6.276,7.157,,,
1984-02-04,6.259,7.147,,,
1984-02-06,6.252,7.148,,,
1984-02-07,6.23,7.139,,,
1984-02-08,6.224,7.123,,,
1984-02-09,6.202,7.096,,,
1984-02-10,6.227,7.114,,,
1984-02-13,6.24,7.115,,,
1984-02-14,6.271,7.123,,,
1984-02-15,6.27,7.113,,,
1984-02-16,6.264,7.087,,,
1984-02-17,6.253,7.043,,,
1984-02-18,6.263,7.054,,,
1984-02-20,6.295,7.08,,,
1984-02-21,6.326,7.181,,,
1984-02-22,6.328,7.152,,,
1984-02-23,6.327,7.135,,,
1984-02-24,6.349,7.162,,,
1984-02-25,6.348,7.141,,,
1984-02-27,6.37,7.142,,,
1984-02-28,6.391,7.15,,,
1984-02-29,6.399,7.145,,,
1984-03-01,6.413,7.135,,,
1984-03-02,6.414,7.115,,,
1984-03-03,6.406,7.068,,,
1984-03-05,6.394,7.003,,,
1984-03-06,6.394,6.963,,,
1984-03-07,6.382,6.89,,,
1984-03-08,6.381,6.865,,,
1984-03-09,6.378,6.884,,,
1984-03-12,6.381,6.903,,,
1984-03-13,6.386,6.893,,,
1984-03-14,6.368,6.882,,,
1984-03-15,6.296,6.765,,,
1984-03-16,6.314,6.787,,,
1984-03-17,6.314,6.798,,,
1984-03-19,6.315,6.824,,,
1984-03-21,6.319,6.863,,,
1984-03-22,6.302,6.872,,,
1984-03-23,6.304,6.9,,,
1984-03-24,6.305,6.892,,,
1984-03-26,6.301,6.854,,,
1984-03-27,6.293,6.809,,,
1984-03-28,6.286,6.809,,,
1984-03-29,6.285,6.791,,,
1984-03-30,6.283,6.801,,,
1984-03-31,6.285,6.783,,,
1984-04-02,6.256,6.766,,,
1984-04-03,6.275,6.786,,,
1984-04-04,6.311,6.841,,,
1984-04-05,6.319,6.86,,,
1984-04-06,6.352,6.897,,,
1984-04-07,6.33,6.881,,,
1984-04-09,6.332,6.881,,,
1984-04-10,6.31,6.872,,,
1984-04-11,6.263,6.809,,,
1984-04-12,6.246,6.793,,,
1984-04-13,6.245,6.794,,,
1984-04-16,6.256,6.805,,,
1984-04-17,6.252,6.824,,,
1984-04-18,6.225,6.806,,,
1984-04-19,6.234,6.826,,,
1984-04-20,6.238,6.836,,,
1984-04-21,6.216,6.817,,,
1984-04-23,6.207,6.808,,,
1984-04-24,6.221,6.818,,,
1984-04-25,6.219,6.827,,,
1984-04-26,6.238,6.856,,,
1984-04-27,6.257,6.873,,,
1984-04-28,6.308,6.902,,,
1984-05-01,6.361,6.928,,,
1984-05-02,6.38,6.947,,,
1984-05-04,6.34,6.921,,,
1984-05-07,6.43,6.992,,,
1984-05-08,6.486,7.047,,,
1984-05-09,6.48,7.037,,,
1984-05-10,6.51,7.063,,,
1984-05-11,6.508,7.063,,,
1984-05-14,6.541,7.089,,,
1984-05-15,6.561,7.108,,,
1984-05-16,6.57,7.098,,,
1984-05-17,6.59,7.124,,,
1984-05-18,6.669,7.203,,,
1984-05-19,6.646,7.176,,,
1984-05-21,6.615,7.198,,,
1984-05-22,6.627,7.189,,,
1984-05-23,6.651,7.219,,,
1984-05-24,6.647,7.22,,,
1984-05-25,6.674,7.25,,,
1984-05-26,6.769,7.333,,,
1984-05-28,6.78,7.324,,,
1984-05-29,6.793,7.323,,,
1984-05-30,6.922,7.418,,,
1984-05-31,6.958,7.427,,,
1984-06-01,6.894,7.362,,,
1984-06-02,6.835,7.291,,,
1984-06-04,6.837,7.252,,,
1984-06-05,6.816,7.19,,,
1984-06-06,6.835,7.224,,,
1984-06-07,6.828,7.213,,,
1984-06-08,6.796,7.209,,,
1984-06-11,6.779,7.192,,,
1984-06-12,6.766,7.2,,,
1984-06-13,6.775,7.225,,,
1984-06-14,6.769,7.219,,,
1984-06-15,6.769,7.218,,,
1984-06-16,6.767,7.228,,,
1984-06-18,6.77,7.229,,,
1984-06-19,6.77,7.229,,,
1984-06-20,6.788,7.241,,,
1984-06-21,6.796,7.264,,,
1984-06-22,6.799,7.281,,,
1984-06-23,6.817,7.328,,,
1984-06-25,6.844,7.368,,,
1984-06-26,6.825,7.344,,,
1984-06-27,6.809,7.324,,,
1984-06-28,6.81,7.325,,,
1984-06-29,6.789,7.305,,,
1984-06-30,6.783,7.298,,,
1984-07-02,6.78,7.312,,,
1984-07-03,6.788,7.33,,,
1984-07-04,6.772,7.312,,,
1984-07-05,6.761,7.302,,,
1984-07-06,6.764,7.32,,,
1984-07-07,6.763,7.319,,,
1984-07-09,6.751,7.327,,,
1984-07-10,6.714,7.298,,,
1984-07-11,6.696,7.297,,,
1984-07-12,6.686,7.29,,,
1984-07-13,6.669,7.28,,,
1984-07-16,6.64,7.242,,,
1984-07-17,6.65,7.251,,,
1984-07-18,6.669,7.276,,,
1984-07-19,6.679,7.285,,,
1984-07-20,6.709,7.303,,,
1984-07-21,6.739,7.329,,,
1984-07-23,6.769,7.337,,,
1984-07-24,6.763,7.336,,,
1984-07-25,6.752,7.319,,,
1984-07-26,6.731,7.273,,,
1984-07-27,6.736,7.263,,,
1984-07-28,6.756,7.272,,,
1984-07-30,6.755,7.27,,,
1984-07-31,6.749,7.26,,,
1984-08-01,6.759,7.269,,,
1984-08-02,6.748,7.251,,,
1984-08-03,6.722,7.186,,,
1984-08-04,6.675,7.105,,,
1984-08-06,6.658,7.077,,,
1984-08-07,6.699,7.121,,,
1984-08-08,6.687,7.12,,,
1984-08-09,6.671,7.102,,,
1984-08-10,6.66,7.083,,,
1984-08-13,6.673,7.09,,,
1984-08-14,6.635,7.083,,,
1984-08-15,6.586,7.044,,,
1984-08-16,6.585,7.043,,,
1984-08-17,6.547,7.026,,,
1984-08-18,6.509,6.99,,,
1984-08-20,6.504,6.984,,,
1984-08-21,6.495,7.019,,,
1984-08-22,6.495,7.009,,,
1984-08-23,6.496,6.992,,,
1984-08-24,6.484,6.983,,,
1984-08-25,6.483,6.983,,,
1984-08-27,6.484,6.991,,,
1984-08-28,6.481,7.011,,,
1984-08-29,6.471,7.007,,,
1984-08-30,6.461,6.999,,,
1984-08-31,6.46,7.009,,,
1984-09-01,6.453,6.995,,,
1984-09-03,6.411,6.958,,,
1984-09-04,6.396,6.957,,,
1984-09-05,6.395,6.968,,,
1984-09-06,6.405,6.998,,,
1984-09-07,6.389,6.981,,,
1984-09-10,6.389,7.0,,,
1984-09-11,6.368,6.985,,,
1984-09-12,6.339,6.985,,,
1984-09-13,6.342,6.976,,,
1984-09-14,6.323,6.949,,,
1984-09-17,6.322,6.951,,,
1984-09-18,6.324,6.952,,,
1984-09-19,6.324,6.933,,,
1984-09-20,6.286,6.905,,,
1984-09-21,6.297,6.847,,,
1984-09-22,6.306,6.866,,,
1984-09-25,6.319,6.903,,,
1984-09-26,6.355,6.932,,,
1984-09-27,6.349,6.913,,,
1984-09-28,6.35,6.884,,,
1984-09-29,6.348,6.884,,,
1984-10-01,6.331,6.868,,,
1984-10-02,6.335,6.859,,,
1984-10-03,6.323,6.85,,,
1984-10-04,6.319,6.824,,,
1984-10-05,6.324,6.797,,,
1984-10-06,6.315,6.806,,,
1984-10-08,6.319,6.814,,,
1984-10-09,6.357,6.824,,,
1984-10-11,6.33,6.798,,,
1984-10-12,6.32,6.778,,,
1984-10-15,6.316,6.77,,,
1984-10-16,6.316,6.774,,,
1984-10-17,6.335,6.797,,,
1984-10-18,6.319,6.778,,,
1984-10-19,6.279,6.704,,,
1984-10-20,6.223,6.628,,,
1984-10-22,6.195,6.636,,,
1984-10-23,6.179,6.599,,,
1984-10-24,6.178,6.601,,,
1984-10-25,6.214,6.704,,,
1984-10-26,6.226,6.733,,,
1984-10-27,6.224,6.723,,,
1984-10-29,6.227,6.685,,,
1984-10-30,6.214,6.694,,,
1984-10-31,6.218,6.669,,,
1984-11-01,6.197,6.631,,,
1984-11-02,6.171,6.539,,,
1984-11-05,6.166,6.531,,,
1984-11-06,6.184,6.549,,,
1984-11-07,6.162,6.53,,,
1984-11-08,6.191,6.588,,,
1984-11-09,6.174,6.56,,,
1984-11-12,6.194,6.577,,,
1984-11-13,6.188,6.542,,,
1984-11-14,6.186,6.542,,,
1984-11-15,6.226,6.588,,,
1984-11-16,6.235,6.569,,,
1984-11-17,6.234,6.56,,,
1984-11-19,6.273,6.563,,,
1984-11-20,6.258,6.542,,,
1984-11-21,6.264,6.567,,,
1984-11-22,6.246,6.546,,,
1984-11-24,6.243,6.538,,,
1984-11-26,6.232,6.51,,,
1984-11-27,6.206,6.48,,,
1984-11-28,6.197,6.48,,,
1984-11-29,6.167,6.433,,,
1984-11-30,6.158,6.432,,,
1984-12-01,6.165,6.443,,,
1984-12-03,6.157,6.425,,,
1984-12-04,6.133,6.413,,,
1984-12-05,6.112,6.402,,,
1984-12-06,6.138,6.423,,,
1984-12-07,6.143,6.425,,,
1984-12-10,6.16,6.447,,,
1984-12-11,6.169,6.463,,,
1984-12-12,6.188,6.491,,,
1984-12-13,6.147,6.443,,,
1984-12-14,6.149,6.453,,,
1984-12-15,6.147,6.452,,,
1984-12-17,6.134,6.442,,,
1984-12-18,6.117,6.434,,,
1984-12-19,6.084,6.409,,,
1984-12-20,6.069,6.41,,,
1984-12-21,6.048,6.41,,,
1984-12-22,6.045,6.41,,,
1984-12-24,6.046,6.428,,,
1984-12-25,6.036,6.427,,,
1984-12-26,6.022,6.406,,,
1984-12-27,6.011,6.398,,,
1984-12-28,5.989,6.399,,,
1985-01-04,5.997,6.426,,,
1985-01-05,6.02,6.473,,,
1985-01-07,6.025,6.501,,,
1985-01-08,5.982,6.465,,,
1985-01-09,5.951,6.464,,,
1985-01-10,5.955,6.472,,,
1985-01-11,5.953,6.471,,,
1985-01-14,5.954,6.47,,,
1985-01-16,5.947,6.471,,,
1985-01-17,5.945,6.469,,,
1985-01-18,5.944,6.469,,,
1985-01-19,5.937,6.471,,,
1985-01-21,5.915,6.443,,,
1985-01-22,5.919,6.434,,,
1985-01-23,5.917,6.433,,,
1985-01-24,5.916,6.435,,,
1985-01-25,5.9,6.418,,,
1985-01-26,5.888,6.409,,,
1985-01-28,5.881,6.399,,,
1985-01-29,5.885,6.401,,,
1985-01-30,5.883,6.4,,,
1985-01-31,5.893,6.392,,,
1985-02-01,5.922,6.392,,,
1985-02-02,5.941,6.412,,,
1985-02-04,5.97,6.441,,,
1985-02-05,6.02,6.469,,,
1985-02-06,6.04,6.468,,,
1985-02-07,6.138,6.507,,,
1985-02-08,6.352,6.584,,,
1985-02-12,6.499,6.703,,,
1985-02-13,6.558,6.683,,,
1985-02-14,6.519,6.591,,,
1985-02-15,6.434,6.498,,,
1985-02-16,6.386,6.497,,,
1985-02-18,6.39,6.498,,,
1985-02-19,6.405,6.5,,,
1985-02-20,6.455,6.561,,,
1985-02-21,6.437,6.611,,,
1985-02-22,6.544,6.663,,,
1985-02-23,6.639,6.762,,,
1985-02-25,6.593,6.711,,,
1985-02-26,6.547,6.652,,,
1985-02-27,6.55,6.63,,,
1985-02-28,6.583,6.669,,,
1985-03-01,6.576,6.668,,,
1985-03-02,6.544,6.648,,,
1985-03-04,6.492,6.618,,,
1985-03-05,6.532,6.645,,,
1985-03-06,6.573,6.665,,,
1985-03-07,6.622,6.692,,,
1985-03-08,6.556,6.664,,,
1985-03-11,6.558,6.651,,,
1985-03-12,6.537,6.638,,,
1985-03-13,6.541,6.617,,,
1985-03-14,6.548,6.615,,,
1985-03-15,6.579,6.633,,,
1985-03-16,6.579,6.631,,,
1985-03-18,6.584,6.63,,,
1985-03-19,6.604,6.639,,,
1985-03-20,6.586,6.63,,,
1985-03-22,6.545,6.577,,,
1985-03-23,6.564,6.588,,,
1985-03-25,6.549,6.586,,,
1985-03-26,6.544,6.578,,,
1985-03-27,6.505,6.548,,,
1985-03-28,6.489,6.538,,,
1985-03-29,6.486,6.528,,,
1985-03-30,6.506,6.538,,,
1985-04-01,6.513,6.549,,,
1985-04-02,6.522,6.559,,,
1985-04-03,6.511,6.549,,,
1985-04-04,6.506,6.54,,,
1985-04-05,6.515,6.55,,,
1985-04-06,6.524,6.559,,,
1985-04-08,6.523,6.559,,,
1985-04-09,6.523,6.539,,,
1985-04-10,6.538,6.547,,,
1985-04-11,6.525,6.526,,,
1985-04-12,6.494,6.507,,,
1985-04-15,6.478,6.489,,,
1985-04-16,6.488,6.488,,,
1985-04-17,6.499,6.489,,,
1985-04-18,6.509,6.498,,,
1985-04-19,6.463,6.454,,,
1985-04-20,6.484,6.462,,,
1985-04-22,6.477,6.478,,,
1985-04-23,6.477,6.48,,,
1985-04-24,6.477,6.487,,,
1985-04-25,6.486,6.497,,,
1985-04-26,6.506,6.516,,,
1985-04-27,6.5,6.506,,,
1985-04-30,6.498,6.505,,,
1985-05-01,6.483,6.495,,,
1985-05-02,6.482,6.487,,,
1985-05-04,6.47,6.476,,,
1985-05-07,6.474,6.475,,,
1985-05-08,6.462,6.467,,,
1985-05-09,6.456,6.466,,,
1985-05-10,6.455,6.456,,,
1985-05-13,6.448,6.446,,,
1985-05-14,6.426,6.436,,,
1985-05-15,6.43,6.438,,,
1985-05-16,6.43,6.437,,,
1985-05-17,6.45,6.447,,,
1985-05-18,6.45,6.446,,,
1985-05-20,6.414,6.428,,,
1985-05-21,6.464,6.418,,,
1985-05-22,6.438,6.388,,,
1985-05-23,6.443,6.387,,,
1985-05-24,6.42,6.381,,,
1985-05-25,6.401,6.363,,,
1985-05-27,6.4,6.373,,,
1985-05-28,6.412,6.383,,,
1985-05-29,6.408,6.386,,,
1985-05-30,6.407,6.386,,,
1985-05-31,6.411,6.387,,,
1985-06-01,6.397,6.378,,,
1985-06-03,6.401,6.379,,,
1985-06-04,6.36,6.355,,,
1985-06-05,6.33,6.349,,,
1985-06-06,6.331,6.348,,,
1985-06-07,6.355,6.37,,,
1985-06-10,6.374,6.383,,,
1985-06-11,6.376,6.362,,,
1985-06-12,6.383,6.36,,,
1985-06-13,6.401,6.378,,,
1985-06-14,6.383,6.359,,,
1985-06-15,6.362,6.348,,,
1985-06-17,6.361,6.348,,,
1985-06-18,6.358,6.351,,,
1985-06-19,6.362,6.34,,,
1985-06-20,6.371,6.34,,,
1985-06-21,6.349,6.314,,,
1985-06-22,6.317,6.312,,,
1985-06-24,6.319,6.293,,,
1985-06-25,6.325,6.292,,,
1985-06-26,6.313,6.283,,,
1985-06-27,6.31,6.273,,,
1985-06-28,6.319,6.274,,,
1985-06-29,6.317,6.275,,,
1985-07-01,6.305,6.266,,,
1985-07-02,6.29,6.269,,,
1985-07-03,6.289,6.268,,,
1985-07-04,6.287,6.27,,,
1985-07-05,6.287,6.271,,,
1985-07-06,6.261,6.243,,,
1985-07-08,6.24,6.236,,,
1985-07-09,6.254,6.246,,,
1985-07-10,6.235,6.229,,,
1985-07-11,6.216,6.211,,,
1985-07-12,6.209,6.222,,,
1985-07-15,6.19,6.213,,,
1985-07-16,6.208,6.223,,,
1985-07-17,6.207,6.223,,,
1985-07-18,6.207,6.223,,,
1985-07-19,6.18,6.205,,,
1985-07-20,6.168,6.195,,,
1985-07-22,6.176,6.205,,,
1985-07-23,6.159,6.198,,,
1985-07-24,6.167,6.206,,,
1985-07-25,6.187,6.225,,,
1985-07-26,6.205,6.253,,,
1985-07-27,6.25,6.292,,,
1985-07-29,6.263,6.301,,,
1985-07-30,6.32,6.347,,,
1985-07-31,6.293,6.311,,,
1985-08-01,6.273,6.264,,,
1985-08-02,6.272,6.264,,,
1985-08-03,6.275,6.274,,,
1985-08-05,6.273,6.275,,,
1985-08-06,6.262,6.265,,,
1985-08-07,6.267,6.265,,,
1985-08-08,6.235,6.246,,,
1985-08-09,6.238,6.248,,,
1985-08-12,6.225,6.228,,,
1985-08-13,6.219,6.23,,,
1985-08-14,6.218,6.229,,,
1985-08-15,6.201,6.211,,,
1985-08-16,6.179,6.201,,,
1985-08-17,6.163,6.194,,,
1985-08-19,6.145,6.184,,,
1985-08-20,6.142,6.185,,,
1985-08-21,6.13,6.151,,,
1985-08-22,6.102,6.13,,,
1985-08-23,6.109,6.13,,,
1985-08-24,6.118,6.138,,,
1985-08-26,6.134,6.149,,,
1985-08-27,6.117,6.138,,,
1985-08-28,6.093,6.129,,,
1985-08-29,6.077,6.12,,,
1985-08-30,6.1,6.139,,,
1985-08-31,6.127,6.159,,,
1985-09-02,6.136,6.169,,,
1985-09-03,6.135,6.17,,,
1985-09-04,6.136,6.17,,,
1985-09-05,6.117,6.154,,,
1985-09-06,6.145,6.172,,,
1985-09-07,6.173,6.191,,,
1985-09-09,6.162,6.181,,,
1985-09-10,6.153,6.163,,,
1985-09-11,6.162,6.162,,,
1985-09-12,6.171,6.164,,,
1985-09-13,6.156,6.126,,,
1985-09-17,6.13,6.089,,,
1985-09-18,6.14,6.1,,,
1985-09-19,6.159,6.1,,,
1985-09-20,6.14,6.073,,,
1985-09-21,6.139,6.075,,,
1985-09-24,6.07,5.981,,,
1985-09-25,6.045,5.944,,,
1985-09-26,6.098,6.006,,,
1985-09-27,6.094,5.998,,,
1985-09-28,6.075,5.98,,,
1985-09-30,6.064,5.971,,,
1985-10-01,6.044,5.934,,,
1985-10-02,6.02,5.855,,,
1985-10-03,6.041,5.9,,,
1985-10-04,6.086,5.954,,,
1985-10-05,6.15,6.002,,,
1985-10-07,6.179,6.039,,,
1985-10-08,6.152,5.982,,,
1985-10-09,6.152,5.985,,,
1985-10-11,6.171,6.002,,,
1985-10-14,6.165,5.973,,,
1985-10-15,6.153,5.945,,,
1985-10-16,6.162,5.943,,,
1985-10-17,6.151,5.933,,,
1985-10-18,6.131,5.895,,,
1985-10-19,6.114,5.878,,,
1985-10-21,6.114,5.878,,,
1985-10-22,6.133,5.906,,,
1985-10-23,6.133,5.907,,,
1985-10-24,6.162,5.926,,,
1985-10-25,6.638,6.484,,,
1985-10-26,6.765,6.596,,,
1985-10-28,6.907,6.829,,,
1985-10-29,6.861,6.784,,,
1985-10-30,6.831,6.756,,,
1985-10-31,6.831,6.756,,,
1985-11-01,6.967,6.87,,,
1985-11-02,6.92,6.823,,,
1985-11-05,6.873,6.779,,,
1985-11-06,6.858,6.733,,,
1985-11-07,6.809,6.688,,,
1985-11-08,6.895,6.733,,,
1985-11-11,6.961,6.782,,,
1985-11-12,6.976,6.781,,,
1985-11-13,7.081,6.873,,,
1985-11-14,7.224,6.985,,,
1985-11-15,7.252,6.957,,,
1985-11-16,7.253,6.865,,,
1985-11-18,7.293,6.867,,,
1985-11-19,7.327,6.824,,,
1985-11-20,7.235,6.721,,,
1985-11-21,7.017,6.501,,,
1985-11-22,6.932,6.399,,,
1985-11-25,6.884,6.366,,,
1985-11-26,6.786,6.274,,,
1985-11-27,6.796,6.319,,,
1985-11-28,6.758,6.282,,,
1985-11-29,6.748,6.273,,,
1985-11-30,6.739,6.265,,,
1985-12-02,6.74,6.267,,,
1985-12-03,6.737,6.268,,,
1985-12-04,6.689,6.262,,,
1985-12-05,6.638,6.274,,,
1985-12-06,6.638,6.282,,,
1985-12-07,6.619,6.283,,,
1985-12-09,6.6,6.286,,,
1985-12-10,6.539,6.275,,,
1985-12-11,6.459,6.192,,,
1985-12-12,6.459,6.192,,,
1985-12-13,6.46,6.202,,,
1985-12-16,6.27,6.062,,,
1985-12-17,6.23,6.06,,,
1985-12-18,6.214,6.045,,,
1985-12-19,6.214,6.073,,,
1985-12-20,6.121,6.058,,,
1985-12-21,6.123,6.058,,,
1985-12-23,6.093,6.058,,,
1985-12-24,6.057,5.998,,,
1985-12-25,6.041,6.002,,,
1985-12-26,6.011,5.974,,,
1985-12-27,5.932,5.949,,,
1985-12-28,5.912,5.93,,,
1986-01-04,5.916,5.936,,,
1986-01-06,5.923,5.966,,,
1986-01-07,5.923,5.986,,,
1986-01-08,5.887,5.938,,,
1986-01-09,5.922,5.977,,,
1986-01-10,5.994,6.083,,,
1986-01-13,5.994,6.085,,,
1986-01-14,5.996,6.049,,,
1986-01-16,6.003,6.011,,,
1986-01-17,6.013,6.022,,,
1986-01-18,6.039,6.051,,,
1986-01-20,6.136,6.116,,,
1986-01-21,6.137,6.068,,,
1986-01-22,6.143,6.07,,,
1986-01-23,6.148,6.099,,,
1986-01-24,6.154,6.083,,,
1986-01-25,6.036,5.994,,,
1986-01-27,6.056,6.013,,,
1986-01-28,6.056,6.012,,,
1986-01-29,5.995,5.966,,,
1986-01-30,5.941,5.95,,,
1986-01-31,5.866,5.912,,,
1986-02-01,5.866,5.905,,,
1986-02-03,5.85,5.838,,,
1986-02-04,5.86,5.84,,,
1986-02-05,5.875,5.849,,,
1986-02-06,5.881,5.83,,,
1986-02-07,5.892,5.841,,,
1986-02-10,5.911,5.813,,,
1986-02-12,5.874,5.756,,,
1986-02-13,5.895,5.738,,,
1986-02-14,5.852,5.711,,,
1986-02-15,5.857,5.662,,,
1986-02-17,5.845,5.617,,,
1986-02-18,5.829,5.54,,,
1986-02-19,5.823,5.513,,,
1986-02-20,5.748,5.482,,,
1986-02-21,5.74,5.433,,,
1986-02-22,5.667,5.404,,,
1986-02-24,5.619,5.404,,,
1986-02-25,5.562,5.377,,,
1986-02-26,5.519,5.328,,,
1986-02-27,5.418,5.233,,,
1986-02-28,5.329,5.237,,,
1986-03-01,5.333,5.245,,,
1986-03-03,5.332,5.245,,,
1986-03-04,5.311,5.243,,,
1986-03-05,5.31,5.244,,,
1986-03-06,5.25,5.147,,,
1986-03-07,5.201,5.148,,,
1986-03-10,5.171,5.149,,,
1986-03-11,5.055,5.051,,,
1986-03-12,4.959,4.963,,,
1986-03-13,4.928,4.961,,,
1986-03-14,4.957,5.007,,,
1986-03-15,4.928,4.961,,,
1986-03-17,4.901,4.943,,,
1986-03-18,4.9,4.959,,,
1986-03-19,4.918,4.988,,,
1986-03-20,4.898,4.963,,,
1986-03-22,4.843,4.854,,,
1986-03-24,4.82,4.806,,,
1986-03-25,4.822,4.832,,,
1986-03-26,4.812,4.831,,,
1986-03-27,4.79,4.786,,,
1986-03-28,4.813,4.788,,,
1986-03-29,4.842,4.854,,,
1986-03-31,4.834,4.809,,,
1986-04-01,4.842,4.825,,,
1986-04-02,4.841,4.832,,,
1986-04-03,4.859,4.854,,,
1986-04-04,4.96,4.993,,,
1986-04-05,4.964,4.993,,,
1986-04-07,4.958,5.044,,,
1986-04-08,4.973,5.067,,,
1986-04-09,4.974,5.115,,,
1986-04-10,4.973,5.115,,,
1986-04-11,4.922,5.069,,,
1986-04-14,4.879,5.044,,,
1986-04-15,4.878,5.042,,,
1986-04-16,4.859,5.018,,,
1986-04-17,4.812,4.974,,,
1986-04-18,4.74,4.919,,,
1986-04-19,4.702,4.917,,,
1986-04-21,4.654,4.871,,,
1986-04-22,4.633,4.873,,,
1986-04-23,4.615,4.903,,,
1986-04-24,4.613,4.901,,,
1986-04-25,4.611,4.902,,,
1986-04-26,4.595,4.903,,,
1986-04-28,4.617,4.934,,,
1986-04-30,4.634,4.933,,,
1986-05-01,4.683,5.03,,,
1986-05-02,4.676,5.057,,,
1986-05-06,4.673,5.067,,,
1986-05-07,4.661,5.076,,,
1986-05-08,4.664,5.085,,,
1986-05-09,4.642,5.086,,,
1986-05-12,4.652,5.095,,,
1986-05-13,4.644,5.153,,,
1986-05-14,4.611,5.152,,,
1986-05-15,4.594,5.161,,,
1986-05-16,4.613,5.209,,,
1986-05-17,4.611,5.21,,,
1986-05-19,4.612,5.21,,,
1986-05-20,4.617,5.203,,,
1986-05-21,4.717,5.339,,,
1986-05-22,4.716,5.333,,,
1986-05-23,4.722,5.335,,,
1986-05-24,4.742,5.328,,,
1986-05-26,4.741,5.329,,,
1986-05-27,4.762,5.366,,,
1986-05-28,4.807,5.377,,,
1986-05-29,4.96,5.423,,,
1986-05-30,4.991,5.451,,,
1986-05-31,5.015,5.411,,,
1986-06-02,5.063,5.471,,,
1986-06-03,5.152,5.502,,,
1986-06-04,5.152,5.456,,,
1986-06-05,5.174,5.453,,,
1986-06-06,5.184,5.439,,,
1986-06-07,5.135,5.37,,,
1986-06-09,5.156,5.389,,,
1986-06-10,5.172,5.392,,,
1986-06-11,5.171,5.391,,,
1986-06-12,5.193,5.411,,,
1986-06-13,5.173,5.393,,,
1986-06-16,5.15,5.392,,,
1986-06-17,5.165,5.417,,,
1986-06-18,5.172,5.429,,,
1986-06-19,5.178,5.428,,,
1986-06-20,5.197,5.45,,,
1986-06-21,5.2,5.461,,,
1986-06-23,5.216,5.471,,,
1986-06-24,5.207,5.433,,,
1986-06-25,5.17,5.406,,,
1986-06-26,5.151,5.387,,,
1986-06-27,5.087,5.356,,,
1986-06-28,4.998,5.293,,,
1986-06-30,4.95,5.282,,,
1986-07-01,4.92,5.281,,,
1986-07-02,4.973,5.308,,,
1986-07-03,4.952,5.269,,,
1986-07-04,4.941,5.25,,,
1986-07-05,4.913,5.224,5.103,,
1986-07-07,4.9,5.224,5.091,,
1986-07-08,4.917,5.255,5.123,,
1986-07-09,4.921,5.271,5.138,,
1986-07-10,4.9,5.242,5.151,,
1986-07-11,4.889,5.25,5.221,,
1986-07-14,4.89,5.261,5.2,,
1986-07-15,4.891,5.252,5.191,,
1986-07-16,4.903,5.262,5.217,,
1986-07-17,4.902,5.263,5.244,,
1986-07-18,4.901,5.244,5.234,,
1986-07-19,4.874,5.226,5.208,,
1986-07-21,4.871,5.226,5.247,,
1986-07-22,4.875,5.235,5.253,,
1986-07-23,4.883,5.234,5.263,,
1986-07-24,4.867,5.225,5.244,,
1986-07-25,4.87,5.226,5.191,,
1986-07-26,4.874,5.225,5.212,,
1986-07-28,4.892,5.225,5.207,,
1986-07-29,4.896,5.227,5.211,,
1986-07-30,4.9,5.226,5.202,,
1986-07-31,4.884,5.207,5.201,,
1986-08-01,4.878,5.188,5.199,,
1986-08-02,4.882,5.17,5.176,,
1986-08-04,4.874,5.159,5.187,,
1986-08-05,4.888,5.16,5.143,,
1986-08-06,4.897,5.178,5.179,,
1986-08-07,4.896,5.169,5.131,,
1986-08-08,4.899,5.17,5.142,,
1986-08-11,4.895,5.16,5.083,,
1986-08-12,4.894,5.143,5.084,,
1986-08-13,4.892,5.114,5.081,,
1986-08-14,4.885,5.104,5.095,,
1986-08-15,4.874,5.073,5.09,,
1986-08-18,4.859,5.055,5.088,,
1986-08-19,4.852,5.035,5.101,,
1986-08-20,4.821,5.028,5.097,,
1986-08-21,4.792,5.002,5.073,,
1986-08-22,4.702,4.956,5.085,,
1986-08-23,4.627,4.925,5.084,,
1986-08-25,4.65,4.927,5.09,,
1986-08-26,4.639,4.926,5.09,,
1986-08-27,4.641,4.928,5.103,,
1986-08-28,4.652,4.927,5.119,,
1986-08-29,4.644,4.918,5.119,,
1986-08-30,4.642,4.89,5.116,,
1986-09-01,4.635,4.881,5.23,,
1986-09-02,4.638,4.891,5.245,,
1986-09-03,4.691,4.94,5.321,,
1986-09-04,4.679,4.939,5.304,,
1986-09-05,4.676,4.92,5.304,,
1986-09-06,4.763,4.988,5.419,,
1986-09-08,4.768,4.988,5.392,,
1986-09-09,4.782,4.987,5.39,,
1986-09-10,4.779,4.967,5.39,,
1986-09-11,4.778,4.967,5.43,,
1986-09-12,4.841,5.035,5.515,,
1986-09-16,4.844,5.082,5.555,,
1986-09-17,4.818,5.044,5.575,,
1986-09-18,4.822,5.044,5.557,,
1986-09-19,4.805,5.023,5.498,,
1986-09-22,4.795,5.041,5.551,,
1986-09-24,4.773,5.042,5.534,,
1986-09-25,4.781,5.042,5.531,,
1986-09-26,4.81,5.045,5.573,,
1986-09-27,4.808,5.035,5.555,,
1986-09-29,4.82,5.026,5.605,,
1986-09-30,4.846,5.027,5.638,,
1986-10-01,4.884,4.981,5.63,,
1986-10-02,4.875,4.951,5.581,,
1986-10-03,4.87,4.924,5.6,,
1986-10-04,4.858,4.895,5.612,,
1986-10-06,4.848,4.866,5.589,,
1986-10-07,4.846,4.866,5.61,,
1986-10-08,4.857,4.865,5.603,,
1986-10-09,4.865,4.866,5.623,,
1986-10-13,4.892,4.886,5.682,,
1986-10-14,4.879,4.887,5.654,,
1986-10-15,4.877,4.885,5.691,,
1986-10-16,4.876,4.886,5.707,,
1986-10-17,4.91,4.914,5.764,,
1986-10-20,4.956,4.963,5.883,,
1986-10-21,4.954,4.964,5.883,,
1986-10-22,4.983,5.022,5.897,,
1986-10-23,4.917,4.956,5.772,,
1986-10-24,4.911,4.938,5.785,,
1986-10-25,4.888,4.936,5.761,,
1986-10-27,4.89,4.938,5.771,,
1986-10-28,4.889,4.928,5.754,,
1986-10-29,4.857,4.897,5.736,,
1986-10-30,4.659,4.754,5.535,,
1986-10-31,4.657,4.802,5.697,,
1986-11-01,4.64,4.781,5.67,,
1986-11-04,4.66,4.77,5.647,,
1986-11-05,4.648,4.75,5.621,,
1986-11-06,4.63,4.751,5.599,,
1986-11-07,4.629,4.751,5.642,,
1986-11-10,4.648,4.751,5.679,,
1986-11-11,4.635,4.76,5.69,,
1986-11-12,4.617,4.761,5.667,,
1986-11-13,4.615,4.76,5.647,,
1986-11-14,4.634,4.76,5.648,,
1986-11-17,4.655,4.761,5.647,,
1986-11-18,4.637,4.74,5.623,,
1986-11-19,4.639,4.733,5.616,,
1986-11-20,4.647,4.74,5.576,,
1986-11-21,4.661,4.732,5.6,,
1986-11-22,4.615,4.725,5.588,,
1986-11-25,4.614,4.726,5.591,,
1986-11-26,4.628,4.724,5.594,,
1986-11-27,4.643,4.73,5.555,,
1986-11-28,4.642,4.732,5.511,,
1986-11-29,4.64,4.73,5.487,,
1986-12-01,4.655,4.712,5.43,5.9,
1986-12-02,4.648,4.711,5.43,5.877,
1986-12-03,4.625,4.692,5.396,5.854,
1986-12-04,4.579,4.672,5.371,5.824,
1986-12-05,4.539,4.651,5.337,5.77,
1986-12-06,4.542,4.662,5.362,5.795,
1986-12-08,4.538,4.661,5.37,5.796,
1986-12-09,4.552,4.681,5.369,5.781,
1986-12-10,4.55,4.691,5.362,5.777,
1986-12-11,4.559,4.691,5.387,5.793,
1986-12-12,4.562,4.69,5.395,5.796,
1986-12-15,4.561,4.701,5.445,5.824,
1986-12-16,4.548,4.683,5.428,5.804,
1986-12-17,4.541,4.67,5.394,5.795,
1986-12-18,4.531,4.669,5.377,5.787,
1986-12-19,4.538,4.67,5.369,5.787,
1986-12-22,4.533,4.676,5.374,5.737,
1986-12-23,4.524,4.675,5.373,5.741,
1986-12-24,4.506,4.655,5.356,5.734,
1986-12-25,4.459,4.63,5.347,5.74,
1986-12-26,4.449,4.631,5.356,5.735,
1986-12-27,4.435,4.631,5.364,5.744,
1987-01-05,4.431,4.633,5.29,5.744,
1987-01-06,4.415,4.624,5.281,5.745,
1987-01-07,4.384,4.599,5.254,5.747,
1987-01-08,4.356,4.589,5.227,5.73,
1987-01-09,4.357,4.59,5.21,5.739,
1987-01-12,4.3,4.59,5.214,5.747,
1987-01-13,4.283,4.59,5.222,5.703,
1987-01-14,4.279,4.591,5.215,5.7,
1987-01-16,4.238,4.581,5.202,5.702,
1987-01-19,4.196,4.558,5.198,5.694,
1987-01-20,4.163,4.525,5.186,5.692,
1987-01-21,4.139,4.513,5.239,5.739,
1987-01-22,4.094,4.475,5.212,5.697,
1987-01-23,4.029,4.437,5.211,5.702,
1987-01-24,4.042,4.408,5.185,5.694,
1987-01-26,4.003,4.388,5.19,5.692,
1987-01-27,3.973,4.356,5.19,5.699,
1987-01-28,3.946,4.337,5.134,5.655,
1987-01-29,3.914,4.318,5.1,5.584,
1987-01-30,3.942,4.318,5.168,5.6,
1987-01-31,3.981,4.32,5.152,5.597,
1987-02-02,3.953,4.323,5.138,5.593,
1987-02-03,3.954,4.322,5.17,5.596,
1987-02-04,3.942,4.285,5.121,5.56,
1987-02-05,3.924,4.256,5.122,5.489,
1987-02-06,3.916,4.227,5.139,5.481,
1987-02-07,3.934,4.228,5.146,5.48,
1987-02-09,3.922,4.209,5.128,5.462,
1987-02-10,3.895,4.182,5.167,5.483,
1987-02-12,3.914,4.173,5.18,5.484,
1987-02-13,3.947,4.174,5.248,5.493,
1987-02-16,3.968,4.187,5.292,5.522,
1987-02-17,3.995,4.188,5.294,5.535,
1987-02-18,4.028,4.188,5.281,5.549,
1987-02-19,3.979,4.171,5.209,5.497,
1987-02-20,3.97,4.129,5.151,5.472,
1987-02-23,3.976,4.11,5.164,5.459,
1987-02-24,3.967,4.08,5.155,5.405,
1987-02-25,3.931,4.052,5.172,5.343,
1987-02-26,3.931,4.052,5.171,5.34,
1987-02-27,3.931,4.031,5.189,5.245,
1987-02-28,3.925,3.983,5.088,5.179,
1987-03-02,3.856,3.954,4.943,5.176,
1987-03-03,3.857,3.953,4.912,5.183,
1987-03-04,3.825,3.934,4.921,5.183,
1987-03-05,3.819,3.915,4.909,5.184,
1987-03-06,3.817,3.896,4.899,5.226,
1987-03-07,3.812,3.896,4.903,5.21,
1987-03-09,3.811,3.887,4.874,5.198,
1987-03-10,3.805,3.888,4.871,5.198,
1987-03-11,3.78,3.837,4.762,5.137,
1987-03-12,3.734,3.809,4.717,5.121,
1987-03-13,3.697,3.8,4.708,5.121,
1987-03-16,3.628,3.75,4.608,5.031,
1987-03-17,3.627,3.751,4.603,5.047,
1987-03-18,3.626,3.751,4.606,5.044,
1987-03-19,3.628,3.752,4.586,5.031,
1987-03-20,3.628,3.751,4.562,4.973,
1987-03-23,3.547,3.721,4.536,4.94,
1987-03-24,3.546,3.752,4.588,4.957,
1987-03-25,3.543,3.753,4.601,4.965,
1987-03-26,3.542,3.774,4.639,5.007,
1987-03-27,3.543,3.741,4.54,4.966,
1987-03-28,3.512,3.711,4.456,4.916,
1987-03-30,3.508,3.71,4.473,4.959,
1987-03-31,3.506,3.71,4.485,4.992,
1987-04-01,3.497,3.701,4.585,4.979,
1987-04-02,3.47,3.667,4.542,4.937,
1987-04-03,3.472,3.668,4.525,4.919,
1987-04-04,3.452,3.655,4.442,4.877,
1987-04-06,3.45,3.656,4.407,4.849,
1987-04-07,3.436,3.646,4.255,4.793,
1987-04-08,3.396,3.623,4.298,4.756,
1987-04-09,3.375,3.624,4.328,4.799,
1987-04-10,3.375,3.623,4.235,4.747,
1987-04-13,3.346,3.624,4.269,4.747,
1987-04-14,3.346,3.645,4.345,4.796,
1987-04-15,3.31,3.647,4.329,4.768,
1987-04-16,3.308,3.648,4.301,4.742,
1987-04-17,3.307,3.658,4.32,4.766,
1987-04-20,3.313,3.682,4.335,4.81,
1987-04-21,3.311,3.682,4.347,4.819,
1987-04-22,3.311,3.682,4.342,4.793,
1987-04-23,3.311,3.683,4.246,4.727,
1987-04-24,3.283,3.664,4.055,4.605,
1987-04-25,3.249,3.606,4.013,4.574,
1987-04-27,3.249,3.626,4.108,4.668,
1987-04-28,3.256,3.626,4.158,4.686,
1987-04-30,3.256,3.628,4.104,4.656,
1987-05-01,3.217,3.597,4.118,4.695,
1987-05-02,3.157,3.528,3.97,4.617,
1987-05-06,3.154,3.477,3.93,4.622,
1987-05-07,3.144,3.458,3.904,4.629,
1987-05-08,3.157,3.355,3.768,4.548,
1987-05-11,3.17,3.354,3.695,4.56,
1987-05-12,3.124,3.303,3.467,4.427,
1987-05-13,3.127,3.303,3.462,4.432,
1987-05-14,3.129,3.313,3.492,4.438,
1987-05-15,3.232,3.414,3.83,4.628,
1987-05-18,3.283,3.465,3.965,4.77,
1987-05-19,3.294,3.496,3.946,4.799,
1987-05-20,3.279,3.477,3.863,4.795,
1987-05-21,3.279,3.477,3.847,4.713,
1987-05-22,3.259,3.475,3.814,4.801,
1987-05-23,3.255,3.476,3.766,4.716,
1987-05-25,3.255,3.476,3.779,4.726,
1987-05-26,3.256,3.477,3.751,4.714,
1987-05-27,3.246,3.455,3.709,4.665,
1987-05-28,3.246,3.446,3.687,4.67,
1987-05-29,3.257,3.456,3.722,4.696,
1987-05-30,3.307,3.507,3.78,4.737,
1987-06-01,3.348,3.527,3.777,4.785,
1987-06-02,3.347,3.527,3.81,4.783,
1987-06-03,3.347,3.526,3.824,4.781,
1987-06-04,3.348,3.537,3.767,4.787,
1987-06-05,3.352,3.579,3.79,4.785,
1987-06-06,3.353,3.548,3.73,4.739,
1987-06-08,3.342,3.519,3.717,4.727,
1987-06-09,3.342,3.517,3.723,4.728,
1987-06-10,3.323,3.488,3.676,4.716,
1987-06-11,3.324,3.488,3.684,4.739,
1987-06-12,3.312,3.467,3.662,4.721,
1987-06-15,3.333,3.487,3.7,4.75,
1987-06-16,3.36,3.517,3.77,4.775,
1987-06-17,3.391,3.569,3.894,4.811,
1987-06-18,3.391,3.568,3.883,4.815,
1987-06-19,3.47,3.66,4.006,4.929,
1987-06-22,3.593,3.809,4.186,4.906,
1987-06-23,3.604,3.818,4.16,4.899,
1987-06-24,3.614,3.84,4.251,4.919,
1987-06-25,3.625,3.841,4.342,4.957,
1987-06-26,3.693,3.96,4.584,5.022,
1987-06-27,3.696,3.962,4.607,5.021,
1987-06-29,3.715,3.983,4.622,5.045,
1987-06-30,3.725,3.984,4.602,5.048,
1987-07-01,3.7,3.955,4.598,4.919,
1987-07-02,3.728,3.985,4.584,4.92,
1987-07-03,3.77,4.077,4.713,4.967,
1987-07-04,3.869,4.246,4.919,5.079,
1987-07-06,3.968,4.346,5.02,5.117,
1987-07-07,3.97,4.346,4.972,5.117,
1987-07-08,4.07,4.421,5.036,5.196,
1987-07-09,4.119,4.404,4.928,5.156,
1987-07-10,4.149,4.416,4.9,5.182,
1987-07-13,4.122,4.368,4.855,5.18,
1987-07-14,4.099,4.338,4.874,5.222,
1987-07-15,4.12,4.339,4.912,5.284,
1987-07-16,4.119,4.34,4.91,5.318,
1987-07-17,4.141,4.389,5.045,5.45,
1987-07-20,4.144,4.461,5.12,5.486,
1987-07-21,4.145,4.461,5.112,5.499,
1987-07-22,4.147,4.48,5.126,5.538,
1987-07-23,4.143,4.491,5.16,5.575,
1987-07-24,4.124,4.46,5.124,5.536,
1987-07-25,4.076,4.43,5.045,5.486,
1987-07-27,4.078,4.449,5.081,5.561,
1987-07-28,4.023,4.409,5.075,5.551,
1987-07-29,4.028,4.409,5.178,5.528,
1987-07-30,4.033,4.412,5.187,5.528,
1987-07-31,4.038,4.424,5.253,5.604,
1987-08-01,4.015,4.444,5.435,5.636,
1987-08-03,4.045,4.461,5.591,5.783,
1987-08-04,4.09,4.501,5.826,5.925,
1987-08-05,4.07,4.484,5.695,5.87,
1987-08-06,4.046,4.481,5.581,5.831,
1987-08-07,4.031,4.462,5.5,5.744,
1987-08-10,4.046,4.466,5.535,5.744,
1987-08-11,4.071,4.516,5.665,5.819,
1987-08-12,4.053,4.516,5.629,5.815,
1987-08-13,4.053,4.518,5.645,5.815,
1987-08-14,4.057,4.519,5.682,5.815,
1987-08-17,4.073,4.523,5.718,5.815,
1987-08-18,4.049,4.513,5.79,5.858,
1987-08-19,4.034,4.486,5.626,5.775,
1987-08-20,4.008,4.459,5.489,5.737,
1987-08-21,3.968,4.423,5.311,5.696,
1987-08-22,3.923,4.377,5.164,5.62,
1987-08-24,3.909,4.368,5.328,5.693,
1987-08-25,3.945,4.399,5.367,5.708,
1987-08-26,3.909,4.352,5.246,5.659,
1987-08-27,3.893,4.335,5.183,5.636,
1987-08-28,3.929,4.356,5.244,5.696,
1987-08-29,3.941,4.376,5.347,5.73,
1987-08-31,3.947,4.416,5.489,5.789,
1987-09-01,3.951,4.418,5.425,5.79,
1987-09-02,3.928,4.408,5.43,5.784,
1987-09-03,3.984,4.454,5.627,5.873,
1987-09-04,3.988,4.455,5.678,5.945,
1987-09-05,4.019,4.516,5.908,6.05,
1987-09-07,4.039,4.57,5.915,6.057,
1987-09-08,4.065,4.571,5.836,6.086,
1987-09-09,4.052,4.564,5.876,6.156,
1987-09-10,4.057,4.565,5.899,6.227,
1987-09-11,4.056,4.588,5.945,6.227,
1987-09-14,4.062,4.587,5.873,6.213,
1987-09-16,4.059,4.621,5.957,6.26,
1987-09-17,4.063,4.622,5.923,6.304,
1987-09-18,4.087,4.643,5.93,6.312,
1987-09-21,4.171,4.726,6.026,6.368,
1987-09-22,4.203,4.822,6.058,6.437,
1987-09-24,4.261,4.892,6.088,6.436,
1987-09-25,4.368,4.992,6.182,6.506,
1987-09-26,4.444,5.09,6.197,6.468,
1987-09-28,4.526,5.183,6.248,6.465,
1987-09-29,4.835,5.457,6.517,6.568,
1987-09-30,4.85,5.459,6.307,6.539,
1987-10-01,4.874,5.484,6.389,6.606,
1987-10-02,4.872,5.482,6.377,6.606,
1987-10-03,4.924,5.541,6.505,6.641,
1987-10-05,5.032,5.645,6.662,6.766,
1987-10-06,5.028,5.642,6.593,6.787,
1987-10-07,5.032,5.638,6.395,6.798,
1987-10-08,5.033,5.642,6.292,6.804,
1987-10-09,5.089,5.691,6.433,6.838,
1987-10-12,5.099,5.716,6.446,6.842,
1987-10-13,5.08,5.721,6.38,6.821,
1987-10-14,5.085,5.724,6.352,6.808,
1987-10-15,5.12,5.754,6.422,6.842,
1987-10-16,5.091,5.716,6.358,6.807,
1987-10-19,5.064,5.685,6.323,6.807,
1987-10-20,5.019,5.625,6.131,6.811,
1987-10-21,4.949,5.532,5.982,6.744,
1987-10-22,4.904,5.554,6.008,6.777,
1987-10-23,4.863,5.531,5.955,6.794,
1987-10-24,4.797,5.354,5.773,6.712,
1987-10-26,4.703,5.259,5.631,6.702,
1987-10-27,4.707,5.261,5.668,6.722,
1987-10-28,4.63,5.178,5.504,6.5,
1987-10-29,4.485,5.064,5.244,6.289,
1987-10-30,4.238,4.939,5.333,6.316,
1987-10-31,4.188,4.891,5.285,6.293,
1987-11-02,4.174,4.853,5.292,6.118,
1987-11-04,4.184,4.837,5.264,6.093,
1987-11-05,4.134,4.76,5.171,6.062,
1987-11-06,4.039,4.585,5.005,5.917,
1987-11-07,3.943,4.434,4.878,5.839,
1987-11-09,3.953,4.436,4.964,5.926,
1987-11-10,3.937,4.447,5.076,5.988,
1987-11-11,3.938,4.45,5.093,5.965,
1987-11-12,3.943,4.479,5.223,6.019,
1987-11-13,3.998,4.531,5.322,6.041,
1987-11-16,4.038,4.576,5.43,6.084,
1987-11-17,4.043,4.578,5.376,6.008,
1987-11-18,4.048,4.529,5.28,5.901,
1987-11-19,4.048,4.512,5.234,5.92,
1987-11-20,4.031,4.507,5.215,5.93,
1987-11-24,4.05,4.463,5.137,5.904,
1987-11-25,4.005,4.414,5.108,5.902,
1987-11-26,4.009,4.446,5.228,5.949,
1987-11-27,4.014,4.436,5.193,5.911,
1987-11-28,3.991,4.431,5.223,5.917,
1987-11-30,4.001,4.435,5.272,5.948,
1987-12-01,4.006,4.435,5.151,5.909,
1987-12-02,3.988,4.43,5.195,5.934,
1987-12-03,3.993,4.432,5.195,5.972,
1987-12-04,3.998,4.432,5.248,5.952,
1987-12-05,4.004,4.434,5.293,5.952,
1987-12-07,3.982,4.452,5.282,5.959,
1987-12-08,3.987,4.433,5.208,5.882,
1987-12-09,3.982,4.425,5.239,5.882,
1987-12-10,3.985,4.427,5.293,5.898,
1987-12-11,3.971,4.434,5.219,5.899,
1987-12-14,3.986,4.44,5.301,5.907,
1987-12-15,3.977,4.447,5.352,5.907,
1987-12-16,3.974,4.394,5.247,5.866,
1987-12-17,3.843,4.367,5.181,5.866,
1987-12-18,3.847,4.32,5.09,5.702,
1987-12-21,3.862,4.285,4.936,5.67,
1987-12-22,3.867,4.3,4.996,5.624,
1987-12-23,3.831,4.295,4.91,5.596,
1987-12-24,3.836,4.296,4.914,5.596,
1987-12-25,3.836,4.298,4.931,5.596,
1987-12-26,3.841,4.299,4.928,5.596,
1987-12-28,3.804,4.282,4.824,5.56,
1988-01-04,3.825,4.264,4.372,5.499,
1988-01-05,3.83,4.264,4.394,5.483,
1988-01-06,3.835,4.266,4.449,5.507,
1988-01-07,3.84,4.268,4.525,5.523,
1988-01-08,3.835,4.268,4.512,5.523,
1988-01-11,3.825,4.265,4.596,5.522,
1988-01-12,3.819,4.257,4.509,5.491,
1988-01-13,3.825,4.259,4.482,5.464,
1988-01-14,3.8,4.219,4.297,5.287,
1988-01-18,3.778,4.218,4.313,5.301,
1988-01-19,3.76,4.22,4.246,5.285,
1988-01-20,3.765,4.23,4.264,5.324,
1988-01-21,3.77,4.241,4.247,5.348,
1988-01-22,3.775,4.243,4.295,5.362,
1988-01-23,3.751,4.236,4.248,5.355,
1988-01-25,3.765,4.238,4.25,5.336,
1988-01-26,3.769,4.24,4.28,5.344,
1988-01-27,3.775,4.24,4.284,5.358,
1988-01-28,3.766,4.222,4.226,5.326,
1988-01-29,3.727,4.187,4.166,5.288,
1988-01-30,3.731,4.157,4.138,5.272,
1988-02-01,3.717,4.154,4.441,5.278,
1988-02-02,3.721,4.154,4.492,5.286,
1988-02-03,3.725,4.136,4.448,5.27,
1988-02-04,3.73,4.138,4.443,5.27,
1988-02-05,3.72,4.16,4.535,5.287,
1988-02-06,3.725,4.162,4.562,5.287,
1988-02-08,3.739,4.164,4.556,5.295,
1988-02-09,3.745,4.166,4.539,5.295,
1988-02-10,3.7,4.153,4.519,5.287,
1988-02-12,3.71,4.155,4.572,5.329,
1988-02-15,3.73,4.181,4.726,5.41,
1988-02-16,3.71,4.173,4.683,5.37,
1988-02-17,3.714,4.175,4.683,5.37,
1988-02-18,3.719,4.156,4.652,5.346,
1988-02-19,3.724,4.158,4.623,5.312,
1988-02-22,3.715,4.155,4.638,5.312,
1988-02-23,3.72,4.158,4.633,5.295,
1988-02-24,3.725,4.158,4.632,5.313,
1988-02-25,3.73,4.16,4.632,5.33,
1988-02-26,3.735,4.141,4.652,5.322,
1988-02-27,3.695,4.106,4.574,5.279,
1988-02-29,3.7,4.108,4.583,5.287,
1988-03-01,3.705,4.109,4.792,5.296,
1988-03-02,3.685,4.103,4.823,5.292,
1988-03-03,3.69,4.106,4.824,5.279,
1988-03-04,3.665,4.076,4.814,5.231,
1988-03-05,3.629,4.078,4.807,5.227,
1988-03-07,3.555,4.07,4.831,5.23,
1988-03-08,3.56,4.073,4.848,5.247,
1988-03-09,3.565,4.074,4.874,5.271,
1988-03-10,3.554,4.051,4.861,5.246,
1988-03-11,3.56,4.042,4.861,5.23,
1988-03-14,3.575,4.046,4.852,5.222,
1988-03-15,3.571,4.038,4.843,5.197,
1988-03-16,3.524,4.0,4.825,5.189,
1988-03-17,3.529,4.001,4.851,5.206,
1988-03-18,3.517,3.973,4.835,5.197,
1988-03-22,3.539,3.979,4.861,5.214,
1988-03-23,3.524,3.95,4.818,5.19,
1988-03-24,3.501,3.936,4.838,5.189,
1988-03-25,3.506,3.937,4.856,5.198,
1988-03-26,3.511,3.938,4.863,5.206,
1988-03-28,3.525,3.942,4.845,5.198,
1988-03-29,3.497,3.934,4.828,5.171,
1988-03-30,3.491,3.935,4.813,5.132,
1988-03-31,3.496,3.937,4.786,5.123,
1988-04-01,3.504,3.917,4.731,5.051,
1988-04-02,3.487,3.913,4.736,5.041,
1988-04-04,3.478,3.896,4.712,4.981,
1988-04-05,3.483,3.897,4.746,4.998,
1988-04-06,3.43,3.792,4.716,4.912,
1988-04-07,3.435,3.842,4.734,4.918,
1988-04-08,3.44,3.824,4.705,4.895,
1988-04-11,3.459,3.828,4.705,4.914,
1988-04-12,3.449,3.834,4.736,4.954,
1988-04-13,3.464,3.845,4.739,4.972,
1988-04-14,3.468,3.837,4.73,4.953,
1988-04-15,3.477,3.827,4.71,4.935,
1988-04-18,3.463,3.834,4.74,4.966,
1988-04-19,3.472,3.835,4.777,4.99,
1988-04-20,3.442,3.828,4.761,4.944,
1988-04-21,3.447,3.831,4.744,4.933,
1988-04-22,3.453,3.822,4.757,4.933,
1988-04-23,3.439,3.808,4.744,4.935,
1988-04-25,3.448,3.8,4.739,4.935,
1988-04-26,3.453,3.802,4.748,4.935,
1988-04-27,3.463,3.794,4.752,4.947,
1988-04-28,3.433,3.787,4.761,4.967,
1988-04-30,3.447,3.799,4.788,4.992,
1988-05-02,3.457,3.813,4.816,5.089,
1988-05-06,3.481,3.84,4.842,5.114,
1988-05-07,3.466,3.866,4.876,5.146,
1988-05-09,3.481,3.868,4.879,5.146,
1988-05-10,3.495,3.88,4.896,5.178,
1988-05-11,3.524,3.924,5.014,5.244,
1988-05-12,3.529,3.927,4.997,5.207,
1988-05-13,3.538,3.906,5.009,5.2,
1988-05-16,3.563,3.941,5.017,5.2,
1988-05-17,3.566,3.964,5.04,5.196,
1988-05-18,3.601,3.996,5.101,5.228,
1988-05-19,3.691,4.047,5.129,5.233,
1988-05-20,3.745,4.068,5.121,5.188,
1988-05-23,3.815,4.121,5.163,5.22,
1988-05-24,3.814,4.145,5.142,5.171,
1988-05-25,3.819,4.135,5.071,5.13,
1988-05-26,3.849,4.147,5.045,5.122,
1988-05-27,3.874,4.158,5.078,5.139,
1988-05-28,3.879,4.149,5.061,5.139,
1988-05-30,3.867,4.148,5.068,5.146,
1988-05-31,3.871,4.148,5.086,5.085,
1988-06-01,3.876,4.14,5.09,5.089,
1988-06-02,3.847,4.114,5.063,5.039,
1988-06-03,3.851,4.106,5.061,5.042,
1988-06-04,3.835,4.088,4.997,5.002,
1988-06-06,3.817,4.085,5.013,5.016,
1988-06-07,3.826,4.087,5.047,5.041,
1988-06-08,3.831,4.099,5.063,5.067,
1988-06-09,3.846,4.109,5.121,5.088,
1988-06-10,3.833,4.114,5.14,5.096,
1988-06-13,3.849,4.129,5.14,5.096,
1988-06-14,3.867,4.139,5.165,5.117,
1988-06-15,3.883,4.16,5.199,5.142,
1988-06-16,3.909,4.182,5.232,5.163,
1988-06-17,3.906,4.196,5.264,5.187,
1988-06-20,3.952,4.229,5.297,5.181,
1988-06-21,3.957,4.211,5.28,5.177,
1988-06-22,4.004,4.252,5.354,5.213,
1988-06-23,4.014,4.277,5.402,5.23,
1988-06-24,4.029,4.279,5.384,5.222,
1988-06-25,4.075,4.33,5.431,5.246,
1988-06-27,4.137,4.4,5.48,5.269,
1988-06-28,4.09,4.366,5.396,5.23,
1988-06-29,4.145,4.406,5.454,5.23,
1988-06-30,4.143,4.387,5.38,5.192,
1988-07-01,4.218,4.458,5.502,5.3,
1988-07-02,4.275,4.532,5.606,5.36,
1988-07-04,4.363,4.624,5.715,5.416,
1988-07-05,4.368,4.585,5.625,5.401,
1988-07-06,4.348,4.578,5.596,5.406,
1988-07-07,4.325,4.53,5.474,5.353,
1988-07-08,4.379,4.572,5.541,5.439,
1988-07-11,4.394,4.585,5.623,5.52,
1988-07-12,4.375,4.58,5.651,5.536,
1988-07-13,4.362,4.57,5.628,5.504,
1988-07-14,4.337,4.543,5.607,5.472,
1988-07-15,4.313,4.545,5.645,5.508,
1988-07-18,4.269,4.562,5.687,5.556,
1988-07-19,4.226,4.484,5.553,5.508,
1988-07-20,4.231,4.457,5.546,5.495,
1988-07-21,4.275,4.496,5.582,5.517,
1988-07-22,4.251,4.459,5.519,5.541,
1988-07-23,4.207,4.413,5.48,5.533,
1988-07-25,4.217,4.415,5.518,5.541,
1988-07-26,4.222,4.425,5.53,5.549,
1988-07-27,4.227,4.417,5.511,5.524,
1988-07-28,4.183,4.369,5.434,5.449,
1988-07-29,4.163,4.364,5.402,5.453,
1988-07-30,4.148,4.345,5.358,5.414,
1988-08-01,4.158,4.338,5.358,5.414,
1988-08-02,4.158,4.342,5.371,5.431,
1988-08-03,4.183,4.352,5.412,5.464,
1988-08-04,4.188,4.334,5.396,5.454,
1988-08-05,4.193,4.334,5.402,5.462,
1988-08-06,4.157,4.347,5.454,5.503,
1988-08-08,4.167,4.34,5.473,5.503,
1988-08-09,4.172,4.312,5.458,5.488,
1988-08-10,4.378,4.509,5.731,5.657,
1988-08-11,4.367,4.507,5.701,5.621,
1988-08-12,4.372,4.498,5.662,5.598,
1988-08-15,4.377,4.473,5.599,5.588,
1988-08-16,4.382,4.474,5.599,5.581,
1988-08-17,4.336,4.449,5.563,5.586,
1988-08-18,4.341,4.44,5.551,5.595,
1988-08-19,4.346,4.44,5.521,5.587,
1988-08-22,4.361,4.445,5.529,5.6,
1988-08-23,4.427,4.495,5.583,5.624,
1988-08-24,4.407,4.489,5.562,5.634,
1988-08-25,4.412,4.491,5.573,5.641,
1988-08-26,4.468,4.54,5.578,5.677,
1988-08-27,4.469,4.542,5.577,5.676,
1988-08-29,4.474,4.566,5.612,5.696,
1988-08-30,4.479,4.596,5.615,5.704,
1988-08-31,4.484,4.597,5.615,5.712,
1988-09-01,4.588,4.696,5.567,5.772,
1988-09-02,4.573,4.692,5.543,5.782,
1988-09-03,4.531,4.587,5.434,5.736,
1988-09-05,4.457,4.593,5.45,5.76,
1988-09-06,4.462,4.596,5.433,5.767,
1988-09-07,4.415,4.537,5.366,5.744,
1988-09-08,4.42,4.539,5.367,5.744,
1988-09-09,4.394,4.533,5.361,5.743,
1988-09-12,4.407,4.536,5.344,5.728,
1988-09-13,4.412,4.538,5.318,5.698,
1988-09-14,4.417,4.54,5.283,5.684,
1988-09-16,4.354,4.488,5.222,5.652,
1988-09-19,4.369,4.492,5.196,5.628,
1988-09-20,4.394,4.522,5.262,5.666,
1988-09-21,4.369,4.464,5.196,5.622,
1988-09-22,4.349,4.459,5.203,5.629,
1988-09-24,4.359,4.462,5.195,5.629,
1988-09-26,4.369,4.464,5.204,5.629,
1988-09-27,4.333,4.449,5.209,5.599,
1988-09-28,4.325,4.44,5.201,5.575,
1988-09-29,4.331,4.431,5.174,5.567,
1988-09-30,4.308,4.403,5.165,5.553,
1988-10-01,4.263,4.366,5.142,5.319,
1988-10-03,4.253,4.349,5.139,5.319,
1988-10-04,4.227,4.311,5.091,5.294,
1988-10-05,4.216,4.307,5.098,5.301,
1988-10-06,4.221,4.319,5.103,5.301,
1988-10-07,4.196,4.281,5.071,5.287,
1988-10-11,4.136,4.137,4.956,5.216,
1988-10-12,4.042,4.102,4.925,5.138,
1988-10-13,4.039,4.104,4.939,5.146,
1988-10-14,4.044,4.125,4.987,5.177,
1988-10-17,4.059,4.129,4.987,5.187,
1988-10-18,4.041,4.152,5.016,5.211,
1988-10-19,4.026,4.135,4.94,5.161,
1988-10-20,4.031,4.135,4.952,5.184,
1988-10-21,4.036,4.137,4.912,5.129,
1988-10-22,4.046,4.139,4.894,5.121,
1988-10-24,4.029,4.144,4.931,5.139,
1988-10-25,4.035,4.136,4.887,5.102,
1988-10-26,4.04,4.136,4.859,5.096,
1988-10-27,4.055,4.138,4.847,5.118,
1988-10-28,4.034,4.133,4.826,5.105,
1988-10-29,4.029,4.123,4.794,5.065,
1988-10-31,4.039,4.128,4.787,5.076,
1988-11-01,4.017,4.121,4.821,5.076,
1988-11-02,4.022,4.123,4.826,5.088,
1988-11-04,4.032,4.116,4.834,5.105,
1988-11-05,4.037,4.117,4.861,5.121,
1988-11-07,4.034,4.122,4.894,5.136,
1988-11-08,4.019,4.102,4.846,5.093,
1988-11-09,4.004,4.074,4.801,5.069,
1988-11-10,3.977,4.05,4.774,5.037,
1988-11-11,3.962,4.032,4.734,5.016,
1988-11-14,3.962,4.016,4.724,5.008,
1988-11-15,3.967,4.018,4.731,5.027,
1988-11-16,3.944,4.031,4.773,5.051,
1988-11-17,3.949,4.043,4.787,5.06,
1988-11-18,3.954,4.036,4.788,5.06,
1988-11-21,3.948,4.019,4.744,5.036,
1988-11-22,3.925,3.994,4.723,5.02,
1988-11-24,3.935,3.996,4.729,5.012,
1988-11-25,3.95,4.008,4.774,5.036,
1988-11-26,3.97,4.031,4.803,5.052,
1988-11-28,3.94,4.023,4.795,5.052,
1988-11-29,3.945,3.995,4.728,5.028,
1988-11-30,3.94,3.966,4.688,5.004,
1988-12-01,3.945,3.958,4.64,4.971,
1988-12-02,3.933,3.956,4.624,4.949,
1988-12-03,3.938,3.956,4.608,4.945,
1988-12-05,3.947,3.96,4.625,4.953,
1988-12-06,3.907,3.937,4.573,4.929,
1988-12-07,3.933,3.947,4.599,4.954,
1988-12-08,3.938,3.949,4.599,4.945,
1988-12-09,3.932,3.941,4.573,4.929,
1988-12-12,3.902,3.931,4.593,4.945,
1988-12-13,3.907,3.944,4.619,4.961,
1988-12-14,3.912,3.944,4.61,4.954,
1988-12-15,3.917,3.956,4.627,4.97,
1988-12-16,3.941,4.007,4.661,5.002,
1988-12-19,3.915,3.998,4.642,4.994,
1988-12-20,3.92,4.0,4.633,4.986,
1988-12-21,3.926,4.002,4.624,4.979,
1988-12-22,3.931,4.002,4.607,4.97,
1988-12-23,3.909,3.995,4.611,4.963,
1988-12-24,3.914,3.998,4.6,4.97,
1988-12-26,3.924,4.0,4.592,4.962,
1988-12-27,3.929,4.002,4.593,4.973,
1988-12-28,3.897,3.991,4.611,4.991,
1989-01-04,3.933,4.001,4.796,4.947,
1989-01-05,3.958,4.021,4.82,4.964,
1989-01-06,3.968,4.046,4.843,4.971,
1989-01-09,3.963,4.03,4.791,4.947,
1989-01-10,3.93,4.015,4.794,4.942,
1989-01-11,3.947,4.025,4.812,4.963,
1989-01-12,3.95,4.027,4.803,4.959,
1989-01-13,3.955,4.029,4.801,4.968,
1989-01-17,3.964,4.045,4.836,4.981,
1989-01-18,3.969,4.047,4.846,4.997,
1989-01-19,4.007,4.078,4.893,5.019,
1989-01-20,3.989,4.06,4.821,5.001,
1989-01-23,4.004,4.064,4.811,5.001,
1989-01-24,3.96,4.037,4.799,4.986,
1989-01-25,3.965,4.039,4.798,4.983,
1989-01-26,3.97,4.039,4.824,4.988,
1989-01-27,3.975,4.041,4.842,4.988,
1989-01-28,3.96,4.038,4.851,4.987,
1989-01-30,3.98,4.061,4.869,4.993,
1989-01-31,4.016,4.132,4.831,4.974,
1989-02-01,4.006,4.155,4.977,4.988,
1989-02-02,4.011,4.178,4.97,4.99,
1989-02-03,4.016,4.207,4.979,4.998,
1989-02-06,4.034,4.234,5.011,5.007,
1989-02-07,4.039,4.236,5.003,5.0,
1989-02-08,4.039,4.238,5.003,5.0,
1989-02-09,4.054,4.268,5.003,5.0,
1989-02-10,4.022,4.261,4.994,4.99,
1989-02-13,4.046,4.295,5.028,5.006,
1989-02-14,4.062,4.306,5.042,5.006,
1989-02-15,4.076,4.328,5.04,5.006,
1989-02-16,4.092,4.339,5.032,4.998,
1989-02-17,4.117,4.36,4.991,4.989,
1989-02-20,4.202,4.425,4.991,4.988,
1989-02-21,4.309,4.475,4.988,4.988,
1989-02-22,4.365,4.513,4.979,4.988,
1989-02-23,4.427,4.563,4.979,4.996,
1989-02-27,4.519,4.652,5.073,5.042,
1989-02-28,4.524,4.651,5.106,5.05,
1989-03-01,4.529,4.647,5.066,5.063,
1989-03-02,4.55,4.657,5.112,5.071,
1989-03-03,4.555,4.693,5.161,5.095,
1989-03-06,4.567,4.71,5.216,5.107,
1989-03-07,4.593,4.73,5.249,5.115,
1989-03-08,4.597,4.712,5.2,5.099,
1989-03-09,4.581,4.713,5.2,5.099,
1989-03-10,4.549,4.696,5.176,5.089,
1989-03-13,4.579,4.728,5.252,5.105,
1989-03-14,4.634,4.778,5.284,5.121,
1989-03-15,4.68,4.759,5.193,5.105,
1989-03-16,4.688,4.784,5.237,5.12,
1989-03-17,4.67,4.741,5.143,5.096,
1989-03-20,4.734,4.793,5.194,5.128,
1989-03-22,4.702,4.761,5.146,5.111,
1989-03-23,4.705,4.745,5.113,5.087,
1989-03-24,4.71,4.745,5.112,5.069,
1989-03-27,4.722,4.763,5.139,5.084,
1989-03-28,4.727,4.764,5.101,5.067,
1989-03-29,4.732,4.764,5.111,5.06,
1989-03-30,4.727,4.747,5.071,5.028,
1989-03-31,4.702,4.74,5.112,5.034,
1989-04-03,4.717,4.742,5.074,5.119,
1989-04-04,4.719,4.745,5.073,5.119,
1989-04-05,4.722,4.744,5.09,5.126,
1989-04-06,4.737,4.762,5.133,5.142,
1989-04-07,4.742,4.763,5.115,5.144,
1989-04-10,4.752,4.766,5.115,5.144,
1989-04-11,4.758,4.763,5.116,5.146,
1989-04-12,4.763,4.762,5.099,5.138,
1989-04-13,4.765,4.765,5.116,5.138,
1989-04-14,4.758,4.762,5.124,5.139,
1989-04-17,4.769,4.766,5.116,5.129,
1989-04-18,4.774,4.766,5.123,5.137,
1989-04-19,4.736,4.757,5.116,5.132,
1989-04-20,4.741,4.757,5.124,5.132,
1989-04-21,4.762,4.779,5.149,5.147,
1989-04-24,4.777,4.781,5.184,5.163,
1989-04-25,4.777,4.781,5.174,5.162,
1989-04-26,4.765,4.778,5.175,5.163,
1989-04-27,4.77,4.779,5.166,5.163,
1989-04-28,4.775,4.78,5.166,5.163,
1989-05-01,4.785,4.783,4.972,5.182,
1989-05-02,4.766,4.777,5.004,5.191,
1989-05-08,4.786,4.783,5.019,5.214,
1989-05-09,4.811,4.783,5.019,5.224,
1989-05-10,4.852,4.786,5.01,5.217,
1989-05-11,4.851,4.783,5.014,5.218,
1989-05-12,4.858,4.785,5.039,5.236,
1989-05-15,4.868,4.788,5.036,5.263,
1989-05-16,4.899,4.791,5.034,5.263,
1989-05-17,4.885,4.786,5.016,5.266,
1989-05-18,4.901,4.806,5.027,5.273,
1989-05-19,4.942,4.817,5.013,5.266,
1989-05-22,4.928,4.814,5.017,5.276,
1989-05-23,5.001,4.855,5.05,5.299,
1989-05-24,5.024,4.875,5.039,5.306,
1989-05-25,5.043,4.886,5.043,5.297,
1989-05-26,5.02,4.888,5.044,5.308,
1989-05-29,5.089,4.969,5.075,5.323,
1989-05-30,5.092,5.017,5.073,5.346,
1989-05-31,5.097,5.039,5.054,5.338,
1989-06-01,5.09,5.035,5.063,5.339,
1989-06-02,5.091,5.035,5.069,5.33,
1989-06-05,5.09,5.037,5.055,5.306,
1989-06-06,5.074,5.03,5.055,5.302,
1989-06-07,5.077,5.03,5.055,5.282,
1989-06-08,5.061,5.022,5.055,5.266,
1989-06-09,5.065,5.024,5.072,5.273,
1989-06-12,5.063,5.033,5.118,5.305,
1989-06-13,5.065,5.063,5.151,5.314,
1989-06-14,5.071,5.083,5.177,5.329,
1989-06-15,5.098,5.131,5.286,5.367,
1989-06-16,5.087,5.144,5.289,5.38,
1989-06-19,5.136,5.216,5.306,5.395,
1989-06-20,5.139,5.216,5.297,5.395,
1989-06-21,5.129,5.216,5.305,5.397,
1989-06-22,5.103,5.188,5.263,5.383,
1989-06-23,5.096,5.169,5.228,5.353,
1989-06-26,5.091,5.166,5.224,5.355,
1989-06-27,5.093,5.167,5.233,5.349,
1989-06-28,5.109,5.184,5.272,5.351,
1989-06-29,5.111,5.185,5.263,5.343,
1989-06-30,5.108,5.198,5.305,5.36,
1989-07-03,5.108,5.192,5.292,5.28,
1989-07-04,5.11,5.183,5.252,5.256,
1989-07-05,5.107,5.175,5.235,5.248,
1989-07-06,5.101,5.117,5.186,5.225,
1989-07-07,5.107,5.108,5.125,5.209,
1989-07-10,5.119,5.101,5.078,5.192,
1989-07-11,5.105,5.098,5.049,5.177,
1989-07-12,5.122,5.107,5.046,5.169,
1989-07-13,5.124,5.109,4.985,5.152,
1989-07-14,5.123,5.1,5.011,5.16,
1989-07-17,5.126,5.107,5.049,5.168,
1989-07-18,5.12,5.098,5.04,5.167,
1989-07-19,5.112,5.079,5.015,5.152,
1989-07-20,5.117,5.081,5.042,5.16,
1989-07-21,5.095,5.054,5.039,5.133,
1989-07-24,5.087,5.039,5.028,5.125,
1989-07-25,5.079,5.03,4.998,5.108,
1989-07-26,5.063,5.01,4.995,5.108,
1989-07-27,5.036,4.981,4.947,5.099,
1989-07-28,5.03,4.972,4.929,5.091,
1989-07-31,5.011,4.946,4.914,5.091,
1989-08-01,4.979,4.922,4.987,5.073,
1989-08-02,4.974,4.913,4.984,5.053,
1989-08-03,4.979,4.915,5.003,5.057,
1989-08-04,4.984,4.925,5.063,5.089,
1989-08-07,4.95,4.93,5.055,5.083,
1989-08-08,4.95,4.921,5.038,5.071,
1989-08-09,4.955,4.922,5.045,5.071,
1989-08-10,4.96,4.923,5.035,5.079,
1989-08-11,4.95,4.929,5.049,5.077,
1989-08-14,4.976,4.951,5.071,5.085,
1989-08-15,4.981,4.953,5.071,5.085,
1989-08-16,4.986,4.953,5.031,5.069,
1989-08-17,4.967,4.949,5.025,5.065,
1989-08-18,4.968,4.969,5.026,5.065,
1989-08-21,4.978,4.97,5.009,5.053,
1989-08-22,4.963,4.967,5.012,5.049,
1989-08-23,4.968,4.977,5.036,5.061,
1989-08-24,4.969,4.977,5.036,5.061,
1989-08-25,4.973,4.979,5.029,5.061,
1989-08-28,4.961,4.975,5.043,5.072,
1989-08-29,4.965,4.986,5.053,5.076,
1989-08-30,4.97,4.986,5.05,5.076,
1989-08-31,4.948,4.997,5.083,5.078,
1989-09-01,4.963,5.018,4.973,5.078,
1989-09-04,4.984,5.03,4.991,5.094,
1989-09-05,5.006,5.06,5.016,5.117,
1989-09-06,5.058,5.108,5.055,5.164,
1989-09-07,5.094,5.128,5.055,5.164,
1989-09-08,5.146,5.173,5.085,5.181,
1989-09-11,5.236,5.253,5.144,5.219,
1989-09-12,5.239,5.256,5.118,5.204,
1989-09-13,5.273,5.254,5.093,5.196,
1989-09-14,5.264,5.252,5.102,5.197,
1989-09-18,5.306,5.305,5.152,5.22,
1989-09-19,5.309,5.276,5.109,5.188,
1989-09-20,5.31,5.267,5.128,5.208,
1989-09-21,5.292,5.263,5.11,5.196,
1989-09-22,5.27,5.236,5.085,5.18,
1989-09-25,5.236,5.161,4.999,5.134,
1989-09-26,5.221,5.157,5.017,5.141,
1989-09-27,5.221,5.157,5.017,5.141,
1989-09-28,5.226,5.16,5.033,5.149,
1989-09-29,5.214,5.156,5.025,5.134,
1989-10-02,5.225,5.158,5.132,5.144,
1989-10-03,5.256,5.188,5.193,5.175,
1989-10-04,5.299,5.208,5.209,5.198,
1989-10-05,5.291,5.207,5.22,5.206,
1989-10-06,5.332,5.245,5.269,5.236,
1989-10-09,5.322,5.229,5.236,5.222,
1989-10-11,5.401,5.322,5.339,5.276,
1989-10-12,5.466,5.388,5.382,5.307,
1989-10-13,5.488,5.42,5.382,5.323,
1989-10-16,5.448,5.357,5.264,5.269,
1989-10-17,5.451,5.371,5.283,5.277,
1989-10-18,5.455,5.37,5.333,5.293,
1989-10-19,5.506,5.398,5.323,5.293,
1989-10-20,5.494,5.391,5.31,5.293,
1989-10-23,5.514,5.403,5.336,5.308,
1989-10-24,5.545,5.43,5.36,5.323,
1989-10-25,5.55,5.43,5.343,5.308,
1989-10-26,5.539,5.458,5.378,5.323,
1989-10-27,5.575,5.506,5.42,5.34,
1989-10-30,5.59,5.537,5.428,5.347,
1989-10-31,5.628,5.571,5.429,5.347,
1989-11-01,5.732,5.621,5.431,5.347,
1989-11-02,5.784,5.649,5.439,5.356,
1989-11-06,5.869,5.742,5.521,5.41,
1989-11-07,5.953,5.768,5.562,5.448,
1989-11-08,5.953,5.771,5.52,5.433,
1989-11-09,5.958,5.771,5.519,5.433,
1989-11-10,5.938,5.765,5.521,5.434,
1989-11-13,5.948,5.766,5.547,5.45,
1989-11-14,5.948,5.767,5.539,5.458,
1989-11-15,5.945,5.746,5.51,5.458,
1989-11-16,5.923,5.728,5.482,5.451,
1989-11-17,5.928,5.728,5.435,5.443,
1989-11-20,5.92,5.743,5.468,5.451,
1989-11-21,5.924,5.763,5.487,5.451,
1989-11-22,5.924,5.781,5.471,5.443,
1989-11-24,5.908,5.784,5.428,5.428,
1989-11-27,5.9,5.78,5.397,5.412,
1989-11-28,5.902,5.798,5.437,5.42,
1989-11-29,5.906,5.818,5.437,5.413,
1989-11-30,5.906,5.819,5.421,5.397,
1989-12-01,5.901,5.814,5.436,5.396,
1989-12-04,5.906,5.816,5.437,5.388,
1989-12-05,5.907,5.816,5.444,5.388,
1989-12-06,5.898,5.812,5.448,5.381,
1989-12-07,5.898,5.815,5.48,5.389,
1989-12-08,5.904,5.815,5.488,5.39,
1989-12-11,5.888,5.781,5.516,5.385,
1989-12-12,5.892,5.781,5.508,5.391,
1989-12-13,5.883,5.774,5.488,5.383,
1989-12-14,5.875,5.751,5.52,5.378,
1989-12-15,5.874,5.754,5.508,5.386,
1989-12-18,5.883,5.761,5.521,5.406,
1989-12-19,5.915,5.769,5.57,5.438,
1989-12-20,5.967,5.815,5.616,5.476,
1989-12-21,6.019,5.863,5.661,5.53,
1989-12-22,6.009,5.848,5.661,5.545,
1989-12-25,6.017,5.863,5.637,5.553,
1989-12-26,6.017,5.863,5.612,5.553,
1989-12-27,6.008,5.856,5.617,5.553,
1989-12-28,6.009,5.856,5.608,5.553,
1989-12-29,6.008,5.856,5.616,5.553,
1990-01-04,6.098,5.925,5.707,5.598,
1990-01-05,6.101,5.946,5.736,5.628,
1990-01-08,6.146,5.982,5.797,5.68,
1990-01-09,6.247,6.168,5.965,5.807,
1990-01-10,6.314,6.232,6.015,5.853,
1990-01-11,6.314,6.232,6.056,5.904,
1990-01-12,6.375,6.304,6.214,6.035,
1990-01-16,6.478,6.443,6.411,6.23,
1990-01-17,6.468,6.423,6.381,6.238,
1990-01-18,6.57,6.486,6.526,6.36,
1990-01-19,6.57,6.476,6.437,6.353,
1990-01-22,6.567,6.475,6.403,6.318,
1990-01-23,6.567,6.448,6.353,6.282,
1990-01-24,6.62,6.476,6.433,6.302,
1990-01-25,6.573,6.402,6.269,6.252,
1990-01-26,6.54,6.381,6.228,6.224,
1990-01-29,6.545,6.383,6.235,6.186,
1990-01-30,6.566,6.409,6.287,6.21,
1990-01-31,6.595,6.455,6.376,6.26,
1990-02-01,6.595,6.419,6.221,6.18,
1990-02-02,6.627,6.429,6.238,6.165,
1990-02-05,6.66,6.458,6.288,6.191,
1990-02-06,6.66,6.458,6.279,6.176,
1990-02-07,6.666,6.467,6.271,6.176,
1990-02-08,6.668,6.492,6.272,6.214,
1990-02-09,6.668,6.473,6.199,6.17,
1990-02-13,6.673,6.475,6.195,6.155,
1990-02-14,6.692,6.511,6.234,6.162,
1990-02-15,6.692,6.532,6.257,6.168,
1990-02-16,6.73,6.559,6.283,6.206,
1990-02-19,6.778,6.585,6.327,6.248,
1990-02-20,6.828,6.621,6.384,6.291,
1990-02-21,6.828,6.622,6.34,6.285,
1990-02-22,6.828,6.596,6.26,6.255,
1990-02-23,6.875,6.62,6.344,6.318,
1990-02-26,6.897,6.619,6.351,6.347,
1990-02-27,6.952,6.637,6.382,6.368,
1990-02-28,6.974,6.676,6.436,6.391,
1990-03-01,6.993,6.72,6.537,6.438,
1990-03-02,7.089,6.8,6.592,6.487,
1990-03-05,7.111,6.826,6.585,6.516,
1990-03-06,7.142,6.826,6.56,6.437,
1990-03-07,7.18,6.842,6.652,6.459,
1990-03-08,7.219,6.869,6.631,6.458,
1990-03-09,7.245,6.896,6.643,6.471,
1990-03-12,7.267,6.914,6.682,6.513,
1990-03-13,7.295,6.961,6.761,6.584,
1990-03-14,7.335,6.979,6.772,6.591,
1990-03-15,7.335,6.97,6.736,6.591,
1990-03-16,7.334,6.97,6.68,6.576,
1990-03-19,7.384,6.996,6.724,6.604,
1990-03-20,7.384,7.026,6.687,6.604,
1990-03-22,7.382,7.025,6.688,6.605,
1990-03-23,7.355,6.997,6.636,6.589,
1990-03-26,7.355,6.978,6.639,6.602,
1990-03-27,7.392,7.01,6.766,6.695,
1990-03-28,7.393,7.065,6.807,6.723,
1990-03-29,7.356,7.011,6.689,6.68,
1990-03-30,7.356,7.075,6.816,6.749,
1990-04-02,7.373,7.093,6.832,6.763,
1990-04-03,7.373,7.096,6.785,6.757,
1990-04-04,7.373,7.104,6.799,6.763,
1990-04-05,7.354,7.096,6.775,6.754,
1990-04-06,7.334,7.087,6.808,6.763,
1990-04-09,7.296,7.04,6.736,6.743,
1990-04-10,7.267,7.013,6.769,6.743,
1990-04-11,7.267,7.012,6.826,6.756,
1990-04-12,7.245,6.985,6.771,6.729,
1990-04-13,7.25,6.994,6.792,6.727,
1990-04-16,7.219,7.004,6.816,6.736,
1990-04-17,7.218,7.004,6.789,6.728,
1990-04-18,7.215,6.995,6.748,6.715,
1990-04-19,7.215,6.976,6.69,6.693,
1990-04-20,7.188,6.976,6.679,6.694,
1990-04-23,7.165,6.976,6.692,6.695,
1990-04-24,7.135,6.978,6.722,6.7,
1990-04-25,7.139,6.968,6.731,6.7,
1990-04-26,7.117,6.942,6.696,6.686,
1990-04-27,7.117,6.942,6.723,6.7,
1990-05-01,7.117,6.942,6.74,6.699,
1990-05-02,7.1,6.933,6.723,6.694,
1990-05-07,7.053,6.888,6.657,6.664,
1990-05-08,7.033,6.871,6.642,6.657,
1990-05-09,7.017,6.853,6.617,6.649,
1990-05-10,6.974,6.843,6.616,6.649,
1990-05-11,6.895,6.756,6.5,6.599,
1990-05-14,6.832,6.692,6.436,6.566,
1990-05-15,6.784,6.648,6.348,6.529,
1990-05-16,6.786,6.647,6.376,6.544,
1990-05-17,6.748,6.648,6.355,6.529,
1990-05-18,6.721,6.629,6.344,6.529,
1990-05-21,6.733,6.647,6.364,6.543,
1990-05-22,6.712,6.603,6.274,6.522,
1990-05-23,6.701,6.565,6.237,6.493,
1990-05-24,6.685,6.549,6.224,6.473,
1990-05-25,6.617,6.457,6.189,6.421,
1990-05-28,6.611,6.458,6.223,6.392,
1990-05-29,6.632,6.476,6.291,6.406,
1990-05-30,6.616,6.458,6.274,6.364,
1990-05-31,6.605,6.458,6.263,6.354,
1990-06-01,6.589,6.465,6.392,6.327,
1990-06-04,6.595,6.467,6.358,6.317,
1990-06-05,6.595,6.474,6.376,6.324,
1990-06-06,6.584,6.477,6.406,6.339,
1990-06-07,6.589,6.484,6.414,6.356,
1990-06-08,6.611,6.486,6.448,6.382,
1990-06-11,6.631,6.501,6.499,6.403,
1990-06-12,6.631,6.501,6.474,6.403,
1990-06-13,6.631,6.51,6.469,6.428,
1990-06-14,6.631,6.52,6.419,6.428,
1990-06-15,6.663,6.538,6.444,6.463,
1990-06-18,6.664,6.538,6.453,6.47,
1990-06-19,6.686,6.564,6.484,6.5,
1990-06-20,6.687,6.592,6.514,6.526,
1990-06-21,6.709,6.604,6.523,6.538,
1990-06-22,6.741,6.64,6.532,6.538,
1990-06-25,6.8,6.703,6.579,6.558,
1990-06-26,6.851,6.705,6.577,6.562,
1990-06-27,6.851,6.696,6.57,6.554,
1990-06-28,6.892,6.732,6.629,6.582,
1990-06-29,6.951,6.784,6.704,6.63,
1990-07-02,6.973,6.801,6.709,6.608,
1990-07-03,7.026,6.81,6.693,6.6,
1990-07-04,7.026,6.8,6.631,6.59,
1990-07-05,7.026,6.8,6.646,6.606,
1990-07-06,7.007,6.778,6.61,6.591,
1990-07-09,7.023,6.785,6.644,6.607,
1990-07-10,7.12,6.805,6.702,6.635,
1990-07-11,7.084,6.784,6.677,6.623,
1990-07-12,7.085,6.803,6.729,6.641,
1990-07-13,7.085,6.784,6.709,6.633,
1990-07-16,7.09,6.784,6.698,6.633,
1990-07-17,7.079,6.792,6.705,6.643,
1990-07-18,7.08,6.799,6.712,6.651,
1990-07-19,7.087,6.825,6.749,6.668,
1990-07-20,7.125,6.879,6.812,6.699,
1990-07-23,7.198,6.968,6.909,6.754,
1990-07-24,7.225,6.995,6.937,6.776,
1990-07-25,7.226,6.996,6.929,6.769,
1990-07-26,7.226,7.013,6.938,6.792,
1990-07-27,7.308,7.113,7.0,6.841,
1990-07-30,7.363,7.167,7.044,6.881,
1990-07-31,7.41,7.247,7.023,6.91,
1990-08-01,7.379,7.223,6.983,6.911,
1990-08-02,7.4,7.249,7.031,6.949,
1990-08-03,7.45,7.319,7.123,7.039,
1990-08-06,7.503,7.45,7.314,7.167,
1990-08-07,7.508,7.537,7.424,7.236,
1990-08-08,7.511,7.476,7.267,7.175,
1990-08-09,7.515,7.501,7.355,7.219,
1990-08-10,7.507,7.504,7.352,7.214,
1990-08-13,7.537,7.519,7.413,7.244,
1990-08-14,7.538,7.511,7.397,7.223,
1990-08-15,7.537,7.477,7.299,7.185,
1990-08-16,7.56,7.503,7.382,7.215,
1990-08-17,7.574,7.539,7.411,7.238,
1990-08-20,7.578,7.536,7.406,7.239,
1990-08-21,7.606,7.552,7.444,7.253,
1990-08-22,7.704,7.604,7.544,7.285,
1990-08-23,7.847,7.772,7.719,7.434,
1990-08-24,7.891,7.902,7.719,7.494,
1990-08-27,7.886,7.902,7.658,7.467,
1990-08-28,7.899,7.902,7.628,7.438,
1990-08-29,7.961,7.987,7.737,7.519,
1990-08-30,7.962,7.97,7.575,7.43,
1990-08-31,7.9,7.922,7.557,7.432,
1990-09-03,7.9,7.921,7.554,7.432,
1990-09-04,7.9,7.903,7.585,7.447,
1990-09-05,7.899,7.901,7.649,7.47,
1990-09-06,7.974,7.962,7.72,7.499,
1990-09-07,7.975,8.021,7.717,7.499,
1990-09-10,7.996,8.046,7.722,7.506,
1990-09-11,8.143,8.178,7.794,7.552,
1990-09-12,8.16,8.174,7.894,7.537,
1990-09-13,8.198,8.2,7.906,7.56,
1990-09-14,8.255,8.22,7.934,7.591,
1990-09-17,8.389,8.293,8.027,7.658,
1990-09-18,8.437,8.292,8.014,7.649,
1990-09-19,8.412,8.27,7.976,7.651,
1990-09-20,8.393,8.242,7.967,7.651,
1990-09-21,8.393,8.241,7.995,7.681,
1990-09-25,8.411,8.258,8.05,7.718,
1990-09-26,8.411,8.257,8.081,7.749,
1990-09-27,8.411,8.256,8.078,7.748,
1990-09-28,8.405,8.249,8.105,7.748,
1990-10-01,8.362,8.201,7.98,7.673,
1990-10-02,8.256,8.109,7.757,7.565,
1990-10-03,8.226,8.08,7.798,7.563,
1990-10-04,8.171,8.046,7.817,7.572,
1990-10-05,8.076,7.97,7.779,7.531,
1990-10-08,7.978,7.885,7.67,7.455,
1990-10-09,7.943,7.83,7.649,7.448,
1990-10-11,7.895,7.81,7.746,7.508,
1990-10-12,7.864,7.76,7.687,7.469,
1990-10-15,7.829,7.715,7.647,7.44,
1990-10-16,7.767,7.665,7.557,7.401,
1990-10-17,7.674,7.564,7.459,7.323,
1990-10-18,7.622,7.519,7.451,7.292,
1990-10-19,7.587,7.483,7.435,7.276,
1990-10-22,7.549,7.458,7.407,7.237,
1990-10-23,7.509,7.405,7.359,7.197,
1990-10-24,7.509,7.42,7.42,7.2,
1990-10-25,7.462,7.392,7.399,7.157,
1990-10-26,7.479,7.434,7.494,7.179,
1990-10-29,7.432,7.352,7.408,7.095,
1990-10-30,7.411,7.343,7.417,7.112,
1990-10-31,7.405,7.334,7.441,7.149,
1990-11-01,7.405,7.333,7.318,7.182,
1990-11-02,7.384,7.308,7.268,7.225,
1990-11-05,7.356,7.263,7.236,7.234,
1990-11-06,7.356,7.262,7.264,7.253,
1990-11-07,7.356,7.275,7.292,7.278,
1990-11-08,7.373,7.319,7.342,7.311,
1990-11-09,7.395,7.372,7.348,7.311,
1990-11-13,7.39,7.362,7.309,7.281,
1990-11-14,7.39,7.362,7.309,7.283,
1990-11-15,7.389,7.364,7.296,7.275,
1990-11-16,7.39,7.337,7.226,7.245,
1990-11-19,7.325,7.293,7.169,7.188,
1990-11-20,7.323,7.302,7.183,7.205,
1990-11-21,7.313,7.28,7.115,7.165,
1990-11-22,7.293,7.229,7.045,7.105,
1990-11-26,7.226,7.141,6.892,7.03,
1990-11-27,7.258,7.168,6.983,7.042,
1990-11-28,7.259,7.159,6.98,7.042,
1990-11-29,7.259,7.158,7.009,7.049,
1990-11-30,7.259,7.14,6.959,7.037,
1990-12-03,7.242,7.086,6.831,6.988,
1990-12-04,7.264,7.096,6.852,7.004,
1990-12-05,7.248,7.032,6.762,6.954,
1990-12-06,7.264,7.076,6.844,7.004,
1990-12-07,7.248,7.042,6.788,6.979,
1990-12-10,7.205,6.986,6.673,6.944,
1990-12-11,7.179,6.945,6.63,6.915,
1990-12-12,7.158,6.918,6.67,6.963,
1990-12-13,7.093,6.863,6.618,6.957,
1990-12-14,7.059,6.84,6.658,6.963,
1990-12-17,7.013,6.808,6.609,6.952,
1990-12-18,6.983,6.772,6.557,6.94,
1990-12-19,6.959,6.728,6.532,6.979,
1990-12-20,6.959,6.736,6.584,7.002,
1990-12-21,6.998,6.766,6.635,7.025,
1990-12-25,7.011,6.79,6.681,7.033,
1990-12-26,7.049,6.805,6.613,7.021,
1990-12-27,7.054,6.813,6.574,7.039,
1990-12-28,7.054,6.83,6.619,7.014,
1991-01-04,7.005,6.74,6.475,6.74,
1991-01-07,7.038,6.766,6.536,6.772,
1991-01-08,7.065,6.791,6.606,6.821,
1991-01-09,7.059,6.791,6.586,6.804,
1991-01-10,7.034,6.784,6.546,6.765,
1991-01-11,7.006,6.747,6.504,6.733,
1991-01-14,7.039,6.774,6.556,6.765,
1991-01-16,7.066,6.816,6.643,6.822,
1991-01-17,7.011,6.757,6.498,6.73,
1991-01-18,6.995,6.757,6.487,6.73,
1991-01-21,7.027,6.774,6.526,6.754,
1991-01-22,7.021,6.775,6.536,6.761,
1991-01-23,6.999,6.755,6.527,6.761,
1991-01-24,6.993,6.738,6.518,6.778,
1991-01-25,6.971,6.701,6.502,6.765,
1991-01-28,6.956,6.676,6.508,6.771,
1991-01-29,6.926,6.639,6.474,6.753,
1991-01-30,6.904,6.622,6.462,6.745,
1991-01-31,6.898,6.622,6.493,6.761,
1991-02-01,6.911,6.629,6.499,6.782,
1991-02-04,6.923,6.639,6.52,6.8,
1991-02-05,6.921,6.619,6.454,6.781,
1991-02-06,6.898,6.593,6.409,6.773,
1991-02-07,6.898,6.592,6.461,6.806,
1991-02-08,6.886,6.586,6.414,6.779,
1991-02-12,6.858,6.557,6.407,6.756,
1991-02-13,6.819,6.523,6.384,6.74,
1991-02-14,6.797,6.496,6.38,6.715,
1991-02-15,6.769,6.466,6.365,6.699,
1991-02-18,6.741,6.44,6.311,6.65,
1991-02-19,6.707,6.421,6.323,6.638,
1991-02-20,6.679,6.393,6.307,6.615,
1991-02-21,6.661,6.374,6.338,6.622,
1991-02-22,6.644,6.356,6.332,6.615,
1991-02-25,6.617,6.336,6.324,6.607,
1991-02-26,6.598,6.317,6.36,6.619,
1991-02-27,6.611,6.334,6.411,6.635,
1991-02-28,6.645,6.379,6.467,6.644,
1991-03-01,6.749,6.578,6.589,6.721,
1991-03-04,6.803,6.649,6.596,6.737,
1991-03-05,6.786,6.65,6.594,6.746,
1991-03-06,6.788,6.643,6.585,6.753,
1991-03-07,6.8,6.648,6.61,6.785,
1991-03-08,6.795,6.64,6.577,6.777,
1991-03-11,6.816,6.667,6.638,6.817,
1991-03-12,6.807,6.631,6.528,6.769,
1991-03-13,6.816,6.639,6.585,6.793,
1991-03-14,6.815,6.657,6.56,6.777,
1991-03-15,6.815,6.675,6.539,6.769,
1991-03-18,6.815,6.675,6.52,6.761,
1991-03-19,6.816,6.699,6.533,6.769,
1991-03-20,6.809,6.709,6.557,6.794,
1991-03-22,6.764,6.665,6.496,6.77,
1991-03-25,6.771,6.673,6.505,6.771,
1991-03-26,6.788,6.7,6.551,6.795,
1991-03-27,6.815,6.726,6.596,6.811,
1991-03-28,6.815,6.726,6.598,6.818,
1991-03-29,6.804,6.709,6.572,6.802,
1991-04-01,6.833,6.744,6.625,6.789,
1991-04-02,6.834,6.744,6.627,6.789,
1991-04-03,6.837,6.736,6.586,6.769,
1991-04-04,6.848,6.744,6.614,6.792,
1991-04-05,6.823,6.729,6.568,6.767,
1991-04-08,6.823,6.728,6.586,6.783,
1991-04-09,6.834,6.747,6.603,6.783,
1991-04-10,6.863,6.774,6.616,6.798,
1991-04-11,6.902,6.816,6.678,6.854,
1991-04-12,6.917,6.818,6.655,6.831,
1991-04-15,6.918,6.819,6.652,6.83,
1991-04-16,6.882,6.777,6.568,6.781,
1991-04-17,6.882,6.784,6.582,6.781,
1991-04-18,6.862,6.778,6.577,6.777,
1991-04-19,6.862,6.785,6.605,6.793,
1991-04-22,6.893,6.811,6.639,6.808,
1991-04-23,6.914,6.822,6.621,6.802,
1991-04-24,6.945,6.828,6.644,6.81,
1991-04-25,6.944,6.838,6.65,6.818,
1991-04-26,6.94,6.841,6.644,6.825,
1991-04-30,6.941,6.829,6.65,6.832,
1991-05-01,6.925,6.804,6.598,6.809,
1991-05-02,6.921,6.796,6.594,6.808,
1991-05-07,6.933,6.804,6.612,6.824,
1991-05-08,6.944,6.811,6.626,6.832,
1991-05-09,6.954,6.801,6.624,6.835,
1991-05-10,6.934,6.769,6.585,6.827,
1991-05-13,6.924,6.759,6.587,6.827,
1991-05-14,6.913,6.751,6.588,6.827,
1991-05-15,6.919,6.751,6.598,6.827,
1991-05-16,6.908,6.732,6.585,6.803,
1991-05-17,6.895,6.724,6.569,6.768,
1991-05-20,6.89,6.724,6.578,6.768,
1991-05-21,6.879,6.724,6.578,6.768,
1991-05-22,6.875,6.726,6.584,6.767,
1991-05-23,6.859,6.726,6.576,6.76,
1991-05-24,6.85,6.725,6.592,6.759,
1991-05-27,6.846,6.726,6.595,6.758,
1991-05-28,6.83,6.726,6.592,6.758,
1991-05-29,6.83,6.726,6.593,6.758,
1991-05-30,6.803,6.726,6.576,6.751,
1991-05-31,6.757,6.711,6.562,6.742,
1991-06-03,6.762,6.711,6.59,6.75,
1991-06-04,6.751,6.711,6.582,6.742,
1991-06-05,6.751,6.72,6.604,6.751,
1991-06-06,6.751,6.737,6.613,6.739,
1991-06-07,6.762,6.754,6.633,6.747,
1991-06-10,6.816,6.805,6.715,6.792,
1991-06-11,6.851,6.866,6.754,6.815,
1991-06-12,6.894,6.903,6.777,6.839,
1991-06-13,6.9,6.919,6.766,6.839,
1991-06-14,6.904,6.937,6.786,6.847,
1991-06-17,6.915,6.949,6.769,6.847,
1991-06-18,6.943,6.966,6.782,6.848,
1991-06-19,6.981,6.985,6.803,6.855,
1991-06-20,6.983,6.99,6.755,6.84,
1991-06-21,6.975,6.96,6.738,6.823,
1991-06-24,7.005,6.991,6.787,6.847,
1991-06-25,6.997,6.975,6.765,6.84,
1991-06-26,6.997,6.986,6.765,6.84,
1991-06-27,7.008,6.99,6.777,6.84,
1991-06-28,7.019,6.987,6.774,6.84,
1991-07-01,6.933,6.911,6.694,6.897,
1991-07-02,6.95,6.919,6.706,6.913,
1991-07-03,6.955,6.937,6.726,6.924,
1991-07-04,6.934,6.915,6.701,6.904,
1991-07-05,6.914,6.933,6.714,6.903,
1991-07-08,6.898,6.935,6.723,6.906,
1991-07-09,6.877,6.935,6.722,6.907,
1991-07-10,6.882,6.933,6.722,6.907,
1991-07-11,6.857,6.935,6.722,6.906,
1991-07-12,6.846,6.923,6.705,6.898,
1991-07-15,6.824,6.885,6.672,6.874,
1991-07-16,6.825,6.887,6.678,6.873,
1991-07-17,6.818,6.885,6.674,6.872,
1991-07-18,6.818,6.897,6.693,6.88,
1991-07-19,6.807,6.882,6.68,6.872,
1991-07-22,6.807,6.884,6.675,6.868,
1991-07-23,6.796,6.876,6.663,6.868,
1991-07-24,6.78,6.848,6.644,6.852,
1991-07-25,6.769,6.821,6.614,6.845,
1991-07-26,6.735,6.773,6.565,6.815,
1991-07-29,6.735,6.773,6.571,6.819,
1991-07-30,6.707,6.727,6.529,6.802,
1991-07-31,6.702,6.715,6.516,6.799,
1991-08-01,6.698,6.714,6.547,6.804,
1991-08-02,6.681,6.706,6.545,6.796,
1991-08-05,6.653,6.659,6.496,6.772,
1991-08-06,6.649,6.671,6.513,6.774,
1991-08-07,6.637,6.644,6.489,6.774,
1991-08-08,6.642,6.644,6.495,6.782,
1991-08-09,6.62,6.628,6.463,6.774,
1991-08-12,6.619,6.629,6.471,6.766,
1991-08-13,6.58,6.584,6.431,6.752,
1991-08-14,6.552,6.548,6.397,6.722,
1991-08-15,6.553,6.548,6.406,6.722,
1991-08-16,6.514,6.515,6.369,6.683,
1991-08-19,6.554,6.606,6.515,6.778,
1991-08-20,6.509,6.553,6.447,6.723,
1991-08-21,6.481,6.498,6.395,6.691,
1991-08-22,6.461,6.484,6.383,6.68,
1991-08-23,6.454,6.484,6.39,6.68,
1991-08-26,6.455,6.493,6.415,6.696,
1991-08-27,6.453,6.495,6.423,6.685,
1991-08-28,6.453,6.505,6.426,6.689,
1991-08-29,6.407,6.443,6.347,6.651,
1991-08-30,6.376,6.431,6.322,6.614,
1991-09-02,6.363,6.411,6.284,6.591,
1991-09-03,6.345,6.42,6.294,6.591,
1991-09-04,6.32,6.417,6.276,6.575,
1991-09-05,6.323,6.423,6.276,6.563,
1991-09-06,6.268,6.407,6.272,6.556,
1991-09-09,6.224,6.389,6.26,6.544,
1991-09-10,6.171,6.38,6.254,6.544,
1991-09-11,6.124,6.362,6.229,6.525,
1991-09-12,6.051,6.303,6.186,6.49,
1991-09-13,5.972,6.233,6.152,6.45,
1991-09-17,5.98,6.21,6.178,6.458,
1991-09-18,5.98,6.18,6.165,6.45,
1991-09-19,5.97,6.172,6.173,6.445,
1991-09-20,5.922,6.102,6.122,6.389,
1991-09-24,5.901,6.054,6.071,6.357,
1991-09-25,5.893,6.049,6.087,6.363,
1991-09-26,5.878,6.042,6.071,6.352,
1991-09-27,5.83,6.013,6.07,6.356,
1991-09-30,5.785,6.013,6.083,6.358,
1991-10-01,5.747,5.977,6.036,6.32,
1991-10-02,5.739,5.968,6.024,6.312,
1991-10-03,5.695,5.932,5.982,6.289,
1991-10-04,5.68,5.954,6.015,6.306,
1991-10-07,5.683,5.968,6.017,6.31,
1991-10-08,5.718,6.002,6.034,6.332,
1991-10-09,5.757,6.047,6.063,6.347,
1991-10-11,5.762,6.074,6.084,6.367,
1991-10-14,5.77,6.074,6.085,6.372,
1991-10-15,5.77,6.057,6.046,6.355,
1991-10-16,5.732,6.042,6.029,6.349,
1991-10-17,5.683,5.996,5.974,6.336,
1991-10-18,5.687,5.997,5.949,6.336,
1991-10-21,5.652,5.976,5.933,6.327,
1991-10-22,5.653,5.994,5.975,6.351,
1991-10-23,5.629,6.01,6.001,6.367,
1991-10-24,5.591,5.983,5.984,6.359,
1991-10-25,5.579,6.003,6.016,6.384,
1991-10-28,5.588,6.002,6.012,6.376,
1991-10-29,5.588,5.98,5.986,6.361,
1991-10-30,5.593,5.998,6.038,6.389,
1991-10-31,5.576,5.971,6.025,6.38,
1991-11-01,5.578,5.937,5.994,6.364,
1991-11-05,5.588,5.962,6.031,6.387,
1991-11-06,5.608,5.999,6.064,6.41,
1991-11-07,5.614,5.982,6.036,6.394,
1991-11-08,5.594,5.962,6.029,6.386,
1991-11-11,5.594,5.94,6.012,6.372,
1991-11-12,5.574,5.905,5.975,6.313,
1991-11-13,5.579,5.903,5.981,6.313,
1991-11-14,5.57,5.904,5.982,6.309,
1991-11-15,5.546,5.91,5.985,6.292,
1991-11-18,5.541,5.891,5.969,6.281,
1991-11-19,5.541,5.896,5.982,6.281,
1991-11-20,5.587,5.941,6.026,6.311,
1991-11-21,5.553,5.92,6.006,6.299,
1991-11-22,5.559,5.934,6.026,6.31,
1991-11-25,5.564,5.919,6.015,6.302,
1991-11-26,5.543,5.903,6.014,6.297,
1991-11-27,5.548,5.891,6.0,6.297,
1991-11-28,5.548,5.867,5.984,6.292,
1991-11-29,5.543,5.845,5.971,6.288,
1991-12-02,5.514,5.812,5.894,6.272,
1991-12-03,5.498,5.821,5.906,6.281,
1991-12-04,5.483,5.784,5.873,6.258,
1991-12-05,5.437,5.738,5.837,6.237,
1991-12-06,5.401,5.693,5.79,6.21,
1991-12-09,5.411,5.71,5.794,6.218,
1991-12-10,5.358,5.703,5.759,6.193,
1991-12-11,5.358,5.72,5.776,6.2,
1991-12-12,5.342,5.701,5.759,6.188,
1991-12-13,5.316,5.727,5.767,6.192,
1991-12-16,5.325,5.71,5.75,6.18,
1991-12-17,5.327,5.712,5.754,6.18,
1991-12-18,5.32,5.722,5.763,6.18,
1991-12-19,5.289,5.784,5.776,6.193,
1991-12-20,5.291,5.773,5.764,6.181,
1991-12-24,5.24,5.712,5.7,6.139,
1991-12-25,5.212,5.742,5.681,6.127,
1991-12-26,5.181,5.687,5.634,6.087,
1991-12-27,5.155,5.649,5.608,6.062,
1991-12-30,5.103,5.604,5.575,6.031,
1992-01-06,5.02,5.548,5.549,6.026,
1992-01-07,4.922,5.485,5.51,5.991,
1992-01-08,4.927,5.494,5.527,5.975,
1992-01-09,4.879,5.477,5.526,5.939,
1992-01-10,4.879,5.477,5.533,5.946,
1992-01-13,4.89,5.503,5.559,5.966,
1992-01-14,4.863,5.486,5.549,5.963,
1992-01-16,4.868,5.535,5.603,5.999,
1992-01-17,4.769,5.479,5.554,5.981,
1992-01-20,4.727,5.442,5.524,5.973,
1992-01-21,4.655,5.403,5.516,5.977,
1992-01-22,4.489,5.247,5.455,5.922,
1992-01-23,4.494,5.214,5.48,5.946,
1992-01-24,4.509,5.213,5.492,5.967,
1992-01-27,4.514,5.216,5.491,5.971,
1992-01-28,4.556,5.254,5.51,5.991,
1992-01-29,4.556,5.255,5.493,5.988,
1992-01-30,4.582,5.29,5.514,6.004,
1992-01-31,4.606,5.361,5.566,6.038,
1992-02-03,4.644,5.375,5.572,6.045,
1992-02-04,4.689,5.416,5.626,6.09,
1992-02-05,4.682,5.473,5.651,6.107,
1992-02-06,4.675,5.453,5.593,6.083,
1992-02-07,4.679,5.452,5.593,6.083,
1992-02-10,4.702,5.487,5.631,6.101,
1992-02-12,4.75,5.537,5.68,6.132,
1992-02-13,4.734,5.48,5.607,6.117,
1992-02-14,4.749,5.519,5.652,6.16,
1992-02-17,4.736,5.483,5.582,6.12,
1992-02-18,4.741,5.48,5.581,6.128,
1992-02-19,4.763,5.503,5.616,6.152,
1992-02-20,4.743,5.463,5.572,6.124,
1992-02-21,4.741,5.451,5.559,6.112,
1992-02-24,4.744,5.468,5.594,6.14,
1992-02-25,4.706,5.45,5.596,6.131,
1992-02-26,4.687,5.42,5.569,6.115,
1992-02-27,4.67,5.386,5.56,6.111,
1992-02-28,4.663,5.377,5.56,6.111,
1992-03-02,4.645,5.366,5.553,6.112,
1992-03-03,4.655,5.389,5.58,6.128,
1992-03-04,4.678,5.412,5.592,6.144,
1992-03-05,4.653,5.39,5.55,6.111,
1992-03-06,4.659,5.404,5.567,6.127,
1992-03-09,4.669,5.394,5.55,6.115,
1992-03-10,4.655,5.369,5.528,6.094,
1992-03-11,4.641,5.355,5.541,6.099,
1992-03-12,4.643,5.355,5.554,6.102,
1992-03-13,4.644,5.344,5.541,6.094,
1992-03-16,4.646,5.336,5.539,6.092,
1992-03-17,4.642,5.299,5.501,6.068,
1992-03-18,4.652,5.304,5.501,6.065,
1992-03-19,4.651,5.297,5.48,6.044,
1992-03-23,4.649,5.291,5.478,6.042,
1992-03-24,4.653,5.3,5.486,6.046,
1992-03-25,4.65,5.295,5.486,6.046,
1992-03-26,4.632,5.281,5.487,6.043,
1992-03-27,4.622,5.25,5.483,6.03,
1992-03-30,4.639,5.243,5.483,6.03,
1992-03-31,4.644,5.25,5.508,6.054,
1992-04-01,4.635,5.266,5.55,6.079,
1992-04-02,4.664,5.318,5.638,6.135,
1992-04-03,4.667,5.383,5.729,6.189,
1992-04-06,4.663,5.343,5.672,6.156,
1992-04-07,4.683,5.36,5.693,6.171,
1992-04-08,4.668,5.34,5.664,6.163,
1992-04-09,4.649,5.351,5.682,6.175,
1992-04-10,4.534,5.262,5.603,6.109,
1992-04-13,4.541,5.283,5.636,6.112,
1992-04-14,4.544,5.274,5.632,6.112,
1992-04-15,4.512,5.242,5.607,6.095,
1992-04-16,4.515,5.252,5.619,6.103,
1992-04-17,4.517,5.267,5.648,6.122,
1992-04-20,4.526,5.321,5.72,6.168,
1992-04-21,4.497,5.3,5.705,6.154,
1992-04-22,4.501,5.3,5.708,6.154,
1992-04-23,4.507,5.289,5.687,6.131,
1992-04-24,4.509,5.301,5.712,6.146,
1992-04-27,4.52,5.332,5.762,6.178,
1992-04-28,4.509,5.328,5.769,6.183,
1992-04-30,4.52,5.328,5.794,6.183,
1992-05-01,4.52,5.318,5.779,6.168,
1992-05-06,4.502,5.284,5.748,6.142,
1992-05-07,4.508,5.273,5.739,6.126,
1992-05-08,4.509,5.272,5.73,6.119,
1992-05-11,4.507,5.259,5.723,6.117,
1992-05-12,4.506,5.269,5.721,6.117,
1992-05-13,4.511,5.264,5.668,6.087,
1992-05-14,4.526,5.264,5.664,6.077,
1992-05-15,4.547,5.284,5.682,6.101,
1992-05-18,4.557,5.274,5.67,6.093,
1992-05-19,4.577,5.275,5.648,6.086,
1992-05-20,4.633,5.259,5.62,6.061,
1992-05-21,4.615,5.259,5.635,6.082,
1992-05-22,4.651,5.278,5.658,6.098,
1992-05-25,4.662,5.278,5.654,6.093,
1992-05-26,4.693,5.293,5.672,6.101,
1992-05-27,4.712,5.306,5.715,6.138,
1992-05-28,4.738,5.301,5.705,6.13,
1992-05-29,4.738,5.276,5.664,6.098,
1992-06-01,4.727,5.26,5.664,6.101,
1992-06-02,4.732,5.269,5.69,6.117,
1992-06-03,4.701,5.251,5.665,6.101,
1992-06-04,4.705,5.251,5.668,6.105,
1992-06-05,4.675,5.237,5.677,6.128,
1992-06-08,4.654,5.227,5.694,6.148,
1992-06-09,4.649,5.214,5.692,6.145,
1992-06-10,4.628,5.205,5.707,6.145,
1992-06-11,4.595,5.192,5.691,6.142,
1992-06-12,4.599,5.183,5.691,6.142,
1992-06-15,4.579,5.165,5.691,6.142,
1992-06-16,4.545,5.159,5.688,6.154,
1992-06-17,4.528,5.105,5.645,6.123,
1992-06-18,4.533,5.067,5.638,6.114,
1992-06-19,4.535,5.066,5.619,6.107,
1992-06-22,4.529,5.076,5.61,6.121,
1992-06-23,4.521,5.075,5.614,6.13,
1992-06-24,4.503,5.039,5.589,6.113,
1992-06-25,4.467,4.992,5.577,6.094,
1992-06-26,4.438,4.963,5.539,6.075,
1992-06-29,4.448,4.97,5.547,6.075,
1992-06-30,4.453,4.964,5.534,6.081,
1992-07-01,4.412,4.953,5.542,6.1,
1992-07-02,4.401,4.967,5.534,6.091,
1992-07-03,4.355,4.964,5.482,6.06,
1992-07-06,4.335,4.999,5.513,6.088,
1992-07-07,4.32,4.975,5.496,6.081,
1992-07-08,4.274,4.948,5.484,6.074,
1992-07-09,4.249,4.943,5.483,6.073,
1992-07-10,4.223,4.936,5.492,6.101,
1992-07-13,4.228,4.923,5.475,6.089,
1992-07-14,4.198,4.897,5.475,6.089,
1992-07-15,4.203,4.897,5.501,6.105,
1992-07-16,4.208,4.884,5.471,6.089,
1992-07-17,4.177,4.868,5.458,6.093,
1992-07-20,4.176,4.861,5.466,6.093,
1992-07-21,4.13,4.834,5.432,6.106,
1992-07-22,4.034,4.737,5.375,6.1,
1992-07-23,4.039,4.694,5.349,6.088,
1992-07-24,4.039,4.694,5.347,6.093,
1992-07-27,3.982,4.696,5.343,6.104,
1992-07-28,3.915,4.626,5.298,6.076,
1992-07-29,3.868,4.558,5.272,6.058,
1992-07-30,3.873,4.572,5.281,6.058,
1992-07-31,3.871,4.604,5.299,6.093,
1992-08-03,3.881,4.65,5.327,6.11,
1992-08-04,3.865,4.609,5.252,6.092,
1992-08-05,3.87,4.646,5.264,6.11,
1992-08-06,3.861,4.688,5.278,6.136,
1992-08-07,3.845,4.707,5.296,6.147,
1992-08-10,3.808,4.634,5.275,6.14,
1992-08-11,3.741,4.576,5.263,6.148,
1992-08-12,3.683,4.516,5.24,6.135,
1992-08-13,3.635,4.478,5.222,6.122,
1992-08-14,3.561,4.374,5.172,6.09,
1992-08-17,3.507,4.342,5.143,6.094,
1992-08-18,3.468,4.289,5.102,6.068,
1992-08-19,3.43,4.269,5.085,6.065,
1992-08-20,3.435,4.282,5.079,6.04,
1992-08-21,3.508,4.354,5.11,6.08,
1992-08-24,3.521,4.352,5.066,6.08,
1992-08-25,3.526,4.294,4.994,6.03,
1992-08-26,3.532,4.278,5.015,6.013,
1992-08-27,3.524,4.264,5.009,6.015,
1992-08-28,3.61,4.321,5.078,6.031,
1992-08-31,3.776,4.434,5.143,6.098,
1992-09-01,3.795,4.491,5.159,5.748,
1992-09-02,3.848,4.529,5.134,5.724,
1992-09-03,3.83,4.509,5.129,5.724,
1992-09-04,3.743,4.445,5.064,5.684,
1992-09-07,3.633,4.323,4.95,5.588,
1992-09-08,3.637,4.38,5.02,5.653,
1992-09-09,3.646,4.381,5.019,5.659,
1992-09-10,3.674,4.39,5.006,5.652,
1992-09-11,3.728,4.439,5.037,5.708,
1992-09-14,3.729,4.43,5.005,5.715,
1992-09-16,3.75,4.478,5.058,5.755,
1992-09-17,3.762,4.505,5.08,5.786,
1992-09-18,3.737,4.488,5.084,5.784,
1992-09-21,3.728,4.479,5.093,5.789,
1992-09-22,3.712,4.461,5.067,5.784,
1992-09-24,3.682,4.387,5.007,5.753,
1992-09-25,3.633,4.368,5.012,5.743,
1992-09-28,3.626,4.35,5.009,5.727,
1992-09-29,3.631,4.34,5.027,5.736,
1992-09-30,3.637,4.313,5.032,5.736,
1992-10-01,3.577,4.298,5.024,5.731,
1992-10-02,3.518,4.262,4.999,5.719,
1992-10-05,3.524,4.257,5.008,5.727,
1992-10-06,3.484,4.227,5.005,5.729,
1992-10-07,3.51,4.25,5.032,5.757,
1992-10-08,3.545,4.3,5.074,5.789,
1992-10-09,3.529,4.29,5.056,5.781,
1992-10-12,3.536,4.327,5.088,5.799,
1992-10-13,3.521,4.308,5.063,5.783,
1992-10-14,3.513,4.297,5.051,5.776,
1992-10-15,3.552,4.336,5.064,5.783,
1992-10-16,3.548,4.316,5.025,5.768,
1992-10-19,3.561,4.307,5.018,5.762,
1992-10-20,3.594,4.336,5.038,5.783,
1992-10-21,3.597,4.362,5.055,5.79,
1992-10-22,3.589,4.353,5.024,5.778,
1992-10-23,3.574,4.321,5.009,5.778,
1992-10-26,3.565,4.328,5.018,5.785,
1992-10-27,3.56,4.323,5.006,5.782,
1992-10-28,3.554,4.316,4.99,5.779,
1992-10-29,3.547,4.293,4.968,5.771,
1992-10-30,3.508,4.234,4.97,5.76,
1992-11-02,3.499,4.225,4.96,5.674,
1992-11-04,3.48,4.2,4.95,5.671,
1992-11-05,3.468,4.207,4.957,5.676,
1992-11-06,3.469,4.232,4.968,5.673,
1992-11-09,3.465,4.195,4.92,5.635,
1992-11-10,3.45,4.193,4.942,5.633,
1992-11-11,3.454,4.18,4.918,5.621,
1992-11-12,3.455,4.178,4.9,5.607,
1992-11-13,3.44,4.181,4.864,5.592,
1992-11-16,3.465,4.192,4.863,5.595,
1992-11-17,3.48,4.202,4.833,5.58,
1992-11-18,3.505,4.226,4.85,5.592,
1992-11-19,3.5,4.237,4.831,5.595,
1992-11-20,3.525,4.286,4.849,5.591,
1992-11-24,3.54,4.261,4.839,5.585,
1992-11-25,3.555,4.228,4.839,5.58,
1992-11-26,3.548,4.239,4.869,5.583,
1992-11-27,3.572,4.228,4.876,5.581,
1992-11-30,3.616,4.258,4.907,5.592,
1992-12-01,3.602,4.242,4.867,5.571,
1992-12-02,3.572,4.216,4.848,5.558,
1992-12-03,3.557,4.196,4.848,5.558,
1992-12-04,3.524,4.197,4.955,5.558,
1992-12-07,3.514,4.199,4.953,5.553,
1992-12-08,3.519,4.212,4.968,5.558,
1992-12-09,3.519,4.229,4.976,5.549,
1992-12-10,3.534,4.24,4.981,5.556,
1992-12-11,3.557,4.248,4.993,5.567,
1992-12-14,3.601,4.316,5.045,5.591,
1992-12-15,3.602,4.308,5.037,5.586,
1992-12-16,3.617,4.291,5.024,5.572,
1992-12-17,3.599,4.294,5.019,5.576,
1992-12-18,3.602,4.291,5.009,5.576,
1992-12-21,3.614,4.278,5.005,5.576,
1992-12-22,3.617,4.264,4.997,5.568,
1992-12-24,3.604,4.259,4.995,5.557,
1992-12-25,3.609,4.247,4.975,5.55,
1992-12-28,3.619,4.243,4.977,5.541,
1992-12-29,3.607,4.246,4.991,5.538,
1992-12-30,3.612,4.237,4.97,5.528,
1993-01-04,3.627,4.239,4.877,5.635,
1993-01-05,3.612,4.211,4.858,5.616,
1993-01-06,3.587,4.184,4.851,5.603,
1993-01-07,3.556,4.148,4.824,5.573,
1993-01-08,3.542,4.167,4.842,5.582,
1993-01-11,3.557,4.186,4.852,5.586,
1993-01-12,3.527,4.14,4.814,5.562,
1993-01-13,3.522,4.135,4.814,5.562,
1993-01-14,3.48,4.114,4.816,5.548,
1993-01-18,3.465,4.039,4.753,5.504,
1993-01-19,3.45,4.031,4.738,5.491,
1993-01-20,3.455,4.052,4.735,5.475,
1993-01-21,3.431,4.07,4.739,5.44,
1993-01-22,3.431,4.06,4.735,5.405,
1993-01-25,3.425,4.058,4.733,5.405,
1993-01-26,3.388,4.051,4.725,5.404,
1993-01-27,3.39,4.044,4.738,5.412,
1993-01-28,3.388,4.012,4.733,5.418,
1993-01-29,3.372,3.994,4.738,5.422,
1993-02-01,3.376,3.927,4.706,5.401,
1993-02-02,3.324,3.918,4.673,5.334,
1993-02-03,3.308,3.967,4.689,5.358,
1993-02-04,3.252,3.981,4.71,5.364,
1993-02-05,3.183,3.908,4.669,5.327,
1993-02-08,3.167,3.878,4.641,5.304,
1993-02-09,3.162,3.833,4.57,5.25,
1993-02-10,3.146,3.823,4.553,5.248,
1993-02-12,3.155,3.81,4.543,5.232,
1993-02-15,3.18,3.821,4.55,5.232,
1993-02-16,3.208,3.816,4.508,5.208,
1993-02-17,3.202,3.777,4.449,5.167,
1993-02-18,3.17,3.76,4.452,5.13,
1993-02-19,3.125,3.73,4.425,5.093,
1993-02-22,3.109,3.655,4.354,5.031,
1993-02-23,3.114,3.636,4.311,5.015,
1993-02-24,3.069,3.589,4.213,4.961,
1993-02-25,3.077,3.589,4.195,4.961,
1993-02-26,3.077,3.638,4.248,5.003,
1993-03-01,3.065,3.66,4.333,5.011,
1993-03-02,3.041,3.622,4.329,5.011,
1993-03-03,3.042,3.613,4.343,5.032,
1993-03-04,3.048,3.594,4.334,5.049,
1993-03-05,3.011,3.574,4.209,5.056,
1993-03-08,3.034,3.611,4.23,5.098,
1993-03-09,3.09,3.698,4.297,5.164,
1993-03-10,3.093,3.683,4.26,5.155,
1993-03-11,3.082,3.71,4.279,5.175,
1993-03-12,3.087,3.701,4.264,5.175,
1993-03-15,3.129,3.77,4.314,5.224,
1993-03-16,3.134,3.746,4.317,5.216,
1993-03-17,3.12,3.767,4.339,5.223,
1993-03-18,3.145,3.806,4.374,5.248,
1993-03-19,3.151,3.787,4.347,5.233,
1993-03-22,3.163,3.834,4.427,5.289,
1993-03-23,3.2,3.858,4.431,5.306,
1993-03-24,3.24,3.873,4.415,5.314,
1993-03-25,3.397,3.986,4.469,5.378,
1993-03-26,3.425,4.071,4.535,5.41,
1993-03-29,3.496,4.172,4.608,5.467,
1993-03-30,3.45,4.083,4.559,5.411,
1993-03-31,3.446,4.068,4.565,5.427,
1993-04-01,3.4,4.002,4.554,5.389,
1993-04-02,3.405,4.012,4.571,5.403,
1993-04-05,3.434,4.072,4.608,5.431,
1993-04-06,3.417,4.073,4.622,5.43,
1993-04-07,3.423,4.102,4.672,5.463,
1993-04-08,3.428,4.122,4.704,5.487,
1993-04-09,3.399,4.093,4.611,5.432,
1993-04-12,3.368,4.051,4.561,5.408,
1993-04-13,3.373,4.089,4.575,5.431,
1993-04-14,3.346,4.047,4.528,5.403,
1993-04-15,3.319,4.033,4.542,5.408,
1993-04-16,3.331,4.039,4.57,5.424,
1993-04-19,3.341,4.034,4.581,5.455,
1993-04-20,3.29,4.009,4.574,5.469,
1993-04-21,3.294,3.994,4.558,5.469,
1993-04-22,3.265,3.985,4.533,5.464,
1993-04-23,3.252,3.952,4.502,5.446,
1993-04-26,3.24,3.971,4.521,5.445,
1993-04-27,3.272,4.067,4.593,5.483,
1993-04-28,3.328,4.186,4.727,5.575,
1993-04-30,3.314,4.162,4.688,5.575,
1993-05-06,3.313,4.103,4.572,5.559,
1993-05-07,3.315,4.106,4.588,5.562,
1993-05-10,3.335,4.134,4.652,5.582,
1993-05-11,3.321,4.159,4.726,5.581,
1993-05-12,3.326,4.187,4.791,5.589,
1993-05-13,3.311,4.162,4.799,5.576,
1993-05-14,3.315,4.179,4.849,5.576,
1993-05-17,3.302,4.202,4.867,5.577,
1993-05-18,3.344,4.324,4.956,5.612,
1993-05-19,3.367,4.387,4.967,5.631,
1993-05-20,3.391,4.378,4.932,5.616,
1993-05-21,3.363,4.357,4.912,5.598,
1993-05-24,3.408,4.396,4.968,5.62,
1993-05-25,3.432,4.392,4.942,5.598,
1993-05-26,3.432,4.322,4.852,5.54,
1993-05-27,3.418,4.305,4.854,5.535,
1993-05-28,3.442,4.304,4.857,5.535,
1993-05-31,3.457,4.304,4.85,5.527,
1993-06-01,3.441,4.292,4.86,5.505,
1993-06-02,3.426,4.292,4.91,5.52,
1993-06-03,3.401,4.276,4.914,5.52,
1993-06-04,3.362,4.216,4.852,5.486,
1993-06-07,3.342,4.213,4.87,5.505,
1993-06-08,3.337,4.199,4.846,5.49,
1993-06-10,3.312,4.166,4.816,5.475,
1993-06-11,3.307,4.159,4.808,5.479,
1993-06-14,3.291,4.121,4.783,5.476,
1993-06-15,3.276,4.08,4.744,5.467,
1993-06-16,3.254,4.094,4.751,5.477,
1993-06-17,3.228,4.056,4.686,5.468,
1993-06-18,3.213,4.019,4.659,5.473,
1993-06-21,3.213,4.055,4.705,5.491,
1993-06-22,3.238,4.108,4.787,5.53,
1993-06-23,3.231,4.141,4.821,5.515,
1993-06-24,3.163,4.092,4.758,5.483,
1993-06-25,3.142,4.093,4.773,5.488,
1993-06-28,3.114,4.032,4.722,5.457,
1993-06-29,3.099,4.018,4.705,5.45,
1993-06-30,3.094,3.999,4.674,5.426,
1993-07-01,3.062,3.995,4.624,5.395,
1993-07-02,3.067,4.005,4.603,5.376,
1993-07-05,3.082,3.996,4.588,5.346,
1993-07-06,3.062,3.968,4.538,5.29,
1993-07-07,3.077,3.997,4.568,5.263,
1993-07-08,3.082,3.984,4.577,5.259,
1993-07-09,3.077,3.932,4.525,5.271,
1993-07-12,3.062,3.886,4.512,5.292,
1993-07-13,3.067,3.863,4.486,5.28,
1993-07-14,3.072,3.865,4.504,5.277,
1993-07-15,3.077,3.88,4.517,5.28,
1993-07-16,3.066,3.89,4.494,5.276,
1993-07-19,3.076,3.876,4.482,5.267,
1993-07-20,3.08,3.878,4.496,5.265,
1993-07-21,3.085,3.868,4.476,5.265,
1993-07-22,3.065,3.874,4.403,5.263,
1993-07-23,3.04,3.851,4.4,5.246,
1993-07-26,3.05,3.832,4.378,5.242,
1993-07-27,3.024,3.833,4.392,5.241,
1993-07-28,3.014,3.809,4.404,5.241,
1993-07-29,2.998,3.811,4.433,5.249,
1993-07-30,2.977,3.793,4.398,5.252,
1993-08-02,2.931,3.708,4.458,5.323,
1993-08-03,2.924,3.695,4.457,5.323,
1993-08-04,2.929,3.715,4.471,5.327,
1993-08-05,2.939,3.744,4.46,5.327,
1993-08-06,2.936,3.748,4.466,5.325,
1993-08-09,2.951,3.722,4.43,5.316,
1993-08-10,2.951,3.714,4.423,5.309,
1993-08-11,2.935,3.691,4.412,5.267,
1993-08-12,2.929,3.624,4.35,5.188,
1993-08-13,2.94,3.664,4.396,5.212,
1993-08-16,2.955,3.645,4.4,5.217,
1993-08-17,2.915,3.626,4.401,5.199,
1993-08-18,2.919,3.636,4.413,5.204,
1993-08-19,2.951,3.695,4.453,5.237,
1993-08-20,3.056,3.82,4.524,5.302,
1993-08-23,2.991,3.772,4.516,5.262,
1993-08-24,2.959,3.734,4.499,5.262,
1993-08-25,2.932,3.658,4.413,5.23,
1993-08-26,2.886,3.611,4.355,5.17,
1993-08-27,2.892,3.582,4.343,5.137,
1993-08-30,2.902,3.545,4.314,5.113,
1993-08-31,2.836,3.5,4.292,5.072,
1993-09-01,2.83,3.481,4.248,5.052,
1993-09-02,2.838,3.502,4.283,5.06,
1993-09-03,2.825,3.517,4.301,5.06,
1993-09-06,2.794,3.46,4.248,5.003,
1993-09-07,2.794,3.47,4.271,4.986,
1993-09-08,2.777,3.451,4.244,4.97,
1993-09-09,2.728,3.423,4.236,4.934,
1993-09-10,2.725,3.428,4.258,4.939,
1993-09-13,2.747,3.47,4.298,4.988,
1993-09-14,2.76,3.508,4.334,5.02,
1993-09-16,2.758,3.491,4.272,4.995,
1993-09-17,2.761,3.476,4.255,4.986,
1993-09-20,2.754,3.478,4.26,4.976,
1993-09-21,2.635,3.361,4.166,4.893,
1993-09-22,2.639,3.368,4.183,4.902,
1993-09-24,2.64,3.351,4.138,4.844,
1993-09-27,2.625,3.326,4.09,4.741,
1993-09-28,2.632,3.278,4.04,4.691,
1993-09-29,2.637,3.265,4.059,4.716,
1993-09-30,2.608,3.191,4.014,4.698,
1993-10-01,2.595,3.199,4.027,4.711,
1993-10-04,2.58,3.201,4.023,4.736,
1993-10-05,2.514,3.124,3.995,4.692,
1993-10-06,2.529,3.193,4.04,4.718,
1993-10-07,2.508,3.163,4.015,4.692,
1993-10-08,2.476,3.145,4.034,4.674,
1993-10-12,2.452,3.092,4.015,4.648,
1993-10-13,2.446,3.094,4.006,4.657,
1993-10-14,2.45,3.127,4.02,4.67,
1993-10-15,2.445,3.133,4.029,4.676,
1993-10-18,2.472,3.175,4.074,4.719,
1993-10-19,2.453,3.151,4.038,4.702,
1993-10-20,2.407,3.059,3.966,4.677,
1993-10-21,2.346,3.035,3.976,4.666,
1993-10-22,2.289,2.982,3.948,4.645,
1993-10-25,2.252,2.97,3.963,4.653,
1993-10-26,2.209,2.951,3.941,4.631,
1993-10-27,2.188,2.892,3.928,4.61,
1993-10-28,2.192,2.897,3.932,4.61,
1993-10-29,2.137,2.891,3.91,4.586,
1993-11-01,2.139,2.829,3.879,4.535,
1993-11-02,2.129,2.806,3.888,4.492,
1993-11-04,2.098,2.747,3.821,4.437,
1993-11-05,2.095,2.791,3.868,4.477,
1993-11-08,2.11,2.759,3.836,4.456,
1993-11-09,2.082,2.713,3.801,4.431,
1993-11-10,2.049,2.692,3.778,4.412,
1993-11-11,2.072,2.733,3.804,4.43,
1993-11-12,2.09,2.775,3.815,4.438,
1993-11-15,2.079,2.822,3.816,4.441,
1993-11-16,2.112,2.889,3.848,4.458,
1993-11-17,2.131,2.922,3.83,4.45,
1993-11-18,2.098,2.868,3.765,4.407,
1993-11-19,2.073,2.832,3.76,4.405,
1993-11-22,2.073,2.801,3.784,4.423,
1993-11-24,2.05,2.762,3.805,4.44,
1993-11-25,1.951,2.646,3.74,4.396,
1993-11-26,1.873,2.592,3.703,4.373,
1993-11-29,1.85,2.556,3.67,4.357,
1993-11-30,1.754,2.422,3.604,4.287,
1993-12-01,1.729,2.473,3.605,4.256,
1993-12-02,1.734,2.455,3.569,4.213,
1993-12-03,1.719,2.435,3.519,4.174,
1993-12-06,1.729,2.429,3.461,4.13,
1993-12-07,1.743,2.409,3.456,4.112,
1993-12-08,1.748,2.411,3.465,4.112,
1993-12-09,1.711,2.411,3.462,4.104,
1993-12-10,1.729,2.371,3.425,4.074,
1993-12-13,1.744,2.375,3.44,4.074,
1993-12-14,1.734,2.384,3.449,4.084,
1993-12-15,1.788,2.436,3.481,4.11,
1993-12-16,1.808,2.448,3.485,4.11,
1993-12-17,1.816,2.489,3.5,4.164,
1993-12-20,1.782,2.42,3.431,4.077,
1993-12-21,1.727,2.35,3.391,4.017,
1993-12-22,1.693,2.351,3.405,4.027,
1993-12-24,1.661,2.303,3.369,4.002,
1993-12-27,1.667,2.27,3.365,3.998,
1993-12-28,1.675,2.286,3.403,4.015,
1993-12-29,1.636,2.286,3.394,4.025,
1993-12-30,1.64,2.298,3.413,4.034,
1994-01-04,1.679,2.345,3.461,4.069,
1994-01-05,1.684,2.33,3.453,4.073,
1994-01-06,1.689,2.325,3.408,4.039,
1994-01-07,1.665,2.266,3.364,4.0,
1994-01-10,1.708,2.278,3.369,4.004,
1994-01-11,1.74,2.337,3.408,4.031,
1994-01-12,1.818,2.426,3.452,4.065,
1994-01-13,1.833,2.457,3.457,4.083,
1994-01-14,1.941,2.59,3.57,4.212,
1994-01-17,1.935,2.6,3.617,4.287,
1994-01-18,1.985,2.672,3.766,4.505,
1994-01-19,1.992,2.844,3.836,4.53,
1994-01-20,1.997,2.783,3.768,4.43,
1994-01-21,1.98,2.76,3.787,4.403,
1994-01-24,1.891,2.634,3.734,4.387,
1994-01-25,2.027,2.785,3.841,4.487,
1994-01-26,2.097,2.883,3.963,4.601,
1994-01-27,2.101,2.844,3.889,4.576,
1994-01-28,2.126,2.871,3.931,4.618,
1994-01-31,2.272,3.042,3.993,4.705,
1994-02-01,2.256,2.983,3.918,4.65,
1994-02-02,2.212,2.979,3.905,4.618,
1994-02-03,2.169,2.999,3.937,4.584,
1994-02-04,2.154,3.044,3.968,4.598,
1994-02-07,2.179,3.047,3.959,4.605,
1994-02-08,2.197,3.032,3.93,4.605,
1994-02-09,2.175,2.974,3.896,4.573,
1994-02-10,2.165,2.995,3.91,4.553,
1994-02-14,2.122,2.932,3.841,4.497,
1994-02-15,2.032,2.862,3.817,4.448,
1994-02-16,2.067,2.899,3.87,4.485,
1994-02-17,2.176,3.046,4.003,4.556,
1994-02-18,2.211,3.092,4.023,4.571,
1994-02-21,2.278,3.162,4.075,4.607,
1994-02-22,2.293,3.18,4.06,4.623,
1994-02-23,2.284,3.151,4.023,4.604,
1994-02-24,2.357,3.245,4.07,4.656,
1994-02-25,2.445,3.353,4.119,4.753,
1994-02-28,2.52,3.427,4.165,4.805,
1994-03-01,2.621,3.555,4.261,4.815,
1994-03-02,2.783,3.728,4.416,4.929,
1994-03-03,2.677,3.614,4.363,4.884,
1994-03-04,2.623,3.556,4.382,4.913,
1994-03-07,2.662,3.652,4.506,4.975,
1994-03-08,2.613,3.594,4.457,4.937,
1994-03-09,2.608,3.584,4.452,4.937,
1994-03-10,2.563,3.53,4.417,4.911,
1994-03-11,2.516,3.472,4.379,4.888,
1994-03-14,2.524,3.434,4.375,4.888,
1994-03-15,2.568,3.483,4.444,4.948,
1994-03-16,2.582,3.507,4.448,4.94,
1994-03-17,2.616,3.506,4.377,4.902,
1994-03-18,2.606,3.483,4.352,4.895,
1994-03-22,2.771,3.662,4.488,5.0,
1994-03-23,2.706,3.565,4.386,4.94,
1994-03-24,2.71,3.548,4.36,4.925,
1994-03-25,2.714,3.524,4.348,4.91,
1994-03-28,2.681,3.504,4.335,4.887,
1994-03-29,2.613,3.408,4.251,4.828,
1994-03-30,2.597,3.369,4.242,4.82,
1994-03-31,2.526,3.264,4.137,4.728,
1994-04-01,2.515,3.266,4.12,4.706,
1994-04-04,2.526,3.259,4.062,4.669,
1994-04-05,2.541,3.278,4.083,4.644,
1994-04-06,2.593,3.359,4.149,4.638,
1994-04-07,2.714,3.467,4.214,4.655,
1994-04-08,2.749,3.507,4.257,4.683,
1994-04-11,2.82,3.585,4.326,4.734,
1994-04-12,2.796,3.546,4.252,4.682,
1994-04-13,2.757,3.506,4.219,4.667,
1994-04-14,2.737,3.491,4.239,4.664,
1994-04-15,2.68,3.434,4.208,4.638,
1994-04-18,2.675,3.421,4.185,4.628,
1994-04-19,2.748,3.499,4.255,4.656,
1994-04-20,2.75,3.51,4.242,4.638,
1994-04-21,2.744,3.491,4.2,4.619,
1994-04-22,2.664,3.438,4.197,4.612,
1994-04-25,2.665,3.443,4.179,4.603,
1994-04-26,2.658,3.527,4.236,4.633,
1994-04-27,2.61,3.498,4.175,4.58,
1994-04-28,2.574,3.464,4.15,4.554,
1994-05-02,2.52,3.387,4.111,4.531,
1994-05-06,2.552,3.428,4.157,4.552,
1994-05-09,2.535,3.401,4.127,4.522,
1994-05-10,2.486,3.349,4.123,4.506,
1994-05-11,2.448,3.314,4.105,4.484,
1994-05-12,2.428,3.286,4.092,4.465,
1994-05-13,2.394,3.247,4.044,4.42,
1994-05-16,2.397,3.226,4.004,4.375,
1994-05-17,2.421,3.28,4.016,4.367,
1994-05-18,2.403,3.248,3.957,4.344,
1994-05-19,2.392,3.219,3.919,4.329,
1994-05-20,2.379,3.18,3.94,4.344,
1994-05-23,2.391,3.202,3.993,4.358,
1994-05-24,2.372,3.173,3.987,4.351,
1994-05-25,2.369,3.136,3.937,4.343,
1994-05-26,2.311,3.108,3.885,4.329,
1994-05-27,2.299,3.117,3.888,4.316,
1994-05-30,2.334,3.149,3.883,4.323,
1994-05-31,2.391,3.219,3.942,4.361,
1994-06-01,2.485,3.363,4.055,4.429,
1994-06-02,2.53,3.432,4.116,4.481,
1994-06-03,2.515,3.492,4.16,4.528,
1994-06-06,2.55,3.521,4.203,4.543,
1994-06-07,2.653,3.657,4.303,4.612,
1994-06-08,2.599,3.6,4.251,4.568,
1994-06-09,2.599,3.572,4.226,4.561,
1994-06-10,2.556,3.514,4.167,4.53,
1994-06-13,2.64,3.594,4.237,4.588,
1994-06-14,2.654,3.613,4.245,4.602,
1994-06-15,2.649,3.605,4.184,4.58,
1994-06-16,2.637,3.605,4.17,4.575,
1994-06-17,2.741,3.798,4.357,4.683,
1994-06-20,2.885,3.992,4.476,4.72,
1994-06-21,2.837,3.965,4.469,4.706,
1994-06-22,2.74,3.926,4.428,4.669,
1994-06-23,2.693,3.821,4.385,4.641,
1994-06-24,2.646,3.717,4.299,4.591,
1994-06-27,2.594,3.651,4.248,4.537,
1994-06-28,2.679,3.759,4.368,4.608,
1994-06-29,2.601,3.675,4.325,4.58,
1994-06-30,2.586,3.668,4.359,4.594,
1994-07-01,2.44,3.572,4.31,4.882,
1994-07-04,2.505,3.611,4.308,4.898,
1994-07-05,2.6,3.719,4.415,4.981,
1994-07-06,2.549,3.694,4.391,4.97,
1994-07-07,2.554,3.702,4.394,4.97,
1994-07-08,2.474,3.605,4.327,4.908,
1994-07-11,2.543,3.718,4.43,4.974,
1994-07-12,2.497,3.672,4.387,4.935,
1994-07-13,2.528,3.723,4.434,4.962,
1994-07-14,2.553,3.742,4.45,4.978,
1994-07-15,2.508,3.687,4.401,4.942,
1994-07-18,2.518,3.697,4.405,4.942,
1994-07-19,2.518,3.683,4.354,4.927,
1994-07-20,2.583,3.737,4.374,4.95,
1994-07-21,2.612,3.78,4.387,4.971,
1994-07-22,2.643,3.78,4.378,4.971,
1994-07-25,2.652,3.77,4.388,4.971,
1994-07-26,2.687,3.79,4.436,4.998,
1994-07-27,2.655,3.774,4.441,5.001,
1994-07-28,2.649,3.774,4.465,5.017,
1994-07-29,2.659,3.776,4.473,5.017,
1994-08-01,2.658,3.78,4.536,5.014,
1994-08-02,2.692,3.825,4.588,5.03,
1994-08-03,2.765,3.892,4.616,5.038,
1994-08-04,2.816,3.977,4.69,5.045,
1994-08-05,2.864,4.041,4.747,5.063,
1994-08-08,2.883,4.052,4.747,5.063,
1994-08-09,2.978,4.128,4.81,5.102,
1994-08-10,2.988,4.138,4.811,5.11,
1994-08-11,2.965,4.121,4.771,5.111,
1994-08-12,2.969,4.137,4.77,5.119,
1994-08-15,2.942,4.128,4.753,5.119,
1994-08-16,2.947,4.147,4.763,5.129,
1994-08-17,2.985,4.184,4.79,5.14,
1994-08-18,2.928,4.104,4.75,5.129,
1994-08-19,2.885,4.021,4.703,5.097,
1994-08-22,2.928,4.069,4.749,5.104,
1994-08-23,2.922,4.019,4.732,5.082,
1994-08-24,2.934,4.05,4.761,5.098,
1994-08-25,2.971,4.069,4.777,5.098,
1994-08-26,2.985,4.092,4.783,5.091,
1994-08-29,3.043,4.14,4.798,5.091,
1994-08-30,3.105,4.225,4.829,5.098,
1994-08-31,3.102,4.263,4.823,5.094,
1994-09-01,3.052,4.208,4.765,5.079,
1994-09-02,3.033,4.189,4.765,5.079,
1994-09-05,3.024,4.175,4.727,5.079,
1994-09-06,3.024,4.167,4.688,5.056,
1994-09-07,3.003,4.081,4.604,5.002,
1994-09-08,2.987,4.107,4.627,5.01,
1994-09-09,2.957,4.058,4.566,5.007,
1994-09-12,2.972,4.108,4.608,5.026,
1994-09-13,2.978,4.08,4.591,5.01,
1994-09-14,2.985,4.061,4.604,4.987,
1994-09-16,2.989,4.068,4.602,4.972,
1994-09-19,3.009,4.074,4.606,4.972,
1994-09-20,2.983,4.076,4.596,4.969,
1994-09-21,2.956,4.039,4.557,4.954,
1994-09-22,2.937,4.011,4.544,4.947,
1994-09-26,2.922,4.015,4.558,4.956,
1994-09-27,2.91,3.999,4.546,4.937,
1994-09-28,2.893,3.983,4.544,4.913,
1994-09-29,2.897,4.007,4.574,4.894,
1994-09-30,2.908,4.046,4.6,4.926,
1994-10-03,2.959,4.086,4.619,4.936,
1994-10-04,2.982,4.096,4.616,4.936,
1994-10-05,3.023,4.141,4.656,4.961,
1994-10-06,3.054,4.161,4.673,4.976,
1994-10-07,3.131,4.237,4.758,5.015,
1994-10-11,3.165,4.259,4.756,5.025,
1994-10-12,3.189,4.284,4.774,5.044,
1994-10-13,3.243,4.318,4.787,5.051,
1994-10-14,3.202,4.253,4.719,5.016,
1994-10-17,3.183,4.238,4.717,5.023,
1994-10-18,3.213,4.242,4.742,5.045,
1994-10-19,3.227,4.233,4.718,5.023,
1994-10-20,3.243,4.258,4.74,5.023,
1994-10-21,3.205,4.243,4.708,4.994,
1994-10-24,3.271,4.303,4.767,5.028,
1994-10-25,3.252,4.286,4.762,5.013,
1994-10-26,3.244,4.288,4.749,5.029,
1994-10-27,3.243,4.289,4.753,5.044,
1994-10-28,3.238,4.273,4.737,5.044,
1994-10-31,3.218,4.241,4.707,5.031,
1994-11-01,3.208,4.228,4.69,4.979,
1994-11-02,3.203,4.215,4.68,4.971,
1994-11-04,3.239,4.247,4.706,5.001,
1994-11-07,3.242,4.254,4.712,5.032,
1994-11-08,3.242,4.26,4.73,5.084,
1994-11-09,3.247,4.26,4.728,5.084,
1994-11-10,3.233,4.257,4.726,5.091,
1994-11-11,3.173,4.201,4.67,5.075,
1994-11-14,3.183,4.219,4.688,5.075,
1994-11-15,3.171,4.221,4.679,5.06,
1994-11-16,3.186,4.251,4.701,5.064,
1994-11-17,3.187,4.26,4.7,5.06,
1994-11-18,3.174,4.25,4.695,5.041,
1994-11-21,3.17,4.236,4.683,5.033,
1994-11-22,3.13,4.193,4.639,5.019,
1994-11-24,3.036,4.096,4.59,4.979,
1994-11-25,3.034,4.118,4.603,5.0,
1994-11-28,3.069,4.157,4.63,5.02,
1994-11-29,3.074,4.157,4.634,5.02,
1994-11-30,3.084,4.168,4.63,5.02,
1994-12-01,3.038,4.145,4.615,5.008,
1994-12-02,3.028,4.136,4.603,5.008,
1994-12-05,3.068,4.166,4.628,5.021,
1994-12-06,3.043,4.132,4.603,5.005,
1994-12-07,2.993,4.095,4.585,4.989,
1994-12-08,3.018,4.125,4.606,4.997,
1994-12-09,2.972,4.08,4.559,4.973,
1994-12-12,2.967,4.076,4.554,4.973,
1994-12-13,2.94,4.039,4.533,4.988,
1994-12-14,2.935,4.041,4.541,5.002,
1994-12-15,2.975,4.076,4.566,5.017,
1994-12-16,2.98,4.085,4.566,5.017,
1994-12-19,2.997,4.12,4.583,5.023,
1994-12-20,2.984,4.106,4.571,5.006,
1994-12-21,2.966,4.068,4.527,4.99,
1994-12-22,2.962,4.094,4.54,5.006,
1994-12-26,2.972,4.096,4.535,4.993,
1994-12-27,2.958,4.089,4.534,4.993,
1994-12-28,2.933,4.058,4.521,4.982,
1994-12-29,2.917,4.065,4.533,4.973,
1994-12-30,2.922,4.077,4.555,4.972,
1995-01-04,2.993,4.176,4.677,5.028,
1995-01-05,3.013,4.194,4.671,5.015,
1995-01-06,3.013,4.203,4.679,5.021,
1995-01-09,3.023,4.197,4.675,5.013,
1995-01-10,2.976,4.163,4.661,5.002,
1995-01-11,2.92,4.11,4.626,4.985,
1995-01-12,2.869,4.059,4.595,4.967,
1995-01-13,2.905,4.1,4.596,4.967,
1995-01-17,2.979,4.192,4.656,4.994,
1995-01-18,2.902,4.126,4.617,4.96,
1995-01-19,2.897,4.131,4.63,4.953,
1995-01-20,2.881,4.144,4.647,4.953,
1995-01-23,2.821,4.14,4.652,4.969,
1995-01-24,2.785,4.13,4.652,4.976,
1995-01-25,2.8,4.118,4.647,4.972,
1995-01-26,2.8,4.089,4.631,4.964,
1995-01-27,2.79,4.077,4.617,4.958,
1995-01-30,2.804,4.072,4.616,4.959,
1995-01-31,2.818,4.094,4.633,4.96,
1995-02-01,2.846,4.113,4.623,4.968,
1995-02-02,2.898,4.154,4.644,4.991,
1995-02-03,2.875,4.13,4.631,4.987,
1995-02-06,2.865,4.115,4.616,4.988,
1995-02-07,2.848,4.087,4.604,4.988,
1995-02-08,2.837,4.083,4.609,4.997,
1995-02-09,2.825,4.059,4.609,5.012,
1995-02-10,2.806,4.062,4.613,5.025,
1995-02-13,2.821,4.051,4.59,5.032,
1995-02-14,2.805,4.021,4.583,5.036,
1995-02-15,2.798,3.979,4.562,5.024,
1995-02-16,2.797,3.977,4.561,5.02,
1995-02-17,2.794,3.967,4.552,5.009,
1995-02-20,2.792,3.96,4.535,4.984,
1995-02-21,2.793,3.947,4.511,4.956,
1995-02-22,2.792,3.937,4.503,4.949,
1995-02-23,2.712,3.836,4.422,4.891,
1995-02-24,2.712,3.87,4.449,4.908,
1995-02-27,2.661,3.825,4.4,4.867,
1995-02-28,2.657,3.841,4.425,4.891,
1995-03-01,2.659,3.851,4.422,4.892,
1995-03-02,2.661,3.853,4.404,4.871,
1995-03-03,2.637,3.789,4.353,4.814,
1995-03-06,2.599,3.729,4.305,4.773,
1995-03-07,2.487,3.591,4.211,4.69,
1995-03-08,2.438,3.562,4.202,4.656,
1995-03-09,2.484,3.634,4.269,4.685,
1995-03-10,2.471,3.626,4.261,4.673,
1995-03-13,2.367,3.525,4.191,4.618,
1995-03-14,2.372,3.546,4.224,4.628,
1995-03-15,2.363,3.518,4.199,4.606,
1995-03-16,2.31,3.452,4.159,4.555,
1995-03-17,2.271,3.384,4.099,4.514,
1995-03-20,2.294,3.403,4.111,4.522,
1995-03-22,2.259,3.362,4.057,4.487,
1995-03-23,2.188,3.258,3.968,4.424,
1995-03-24,2.19,3.28,4.004,4.441,
1995-03-27,2.206,3.323,4.055,4.465,
1995-03-28,2.085,3.153,3.932,4.372,
1995-03-29,2.063,3.115,3.885,4.333,
1995-03-30,2.065,3.106,3.875,4.342,
1995-03-31,1.969,3.007,3.807,4.286,
1995-04-03,1.821,2.819,3.65,4.143,
1995-04-04,1.785,2.801,3.635,4.135,
1995-04-05,1.839,2.901,3.735,4.194,
1995-04-06,1.835,2.862,3.694,4.178,
1995-04-07,1.808,2.849,3.671,4.17,
1995-04-10,1.89,2.982,3.762,4.246,
1995-04-11,1.895,3.015,3.781,4.263,
1995-04-12,1.916,3.083,3.821,4.301,
1995-04-13,1.788,2.93,3.679,4.199,
1995-04-14,1.674,2.767,3.518,4.084,
1995-04-17,1.645,2.74,3.497,4.071,
1995-04-18,1.55,2.674,3.448,4.036,
1995-04-19,1.602,2.773,3.554,4.1,
1995-04-20,1.609,2.721,3.517,4.079,
1995-04-21,1.698,2.804,3.596,4.134,
1995-04-24,1.705,2.768,3.56,4.101,
1995-04-25,1.733,2.8,3.57,4.114,
1995-04-26,1.681,2.757,3.533,4.079,
1995-04-27,1.727,2.815,3.574,4.114,
1995-04-28,1.755,2.854,3.598,4.135,
1995-05-01,1.811,2.929,3.652,4.17,
1995-05-02,1.746,2.886,3.615,4.144,
1995-05-08,1.712,2.835,3.566,4.11,
1995-05-09,1.665,2.78,3.52,4.075,
1995-05-10,1.648,2.769,3.506,4.076,
1995-05-11,1.599,2.719,3.461,4.054,
1995-05-12,1.664,2.817,3.553,4.106,
1995-05-15,1.678,2.817,3.549,4.106,
1995-05-16,1.654,2.789,3.533,4.093,
1995-05-17,1.592,2.729,3.501,4.067,
1995-05-18,1.578,2.705,3.479,4.049,
1995-05-19,1.527,2.639,3.42,3.993,
1995-05-22,1.459,2.579,3.377,3.959,
1995-05-23,1.422,2.545,3.349,3.928,
1995-05-24,1.393,2.52,3.326,3.907,
1995-05-25,1.312,2.425,3.252,3.845,
1995-05-26,1.207,2.335,3.196,3.791,
1995-05-29,1.193,2.341,3.22,3.801,
1995-05-30,1.121,2.227,3.141,3.73,
1995-05-31,1.026,2.114,3.032,3.641,
1995-06-01,0.997,2.131,3.072,3.654,
1995-06-02,1.151,2.281,3.169,3.744,
1995-06-05,1.098,2.218,3.11,3.712,
1995-06-06,1.026,2.146,3.036,3.65,
1995-06-07,1.069,2.207,3.078,3.677,
1995-06-08,1.151,2.292,3.143,3.72,
1995-06-09,1.132,2.273,3.124,3.707,
1995-06-12,1.145,2.308,3.175,3.732,
1995-06-13,1.115,2.268,3.142,3.706,
1995-06-14,1.164,2.333,3.193,3.741,
1995-06-15,1.208,2.387,3.239,3.767,
1995-06-16,1.19,2.353,3.224,3.74,
1995-06-19,1.193,2.296,3.179,3.688,
1995-06-20,1.226,2.289,3.17,3.673,
1995-06-21,1.157,2.185,3.098,3.593,
1995-06-22,1.078,2.082,3.018,3.513,
1995-06-23,1.063,2.04,2.982,3.483,
1995-06-26,1.053,2.047,2.981,3.473,
1995-06-27,1.057,2.042,2.948,3.446,
1995-06-28,1.097,2.113,2.971,3.464,
1995-06-29,1.076,2.047,2.9,3.397,
1995-06-30,1.126,2.134,2.971,3.445,
1995-07-03,1.096,2.101,2.923,3.405,
1995-07-04,1.097,2.103,2.917,3.397,
1995-07-05,1.067,2.057,2.887,3.352,
1995-07-06,1.087,2.099,2.925,3.365,
1995-07-07,0.902,1.91,2.805,3.248,
1995-07-10,0.97,2.036,2.868,3.311,
1995-07-11,0.966,2.068,2.915,3.342,
1995-07-12,0.992,2.103,2.952,3.365,
1995-07-13,0.997,2.111,2.966,3.378,
1995-07-14,1.075,2.25,3.112,3.52,
1995-07-17,1.065,2.251,3.115,3.554,
1995-07-18,1.079,2.279,3.161,3.62,
1995-07-19,1.051,2.229,3.113,3.611,
1995-07-20,0.995,2.179,3.064,3.581,
1995-07-21,1.001,2.232,3.111,3.623,
1995-07-24,1.022,2.264,3.147,3.645,
1995-07-25,1.004,2.231,3.106,3.614,
1995-07-26,0.983,2.209,3.097,3.602,
1995-07-27,0.934,2.155,3.069,3.57,
1995-07-28,0.898,2.132,3.07,3.57,
1995-07-31,0.932,2.16,3.105,3.597,
1995-08-01,0.903,2.146,3.099,3.574,
1995-08-02,0.987,2.276,3.191,3.683,
1995-08-03,1.002,2.289,3.19,3.683,
1995-08-04,1.012,2.327,3.193,3.694,
1995-08-07,0.996,2.298,3.167,3.67,
1995-08-08,1.042,2.364,3.22,3.706,
1995-08-09,1.05,2.368,3.213,3.702,
1995-08-10,1.079,2.401,3.233,3.719,
1995-08-11,1.119,2.441,3.245,3.731,
1995-08-14,1.161,2.432,3.214,3.701,
1995-08-15,1.218,2.487,3.242,3.72,
1995-08-16,1.583,2.8,3.38,3.808,
1995-08-17,1.525,2.775,3.352,3.778,
1995-08-18,1.477,2.756,3.366,3.786,
1995-08-21,1.381,2.669,3.319,3.733,
1995-08-22,1.336,2.638,3.344,3.736,
1995-08-23,1.259,2.573,3.346,3.728,
1995-08-24,1.221,2.554,3.359,3.736,
1995-08-25,1.179,2.515,3.338,3.72,
1995-08-28,1.124,2.466,3.311,3.697,
1995-08-29,1.177,2.525,3.351,3.723,
1995-08-30,1.153,2.496,3.312,3.69,
1995-08-31,1.028,2.43,3.308,3.688,
1995-09-01,0.971,2.368,3.228,3.663,
1995-09-04,0.89,2.259,3.125,3.605,
1995-09-05,0.957,2.325,3.174,3.646,
1995-09-06,0.976,2.315,3.16,3.646,
1995-09-07,0.948,2.244,3.107,3.626,
1995-09-08,0.858,2.23,3.142,3.673,
1995-09-11,0.843,2.162,3.099,3.673,
1995-09-12,0.848,2.127,3.054,3.665,
1995-09-13,0.819,2.054,3.008,3.633,
1995-09-14,0.785,2.022,3.004,3.615,
1995-09-18,0.809,2.005,2.991,3.59,
1995-09-19,0.819,2.029,2.991,3.582,
1995-09-20,0.761,1.903,2.869,3.474,
1995-09-21,0.746,1.911,2.891,3.465,
1995-09-22,0.741,1.902,2.879,3.456,
1995-09-25,0.736,1.904,2.866,3.452,
1995-09-26,0.651,1.885,2.848,3.443,
1995-09-27,0.656,1.962,2.902,3.493,
1995-09-28,0.625,1.943,2.893,3.489,
1995-09-29,0.574,1.904,2.875,3.477,
1995-10-02,0.558,1.854,2.831,3.435,
1995-10-03,0.532,1.812,2.808,3.411,
1995-10-04,0.507,1.782,2.79,3.394,
1995-10-05,0.522,1.849,2.863,3.447,
1995-10-06,0.553,1.901,2.917,3.521,
1995-10-09,0.553,1.892,2.911,3.522,
1995-10-11,0.56,1.941,2.97,3.605,
1995-10-12,0.547,1.916,2.946,3.588,
1995-10-13,0.509,1.87,2.905,3.56,
1995-10-16,0.477,1.824,2.882,3.537,
1995-10-17,0.381,1.806,2.905,3.54,
1995-10-18,0.397,1.881,2.967,3.597,
1995-10-19,0.371,1.873,2.957,3.589,
1995-10-20,0.318,1.838,2.947,3.564,
1995-10-23,0.354,1.868,2.96,3.58,
1995-10-24,0.421,1.91,2.981,3.596,
1995-10-25,0.532,1.974,3.009,3.613,
1995-10-26,0.394,1.825,2.931,3.538,
1995-10-27,0.434,1.887,2.985,3.573,
1995-10-30,0.495,1.932,2.993,3.594,
1995-10-31,0.51,1.941,2.962,3.589,
1995-11-01,0.539,1.886,2.973,3.574,
1995-11-02,0.577,1.921,3.023,3.608,
1995-11-06,0.583,1.923,3.02,3.597,
1995-11-07,0.58,1.925,3.015,3.606,
1995-11-08,0.543,1.905,3.007,3.6,
1995-11-09,0.476,1.831,2.985,3.568,
1995-11-10,0.414,1.799,2.98,3.536,
1995-11-13,0.434,1.811,2.998,3.538,
1995-11-14,0.438,1.819,3.003,3.554,
1995-11-15,0.406,1.789,3.007,3.553,
1995-11-16,0.41,1.864,3.051,3.601,
1995-11-17,0.374,1.792,3.017,3.569,
1995-11-20,0.367,1.769,3.042,3.588,
1995-11-21,0.364,1.739,3.036,3.588,
1995-11-22,0.35,1.714,2.986,3.571,
1995-11-24,0.332,1.661,2.934,3.531,
1995-11-27,0.321,1.662,2.93,3.525,
1995-11-28,0.349,1.713,2.958,3.55,
1995-11-29,0.354,1.683,2.93,3.527,
1995-11-30,0.377,1.697,2.93,3.527,
1995-12-01,0.392,1.707,2.959,3.599,
1995-12-04,0.44,1.714,2.94,3.582,
1995-12-05,0.487,1.756,2.959,3.591,
1995-12-06,0.516,1.774,2.959,3.591,
1995-12-07,0.469,1.711,2.909,3.551,
1995-12-08,0.44,1.72,2.913,3.559,
1995-12-11,0.415,1.707,2.915,3.567,
1995-12-12,0.41,1.694,2.905,3.564,
1995-12-13,0.458,1.772,2.955,3.598,
1995-12-14,0.417,1.748,2.943,3.589,
1995-12-15,0.427,1.744,2.93,3.586,
1995-12-18,0.452,1.769,2.93,3.594,
1995-12-19,0.445,1.819,2.959,3.618,
1995-12-20,0.455,1.822,2.954,3.614,
1995-12-21,0.498,1.866,2.975,3.623,
1995-12-22,0.537,1.909,3.016,3.647,
1995-12-25,0.629,1.98,3.06,3.668,
1995-12-26,0.655,1.978,3.065,3.668,
1995-12-27,0.723,2.066,3.159,3.725,
1995-12-28,0.735,2.039,3.169,3.717,
1995-12-29,0.739,2.038,3.165,3.725,
1996-01-04,0.953,2.222,3.257,3.807,
1996-01-05,0.914,2.184,3.232,3.78,
1996-01-08,0.933,2.22,3.245,3.793,
1996-01-09,0.898,2.2,3.223,3.776,
1996-01-10,0.805,2.137,3.19,3.74,
1996-01-11,0.79,2.128,3.181,3.736,
1996-01-12,0.825,2.163,3.198,3.741,
1996-01-16,0.869,2.182,3.199,3.741,
1996-01-17,0.811,2.135,3.157,3.705,
1996-01-18,0.816,2.126,3.153,3.705,
1996-01-19,0.88,2.176,3.189,3.73,
1996-01-22,0.882,2.198,3.203,3.731,
1996-01-23,0.89,2.19,3.198,3.727,
1996-01-24,0.902,2.208,3.213,3.731,
1996-01-25,0.901,2.189,3.203,3.715,
1996-01-26,0.873,2.179,3.19,3.697,
1996-01-29,0.878,2.173,3.172,3.688,
1996-01-30,0.914,2.227,3.202,3.713,
1996-01-31,0.942,2.258,3.218,3.728,
1996-02-01,0.957,2.271,3.217,3.729,
1996-02-02,0.963,2.268,3.187,3.71,
1996-02-05,0.963,2.27,3.178,3.702,
1996-02-06,0.967,2.276,3.174,3.702,
1996-02-07,0.963,2.262,3.161,3.709,
1996-02-08,0.948,2.242,3.158,3.715,
1996-02-09,0.949,2.275,3.193,3.733,
1996-02-13,0.991,2.288,3.18,3.735,
1996-02-14,1.015,2.307,3.193,3.735,
1996-02-15,1.131,2.417,3.264,3.768,
1996-02-16,1.146,2.419,3.252,3.755,
1996-02-19,1.155,2.434,3.261,3.755,
1996-02-20,1.182,2.482,3.303,3.775,
1996-02-21,1.238,2.53,3.359,3.799,
1996-02-22,1.249,2.532,3.378,3.816,
1996-02-23,1.249,2.523,3.38,3.823,
1996-02-26,1.324,2.575,3.434,3.882,
1996-02-27,1.348,2.596,3.461,3.913,
1996-02-28,1.372,2.61,3.479,3.913,
1996-02-29,1.313,2.571,3.448,3.886,
1996-03-01,1.153,2.428,3.336,3.83,
1996-03-04,1.051,2.354,3.287,3.815,
1996-03-05,1.056,2.32,3.269,3.81,
1996-03-06,1.017,2.276,3.251,3.79,
1996-03-07,0.993,2.299,3.269,3.81,
1996-03-08,0.982,2.307,3.279,3.819,
1996-03-11,0.976,2.276,3.248,3.795,
1996-03-12,0.981,2.305,3.265,3.811,
1996-03-13,0.943,2.295,3.257,3.803,
1996-03-14,0.903,2.251,3.213,3.78,
1996-03-15,0.913,2.264,3.222,3.795,
1996-03-18,0.957,2.295,3.239,3.811,
1996-03-19,0.99,2.287,3.235,3.799,
1996-03-21,1.053,2.314,3.267,3.812,
1996-03-22,1.081,2.316,3.271,3.812,
1996-03-25,1.126,2.359,3.302,3.824,
1996-03-26,1.208,2.407,3.343,3.836,
1996-03-27,1.091,2.321,3.284,3.796,
1996-03-28,1.08,2.346,3.27,3.785,
1996-03-29,1.021,2.274,3.204,3.741,
1996-04-01,0.976,2.234,3.173,3.691,
1996-04-02,0.97,2.194,3.156,3.691,
1996-04-03,1.13,2.301,3.227,3.75,
1996-04-04,1.096,2.276,3.209,3.742,
1996-04-05,1.111,2.308,3.221,3.75,
1996-04-08,1.219,2.397,3.266,3.798,
1996-04-09,1.234,2.461,3.306,3.863,
1996-04-10,1.185,2.414,3.276,3.823,
1996-04-11,1.181,2.442,3.295,3.839,
1996-04-12,1.197,2.465,3.321,3.855,
1996-04-15,1.182,2.441,3.317,3.851,
1996-04-16,1.222,2.489,3.356,3.887,
1996-04-17,1.263,2.516,3.391,3.907,
1996-04-18,1.26,2.513,3.388,3.899,
1996-04-19,1.233,2.484,3.37,3.88,
1996-04-22,1.225,2.489,3.378,3.88,
1996-04-23,1.21,2.509,3.396,3.891,
1996-04-24,1.224,2.514,3.393,3.887,
1996-04-25,1.267,2.562,3.423,3.911,
1996-04-26,1.347,2.627,3.477,3.943,
1996-04-30,1.361,2.591,3.432,3.903,
1996-05-01,1.374,2.608,3.437,3.903,
1996-05-02,1.415,2.656,3.469,3.923,
1996-05-07,1.425,2.635,3.448,3.899,
1996-05-08,1.451,2.661,3.455,3.899,
1996-05-09,1.414,2.631,3.437,3.887,
1996-05-10,1.348,2.587,3.426,3.879,
1996-05-13,1.344,2.588,3.422,3.879,
1996-05-14,1.407,2.636,3.465,3.907,
1996-05-15,1.351,2.572,3.421,3.875,
1996-05-16,1.226,2.489,3.392,3.855,
1996-05-17,1.237,2.485,3.368,3.838,
1996-05-20,1.284,2.523,3.386,3.851,
1996-05-21,1.246,2.488,3.35,3.827,
1996-05-22,1.189,2.44,3.322,3.806,
1996-05-23,1.151,2.404,3.299,3.801,
1996-05-24,1.156,2.405,3.298,3.805,
1996-05-27,1.197,2.444,3.321,3.826,
1996-05-28,1.158,2.409,3.282,3.8,
1996-05-29,1.164,2.411,3.278,3.8,
1996-05-30,1.173,2.413,3.273,3.8,
1996-05-31,1.106,2.382,3.244,3.777,
1996-06-03,1.111,2.357,3.216,3.755,
1996-06-04,1.116,2.359,3.225,3.751,
1996-06-05,1.077,2.309,3.185,3.714,
1996-06-06,1.082,2.315,3.195,3.698,
1996-06-07,1.213,2.432,3.277,3.763,
1996-06-10,1.266,2.48,3.299,3.788,
1996-06-11,1.259,2.493,3.314,3.796,
1996-06-12,1.196,2.427,3.237,3.763,
1996-06-13,1.201,2.438,3.254,3.771,
1996-06-14,1.206,2.447,3.275,3.788,
1996-06-17,1.19,2.416,3.264,3.771,
1996-06-18,1.2,2.43,3.27,3.771,
1996-06-19,1.264,2.482,3.293,3.788,
1996-06-20,1.3,2.523,3.32,3.808,
1996-06-21,1.285,2.515,3.318,3.8,
1996-06-24,1.27,2.5,3.303,3.796,
1996-06-25,1.275,2.511,3.323,3.816,
1996-06-26,1.262,2.503,3.323,3.816,
1996-06-27,1.287,2.53,3.356,3.837,
1996-06-28,1.147,2.398,3.263,3.763,
1996-07-01,1.165,2.41,3.231,3.771,
1996-07-02,1.201,2.452,3.271,3.796,
1996-07-03,1.237,2.465,3.268,3.796,
1996-07-04,1.243,2.462,3.258,3.787,
1996-07-05,1.276,2.498,3.287,3.808,
1996-07-08,1.361,2.545,3.318,3.847,
1996-07-09,1.371,2.557,3.324,3.859,
1996-07-10,1.354,2.534,3.301,3.839,
1996-07-11,1.337,2.533,3.31,3.838,
1996-07-12,1.332,2.529,3.307,3.835,
1996-07-15,1.415,2.578,3.328,3.851,
1996-07-16,1.469,2.621,3.365,3.883,
1996-07-17,1.461,2.611,3.365,3.875,
1996-07-18,1.486,2.613,3.373,3.871,
1996-07-19,1.437,2.569,3.346,3.844,
1996-07-22,1.407,2.543,3.338,3.839,
1996-07-23,1.42,2.576,3.365,3.863,
1996-07-24,1.335,2.5,3.306,3.823,
1996-07-25,1.317,2.502,3.302,3.827,
1996-07-26,1.27,2.491,3.286,3.819,
1996-07-29,1.279,2.496,3.291,3.819,
1996-07-30,1.309,2.523,3.316,3.835,
1996-07-31,1.297,2.504,3.306,3.827,
1996-08-01,1.32,2.535,3.322,3.844,
1996-08-02,1.306,2.511,3.292,3.823,
1996-08-05,1.298,2.501,3.282,3.823,
1996-08-06,1.275,2.491,3.284,3.823,
1996-08-07,1.181,2.41,3.235,3.791,
1996-08-08,1.154,2.392,3.218,3.773,
1996-08-09,1.149,2.388,3.225,3.769,
1996-08-12,1.109,2.355,3.216,3.758,
1996-08-13,1.104,2.352,3.217,3.754,
1996-08-14,1.104,2.359,3.217,3.754,
1996-08-15,1.099,2.345,3.205,3.746,
1996-08-16,1.066,2.31,3.19,3.735,
1996-08-19,1.025,2.284,3.184,3.726,
1996-08-20,1.03,2.3,3.185,3.73,
1996-08-21,1.006,2.281,3.164,3.714,
1996-08-22,1.006,2.303,3.165,3.715,
1996-08-23,0.987,2.272,3.146,3.694,
1996-08-26,1.011,2.282,3.149,3.694,
1996-08-27,1.024,2.314,3.179,3.718,
1996-08-28,0.863,2.149,3.07,3.636,
1996-08-29,0.806,2.078,3.034,3.611,
1996-08-30,0.779,2.049,3.009,3.593,
1996-09-02,0.808,2.054,3.006,3.598,
1996-09-03,0.875,2.115,3.043,3.619,
1996-09-04,0.889,2.105,3.034,3.602,
1996-09-05,0.937,2.139,3.07,3.615,
1996-09-06,0.951,2.136,3.06,3.606,
1996-09-09,0.879,2.052,2.993,3.56,
1996-09-10,0.894,2.066,2.998,3.573,
1996-09-11,0.874,2.051,2.975,3.565,
1996-09-12,0.878,2.079,2.984,3.573,
1996-09-13,0.883,2.092,2.993,3.577,
1996-09-17,0.829,1.999,2.916,3.527,
1996-09-18,0.849,2.001,2.925,3.527,
1996-09-19,0.844,1.965,2.912,3.501,
1996-09-20,0.849,1.98,2.935,3.505,
1996-09-24,0.859,1.977,2.934,3.501,
1996-09-25,0.83,1.947,2.907,3.489,
1996-09-26,0.853,1.987,2.934,3.505,
1996-09-27,0.907,2.061,2.98,3.539,
1996-09-30,0.854,1.987,2.904,3.501,
1996-10-01,0.85,1.998,2.908,3.506,
1996-10-02,0.847,2.006,2.908,3.51,
1996-10-03,0.783,1.955,2.876,3.496,
1996-10-04,0.737,1.904,2.852,3.492,
1996-10-07,0.727,1.877,2.829,3.475,
1996-10-08,0.718,1.863,2.824,3.45,
1996-10-09,0.709,1.862,2.832,3.437,
1996-10-11,0.714,1.862,2.842,3.441,
1996-10-14,0.749,1.914,2.886,3.47,
1996-10-15,0.735,1.899,2.881,3.471,
1996-10-16,0.758,1.947,2.912,3.496,
1996-10-17,0.749,1.936,2.909,3.487,
1996-10-18,0.752,1.931,2.904,3.487,
1996-10-21,0.707,1.858,2.834,3.441,
1996-10-22,0.697,1.817,2.802,3.424,
1996-10-23,0.698,1.802,2.779,3.407,
1996-10-24,0.678,1.773,2.76,3.394,
1996-10-25,0.683,1.774,2.751,3.394,
1996-10-28,0.685,1.757,2.734,3.381,
1996-10-29,0.697,1.791,2.745,3.397,
1996-10-30,0.64,1.72,2.68,3.371,
1996-10-31,0.621,1.688,2.639,3.325,
1996-11-01,0.621,1.69,2.649,3.32,
1996-11-05,0.591,1.589,2.573,3.256,
1996-11-06,0.649,1.706,2.652,3.316,
1996-11-07,0.709,1.816,2.744,3.376,
1996-11-08,0.755,1.9,2.826,3.44,
1996-11-11,0.772,1.942,2.875,3.483,
1996-11-12,0.759,1.919,2.881,3.508,
1996-11-13,0.677,1.814,2.816,3.466,
1996-11-14,0.668,1.807,2.794,3.457,
1996-11-15,0.67,1.787,2.771,3.436,
1996-11-18,0.667,1.73,2.72,3.389,
1996-11-19,0.667,1.722,2.712,3.38,
1996-11-20,0.702,1.796,2.76,3.423,
1996-11-21,0.702,1.837,2.791,3.457,
1996-11-22,0.69,1.784,2.758,3.432,
1996-11-25,0.713,1.804,2.775,3.446,
1996-11-26,0.691,1.747,2.715,3.421,
1996-11-27,0.646,1.653,2.633,3.365,
1996-11-28,0.604,1.599,2.581,3.326,
1996-11-29,0.609,1.605,2.594,3.335,
1996-12-02,0.59,1.536,2.563,3.281,
1996-12-03,0.608,1.567,2.564,3.286,
1996-12-04,0.613,1.567,2.546,3.277,
1996-12-05,0.604,1.551,2.538,3.269,
1996-12-06,0.645,1.634,2.645,3.341,
1996-12-09,0.636,1.593,2.614,3.311,
1996-12-10,0.64,1.615,2.632,3.333,
1996-12-11,0.655,1.645,2.654,3.355,
1996-12-12,0.645,1.678,2.679,3.376,
1996-12-13,0.621,1.649,2.655,3.359,
1996-12-16,0.601,1.61,2.633,3.337,
1996-12-17,0.572,1.579,2.606,3.321,
1996-12-18,0.581,1.605,2.638,3.337,
1996-12-19,0.532,1.544,2.611,3.316,
1996-12-20,0.508,1.535,2.593,3.303,
1996-12-24,0.546,1.584,2.631,3.333,
1996-12-25,0.571,1.62,2.667,3.363,
1996-12-26,0.613,1.685,2.708,3.397,
1996-12-27,0.635,1.746,2.759,3.435,
1996-12-30,0.669,1.783,2.778,3.451,
1997-01-06,0.734,1.858,2.824,3.485,
1997-01-07,0.707,1.807,2.783,3.456,
1997-01-08,0.646,1.716,2.715,3.397,
1997-01-09,0.632,1.696,2.693,3.385,
1997-01-10,0.607,1.637,2.652,3.364,
1997-01-13,0.592,1.59,2.625,3.352,
1997-01-14,0.61,1.612,2.624,3.356,
1997-01-16,0.603,1.591,2.597,3.34,
1997-01-17,0.618,1.619,2.63,3.361,
1997-01-20,0.606,1.571,2.604,3.338,
1997-01-21,0.601,1.576,2.617,3.343,
1997-01-22,0.599,1.567,2.599,3.322,
1997-01-23,0.608,1.624,2.649,3.339,
1997-01-24,0.572,1.561,2.608,3.309,
1997-01-27,0.552,1.513,2.572,3.276,
1997-01-28,0.571,1.556,2.59,3.288,
1997-01-29,0.592,1.625,2.628,3.305,
1997-01-30,0.561,1.582,2.596,3.28,
1997-01-31,0.556,1.576,2.582,3.263,
1997-02-03,0.563,1.581,2.575,3.256,
1997-02-04,0.568,1.603,2.584,3.265,
1997-02-05,0.548,1.601,2.574,3.256,
1997-02-06,0.549,1.602,2.583,3.256,
1997-02-07,0.53,1.577,2.568,3.235,
1997-02-10,0.552,1.603,2.591,3.252,
1997-02-12,0.557,1.616,2.605,3.26,
1997-02-13,0.54,1.589,2.582,3.247,
1997-02-14,0.54,1.605,2.588,3.256,
1997-02-17,0.55,1.615,2.594,3.256,
1997-02-18,0.546,1.599,2.594,3.256,
1997-02-19,0.527,1.563,2.57,3.234,
1997-02-20,0.56,1.641,2.639,3.284,
1997-02-21,0.546,1.606,2.616,3.255,
1997-02-24,0.556,1.605,2.612,3.25,
1997-02-25,0.562,1.61,2.614,3.254,
1997-02-26,0.552,1.585,2.592,3.241,
1997-02-27,0.548,1.595,2.601,3.249,
1997-02-28,0.563,1.601,2.602,3.257,
1997-03-03,0.572,1.615,2.603,3.258,
1997-03-04,0.583,1.605,2.594,3.253,
1997-03-05,0.593,1.612,2.594,3.261,
1997-03-06,0.537,1.555,2.559,3.233,
1997-03-07,0.546,1.557,2.559,3.233,
1997-03-10,0.561,1.557,2.555,3.225,
1997-03-11,0.57,1.553,2.546,3.212,
1997-03-12,0.555,1.536,2.522,3.19,
1997-03-13,0.517,1.483,2.472,3.144,
1997-03-14,0.502,1.443,2.426,3.102,
1997-03-17,0.521,1.468,2.436,3.102,
1997-03-18,0.574,1.542,2.491,3.148,
1997-03-19,0.598,1.543,2.478,3.135,
1997-03-21,0.686,1.641,2.533,3.177,
1997-03-24,0.773,1.697,2.565,3.206,
1997-03-25,0.748,1.65,2.547,3.194,
1997-03-26,0.693,1.564,2.501,3.151,
1997-03-27,0.739,1.66,2.557,3.197,
1997-03-28,0.707,1.623,2.502,3.16,
1997-03-31,0.696,1.594,2.474,3.134,
1997-04-01,0.691,1.589,2.456,3.121,
1997-04-02,0.652,1.526,2.387,3.058,
1997-04-03,0.671,1.558,2.383,3.054,
1997-04-04,0.656,1.523,2.346,3.024,
1997-04-07,0.649,1.485,2.294,2.99,
1997-04-08,0.671,1.513,2.3,2.981,
1997-04-09,0.675,1.513,2.309,2.972,
1997-04-10,0.675,1.505,2.328,2.963,
1997-04-11,0.709,1.545,2.366,2.984,
1997-04-14,0.725,1.561,2.385,3.001,
1997-04-15,0.704,1.536,2.381,2.997,
1997-04-16,0.673,1.498,2.377,2.989,
1997-04-17,0.704,1.525,2.405,3.009,
1997-04-18,0.709,1.522,2.381,2.989,
1997-04-21,0.734,1.537,2.372,2.984,
1997-04-22,0.743,1.543,2.355,2.98,
1997-04-23,0.76,1.564,2.374,2.997,
1997-04-24,0.781,1.564,2.374,2.992,
1997-04-25,0.879,1.681,2.474,3.058,
1997-04-28,0.915,1.701,2.502,3.073,
1997-04-30,0.939,1.739,2.558,3.108,
1997-05-01,0.896,1.707,2.531,3.095,
1997-05-02,0.872,1.704,2.513,3.078,
1997-05-06,0.966,1.841,2.616,3.148,
1997-05-07,0.959,1.84,2.635,3.156,
1997-05-08,0.987,1.885,2.694,3.216,
1997-05-09,1.048,1.963,2.785,3.304,
1997-05-12,1.061,1.971,2.786,3.33,
1997-05-13,1.024,1.89,2.728,3.302,
1997-05-14,1.042,1.935,2.764,3.337,
1997-05-15,1.042,1.936,2.773,3.351,
1997-05-16,1.031,1.916,2.751,3.34,
1997-05-19,1.006,1.878,2.711,3.315,
1997-05-20,1.006,1.869,2.696,3.296,
1997-05-21,1.089,2.002,2.804,3.387,
1997-05-22,1.068,1.951,2.772,3.346,
1997-05-23,1.087,1.988,2.786,3.354,
1997-05-26,1.131,2.009,2.791,3.361,
1997-05-27,1.207,2.082,2.845,3.406,
1997-05-28,1.281,2.142,2.869,3.434,
1997-05-29,1.23,2.081,2.816,3.394,
1997-05-30,1.141,1.997,2.759,3.354,
1997-06-02,1.166,2.011,2.768,3.358,
1997-06-03,1.195,2.027,2.777,3.366,
1997-06-04,1.16,1.98,2.739,3.325,
1997-06-05,1.17,1.99,2.73,3.313,
1997-06-06,1.152,1.97,2.717,3.3,
1997-06-09,1.106,1.911,2.691,3.276,
1997-06-10,1.097,1.896,2.705,3.28,
1997-06-11,0.983,1.802,2.648,3.238,
1997-06-12,1.016,1.849,2.668,3.246,
1997-06-13,0.982,1.815,2.623,3.218,
1997-06-16,0.963,1.809,2.604,3.205,
1997-06-17,0.929,1.764,2.568,3.167,
1997-06-18,0.949,1.798,2.605,3.187,
1997-06-19,0.94,1.784,2.596,3.174,
1997-06-20,0.945,1.806,2.615,3.181,
1997-06-23,0.95,1.81,2.61,3.177,
1997-06-24,0.911,1.758,2.569,3.143,
1997-06-25,1.046,1.934,2.705,3.243,
1997-06-26,1.031,1.914,2.683,3.231,
1997-06-27,0.949,1.805,2.589,3.156,
1997-06-30,0.939,1.798,2.589,3.152,
1997-07-01,0.919,1.763,2.585,3.139,
1997-07-02,0.9,1.747,2.585,3.139,
1997-07-03,0.879,1.721,2.567,3.123,
1997-07-04,0.854,1.674,2.531,3.093,
1997-07-07,0.874,1.699,2.54,3.106,
1997-07-08,0.879,1.718,2.558,3.115,
1997-07-09,0.865,1.706,2.549,3.11,
1997-07-10,0.866,1.706,2.54,3.115,
1997-07-11,0.868,1.702,2.534,3.123,
1997-07-14,0.873,1.706,2.539,3.127,
1997-07-15,0.878,1.728,2.566,3.144,
1997-07-16,0.858,1.711,2.552,3.128,
1997-07-17,0.847,1.696,2.534,3.114,
1997-07-18,0.85,1.709,2.548,3.123,
1997-07-22,0.86,1.706,2.538,3.114,
1997-07-23,0.829,1.67,2.512,3.09,
1997-07-24,0.814,1.64,2.475,3.056,
1997-07-25,0.783,1.61,2.438,3.031,
1997-07-28,0.79,1.614,2.438,3.031,
1997-07-29,0.793,1.63,2.451,3.036,
1997-07-30,0.75,1.577,2.404,2.997,
1997-07-31,0.728,1.551,2.375,2.976,
1997-08-01,0.713,1.528,2.345,2.964,
1997-08-04,0.734,1.559,2.363,2.981,
1997-08-05,0.739,1.56,2.363,2.981,
1997-08-06,0.763,1.608,2.4,3.015,
1997-08-07,0.734,1.563,2.364,2.99,
1997-08-08,0.722,1.542,2.354,2.981,
1997-08-11,0.726,1.536,2.36,2.981,
1997-08-12,0.734,1.553,2.378,2.994,
1997-08-13,0.717,1.546,2.379,2.986,
1997-08-14,0.681,1.5,2.334,2.955,
1997-08-15,0.693,1.522,2.341,2.967,
1997-08-18,0.688,1.516,2.332,2.959,
1997-08-19,0.665,1.506,2.319,2.951,
1997-08-20,0.643,1.495,2.313,2.942,
1997-08-21,0.638,1.485,2.309,2.943,
1997-08-22,0.633,1.48,2.3,2.939,
1997-08-25,0.634,1.469,2.283,2.93,
1997-08-26,0.619,1.45,2.259,2.914,
1997-08-27,0.625,1.485,2.288,2.927,
1997-08-28,0.606,1.455,2.265,2.91,
1997-08-29,0.588,1.44,2.256,2.897,
1997-09-01,0.593,1.429,2.259,2.891,
1997-09-02,0.564,1.399,2.23,2.87,
1997-09-03,0.581,1.44,2.272,2.896,
1997-09-04,0.599,1.475,2.301,2.922,
1997-09-05,0.604,1.487,2.291,2.922,
1997-09-08,0.599,1.465,2.254,2.905,
1997-09-09,0.612,1.486,2.273,2.919,
1997-09-10,0.602,1.469,2.265,2.91,
1997-09-11,0.602,1.485,2.289,2.92,
1997-09-12,0.582,1.44,2.251,2.885,
1997-09-16,0.582,1.415,2.219,2.86,
1997-09-17,0.582,1.406,2.205,2.851,
1997-09-18,0.586,1.416,2.215,2.86,
1997-09-19,0.586,1.417,2.219,2.868,
1997-09-22,0.57,1.378,2.192,2.843,
1997-09-24,0.564,1.379,2.192,2.843,
1997-09-25,0.544,1.342,2.168,2.822,
1997-09-26,0.554,1.348,2.177,2.818,
1997-09-29,0.568,1.327,2.15,2.797,
1997-09-30,0.612,1.369,2.159,2.805,
1997-10-01,0.557,1.293,2.088,2.741,
1997-10-02,0.561,1.282,2.05,2.711,
1997-10-03,0.587,1.32,2.074,2.728,
1997-10-06,0.59,1.297,2.042,2.706,
1997-10-07,0.56,1.257,1.99,2.673,
1997-10-08,0.571,1.288,2.005,2.668,
1997-10-09,0.603,1.344,2.043,2.69,
1997-10-13,0.609,1.311,2.006,2.664,
1997-10-14,0.606,1.322,2.021,2.673,
1997-10-15,0.59,1.303,2.034,2.669,
1997-10-16,0.601,1.326,2.058,2.682,
1997-10-17,0.579,1.289,2.025,2.661,
1997-10-20,0.585,1.262,1.988,2.635,
1997-10-21,0.58,1.262,1.988,2.626,
1997-10-22,0.574,1.269,1.984,2.621,
1997-10-23,0.57,1.264,1.966,2.609,
1997-10-24,0.573,1.26,1.951,2.591,
1997-10-27,0.562,1.241,1.914,2.569,
1997-10-28,0.541,1.213,1.874,2.53,
1997-10-29,0.562,1.242,1.888,2.544,
1997-10-30,0.54,1.205,1.85,2.503,
1997-10-31,0.545,1.216,1.873,2.503,
1997-11-04,0.544,1.211,1.873,2.494,
1997-11-05,0.542,1.191,1.854,2.477,
1997-11-06,0.546,1.203,1.868,2.478,
1997-11-07,0.543,1.193,1.858,2.46,
1997-11-10,0.569,1.241,1.906,2.487,
1997-11-11,0.584,1.267,1.929,2.513,
1997-11-12,0.593,1.293,1.958,2.558,
1997-11-13,0.496,1.188,1.876,2.5,
1997-11-14,0.496,1.199,1.904,2.532,
1997-11-17,0.451,1.206,1.957,2.593,
1997-11-18,0.468,1.219,1.975,2.606,
1997-11-19,0.475,1.242,1.99,2.62,
1997-11-20,0.478,1.248,2.018,2.668,
1997-11-21,0.478,1.249,2.019,2.685,
1997-11-25,0.404,1.164,1.968,2.655,
1997-11-26,0.434,1.203,2.007,2.681,
1997-11-27,0.493,1.261,2.044,2.711,
1997-11-28,0.503,1.262,2.017,2.686,
1997-12-01,0.504,1.252,2.008,2.672,
1997-12-02,0.536,1.264,2.012,2.673,
1997-12-03,0.553,1.229,1.948,2.608,
1997-12-04,0.548,1.186,1.892,2.543,
1997-12-05,0.552,1.207,1.888,2.525,
1997-12-08,0.542,1.207,1.878,2.499,
1997-12-09,0.584,1.276,1.958,2.56,
1997-12-10,0.581,1.252,1.939,2.565,
1997-12-11,0.571,1.231,1.916,2.543,
1997-12-12,0.579,1.259,1.936,2.565,
1997-12-15,0.579,1.24,1.908,2.539,
1997-12-16,0.598,1.248,1.908,2.539,
1997-12-17,0.674,1.315,1.969,2.592,
1997-12-18,0.643,1.264,1.918,2.552,
1997-12-19,0.642,1.264,1.918,2.553,
1997-12-22,0.641,1.259,1.918,2.553,
1997-12-24,0.642,1.255,1.909,2.549,
1997-12-25,0.641,1.271,1.919,2.562,
1997-12-26,0.644,1.284,1.92,2.562,
1997-12-29,0.644,1.291,1.92,2.563,
1997-12-30,0.652,1.298,1.934,2.572,
1998-01-05,0.617,1.261,1.901,2.537,
1998-01-06,0.619,1.236,1.869,2.502,
1998-01-07,0.636,1.242,1.869,2.507,
1998-01-08,0.639,1.258,1.892,2.52,
1998-01-09,0.633,1.249,1.893,2.52,
1998-01-12,0.575,1.21,1.87,2.494,
1998-01-13,0.582,1.229,1.885,2.508,
1998-01-14,0.582,1.234,1.889,2.517,
1998-01-16,0.597,1.269,1.922,2.556,
1998-01-19,0.607,1.279,1.945,2.578,
1998-01-20,0.625,1.293,1.969,2.605,
1998-01-21,0.687,1.364,2.027,2.659,
1998-01-22,0.668,1.336,1.999,2.635,
1998-01-23,0.745,1.423,2.07,2.697,
1998-01-26,0.788,1.454,2.088,2.71,
1998-01-27,0.802,1.46,2.075,2.701,
1998-01-28,0.836,1.487,2.074,2.698,
1998-01-29,0.837,1.494,2.061,2.677,
1998-01-30,0.796,1.448,2.009,2.638,
1998-02-02,0.826,1.474,2.033,2.66,
1998-02-03,0.839,1.479,2.033,2.66,
1998-02-04,0.831,1.455,2.015,2.642,
1998-02-05,0.842,1.46,2.025,2.652,
1998-02-06,0.845,1.461,2.025,2.652,
1998-02-09,0.827,1.436,1.997,2.626,
1998-02-10,0.818,1.427,1.988,2.614,
1998-02-12,0.802,1.422,1.998,2.618,
1998-02-13,0.763,1.382,1.98,2.592,
1998-02-16,0.752,1.362,1.97,2.588,
1998-02-17,0.745,1.358,1.969,2.588,
1998-02-18,0.748,1.351,1.952,2.571,
1998-02-19,0.734,1.32,1.919,2.54,
1998-02-20,0.721,1.325,1.909,2.54,
1998-02-23,0.674,1.278,1.859,2.501,
1998-02-24,0.675,1.279,1.869,2.506,
1998-02-25,0.712,1.338,1.921,2.545,
1998-02-26,0.644,1.292,1.898,2.528,
1998-02-27,0.643,1.297,1.919,2.545,
1998-03-02,0.641,1.296,1.943,2.558,
1998-03-03,0.643,1.291,1.934,2.558,
1998-03-04,0.631,1.282,1.922,2.55,
1998-03-05,0.606,1.241,1.894,2.524,
1998-03-06,0.621,1.267,1.919,2.541,
1998-03-09,0.591,1.236,1.882,2.515,
1998-03-10,0.593,1.226,1.855,2.498,
1998-03-11,0.586,1.188,1.81,2.455,
1998-03-12,0.564,1.196,1.822,2.446,
1998-03-13,0.592,1.225,1.835,2.459,
1998-03-16,0.587,1.2,1.798,2.42,
1998-03-17,0.606,1.212,1.802,2.415,
1998-03-18,0.609,1.203,1.794,2.403,
1998-03-19,0.607,1.213,1.808,2.412,
1998-03-20,0.614,1.231,1.831,2.429,
1998-03-23,0.588,1.188,1.799,2.399,
1998-03-24,0.591,1.2,1.818,2.417,
1998-03-25,0.599,1.185,1.81,2.422,
1998-03-26,0.635,1.243,1.852,2.47,
1998-03-27,0.666,1.295,1.908,2.521,
1998-03-30,0.649,1.275,1.894,2.516,
1998-03-31,0.628,1.249,1.881,2.508,
1998-04-01,0.631,1.246,1.863,2.5,
1998-04-02,0.64,1.273,1.881,2.513,
1998-04-03,0.677,1.345,1.956,2.577,
1998-04-06,0.664,1.325,1.948,2.572,
1998-04-07,0.648,1.31,1.934,2.568,
1998-04-08,0.647,1.311,1.944,2.582,
1998-04-09,0.64,1.317,1.958,2.594,
1998-04-10,0.607,1.255,1.907,2.544,
1998-04-13,0.603,1.23,1.883,2.527,
1998-04-14,0.594,1.214,1.865,2.51,
1998-04-15,0.592,1.195,1.838,2.48,
1998-04-16,0.599,1.211,1.843,2.472,
1998-04-17,0.603,1.206,1.828,2.451,
1998-04-20,0.6,1.192,1.805,2.429,
1998-04-21,0.599,1.202,1.819,2.438,
1998-04-22,0.591,1.194,1.824,2.447,
1998-04-23,0.569,1.178,1.824,2.452,
1998-04-24,0.559,1.179,1.83,2.461,
1998-04-27,0.546,1.159,1.801,2.439,
1998-04-28,0.533,1.135,1.768,2.41,
1998-04-30,0.527,1.136,1.759,2.401,
1998-05-01,0.522,1.12,1.736,2.376,
1998-05-06,0.509,1.084,1.688,2.324,
1998-05-07,0.463,1.041,1.664,2.294,
1998-05-08,0.422,1.0,1.636,2.277,
1998-05-11,0.441,1.015,1.65,2.29,
1998-05-12,0.428,0.985,1.613,2.258,
1998-05-13,0.433,0.997,1.613,2.263,
1998-05-14,0.452,1.018,1.623,2.267,
1998-05-15,0.449,0.998,1.595,2.237,
1998-05-18,0.433,0.972,1.576,2.215,
1998-05-19,0.438,0.972,1.587,2.216,
1998-05-20,0.438,0.974,1.589,2.216,
1998-05-21,0.453,0.985,1.602,2.225,
1998-05-22,0.424,0.949,1.565,2.194,
1998-05-25,0.409,0.911,1.526,2.163,
1998-05-26,0.417,0.928,1.54,2.177,
1998-05-27,0.435,0.946,1.546,2.186,
1998-05-28,0.428,0.93,1.522,2.169,
1998-05-29,0.438,0.925,1.507,2.151,
1998-06-01,0.44,0.895,1.476,2.106,
1998-06-02,0.446,0.88,1.442,2.064,
1998-06-03,0.484,0.914,1.462,2.055,
1998-06-04,0.477,0.903,1.458,2.051,
1998-06-05,0.484,0.92,1.478,2.064,
1998-06-08,0.467,0.899,1.459,2.043,
1998-06-09,0.473,0.941,1.502,2.084,
1998-06-10,0.469,0.937,1.497,2.075,
1998-06-11,0.494,0.985,1.541,2.111,
1998-06-12,0.449,0.957,1.533,2.079,
1998-06-15,0.44,0.922,1.494,2.057,
1998-06-16,0.463,0.944,1.509,2.072,
1998-06-17,0.524,0.981,1.533,2.094,
1998-06-18,0.563,1.035,1.589,2.147,
1998-06-19,0.541,1.01,1.59,2.156,
1998-06-22,0.515,0.983,1.595,2.173,
1998-06-23,0.517,0.977,1.572,2.164,
1998-06-24,0.499,0.938,1.515,2.112,
1998-06-25,0.52,0.964,1.529,2.108,
1998-06-26,0.565,1.002,1.552,2.121,
1998-06-29,0.59,1.043,1.581,2.148,
1998-06-30,0.588,1.081,1.629,2.215,
1998-07-01,0.603,1.141,1.705,2.298,
1998-07-02,0.566,1.051,1.62,2.211,
1998-07-03,0.563,1.078,1.653,2.242,
1998-07-06,0.541,1.047,1.62,2.216,
1998-07-07,0.539,1.047,1.625,2.22,
1998-07-08,0.57,1.096,1.682,2.273,
1998-07-09,0.572,1.102,1.673,2.259,
1998-07-10,0.575,1.108,1.677,2.272,
1998-07-13,0.603,1.144,1.716,2.306,
1998-07-14,0.614,1.173,1.763,2.353,
1998-07-15,0.592,1.133,1.731,2.324,
1998-07-16,0.62,1.17,1.759,2.365,
1998-07-17,0.62,1.157,1.747,2.353,
1998-07-21,0.633,1.169,1.751,2.361,
1998-07-22,0.62,1.142,1.729,2.345,
1998-07-23,0.606,1.105,1.676,2.294,
1998-07-24,0.621,1.132,1.69,2.307,
1998-07-27,0.6,1.082,1.638,2.251,
1998-07-28,0.602,1.083,1.637,2.247,
1998-07-29,0.572,1.042,1.604,2.221,
1998-07-30,0.53,0.99,1.556,2.187,
1998-07-31,0.541,1.006,1.572,2.192,
1998-08-03,0.54,1.006,1.579,2.183,
1998-08-04,0.539,0.996,1.555,2.162,
1998-08-05,0.538,0.996,1.554,2.161,
1998-08-06,0.528,0.987,1.545,2.157,
1998-08-07,0.508,0.961,1.518,2.136,
1998-08-10,0.498,0.939,1.493,2.113,
1998-08-11,0.516,0.961,1.504,2.122,
1998-08-12,0.516,0.962,1.494,2.114,
1998-08-13,0.532,0.978,1.504,2.123,
1998-08-14,0.518,0.958,1.495,2.106,
1998-08-17,0.509,0.936,1.476,2.088,
1998-08-18,0.503,0.932,1.472,2.084,
1998-08-19,0.514,0.973,1.506,2.116,
1998-08-20,0.511,0.974,1.506,2.112,
1998-08-21,0.503,0.958,1.496,2.099,
1998-08-24,0.483,0.926,1.457,2.064,
1998-08-25,0.484,0.926,1.438,2.059,
1998-08-26,0.496,0.929,1.406,2.028,
1998-08-27,0.497,0.935,1.41,2.033,
1998-08-28,0.461,0.882,1.368,1.985,
1998-08-31,0.432,0.851,1.338,1.954,
1998-09-01,0.442,0.871,1.355,1.947,
1998-09-02,0.445,0.867,1.355,1.947,
1998-09-03,0.445,0.884,1.381,1.97,
1998-09-04,0.442,0.879,1.368,1.957,
1998-09-07,0.42,0.854,1.338,1.934,
1998-09-08,0.421,0.844,1.321,1.926,
1998-09-09,0.418,0.829,1.301,1.903,
1998-09-10,0.24,0.665,1.112,1.702,
1998-09-11,0.235,0.625,1.038,1.603,
1998-09-14,0.249,0.627,1.017,1.58,
1998-09-16,0.286,0.623,1.003,1.561,
1998-09-17,0.286,0.568,0.903,1.447,
1998-09-18,0.297,0.574,0.879,1.418,
1998-09-21,0.34,0.649,0.938,1.49,
1998-09-22,0.348,0.677,0.963,1.528,
1998-09-24,0.358,0.66,0.953,1.524,
1998-09-25,0.359,0.634,0.891,1.447,
1998-09-28,0.389,0.671,0.866,1.423,
1998-09-29,0.385,0.677,0.886,1.432,
1998-09-30,0.379,0.661,0.827,1.346,
1998-10-01,0.36,0.624,0.787,1.272,
1998-10-02,0.36,0.602,0.772,1.252,
1998-10-05,0.381,0.639,0.797,1.272,
1998-10-06,0.387,0.65,0.797,1.267,
1998-10-07,0.395,0.678,0.842,1.321,
1998-10-08,0.391,0.674,0.863,1.375,
1998-10-09,0.373,0.658,0.874,1.399,
1998-10-12,0.408,0.733,0.973,1.528,
1998-10-13,0.379,0.68,0.899,1.423,
1998-10-14,0.412,0.743,0.925,1.446,
1998-10-15,0.413,0.749,0.921,1.446,
1998-10-16,0.409,0.744,0.941,1.465,
1998-10-19,0.366,0.692,0.901,1.432,
1998-10-20,0.366,0.675,0.886,1.423,
1998-10-21,0.354,0.686,0.917,1.456,
1998-10-22,0.346,0.671,0.903,1.446,
1998-10-23,0.346,0.688,0.924,1.47,
1998-10-26,0.346,0.711,0.939,1.503,
1998-10-27,0.356,0.731,0.965,1.542,
1998-10-28,0.339,0.688,0.933,1.524,
1998-10-29,0.329,0.672,0.934,1.542,
1998-10-30,0.32,0.64,0.879,1.481,
1998-11-02,0.323,0.651,0.893,1.49,
1998-11-04,0.329,0.688,0.934,1.524,
1998-11-05,0.281,0.645,0.917,1.5,
1998-11-06,0.265,0.625,0.897,1.472,
1998-11-09,0.26,0.619,0.898,1.472,
1998-11-10,0.235,0.579,0.873,1.443,
1998-11-11,0.253,0.622,0.923,1.491,
1998-11-12,0.238,0.591,0.89,1.463,
1998-11-13,0.236,0.583,0.879,1.461,
1998-11-16,0.24,0.599,0.91,1.503,
1998-11-17,0.242,0.584,0.925,1.522,
1998-11-18,0.242,0.573,0.906,1.508,
1998-11-19,0.251,0.584,0.923,1.541,
1998-11-20,0.272,0.621,0.984,1.616,
1998-11-24,0.281,0.643,1.01,1.662,
1998-11-25,0.297,0.681,1.046,1.693,
1998-11-26,0.329,0.743,1.129,1.774,
1998-11-27,0.333,0.753,1.154,1.815,
1998-11-30,0.334,0.742,1.134,1.819,
1998-12-01,0.413,0.808,1.228,1.867,
1998-12-02,0.423,0.845,1.266,1.922,
1998-12-03,0.396,0.787,1.208,1.864,
1998-12-04,0.394,0.764,1.165,1.825,
1998-12-07,0.416,0.791,1.18,1.833,
1998-12-08,0.423,0.786,1.177,1.822,
1998-12-09,0.461,0.872,1.264,1.913,
1998-12-10,0.476,0.91,1.322,1.987,
1998-12-11,0.463,0.888,1.31,1.99,
1998-12-14,0.503,0.972,1.424,2.085,
1998-12-15,0.487,0.938,1.414,2.078,
1998-12-16,0.513,0.993,1.484,2.123,
1998-12-17,0.509,0.985,1.492,2.123,
1998-12-18,0.505,0.968,1.47,2.081,
1998-12-21,0.577,1.095,1.612,2.218,
1998-12-22,0.681,1.312,1.883,2.459,
1998-12-24,0.743,1.399,1.982,2.545,
1998-12-25,0.718,1.305,1.881,2.459,
1998-12-28,0.699,1.283,1.853,2.437,
1998-12-29,0.767,1.418,1.995,2.565,
1998-12-30,0.802,1.523,2.117,2.699,
1999-01-04,0.79,1.498,2.093,2.684,
1999-01-05,0.758,1.448,2.04,2.643,
1999-01-06,0.716,1.361,1.965,2.569,
1999-01-07,0.633,1.193,1.803,2.41,
1999-01-08,0.708,1.34,1.94,2.515,
1999-01-11,0.687,1.283,1.87,2.485,
1999-01-12,0.683,1.293,1.882,2.496,
1999-01-13,0.664,1.254,1.843,2.483,
1999-01-14,0.62,1.188,1.791,2.447,
1999-01-18,0.643,1.236,1.859,2.517,
1999-01-19,0.669,1.309,1.958,2.692,
1999-01-20,0.644,1.252,1.9,2.675,
1999-01-21,0.65,1.279,1.911,2.683,
1999-01-22,0.64,1.262,1.867,2.623,
1999-01-25,0.657,1.298,1.872,2.627,
1999-01-26,0.642,1.257,1.835,2.595,
1999-01-27,0.668,1.32,1.915,2.652,
1999-01-28,0.66,1.354,1.961,2.683,
1999-01-29,0.682,1.433,2.07,2.777,
1999-02-01,0.696,1.471,2.118,2.823,
1999-02-02,0.743,1.667,2.365,3.026,
1999-02-03,0.72,1.659,2.395,3.102,
1999-02-04,0.655,1.549,2.261,3.005,
1999-02-05,0.661,1.633,2.43,3.171,
1999-02-08,0.613,1.492,2.254,3.021,
1999-02-09,0.586,1.362,2.106,2.893,
1999-02-10,0.588,1.361,2.113,2.903,
1999-02-12,0.6,1.431,2.186,2.961,
1999-02-15,0.542,1.438,2.24,3.021,
1999-02-16,0.489,1.343,2.104,2.95,
1999-02-17,0.429,1.267,2.04,2.909,
1999-02-18,0.383,1.186,1.996,2.868,
1999-02-19,0.363,1.077,1.885,2.753,
1999-02-22,0.357,1.045,1.881,2.708,
1999-02-23,0.378,1.142,2.008,2.818,
1999-02-24,0.377,1.143,2.006,2.838,
1999-02-25,0.4,1.175,2.02,2.86,
1999-02-26,0.4,1.176,1.993,2.831,
1999-03-01,0.401,1.152,1.95,2.795,
1999-03-02,0.392,1.123,1.913,2.76,
1999-03-03,0.34,1.0,1.795,2.624,
1999-03-04,0.28,0.933,1.734,2.577,
1999-03-05,0.273,0.889,1.685,2.548,
1999-03-08,0.301,0.938,1.752,2.601,
1999-03-09,0.332,0.984,1.825,2.676,
1999-03-10,0.328,0.967,1.799,2.657,
1999-03-11,0.349,1.037,1.876,2.727,
1999-03-12,0.331,1.0,1.833,2.694,
1999-03-15,0.353,1.062,1.9,2.735,
1999-03-16,0.35,1.068,1.905,2.738,
1999-03-17,0.317,0.986,1.813,2.642,
1999-03-18,0.308,0.968,1.795,2.606,
1999-03-19,0.299,0.945,1.784,2.596,
1999-03-23,0.306,0.945,1.799,2.612,
1999-03-24,0.321,0.992,1.866,2.663,
1999-03-25,0.311,0.928,1.804,2.591,
1999-03-26,0.296,0.874,1.748,2.538,
1999-03-29,0.317,0.907,1.765,2.556,
1999-03-30,0.333,0.87,1.692,2.504,
1999-03-31,0.348,0.9,1.716,2.531,
1999-04-01,0.345,0.885,1.687,2.505,
1999-04-02,0.345,0.911,1.695,2.502,
1999-04-05,0.346,0.943,1.71,2.508,
1999-04-06,0.347,0.963,1.761,2.558,
1999-04-07,0.325,0.896,1.656,2.483,
1999-04-08,0.312,0.847,1.575,2.412,
1999-04-09,0.313,0.845,1.584,2.41,
1999-04-12,0.304,0.809,1.546,2.365,
1999-04-13,0.315,0.845,1.588,2.393,
1999-04-14,0.32,0.858,1.63,2.427,
1999-04-15,0.279,0.797,1.564,2.369,
1999-04-16,0.292,0.811,1.592,2.399,
1999-04-19,0.279,0.776,1.563,2.383,
1999-04-20,0.265,0.734,1.486,2.343,
1999-04-21,0.255,0.732,1.472,2.325,
1999-04-22,0.25,0.699,1.445,2.302,
1999-04-23,0.25,0.726,1.488,2.34,
1999-04-26,0.245,0.699,1.453,2.317,
1999-04-27,0.212,0.649,1.376,2.248,
1999-04-28,0.217,0.708,1.424,2.281,
1999-04-30,0.204,0.687,1.387,2.229,
1999-05-06,0.185,0.629,1.302,2.129,
1999-05-07,0.179,0.621,1.289,2.099,
1999-05-10,0.181,0.651,1.312,2.112,
1999-05-11,0.181,0.664,1.333,2.119,
1999-05-12,0.165,0.634,1.327,2.106,
1999-05-13,0.14,0.577,1.286,2.067,
1999-05-14,0.118,0.514,1.223,2.012,
1999-05-17,0.117,0.51,1.226,2.024,
1999-05-18,0.116,0.532,1.27,2.078,
1999-05-19,0.116,0.539,1.316,2.143,
1999-05-20,0.115,0.516,1.295,2.124,
1999-05-21,0.125,0.569,1.326,2.156,
1999-05-24,0.124,0.583,1.351,2.185,
1999-05-25,0.119,0.566,1.323,2.157,
1999-05-26,0.129,0.608,1.383,2.218,
1999-05-27,0.13,0.631,1.462,2.315,
1999-05-28,0.121,0.61,1.46,2.336,
1999-05-31,0.12,0.611,1.448,2.337,
1999-06-01,0.148,0.706,1.571,2.46,
1999-06-02,0.176,0.776,1.635,2.548,
1999-06-03,0.159,0.711,1.568,2.484,
1999-06-04,0.161,0.721,1.595,2.521,
1999-06-07,0.154,0.719,1.618,2.542,
1999-06-08,0.139,0.616,1.539,2.488,
1999-06-09,0.139,0.604,1.54,2.514,
1999-06-10,0.147,0.61,1.555,2.54,
1999-06-11,0.274,0.85,1.699,2.676,
1999-06-14,0.265,0.789,1.596,2.577,
1999-06-15,0.233,0.719,1.553,2.548,
1999-06-16,0.229,0.729,1.588,2.605,
1999-06-17,0.263,0.824,1.68,2.721,
1999-06-18,0.259,0.816,1.68,2.723,
1999-06-21,0.266,0.814,1.721,2.727,
1999-06-22,0.261,0.792,1.679,2.69,
1999-06-23,0.293,0.877,1.731,2.733,
1999-06-24,0.315,0.882,1.698,2.658,
1999-06-25,0.335,0.94,1.772,2.698,
1999-06-28,0.367,0.988,1.784,2.705,
1999-06-29,0.381,1.014,1.82,2.759,
1999-06-30,0.476,1.152,1.868,2.808,
1999-07-01,0.415,1.027,1.768,2.699,
1999-07-02,0.368,0.928,1.694,2.598,
1999-07-05,0.331,0.851,1.645,2.574,
1999-07-06,0.367,0.922,1.711,2.665,
1999-07-07,0.361,0.904,1.665,2.645,
1999-07-08,0.379,0.939,1.663,2.645,
1999-07-09,0.396,0.97,1.686,2.655,
1999-07-12,0.394,0.954,1.664,2.629,
1999-07-13,0.368,0.903,1.627,2.6,
1999-07-14,0.378,0.947,1.681,2.643,
1999-07-15,0.372,0.971,1.702,2.664,
1999-07-16,0.386,1.049,1.766,2.719,
1999-07-19,0.404,1.077,1.794,2.735,
1999-07-21,0.378,1.035,1.722,2.705,
1999-07-22,0.344,0.961,1.686,2.656,
1999-07-23,0.32,0.903,1.652,2.621,
1999-07-26,0.347,0.933,1.671,2.635,
1999-07-27,0.329,0.869,1.616,2.603,
1999-07-28,0.348,0.915,1.66,2.639,
1999-07-29,0.406,1.07,1.759,2.718,
1999-07-30,0.407,1.038,1.74,2.683,
1999-08-02,0.434,1.112,1.791,2.721,
1999-08-03,0.455,1.151,1.829,2.735,
1999-08-04,0.449,1.146,1.837,2.735,
1999-08-05,0.441,1.073,1.785,2.669,
1999-08-06,0.42,1.058,1.772,2.655,
1999-08-09,0.442,1.111,1.811,2.681,
1999-08-10,0.467,1.191,1.86,2.713,
1999-08-11,0.465,1.152,1.81,2.676,
1999-08-12,0.447,1.14,1.802,2.65,
1999-08-13,0.449,1.139,1.825,2.657,
1999-08-16,0.468,1.194,1.891,2.709,
1999-08-17,0.455,1.174,1.895,2.714,
1999-08-18,0.432,1.166,1.9,2.727,
1999-08-19,0.404,1.121,1.874,2.714,
1999-08-20,0.365,1.078,1.841,2.688,
1999-08-23,0.381,1.119,1.889,2.724,
1999-08-24,0.391,1.162,1.945,2.761,
1999-08-25,0.402,1.196,1.964,2.769,
1999-08-26,0.391,1.165,1.921,2.718,
1999-08-27,0.39,1.165,1.923,2.719,
1999-08-30,0.396,1.21,1.974,2.746,
1999-08-31,0.375,1.14,1.911,2.684,
1999-09-01,0.366,1.107,1.873,2.66,
1999-09-02,0.358,1.105,1.876,2.664,2.842
1999-09-03,0.336,1.069,1.838,2.649,2.822
1999-09-06,0.326,1.021,1.795,2.623,2.808
1999-09-07,0.351,1.065,1.82,2.644,2.825
1999-09-08,0.364,1.075,1.815,2.64,2.826
1999-09-09,0.38,1.102,1.829,2.653,2.834
1999-09-10,0.375,1.084,1.8,2.631,2.811
1999-09-13,0.363,1.051,1.77,2.605,2.785
1999-09-14,0.326,0.983,1.72,2.57,2.748
1999-09-16,0.31,0.945,1.709,2.567,2.739
1999-09-17,0.3,0.932,1.722,2.585,2.739
1999-09-20,0.255,0.861,1.668,2.547,2.688
1999-09-21,0.26,0.88,1.693,2.564,2.703
1999-09-22,0.29,0.944,1.722,2.594,2.728
1999-09-24,0.27,0.882,1.63,2.51,2.656
1999-09-27,0.26,0.881,1.603,2.48,2.635
1999-09-28,0.269,0.889,1.624,2.488,2.64
1999-09-29,0.262,0.857,1.585,2.454,2.616
1999-09-30,0.293,0.905,1.619,2.49,2.643
1999-10-01,0.286,0.881,1.583,2.478,2.634
1999-10-04,0.268,0.82,1.518,2.437,2.598
1999-10-05,0.276,0.839,1.523,2.447,2.6
1999-10-06,0.288,0.904,1.606,2.506,2.643
1999-10-07,0.294,0.929,1.645,2.538,2.667
1999-10-08,0.303,0.971,1.679,2.564,2.687
1999-10-12,0.311,1.003,1.711,2.591,2.714
1999-10-13,0.29,0.938,1.671,2.546,2.684
1999-10-14,0.27,0.932,1.693,2.563,2.702
1999-10-15,0.261,0.931,1.711,2.573,2.703
1999-10-18,0.253,0.906,1.671,2.53,2.666
1999-10-19,0.259,0.92,1.673,2.527,2.662
1999-10-20,0.274,0.977,1.763,2.581,2.704
1999-10-21,0.284,1.014,1.801,2.609,2.727
1999-10-22,0.275,1.011,1.831,2.622,2.733
1999-10-25,0.276,0.994,1.823,2.616,2.732
1999-10-26,0.275,0.983,1.813,2.604,2.724
1999-10-27,0.273,0.958,1.768,2.566,2.695
1999-10-28,0.293,0.993,1.794,2.588,2.706
1999-10-29,0.286,0.944,1.743,2.537,2.666
1999-11-01,0.284,0.949,1.745,2.537,2.664
1999-11-02,0.277,0.917,1.703,2.497,2.633
1999-11-04,0.28,0.936,1.726,2.511,2.643
1999-11-05,0.272,0.918,1.711,2.501,2.635
1999-11-08,0.26,0.887,1.7,2.492,2.626
1999-11-09,0.265,0.915,1.732,2.518,2.645
1999-11-10,0.277,0.947,1.76,2.542,2.664
1999-11-11,0.272,0.944,1.752,2.529,2.654
1999-11-12,0.263,0.922,1.729,2.505,2.636
1999-11-15,0.265,0.897,1.713,2.489,2.623
1999-11-16,0.269,0.91,1.739,2.513,2.639
1999-11-17,0.284,0.961,1.8,2.572,2.686
1999-11-18,0.298,1.009,1.839,2.614,2.722
1999-11-19,0.294,0.989,1.815,2.59,2.704
1999-11-22,0.3,1.019,1.835,2.608,2.719
1999-11-24,0.331,1.055,1.856,2.616,2.726
1999-11-25,0.347,1.043,1.828,2.584,2.7
1999-11-26,0.393,1.103,1.848,2.595,2.707
1999-11-29,0.425,1.111,1.824,2.558,2.679
1999-11-30,0.411,1.062,1.808,2.538,2.66
1999-12-01,0.392,1.02,1.795,2.528,2.653
1999-12-02,0.393,1.029,1.808,2.54,2.662
1999-12-03,0.377,0.99,1.778,2.513,2.64
1999-12-06,0.371,0.972,1.757,2.499,2.626
1999-12-07,0.379,0.994,1.776,2.515,2.637
1999-12-08,0.362,0.965,1.745,2.488,2.609
1999-12-09,0.343,0.943,1.732,2.478,2.598
1999-12-10,0.356,0.981,1.768,2.502,2.614
1999-12-13,0.336,0.945,1.746,2.486,2.606
1999-12-14,0.347,0.986,1.783,2.503,2.626
1999-12-15,0.338,0.964,1.758,2.485,2.609
1999-12-16,0.345,0.987,1.783,2.501,2.62
1999-12-17,0.341,0.984,1.781,2.49,2.61
1999-12-20,0.354,0.98,1.725,2.449,2.576
1999-12-21,0.36,0.979,1.715,2.431,2.561
1999-12-22,0.375,0.974,1.71,2.411,2.538
1999-12-24,0.395,1.014,1.746,2.429,2.548
1999-12-27,0.396,1.003,1.737,2.412,2.537
1999-12-28,0.37,0.951,1.699,2.372,2.497
1999-12-29,0.365,0.948,1.69,2.363,2.487
1999-12-30,0.36,0.94,1.68,2.356,2.481
2000-01-04,0.402,1.013,1.743,2.4,2.519
2000-01-05,0.38,0.977,1.718,2.378,2.501
2000-01-06,0.388,0.974,1.71,2.362,2.486
2000-01-07,0.406,1.026,1.738,2.384,2.496
2000-01-11,0.421,1.035,1.735,2.372,2.487
2000-01-12,0.454,1.081,1.758,2.372,2.486
2000-01-13,0.437,1.065,1.763,2.367,2.481
2000-01-14,0.414,1.03,1.75,2.36,2.476
2000-01-17,0.422,1.044,1.752,2.374,2.481
2000-01-18,0.417,1.029,1.725,2.373,2.48
2000-01-19,0.414,1.03,1.732,2.379,2.484
2000-01-20,0.419,1.054,1.757,2.389,2.487
2000-01-21,0.41,1.032,1.722,2.346,2.461
2000-01-24,0.392,0.982,1.651,2.267,2.389
2000-01-25,0.376,0.951,1.625,2.248,2.369
2000-01-26,0.375,0.95,1.637,2.263,2.378
2000-01-27,0.371,0.951,1.64,2.267,2.378
2000-01-28,0.371,0.931,1.62,2.248,2.357
2000-01-31,0.403,0.989,1.671,2.285,2.389
2000-02-01,0.426,0.944,1.705,2.314,2.415
2000-02-02,0.453,1.02,1.779,2.387,2.484
2000-02-03,0.447,1.025,1.789,2.394,2.454
2000-02-04,0.421,0.983,1.761,2.373,2.427
2000-02-07,0.43,1.027,1.792,2.413,2.46
2000-02-08,0.439,1.083,1.841,2.459,2.492
2000-02-09,0.43,1.068,1.821,2.44,2.474
2000-02-10,0.433,1.069,1.81,2.417,2.458
2000-02-14,0.428,1.057,1.787,2.389,2.438
2000-02-15,0.414,1.037,1.761,2.353,2.409
2000-02-16,0.411,1.028,1.754,2.336,2.393
2000-02-17,0.417,1.066,1.807,2.357,2.411
2000-02-18,0.398,1.03,1.783,2.332,2.387
2000-02-21,0.385,1.018,1.782,2.321,2.377
2000-02-22,0.391,1.05,1.836,2.366,2.414
2000-02-23,0.391,1.053,1.821,2.356,2.406
2000-02-24,0.407,1.08,1.848,2.375,2.421
2000-02-25,0.412,1.091,1.861,2.39,2.434
2000-02-28,0.404,1.052,1.811,2.362,2.41
2000-02-29,0.409,1.075,1.827,2.375,2.421
2000-03-01,0.405,1.067,1.812,2.344,2.395
2000-03-02,0.413,1.048,1.771,2.285,2.341
2000-03-03,0.425,1.068,1.781,2.264,2.321
2000-03-06,0.429,1.062,1.762,2.243,2.296
2000-03-07,0.439,1.08,1.777,2.247,2.301
2000-03-08,0.424,1.054,1.746,2.215,2.267
2000-03-09,0.434,1.08,1.781,2.238,2.282
2000-03-10,0.44,1.106,1.815,2.266,2.306
2000-03-13,0.441,1.109,1.806,2.263,2.304
2000-03-14,0.441,1.113,1.802,2.263,2.303
2000-03-15,0.446,1.132,1.814,2.271,2.31
2000-03-16,0.462,1.16,1.84,2.288,2.325
2000-03-17,0.468,1.164,1.831,2.285,2.323
2000-03-21,0.491,1.191,1.862,2.31,2.341
2000-03-22,0.472,1.162,1.838,2.29,2.324
2000-03-23,0.457,1.155,1.838,2.287,2.322
2000-03-24,0.473,1.178,1.862,2.308,2.34
2000-03-27,0.5,1.213,1.885,2.333,2.358
2000-03-28,0.501,1.209,1.871,2.325,2.353
2000-03-29,0.507,1.198,1.849,2.301,2.334
2000-03-30,0.501,1.145,1.792,2.236,2.286
2000-03-31,0.493,1.128,1.776,2.199,2.25
2000-04-03,0.491,1.146,1.802,2.219,2.256
2000-04-04,0.482,1.126,1.782,2.204,2.242
2000-04-05,0.473,1.128,1.776,2.183,2.217
2000-04-06,0.462,1.118,1.74,2.147,2.189
2000-04-07,0.453,1.112,1.727,2.12,2.159
2000-04-10,0.466,1.145,1.744,2.097,2.14
2000-04-11,0.466,1.14,1.752,2.094,2.138
2000-04-12,0.468,1.149,1.785,2.143,2.176
2000-04-13,0.515,1.191,1.811,2.166,2.2
2000-04-14,0.51,1.178,1.794,2.139,2.179
2000-04-17,0.47,1.115,1.719,2.054,2.105
2000-04-18,0.472,1.121,1.729,2.063,2.112
2000-04-19,0.468,1.117,1.718,2.054,2.104
2000-04-20,0.478,1.137,1.737,2.086,2.133
2000-04-21,0.469,1.129,1.748,2.11,2.154
2000-04-24,0.456,1.117,1.738,2.107,2.153
2000-04-25,0.441,1.099,1.723,2.104,2.153
2000-04-26,0.431,1.085,1.711,2.092,2.145
2000-04-27,0.432,1.081,1.71,2.102,2.154
2000-04-28,0.437,1.096,1.739,2.15,2.194
2000-05-01,0.427,1.08,1.716,2.148,2.197
2000-05-02,0.424,1.075,1.712,2.159,2.21
2000-05-08,0.415,1.071,1.715,2.164,2.217
2000-05-09,0.401,1.046,1.696,2.135,2.197
2000-05-10,0.399,1.052,1.707,2.137,2.203
2000-05-11,0.386,1.038,1.67,2.105,2.175
2000-05-12,0.39,1.069,1.689,2.12,2.187
2000-05-15,0.396,1.078,1.692,2.124,2.19
2000-05-16,0.401,1.099,1.729,2.163,2.233
2000-05-17,0.411,1.112,1.753,2.199,2.34
2000-05-18,0.392,1.073,1.718,2.184,2.312
2000-05-19,0.398,1.077,1.714,2.198,2.325
2000-05-22,0.381,1.049,1.689,2.171,2.305
2000-05-23,0.381,1.06,1.716,2.191,2.322
2000-05-24,0.372,1.041,1.688,2.152,2.282
2000-05-25,0.373,1.059,1.693,2.141,2.268
2000-05-26,0.373,1.04,1.665,2.108,2.241
2000-05-29,0.374,1.036,1.657,2.095,2.226
2000-05-30,0.401,1.062,1.676,2.092,2.222
2000-05-31,0.403,1.044,1.648,2.065,2.199
2000-06-01,0.416,1.054,1.648,2.059,2.192
2000-06-02,0.439,1.08,1.668,2.073,2.206
2000-06-05,0.472,1.133,1.724,2.13,2.259
2000-06-06,0.478,1.144,1.736,2.16,2.285
2000-06-07,0.476,1.126,1.71,2.139,2.267
2000-06-08,0.477,1.123,1.693,2.125,2.257
2000-06-09,0.45,1.081,1.658,2.094,2.224
2000-06-12,0.458,1.092,1.668,2.096,2.226
2000-06-13,0.453,1.079,1.652,2.072,2.205
2000-06-14,0.459,1.09,1.666,2.079,2.212
2000-06-15,0.445,1.071,1.656,2.064,2.2
2000-06-16,0.422,1.039,1.628,2.043,2.177
2000-06-19,0.42,1.034,1.629,2.051,2.184
2000-06-20,0.44,1.053,1.647,2.072,2.202
2000-06-21,0.466,1.09,1.677,2.11,2.235
2000-06-22,0.471,1.097,1.678,2.113,2.239
2000-06-23,0.482,1.102,1.652,2.089,2.221
2000-06-26,0.509,1.145,1.671,2.093,2.224
2000-06-27,0.51,1.136,1.69,2.11,2.237
2000-06-28,0.5,1.116,1.684,2.101,2.229
2000-06-29,0.525,1.129,1.706,2.108,2.234
2000-06-30,0.524,1.131,1.712,2.116,2.241
2000-07-03,0.526,1.135,1.722,2.142,2.264
2000-07-04,0.507,1.106,1.706,2.129,2.255
2000-07-05,0.513,1.127,1.73,2.147,2.273
2000-07-06,0.499,1.103,1.703,2.131,2.263
2000-07-07,0.505,1.116,1.723,2.164,2.297
2000-07-10,0.507,1.118,1.735,2.199,2.333
2000-07-11,0.525,1.139,1.741,2.203,2.334
2000-07-12,0.538,1.15,1.75,2.209,2.339
2000-07-13,0.485,1.068,1.685,2.16,2.298
2000-07-14,0.486,1.072,1.685,2.165,2.302
2000-07-17,0.489,1.072,1.674,2.158,2.297
2000-07-18,0.472,1.058,1.667,2.145,2.286
2000-07-19,0.477,1.071,1.684,2.163,2.301
2000-07-21,0.479,1.074,1.683,2.166,2.306
2000-07-24,0.475,1.085,1.693,2.179,2.316
2000-07-25,0.481,1.101,1.719,2.214,2.35
2000-07-26,0.471,1.091,1.708,2.213,2.354
2000-07-27,0.461,1.07,1.678,2.189,2.336
2000-07-28,0.446,1.053,1.65,2.171,2.318
2000-07-31,0.448,1.047,1.649,2.169,2.314
2000-08-01,0.455,1.054,1.654,2.161,2.306
2000-08-02,0.456,1.057,1.65,2.147,2.293
2000-08-03,0.456,1.055,1.652,2.136,2.282
2000-08-04,0.457,1.046,1.652,2.132,2.278
2000-08-07,0.453,1.042,1.666,2.141,2.287
2000-08-08,0.469,1.058,1.672,2.149,2.292
2000-08-09,0.504,1.097,1.696,2.167,2.31
2000-08-10,0.535,1.115,1.715,2.18,2.323
2000-08-11,0.521,1.095,1.694,2.158,2.305
2000-08-14,0.53,1.099,1.698,2.161,2.307
2000-08-15,0.546,1.111,1.729,2.193,2.335
2000-08-16,0.557,1.121,1.745,2.216,2.359
2000-08-17,0.547,1.11,1.737,2.221,2.365
2000-08-18,0.548,1.128,1.756,2.249,2.391
2000-08-21,0.556,1.144,1.771,2.268,2.411
2000-08-22,0.566,1.176,1.787,2.286,2.427
2000-08-23,0.592,1.218,1.823,2.317,2.457
2000-08-24,0.597,1.202,1.811,2.304,2.447
2000-08-25,0.613,1.236,1.849,2.329,2.48
2000-08-28,0.63,1.257,1.86,2.335,2.489
2000-08-29,0.652,1.272,1.875,2.344,2.505
2000-08-30,0.646,1.255,1.861,2.329,2.503
2000-08-31,0.645,1.252,1.863,2.328,2.506
2000-09-01,0.662,1.296,1.924,2.388,2.557
2000-09-04,0.658,1.286,1.908,2.377,2.555
2000-09-05,0.661,1.31,1.932,2.399,2.575
2000-09-06,0.667,1.328,1.946,2.41,2.589
2000-09-07,0.66,1.304,1.916,2.383,2.567
2000-09-08,0.628,1.244,1.845,2.321,2.514
2000-09-11,0.62,1.235,1.832,2.313,2.506
2000-09-12,0.611,1.22,1.836,2.328,2.52
2000-09-13,0.612,1.234,1.855,2.355,2.546
2000-09-14,0.623,1.249,1.876,2.383,2.575
2000-09-18,0.623,1.238,1.864,2.387,2.581
2000-09-19,0.619,1.223,1.848,2.384,2.58
2000-09-20,0.624,1.23,1.86,2.399,2.593
2000-09-21,0.635,1.243,1.879,2.419,2.623
2000-09-22,0.619,1.204,1.838,2.391,2.605
2000-09-25,0.631,1.215,1.849,2.407,2.615
2000-09-26,0.646,1.243,1.876,2.458,2.66
2000-09-27,0.646,1.225,1.855,2.451,2.654
2000-09-28,0.655,1.225,1.851,2.45,2.656
2000-09-29,0.646,1.209,1.824,2.43,2.641
2000-10-02,0.641,1.2,1.817,2.426,2.637
2000-10-03,0.631,1.19,1.814,2.424,2.636
2000-10-04,0.627,1.186,1.806,2.411,2.634
2000-10-05,0.62,1.174,1.793,2.394,2.628
2000-10-06,0.618,1.177,1.799,2.421,2.655
2000-10-10,0.615,1.175,1.819,2.457,2.699
2000-10-11,0.604,1.163,1.809,2.462,2.709
2000-10-12,0.604,1.173,1.837,2.492,2.745
2000-10-13,0.586,1.151,1.835,2.531,2.793
2000-10-16,0.584,1.15,1.849,2.589,2.862
2000-10-17,0.59,1.153,1.828,2.544,2.837
2000-10-18,0.591,1.144,1.794,2.486,2.787
2000-10-19,0.583,1.134,1.814,2.512,2.805
2000-10-20,0.579,1.139,1.829,2.531,2.832
2000-10-23,0.59,1.161,1.843,2.544,2.849
2000-10-24,0.594,1.177,1.85,2.548,2.871
2000-10-25,0.59,1.17,1.83,2.526,2.866
2000-10-26,0.58,1.153,1.828,2.505,2.864
2000-10-27,0.575,1.146,1.829,2.501,2.868
2000-10-30,0.571,1.123,1.809,2.483,2.855
2000-10-31,0.571,1.12,1.799,2.463,2.851
2000-11-01,0.579,1.143,1.823,2.49,2.881
2000-11-02,0.564,1.123,1.81,2.486,2.886
2000-11-06,0.563,1.121,1.81,2.497,2.923
2000-11-07,0.567,1.132,1.814,2.502,2.965
2000-11-08,0.581,1.152,1.808,2.492,2.913
2000-11-09,0.579,1.144,1.797,2.459,2.849
2000-11-10,0.582,1.141,1.803,2.464,2.848
2000-11-13,0.572,1.11,1.777,2.441,2.829
2000-11-14,0.583,1.119,1.784,2.443,2.828
2000-11-15,0.579,1.113,1.782,2.429,2.806
2000-11-16,0.571,1.102,1.768,2.397,2.763
2000-11-17,0.562,1.102,1.766,2.383,2.736
2000-11-20,0.555,1.085,1.737,2.352,2.701
2000-11-21,0.555,1.081,1.707,2.315,2.66
2000-11-22,0.555,1.09,1.699,2.298,2.637
2000-11-24,0.555,1.071,1.664,2.225,2.569
2000-11-27,0.56,1.085,1.671,2.219,2.572
2000-11-28,0.56,1.074,1.687,2.23,2.587
2000-11-29,0.555,1.041,1.659,2.203,2.573
2000-11-30,0.545,0.998,1.61,2.153,2.536
2000-12-01,0.555,0.996,1.622,2.16,2.548
2000-12-04,0.569,1.007,1.632,2.183,2.565
2000-12-05,0.566,0.982,1.596,2.177,2.564
2000-12-06,0.572,0.995,1.619,2.234,2.624
2000-12-07,0.55,0.941,1.564,2.203,2.601
2000-12-08,0.563,0.974,1.589,2.22,2.614
2000-12-11,0.606,1.04,1.63,2.247,2.64
2000-12-12,0.593,1.047,1.641,2.246,2.636
2000-12-13,0.591,1.075,1.693,2.265,2.658
2000-12-14,0.564,1.041,1.665,2.225,2.63
2000-12-15,0.555,1.038,1.655,2.207,2.611
2000-12-18,0.563,1.059,1.692,2.244,2.644
2000-12-19,0.559,1.028,1.656,2.228,2.634
2000-12-20,0.555,0.977,1.592,2.201,2.611
2000-12-21,0.533,0.948,1.551,2.167,2.576
2000-12-22,0.517,0.955,1.582,2.189,2.595
2000-12-25,0.51,0.972,1.616,2.202,2.607
2000-12-26,0.505,0.962,1.615,2.192,2.601
2000-12-27,0.499,0.954,1.602,2.176,2.589
2000-12-28,0.515,1.006,1.657,2.222,2.628
2000-12-29,0.515,0.998,1.65,2.217,2.622
2001-01-04,0.475,0.96,1.639,2.205,2.614
2001-01-05,0.454,0.938,1.63,2.196,2.605
2001-01-09,0.444,0.905,1.565,2.157,2.57
2001-01-10,0.455,0.937,1.581,2.171,2.583
2001-01-11,0.447,0.897,1.519,2.126,2.539
2001-01-12,0.443,0.885,1.48,2.074,2.492
2001-01-15,0.448,0.898,1.499,2.077,2.495
2001-01-16,0.444,0.906,1.538,2.113,2.525
2001-01-17,0.445,0.915,1.553,2.126,2.53
2001-01-18,0.426,0.872,1.5,2.075,2.486
2001-01-19,0.416,0.862,1.484,2.06,2.475
2001-01-22,0.378,0.81,1.44,2.002,2.424
2001-01-23,0.377,0.816,1.45,2.002,2.42
2001-01-24,0.387,0.826,1.459,2.002,2.418
2001-01-25,0.377,0.787,1.434,1.974,2.379
2001-01-26,0.371,0.774,1.414,1.95,2.346
2001-01-29,0.376,0.79,1.434,1.951,2.337
2001-01-30,0.391,0.843,1.477,1.972,2.34
2001-01-31,0.39,0.84,1.455,1.948,2.314
2001-02-01,0.396,0.838,1.451,1.955,2.32
2001-02-02,0.417,0.877,1.494,2.017,2.372
2001-02-05,0.401,0.838,1.456,1.984,2.329
2001-02-06,0.405,0.844,1.47,1.998,2.337
2001-02-07,0.395,0.807,1.43,1.967,2.308
2001-02-08,0.365,0.795,1.434,1.975,2.315
2001-02-09,0.339,0.757,1.408,1.965,2.305
2001-02-13,0.328,0.739,1.368,1.917,2.252
2001-02-14,0.333,0.75,1.386,1.922,2.256
2001-02-15,0.324,0.742,1.378,1.914,2.25
2001-02-16,0.324,0.74,1.377,1.912,2.243
2001-02-19,0.306,0.708,1.345,1.883,2.208
2001-02-20,0.311,0.721,1.382,1.894,2.219
2001-02-21,0.302,0.711,1.355,1.859,2.181
2001-02-22,0.312,0.761,1.423,1.91,2.232
2001-02-23,0.278,0.731,1.407,1.897,2.218
2001-02-26,0.248,0.694,1.388,1.879,2.196
2001-02-27,0.248,0.687,1.357,1.85,2.163
2001-02-28,0.242,0.667,1.323,1.82,2.132
2001-03-01,0.18,0.581,1.195,1.647,1.946
2001-03-02,0.179,0.591,1.217,1.662,1.96
2001-03-05,0.178,0.593,1.224,1.672,1.972
2001-03-06,0.178,0.574,1.188,1.63,1.932
2001-03-07,0.175,0.558,1.128,1.566,1.862
2001-03-08,0.178,0.578,1.162,1.607,1.913
2001-03-09,0.18,0.601,1.21,1.655,1.961
2001-03-12,0.17,0.57,1.185,1.646,1.95
2001-03-13,0.165,0.57,1.179,1.656,1.961
2001-03-14,0.137,0.526,1.146,1.643,1.945
2001-03-15,0.117,0.502,1.143,1.642,1.943
2001-03-16,0.106,0.482,1.14,1.642,1.94
2001-03-19,0.105,0.483,1.139,1.638,1.934
2001-03-21,0.085,0.429,1.061,1.513,1.802
2001-03-22,0.084,0.457,1.078,1.533,1.825
2001-03-23,0.105,0.528,1.149,1.601,1.895
2001-03-26,0.104,0.529,1.156,1.62,1.918
2001-03-27,0.127,0.568,1.202,1.699,2.004
2001-03-28,0.148,0.643,1.291,1.828,2.141
2001-03-29,0.149,0.648,1.316,1.837,2.149
2001-03-30,0.133,0.589,1.24,1.775,2.092
2001-04-02,0.15,0.625,1.315,1.862,2.178
2001-04-03,0.143,0.615,1.289,1.83,2.146
2001-04-04,0.128,0.586,1.277,1.812,2.136
2001-04-05,0.126,0.574,1.269,1.812,2.139
2001-04-06,0.117,0.56,1.241,1.78,2.116
2001-04-09,0.118,0.563,1.254,1.783,2.119
2001-04-10,0.118,0.586,1.291,1.819,2.157
2001-04-11,0.111,0.576,1.29,1.826,2.164
2001-04-12,0.125,0.638,1.402,1.941,2.297
2001-04-13,0.116,0.635,1.399,1.948,2.31
2001-04-16,0.117,0.639,1.411,1.971,2.342
2001-04-17,0.117,0.647,1.412,2.003,2.382
2001-04-18,0.123,0.673,1.45,2.06,2.447
2001-04-19,0.109,0.652,1.437,2.114,2.51
2001-04-20,0.099,0.62,1.44,2.086,2.497
2001-04-23,0.095,0.571,1.378,2.023,2.43
2001-04-24,0.095,0.561,1.348,1.964,2.373
2001-04-25,0.101,0.561,1.36,1.967,2.38
2001-04-26,0.097,0.54,1.338,1.953,2.371
2001-04-27,0.097,0.534,1.325,1.945,2.362
2001-05-01,0.098,0.55,1.343,1.966,2.38
2001-05-02,0.099,0.559,1.37,2.002,2.425
2001-05-07,0.095,0.539,1.342,1.997,2.424
2001-05-08,0.096,0.525,1.302,1.976,2.407
2001-05-09,0.088,0.509,1.277,1.939,2.375
2001-05-10,0.073,0.491,1.282,1.94,2.369
2001-05-11,0.053,0.458,1.277,1.932,2.362
2001-05-14,0.055,0.451,1.262,1.912,2.349
2001-05-15,0.069,0.49,1.277,1.919,2.355
2001-05-16,0.064,0.488,1.281,1.903,2.298
2001-05-17,0.06,0.477,1.28,1.899,2.277
2001-05-18,0.045,0.434,1.273,1.909,2.281
2001-05-21,0.05,0.467,1.305,1.946,2.311
2001-05-22,0.055,0.476,1.298,1.954,2.317
2001-05-23,0.055,0.475,1.284,1.948,2.309
2001-05-24,0.055,0.464,1.259,1.939,2.29
2001-05-25,0.056,0.469,1.251,1.93,2.274
2001-05-28,0.056,0.465,1.234,1.906,2.249
2001-05-29,0.056,0.457,1.25,1.904,2.245
2001-05-30,0.056,0.447,1.251,1.919,2.251
2001-05-31,0.052,0.419,1.216,1.887,2.222
2001-06-01,0.052,0.423,1.22,1.901,2.234
2001-06-04,0.055,0.425,1.215,1.911,2.238
2001-06-05,0.052,0.412,1.197,1.911,2.235
2001-06-06,0.058,0.432,1.23,1.946,2.268
2001-06-07,0.055,0.428,1.216,1.928,2.254
2001-06-08,0.055,0.438,1.219,1.928,2.258
2001-06-11,0.053,0.427,1.196,1.904,2.233
2001-06-12,0.055,0.421,1.177,1.878,2.207
2001-06-13,0.054,0.41,1.159,1.855,2.186
2001-06-14,0.049,0.392,1.139,1.838,2.171
2001-06-15,0.054,0.4,1.172,1.87,2.204
2001-06-18,0.055,0.393,1.175,1.874,2.209
2001-06-19,0.055,0.389,1.167,1.875,2.208
2001-06-20,0.055,0.395,1.201,1.891,2.219
2001-06-21,0.055,0.395,1.182,1.874,2.203
2001-06-22,0.055,0.397,1.171,1.862,2.195
2001-06-25,0.06,0.384,1.144,1.824,2.163
2001-06-26,0.066,0.38,1.14,1.813,2.155
2001-06-27,0.066,0.372,1.133,1.805,2.149
2001-06-28,0.067,0.364,1.125,1.796,2.139
2001-06-29,0.073,0.403,1.183,1.849,2.189
2001-07-02,0.078,0.449,1.263,1.922,2.257
2001-07-03,0.079,0.449,1.272,1.938,2.27
2001-07-04,0.079,0.429,1.254,1.935,2.268
2001-07-05,0.077,0.413,1.233,1.934,2.27
2001-07-06,0.077,0.405,1.233,1.959,2.295
2001-07-09,0.081,0.452,1.326,2.054,2.399
2001-07-10,0.083,0.463,1.334,2.07,2.419
2001-07-11,0.081,0.441,1.278,2.011,2.371
2001-07-12,0.078,0.43,1.258,1.968,2.335
2001-07-13,0.078,0.441,1.291,1.996,2.364
2001-07-16,0.079,0.461,1.331,2.045,2.409
2001-07-17,0.084,0.479,1.351,2.078,2.436
2001-07-18,0.084,0.473,1.345,2.082,2.443
2001-07-19,0.084,0.478,1.36,2.104,2.467
2001-07-23,0.085,0.473,1.364,2.103,2.469
2001-07-24,0.085,0.493,1.394,2.121,2.49
2001-07-25,0.09,0.493,1.385,2.09,2.466
2001-07-26,0.09,0.468,1.337,2.039,2.412
2001-07-27,0.09,0.457,1.316,2.007,2.383
2001-07-30,0.091,0.458,1.323,2.024,2.392
2001-07-31,0.091,0.461,1.333,2.03,2.401
2001-08-01,0.091,0.459,1.333,2.036,2.407
2001-08-02,0.097,0.468,1.337,2.047,2.416
2001-08-03,0.104,0.492,1.366,2.073,2.441
2001-08-06,0.122,0.53,1.395,2.098,2.464
2001-08-07,0.136,0.575,1.43,2.121,2.483
2001-08-08,0.126,0.525,1.366,2.048,2.418
2001-08-09,0.118,0.506,1.354,2.03,2.402
2001-08-10,0.102,0.457,1.314,2.005,2.375
2001-08-13,0.095,0.439,1.303,2.001,2.373
2001-08-14,0.085,0.416,1.299,2.004,2.372
2001-08-15,0.07,0.391,1.295,2.02,2.386
2001-08-16,0.07,0.41,1.302,2.025,2.393
2001-08-17,0.08,0.438,1.329,2.044,2.41
2001-08-20,0.085,0.449,1.344,2.06,2.425
2001-08-21,0.095,0.474,1.354,2.061,2.429
2001-08-22,0.095,0.462,1.319,2.023,2.396
2001-08-23,0.095,0.481,1.344,2.04,2.41
2001-08-24,0.09,0.476,1.339,2.029,2.4
2001-08-27,0.087,0.502,1.366,2.043,2.405
2001-08-28,0.086,0.497,1.335,2.009,2.378
2001-08-29,0.086,0.5,1.335,2.005,2.368
2001-08-30,0.086,0.491,1.317,1.998,2.359
2001-08-31,0.086,0.497,1.328,2.011,2.366
2001-09-03,0.087,0.524,1.357,2.035,2.387
2001-09-04,0.085,0.511,1.342,2.023,2.377
2001-09-05,0.077,0.502,1.329,2.012,2.369
2001-09-06,0.072,0.504,1.357,2.042,2.396
2001-09-07,0.065,0.502,1.364,2.043,2.4
2001-09-10,0.063,0.503,1.369,2.045,2.403
2001-09-11,0.068,0.514,1.376,2.043,2.401
2001-09-12,0.065,0.502,1.388,2.06,2.415
2001-09-13,0.064,0.496,1.403,2.076,2.428
2001-09-14,0.065,0.461,1.373,2.052,2.41
2001-09-17,0.06,0.412,1.304,1.995,2.364
2001-09-18,0.06,0.426,1.319,2.002,2.37
2001-09-19,0.07,0.467,1.394,2.036,2.4
2001-09-20,0.079,0.5,1.424,2.054,2.412
2001-09-21,0.08,0.492,1.393,2.023,2.388
2001-09-25,0.08,0.486,1.385,2.032,2.379
2001-09-26,0.085,0.498,1.413,2.055,2.398
2001-09-27,0.086,0.485,1.398,2.04,2.385
2001-09-28,0.085,0.489,1.409,2.051,2.395
2001-10-01,0.086,0.466,1.395,2.044,2.386
2001-10-02,0.081,0.446,1.377,2.042,2.386
2001-10-03,0.082,0.456,1.384,2.061,2.407
2001-10-04,0.082,0.471,1.379,2.056,2.421
2001-10-05,0.084,0.473,1.388,2.054,2.427
2001-10-09,0.086,0.479,1.396,2.067,2.451
2001-10-10,0.086,0.483,1.396,2.054,2.466
2001-10-11,0.081,0.469,1.369,2.033,2.46
2001-10-12,0.083,0.476,1.387,2.059,2.488
2001-10-15,0.084,0.477,1.388,2.059,2.499
2001-10-16,0.08,0.458,1.36,2.034,2.487
2001-10-17,0.084,0.475,1.383,2.05,2.499
2001-10-18,0.085,0.463,1.368,2.04,2.499
2001-10-19,0.085,0.475,1.369,2.042,2.507
2001-10-22,0.09,0.48,1.365,2.037,2.502
2001-10-23,0.086,0.477,1.337,2.011,2.485
2001-10-24,0.086,0.467,1.332,2.003,2.48
2001-10-25,0.085,0.461,1.333,2.007,2.486
2001-10-26,0.085,0.463,1.338,2.015,2.49
2001-10-29,0.085,0.464,1.339,2.018,2.496
2001-10-30,0.086,0.475,1.341,2.025,2.497
2001-10-31,0.087,0.482,1.326,2.005,2.473
2001-11-01,0.087,0.473,1.326,1.995,2.457
2001-11-02,0.087,0.469,1.32,1.973,2.428
2001-11-05,0.087,0.464,1.311,1.958,2.409
2001-11-06,0.087,0.464,1.311,1.959,2.406
2001-11-07,0.085,0.45,1.287,1.948,2.398
2001-11-08,0.083,0.459,1.314,1.994,2.399
2001-11-09,0.083,0.478,1.336,2.013,2.416
2001-11-12,0.083,0.475,1.327,2.006,2.409
2001-11-13,0.084,0.478,1.336,2.011,2.411
2001-11-14,0.085,0.479,1.346,2.019,2.415
2001-11-15,0.089,0.491,1.357,2.022,2.413
2001-11-16,0.089,0.504,1.372,2.023,2.411
2001-11-19,0.09,0.499,1.358,2.007,2.393
2001-11-20,0.09,0.51,1.367,2.015,2.398
2001-11-21,0.09,0.508,1.343,2.007,2.389
2001-11-22,0.09,0.505,1.335,2.011,2.39
2001-11-26,0.097,0.525,1.357,2.042,2.413
2001-11-27,0.1,0.549,1.381,2.071,2.441
2001-11-28,0.1,0.529,1.35,2.039,2.415
2001-11-29,0.116,0.558,1.374,2.055,2.429
2001-11-30,0.105,0.524,1.355,2.031,2.41
2001-12-03,0.105,0.535,1.392,2.067,2.448
2001-12-04,0.1,0.531,1.382,2.076,2.471
2001-12-05,0.09,0.518,1.374,2.082,2.486
2001-12-06,0.09,0.533,1.396,2.085,2.517
2001-12-07,0.09,0.51,1.364,2.051,2.49
2001-12-10,0.088,0.495,1.351,2.042,2.483
2001-12-11,0.085,0.479,1.349,2.05,2.491
2001-12-12,0.085,0.481,1.342,2.048,2.49
2001-12-13,0.085,0.474,1.331,2.035,2.481
2001-12-14,0.085,0.496,1.34,2.036,2.484
2001-12-17,0.085,0.499,1.332,2.02,2.471
2001-12-18,0.085,0.5,1.332,2.01,2.466
2001-12-19,0.085,0.504,1.338,2.013,2.468
2001-12-20,0.084,0.497,1.327,2.001,2.457
2001-12-21,0.075,0.481,1.32,1.999,2.453
2001-12-25,0.075,0.482,1.325,2.004,2.458
2001-12-26,0.075,0.481,1.33,2.012,2.467
2001-12-27,0.076,0.491,1.349,2.028,2.483
2001-12-28,0.076,0.51,1.369,2.03,2.484
2002-01-04,0.079,0.548,1.401,2.056,2.509
2002-01-07,0.077,0.541,1.388,2.045,2.501
2002-01-08,0.078,0.551,1.397,2.053,2.509
2002-01-09,0.078,0.555,1.384,2.048,2.506
2002-01-10,0.078,0.552,1.393,2.053,2.511
2002-01-11,0.076,0.541,1.4,2.058,2.516
2002-01-15,0.078,0.553,1.413,2.067,2.523
2002-01-16,0.074,0.545,1.399,2.061,2.517
2002-01-17,0.079,0.573,1.421,2.076,2.531
2002-01-18,0.074,0.59,1.425,2.078,2.531
2002-01-21,0.08,0.616,1.441,2.087,2.541
2002-01-22,0.081,0.62,1.438,2.086,2.541
2002-01-23,0.071,0.61,1.439,2.09,2.543
2002-01-24,0.071,0.618,1.468,2.111,2.562
2002-01-25,0.071,0.647,1.472,2.118,2.567
2002-01-28,0.067,0.632,1.453,2.103,2.554
2002-01-29,0.072,0.641,1.476,2.13,2.579
2002-01-30,0.071,0.665,1.488,2.155,2.601
2002-01-31,0.065,0.678,1.486,2.167,2.614
2002-02-01,0.063,0.696,1.508,2.2,2.64
2002-02-04,0.06,0.657,1.51,2.208,2.654
2002-02-05,0.06,0.672,1.538,2.232,2.68
2002-02-06,0.057,0.652,1.549,2.23,2.683
2002-02-07,0.06,0.671,1.565,2.232,2.683
2002-02-08,0.057,0.632,1.516,2.185,2.643
2002-02-12,0.055,0.612,1.478,2.163,2.61
2002-02-13,0.06,0.643,1.511,2.197,2.625
2002-02-14,0.06,0.659,1.523,2.187,2.615
2002-02-15,0.055,0.642,1.503,2.141,2.573
2002-02-18,0.06,0.651,1.512,2.131,2.563
2002-02-19,0.07,0.677,1.524,2.157,2.584
2002-02-20,0.075,0.678,1.535,2.164,2.59
2002-02-21,0.08,0.647,1.503,2.144,2.575
2002-02-22,0.08,0.645,1.514,2.154,2.587
2002-02-25,0.081,0.64,1.515,2.153,2.579
2002-02-26,0.086,0.664,1.535,2.166,2.59
2002-02-27,0.086,0.666,1.527,2.159,2.585
2002-02-28,0.081,0.653,1.511,2.136,2.566
2002-03-01,0.081,0.641,1.502,2.125,2.554
2002-03-04,0.075,0.613,1.482,2.103,2.534
2002-03-05,0.072,0.604,1.464,2.082,2.515
2002-03-06,0.07,0.594,1.451,2.064,2.499
2002-03-07,0.065,0.576,1.435,2.044,2.482
2002-03-08,0.065,0.597,1.449,2.043,2.482
2002-03-11,0.068,0.618,1.481,2.072,2.502
2002-03-12,0.063,0.601,1.458,2.048,2.464
2002-03-13,0.06,0.587,1.44,2.027,2.439
2002-03-14,0.058,0.562,1.419,2.015,2.427
2002-03-15,0.059,0.568,1.45,2.046,2.454
2002-03-18,0.055,0.551,1.444,2.042,2.446
2002-03-19,0.05,0.548,1.441,2.049,2.442
2002-03-20,0.049,0.548,1.442,2.065,2.442
2002-03-22,0.045,0.551,1.435,2.078,2.441
2002-03-25,0.05,0.572,1.451,2.1,2.446
2002-03-26,0.05,0.57,1.427,2.066,2.442
2002-03-27,0.05,0.551,1.404,2.042,2.43
2002-03-28,0.05,0.525,1.389,2.036,2.428
2002-03-29,0.051,0.523,1.399,2.052,2.445
2002-04-01,0.056,0.54,1.404,2.057,2.453
2002-04-02,0.05,0.522,1.39,2.048,2.445
2002-04-03,0.052,0.523,1.395,2.051,2.444
2002-04-04,0.052,0.509,1.394,2.042,2.428
2002-04-05,0.055,0.513,1.386,2.039,2.407
2002-04-08,0.055,0.513,1.369,2.028,2.383
2002-04-09,0.055,0.527,1.401,2.063,2.398
2002-04-10,0.053,0.509,1.382,2.046,2.384
2002-04-11,0.05,0.495,1.363,2.021,2.366
2002-04-12,0.053,0.518,1.392,2.025,2.367
2002-04-15,0.053,0.505,1.373,2.002,2.338
2002-04-16,0.054,0.515,1.388,2.013,2.343
2002-04-17,0.054,0.522,1.408,2.03,2.36
2002-04-18,0.055,0.527,1.417,2.048,2.375
2002-04-19,0.055,0.521,1.405,2.038,2.366
2002-04-22,0.055,0.523,1.414,2.047,2.376
2002-04-23,0.055,0.533,1.428,2.06,2.387
2002-04-24,0.06,0.547,1.438,2.073,2.398
2002-04-25,0.059,0.554,1.436,2.083,2.415
2002-04-26,0.055,0.536,1.417,2.069,2.407
2002-04-30,0.055,0.502,1.375,2.033,2.381
2002-05-01,0.053,0.494,1.372,2.031,2.384
2002-05-02,0.05,0.5,1.378,2.039,2.395
2002-05-07,0.052,0.499,1.365,2.027,2.385
2002-05-08,0.052,0.512,1.375,2.036,2.4
2002-05-09,0.052,0.505,1.367,2.025,2.391
2002-05-10,0.052,0.502,1.366,2.013,2.402
2002-05-13,0.051,0.499,1.376,2.022,2.42
2002-05-14,0.051,0.489,1.371,2.013,2.4
2002-05-15,0.051,0.474,1.367,1.99,2.304
2002-05-16,0.051,0.48,1.361,1.994,2.319
2002-05-17,0.051,0.486,1.365,2.002,2.33
2002-05-20,0.05,0.51,1.391,2.023,2.341
2002-05-21,0.055,0.521,1.401,2.029,2.342
2002-05-22,0.05,0.523,1.391,2.023,2.334
2002-05-23,0.061,0.542,1.409,2.045,2.342
2002-05-24,0.061,0.529,1.394,2.031,2.33
2002-05-27,0.066,0.538,1.396,2.026,2.328
2002-05-28,0.061,0.516,1.377,2.007,2.313
2002-05-29,0.066,0.512,1.395,2.022,2.325
2002-05-30,0.066,0.492,1.375,2.015,2.321
2002-05-31,0.067,0.5,1.371,2.012,2.317
2002-06-03,0.067,0.499,1.367,2.009,2.311
2002-06-04,0.067,0.506,1.379,2.034,2.332
2002-06-05,0.067,0.51,1.383,2.035,2.333
2002-06-06,0.067,0.495,1.365,2.017,2.319
2002-06-07,0.068,0.476,1.35,2.005,2.307
2002-06-10,0.068,0.468,1.35,2.006,2.305
2002-06-11,0.068,0.472,1.353,2.01,2.308
2002-06-12,0.068,0.476,1.364,2.019,2.315
2002-06-13,0.069,0.467,1.366,2.026,2.316
2002-06-14,0.069,0.457,1.353,2.013,2.304
2002-06-17,0.065,0.46,1.362,2.014,2.307
2002-06-18,0.065,0.455,1.354,2.01,2.3
2002-06-19,0.065,0.469,1.364,2.017,2.304
2002-06-20,0.065,0.451,1.361,2.008,2.284
2002-06-21,0.065,0.428,1.324,1.975,2.246
2002-06-24,0.065,0.433,1.325,1.963,2.226
2002-06-25,0.06,0.434,1.312,1.957,2.215
2002-06-26,0.06,0.424,1.303,1.952,2.209
2002-06-27,0.06,0.433,1.329,1.97,2.224
2002-06-28,0.06,0.411,1.305,1.951,2.205
2002-07-01,0.06,0.441,1.332,1.974,2.225
2002-07-02,0.06,0.435,1.318,1.961,2.214
2002-07-03,0.06,0.44,1.316,1.962,2.21
2002-07-04,0.06,0.433,1.307,1.952,2.201
2002-07-05,0.06,0.434,1.311,1.948,2.194
2002-07-08,0.055,0.435,1.314,1.952,2.193
2002-07-09,0.055,0.43,1.311,1.949,2.189
2002-07-10,0.055,0.412,1.288,1.919,2.162
2002-07-11,0.052,0.402,1.272,1.909,2.146
2002-07-12,0.055,0.408,1.285,1.918,2.148
2002-07-15,0.051,0.397,1.271,1.91,2.131
2002-07-16,0.051,0.399,1.266,1.902,2.108
2002-07-17,0.051,0.398,1.266,1.896,2.095
2002-07-18,0.05,0.402,1.262,1.884,2.075
2002-07-19,0.05,0.405,1.261,1.876,2.062
2002-07-22,0.055,0.41,1.271,1.876,2.061
2002-07-23,0.055,0.424,1.301,1.917,2.103
2002-07-24,0.055,0.432,1.317,1.937,2.121
2002-07-25,0.05,0.423,1.323,1.95,2.132
2002-07-26,0.045,0.439,1.333,1.958,2.142
2002-07-29,0.046,0.457,1.352,1.98,2.164
2002-07-30,0.046,0.446,1.343,1.99,2.18
2002-07-31,0.04,0.423,1.314,1.971,2.169
2002-08-01,0.035,0.417,1.313,1.973,2.177
2002-08-02,0.033,0.398,1.296,1.957,2.175
2002-08-05,0.032,0.377,1.28,1.937,2.164
2002-08-06,0.032,0.399,1.297,1.953,2.176
2002-08-07,0.032,0.384,1.274,1.929,2.154
2002-08-08,0.032,0.386,1.274,1.928,2.152
2002-08-09,0.032,0.378,1.261,1.913,2.139
2002-08-12,0.031,0.369,1.255,1.911,2.137
2002-08-13,0.031,0.382,1.288,1.942,2.167
2002-08-14,0.031,0.366,1.272,1.942,2.176
2002-08-15,0.031,0.367,1.274,1.958,2.193
2002-08-16,0.031,0.379,1.286,1.976,2.211
2002-08-19,0.03,0.37,1.267,1.953,2.207
2002-08-20,0.03,0.371,1.267,1.943,2.198
2002-08-21,0.02,0.357,1.251,1.925,2.183
2002-08-22,0.015,0.343,1.247,1.929,2.185
2002-08-23,0.015,0.337,1.226,1.921,2.178
2002-08-26,0.02,0.334,1.208,1.908,2.163
2002-08-27,0.019,0.322,1.182,1.874,2.134
2002-08-28,0.019,0.329,1.199,1.888,2.135
2002-08-29,0.02,0.301,1.154,1.843,2.071
2002-08-30,0.02,0.309,1.144,1.831,2.045
2002-09-02,0.02,0.317,1.127,1.82,2.031
2002-09-03,0.02,0.312,1.146,1.83,2.038
2002-09-04,0.02,0.325,1.161,1.839,2.042
2002-09-05,0.02,0.326,1.161,1.827,2.026
2002-09-06,0.02,0.3,1.103,1.764,1.958
2002-09-09,0.02,0.299,1.104,1.765,1.956
2002-09-10,0.02,0.273,1.052,1.707,1.892
2002-09-11,0.025,0.287,1.029,1.661,1.844
2002-09-12,0.025,0.282,1.013,1.647,1.828
2002-09-13,0.025,0.284,1.017,1.657,1.839
2002-09-17,0.025,0.285,1.046,1.693,1.888
2002-09-18,0.039,0.39,1.223,1.843,2.045
2002-09-19,0.039,0.316,1.184,1.793,1.993
2002-09-20,0.045,0.35,1.288,1.898,2.095
2002-09-24,0.05,0.358,1.26,1.908,2.093
2002-09-25,0.05,0.338,1.197,1.867,2.047
2002-09-26,0.05,0.353,1.212,1.888,2.064
2002-09-27,0.055,0.357,1.202,1.882,2.051
2002-09-30,0.056,0.338,1.165,1.85,2.011
2002-10-01,0.043,0.32,1.127,1.817,1.975
2002-10-02,0.043,0.331,1.131,1.825,1.982
2002-10-03,0.043,0.311,1.132,1.841,1.999
2002-10-04,0.043,0.305,1.146,1.87,2.05
2002-10-07,0.042,0.314,1.174,1.887,2.083
2002-10-08,0.042,0.32,1.163,1.857,2.064
2002-10-09,0.04,0.301,1.148,1.842,2.113
2002-10-10,0.04,0.281,1.135,1.865,2.147
2002-10-11,0.04,0.285,1.101,1.829,2.114
2002-10-15,0.04,0.281,1.067,1.799,2.088
2002-10-16,0.04,0.286,1.061,1.786,2.077
2002-10-17,0.04,0.299,1.067,1.773,2.056
2002-10-18,0.04,0.299,1.092,1.789,2.072
2002-10-21,0.045,0.289,1.076,1.766,2.049
2002-10-22,0.045,0.305,1.091,1.766,2.055
2002-10-23,0.045,0.298,1.076,1.735,2.001
2002-10-24,0.046,0.3,1.072,1.738,1.996
2002-10-25,0.046,0.301,1.072,1.743,2.002
2002-10-28,0.046,0.291,1.044,1.728,1.988
2002-10-29,0.046,0.29,1.038,1.713,1.978
2002-10-30,0.046,0.292,1.032,1.695,1.955
2002-10-31,0.038,0.271,0.988,1.645,1.902
2002-11-01,0.038,0.275,0.98,1.638,1.895
2002-11-05,0.037,0.283,0.964,1.62,1.878
2002-11-06,0.04,0.294,0.983,1.622,1.878
2002-11-07,0.04,0.299,1.0,1.63,1.883
2002-11-08,0.04,0.297,1.001,1.631,1.883
2002-11-11,0.04,0.29,0.967,1.6,1.855
2002-11-12,0.04,0.291,0.967,1.594,1.8
2002-11-13,0.04,0.29,0.963,1.583,1.776
2002-11-14,0.04,0.307,1.012,1.627,1.812
2002-11-15,0.04,0.309,1.016,1.635,1.813
2002-11-18,0.039,0.313,1.027,1.645,1.821
2002-11-19,0.04,0.307,0.997,1.619,1.795
2002-11-20,0.04,0.316,0.999,1.628,1.797
2002-11-21,0.05,0.354,1.029,1.655,1.819
2002-11-22,0.055,0.323,1.0,1.637,1.795
2002-11-25,0.055,0.301,0.971,1.61,1.77
2002-11-26,0.055,0.291,0.952,1.597,1.756
2002-11-27,0.055,0.301,0.96,1.606,1.768
2002-11-28,0.055,0.296,0.969,1.626,1.795
2002-11-29,0.055,0.304,0.973,1.645,1.815
2002-12-02,0.055,0.309,0.987,1.669,1.84
2002-12-03,0.055,0.319,1.007,1.69,1.86
2002-12-04,0.055,0.319,0.995,1.668,1.836
2002-12-05,0.055,0.327,1.001,1.668,1.836
2002-12-06,0.055,0.328,1.003,1.681,1.846
2002-12-09,0.055,0.324,0.995,1.677,1.84
2002-12-10,0.055,0.312,0.994,1.686,1.849
2002-12-11,0.055,0.302,0.99,1.676,1.843
2002-12-12,0.055,0.307,0.987,1.646,1.819
2002-12-13,0.055,0.309,0.982,1.632,1.797
2002-12-16,0.054,0.295,0.948,1.61,1.776
2002-12-17,0.05,0.295,0.945,1.614,1.787
2002-12-18,0.05,0.3,0.936,1.61,1.793
2002-12-19,0.05,0.298,0.935,1.598,1.791
2002-12-20,0.055,0.296,0.944,1.585,1.782
2002-12-24,0.056,0.293,0.938,1.577,1.773
2002-12-25,0.056,0.287,0.924,1.555,1.751
2002-12-26,0.05,0.297,0.934,1.563,1.76
2002-12-27,0.05,0.297,0.915,1.543,1.743
2002-12-30,0.05,0.297,0.906,1.536,1.738
2003-01-06,0.05,0.303,0.911,1.529,1.73
2003-01-07,0.05,0.303,0.906,1.514,1.714
2003-01-08,0.05,0.303,0.892,1.476,1.667
2003-01-09,0.05,0.308,0.852,1.408,1.603
2003-01-10,0.05,0.31,0.87,1.428,1.62
2003-01-14,0.05,0.311,0.872,1.397,1.575
2003-01-15,0.05,0.294,0.849,1.371,1.533
2003-01-16,0.05,0.282,0.84,1.349,1.505
2003-01-17,0.05,0.278,0.834,1.331,1.481
2003-01-20,0.055,0.28,0.825,1.318,1.453
2003-01-21,0.055,0.28,0.825,1.326,1.437
2003-01-22,0.055,0.272,0.811,1.323,1.429
2003-01-23,0.055,0.266,0.806,1.337,1.454
2003-01-24,0.05,0.256,0.812,1.359,1.485
2003-01-27,0.051,0.25,0.802,1.337,1.472
2003-01-28,0.051,0.252,0.791,1.309,1.453
2003-01-29,0.051,0.25,0.781,1.291,1.441
2003-01-30,0.043,0.243,0.759,1.274,1.421
2003-01-31,0.043,0.257,0.81,1.324,1.471
2003-02-03,0.043,0.253,0.817,1.329,1.482
2003-02-04,0.042,0.272,0.856,1.381,1.524
2003-02-05,0.042,0.291,0.861,1.4,1.541
2003-02-06,0.042,0.293,0.857,1.42,1.556
2003-02-07,0.042,0.283,0.839,1.415,1.541
2003-02-10,0.045,0.283,0.821,1.382,1.51
2003-02-12,0.045,0.296,0.841,1.405,1.524
2003-02-13,0.045,0.295,0.838,1.405,1.523
2003-02-14,0.045,0.29,0.839,1.408,1.522
2003-02-17,0.045,0.301,0.87,1.437,1.545
2003-02-18,0.045,0.302,0.872,1.436,1.545
2003-02-19,0.045,0.301,0.863,1.433,1.54
2003-02-20,0.05,0.294,0.857,1.443,1.533
2003-02-21,0.05,0.285,0.833,1.41,1.517
2003-02-24,0.05,0.276,0.807,1.368,1.476
2003-02-25,0.05,0.266,0.776,1.321,1.435
2003-02-26,0.05,0.27,0.791,1.331,1.447
2003-02-27,0.05,0.27,0.791,1.32,1.44
2003-02-28,0.05,0.266,0.786,1.308,1.433
2003-03-03,0.05,0.267,0.787,1.31,1.438
2003-03-04,0.05,0.262,0.748,1.273,1.406
2003-03-05,0.05,0.262,0.748,1.269,1.406
2003-03-06,0.05,0.255,0.747,1.239,1.381
2003-03-07,0.05,0.253,0.733,1.224,1.368
2003-03-10,0.05,0.259,0.739,1.226,1.368
2003-03-11,0.05,0.251,0.714,1.188,1.332
2003-03-12,0.05,0.241,0.694,1.178,1.319
2003-03-13,0.05,0.241,0.724,1.219,1.354
2003-03-14,0.05,0.241,0.732,1.238,1.369
2003-03-17,0.05,0.236,0.718,1.229,1.361
2003-03-18,0.05,0.236,0.707,1.212,1.349
2003-03-19,0.05,0.236,0.696,1.187,1.313
2003-03-20,0.055,0.262,0.747,1.215,1.335
2003-03-24,0.055,0.262,0.748,1.221,1.33
2003-03-25,0.056,0.256,0.718,1.195,1.305
2003-03-26,0.056,0.256,0.718,1.188,1.301
2003-03-27,0.06,0.271,0.737,1.2,1.312
2003-03-28,0.06,0.267,0.748,1.21,1.317
2003-03-31,0.06,0.243,0.705,1.162,1.268
2003-04-01,0.06,0.253,0.701,1.139,1.242
2003-04-02,0.06,0.263,0.701,1.13,1.234
2003-04-03,0.06,0.253,0.672,1.093,1.198
2003-04-04,0.06,0.254,0.699,1.117,1.226
2003-04-07,0.06,0.268,0.722,1.15,1.267
2003-04-08,0.06,0.269,0.721,1.155,1.271
2003-04-09,0.06,0.258,0.681,1.097,1.218
2003-04-10,0.06,0.248,0.682,1.088,1.21
2003-04-11,0.06,0.246,0.679,1.087,1.212
2003-04-14,0.06,0.244,0.658,1.052,1.181
2003-04-15,0.056,0.249,0.66,1.056,1.178
2003-04-16,0.056,0.243,0.658,1.044,1.156
2003-04-17,0.055,0.241,0.648,1.016,1.124
2003-04-18,0.055,0.235,0.634,0.983,1.084
2003-04-21,0.06,0.235,0.636,0.973,1.074
2003-04-22,0.06,0.237,0.641,0.982,1.087
2003-04-23,0.06,0.237,0.641,0.991,1.101
2003-04-24,0.059,0.235,0.632,0.977,1.094
2003-04-25,0.055,0.231,0.626,0.96,1.081
2003-04-28,0.054,0.221,0.612,0.937,1.071
2003-04-30,0.05,0.217,0.612,0.929,1.06
2003-05-01,0.048,0.212,0.612,0.933,1.066
2003-05-02,0.045,0.21,0.611,0.938,1.08
2003-05-06,0.047,0.207,0.618,0.948,1.1
2003-05-07,0.047,0.207,0.603,0.934,1.092
2003-05-08,0.047,0.208,0.598,0.93,1.087
2003-05-09,0.045,0.197,0.583,0.906,1.061
2003-05-12,0.045,0.2,0.573,0.884,1.043
2003-05-13,0.045,0.199,0.577,0.881,1.037
2003-05-14,0.045,0.203,0.583,0.892,1.033
2003-05-15,0.045,0.198,0.593,0.906,1.044
2003-05-16,0.044,0.177,0.579,0.897,1.037
2003-05-19,0.04,0.194,0.607,0.944,1.089
2003-05-20,0.045,0.189,0.594,0.934,1.087
2003-05-21,0.04,0.179,0.579,0.91,1.061
2003-05-22,0.04,0.174,0.571,0.92,1.069
2003-05-23,0.04,0.175,0.582,0.943,1.096
2003-05-26,0.04,0.164,0.554,0.921,1.088
2003-05-27,0.04,0.163,0.536,0.893,1.071
2003-05-28,0.04,0.158,0.528,0.891,1.071
2003-05-29,0.04,0.158,0.538,0.907,1.095
2003-05-30,0.04,0.162,0.538,0.913,1.097
2003-06-02,0.043,0.163,0.539,0.927,1.108
2003-06-03,0.043,0.162,0.51,0.906,1.108
2003-06-04,0.043,0.164,0.511,0.899,1.105
2003-06-05,0.04,0.161,0.51,0.905,1.107
2003-06-06,0.035,0.154,0.502,0.886,1.096
2003-06-09,0.035,0.153,0.491,0.863,1.074
2003-06-10,0.035,0.161,0.46,0.823,1.038
2003-06-11,0.035,0.161,0.44,0.791,1.005
2003-06-12,0.035,0.162,0.433,0.785,1.001
2003-06-13,0.035,0.165,0.443,0.801,1.013
2003-06-16,0.035,0.166,0.453,0.804,1.02
2003-06-17,0.035,0.182,0.467,0.8,1.023
2003-06-18,0.035,0.216,0.521,0.848,1.069
2003-06-19,0.045,0.291,0.68,1.034,1.239
2003-06-20,0.04,0.22,0.588,0.951,1.182
2003-06-23,0.045,0.251,0.627,1.006,1.235
2003-06-24,0.051,0.257,0.632,1.03,1.256
2003-06-25,0.056,0.251,0.628,1.032,1.259
2003-06-26,0.056,0.249,0.626,1.016,1.244
2003-06-27,0.06,0.293,0.719,1.097,1.297
2003-06-30,0.075,0.347,0.821,1.186,1.365
2003-07-01,0.082,0.363,0.843,1.215,1.393
2003-07-02,0.092,0.382,0.885,1.267,1.442
2003-07-03,0.104,0.478,1.096,1.487,1.622
2003-07-04,0.105,0.461,1.04,1.464,1.597
2003-07-07,0.106,0.469,1.075,1.527,1.651
2003-07-08,0.111,0.507,1.148,1.623,1.749
2003-07-09,0.101,0.443,1.095,1.593,1.773
2003-07-10,0.083,0.392,1.027,1.5,1.691
2003-07-11,0.084,0.384,0.981,1.398,1.606
2003-07-14,0.085,0.405,0.994,1.408,1.609
2003-07-15,0.089,0.424,1.027,1.442,1.64
2003-07-16,0.094,0.445,1.032,1.425,1.625
2003-07-17,0.095,0.395,0.961,1.345,1.563
2003-07-18,0.095,0.385,0.958,1.345,1.571
2003-07-22,0.095,0.368,0.957,1.372,1.611
2003-07-23,0.096,0.36,0.958,1.396,1.631
2003-07-24,0.096,0.391,0.997,1.437,1.72
2003-07-25,0.086,0.339,0.964,1.434,1.722
2003-07-28,0.081,0.314,0.92,1.399,1.684
2003-07-29,0.082,0.335,0.949,1.451,1.74
2003-07-30,0.082,0.335,0.959,1.467,1.758
2003-07-31,0.07,0.321,0.938,1.434,1.721
2003-08-01,0.07,0.352,0.963,1.429,1.709
2003-08-04,0.07,0.348,0.973,1.438,1.703
2003-08-05,0.07,0.322,0.921,1.401,1.661
2003-08-06,0.07,0.343,0.914,1.411,1.656
2003-08-07,0.07,0.339,0.905,1.41,1.628
2003-08-08,0.07,0.328,0.881,1.4,1.601
2003-08-11,0.07,0.331,0.9,1.415,1.612
2003-08-12,0.07,0.335,0.906,1.422,1.613
2003-08-13,0.07,0.358,0.943,1.447,1.647
2003-08-14,0.075,0.403,1.054,1.558,1.768
2003-08-15,0.079,0.431,1.102,1.631,1.858
2003-08-18,0.085,0.501,1.212,1.752,1.965
2003-08-19,0.115,0.609,1.364,1.872,2.098
2003-08-20,0.18,0.675,1.425,1.963,2.176
2003-08-21,0.156,0.585,1.331,1.867,2.082
2003-08-22,0.171,0.609,1.335,1.818,2.02
2003-08-25,0.189,0.634,1.328,1.784,1.979
2003-08-26,0.204,0.691,1.417,1.864,2.049
2003-08-27,0.19,0.669,1.374,1.802,1.982
2003-08-28,0.182,0.692,1.414,1.834,2.003
2003-08-29,0.187,0.72,1.432,1.846,2.015
2003-09-01,0.22,0.841,1.552,1.963,2.119
2003-09-02,0.262,0.996,1.624,1.946,2.11
2003-09-03,0.255,0.951,1.612,1.938,2.105
2003-09-04,0.191,0.836,1.487,1.83,2.023
2003-09-05,0.163,0.749,1.441,1.792,1.988
2003-09-08,0.165,0.754,1.462,1.82,2.012
2003-09-09,0.195,0.852,1.585,1.941,2.117
2003-09-10,0.192,0.82,1.571,1.944,2.117
2003-09-11,0.167,0.732,1.481,1.891,2.064
2003-09-12,0.158,0.742,1.527,1.95,2.113
2003-09-16,0.134,0.681,1.455,1.914,2.073
2003-09-17,0.134,0.672,1.428,1.897,2.059
2003-09-18,0.129,0.632,1.381,1.844,2.014
2003-09-19,0.134,0.636,1.401,1.832,2.006
2003-09-22,0.125,0.533,1.24,1.65,1.826
2003-09-24,0.131,0.561,1.278,1.673,1.838
2003-09-25,0.157,0.631,1.383,1.804,1.96
2003-09-26,0.168,0.655,1.409,1.849,2.009
2003-09-29,0.175,0.685,1.437,1.886,2.047
2003-09-30,0.176,0.667,1.398,1.85,2.019
2003-10-01,0.151,0.647,1.432,1.857,2.03
2003-10-02,0.13,0.613,1.413,1.848,2.023
2003-10-03,0.123,0.599,1.383,1.827,2.005
2003-10-06,0.122,0.604,1.399,1.859,2.046
2003-10-07,0.107,0.592,1.381,1.861,2.051
2003-10-08,0.095,0.563,1.333,1.808,2.01
2003-10-09,0.095,0.554,1.3,1.761,1.967
2003-10-10,0.092,0.573,1.35,1.803,2.01
2003-10-14,0.092,0.632,1.477,1.931,2.125
2003-10-15,0.088,0.604,1.421,1.892,2.106
2003-10-16,0.088,0.595,1.415,1.889,2.111
2003-10-17,0.109,0.636,1.426,1.871,2.092
2003-10-20,0.15,0.715,1.494,1.911,2.128
2003-10-21,0.136,0.68,1.481,1.934,2.146
2003-10-22,0.106,0.63,1.429,1.91,2.13
2003-10-23,0.101,0.571,1.353,1.843,2.089
2003-10-24,0.107,0.6,1.368,1.86,2.104
2003-10-27,0.118,0.604,1.358,1.858,2.108
2003-10-28,0.124,0.616,1.41,1.914,2.158
2003-10-29,0.124,0.613,1.43,1.944,2.189
2003-10-30,0.131,0.637,1.449,1.971,2.215
2003-10-31,0.137,0.654,1.463,1.97,2.218
2003-11-04,0.154,0.692,1.503,2.021,2.273
2003-11-05,0.16,0.712,1.523,2.057,2.337
2003-11-06,0.161,0.735,1.519,2.034,2.311
2003-11-07,0.164,0.77,1.537,2.041,2.309
2003-11-10,0.158,0.755,1.528,2.031,2.302
2003-11-11,0.139,0.652,1.404,1.892,2.168
2003-11-12,0.135,0.633,1.37,1.85,2.124
2003-11-13,0.135,0.642,1.36,1.806,2.066
2003-11-14,0.13,0.623,1.365,1.82,2.062
2003-11-17,0.113,0.564,1.31,1.8,2.044
2003-11-18,0.124,0.604,1.342,1.856,2.092
2003-11-19,0.124,0.608,1.311,1.821,2.061
2003-11-20,0.13,0.641,1.351,1.847,2.087
2003-11-21,0.126,0.616,1.321,1.819,2.07
2003-11-25,0.128,0.617,1.325,1.816,2.06
2003-11-26,0.143,0.622,1.341,1.83,2.071
2003-11-27,0.141,0.613,1.344,1.834,2.074
2003-11-28,0.132,0.577,1.315,1.797,2.034
2003-12-01,0.134,0.618,1.369,1.837,2.072
2003-12-02,0.14,0.69,1.473,1.934,2.179
2003-12-03,0.139,0.667,1.437,1.903,2.151
2003-12-04,0.142,0.68,1.424,1.897,2.143
2003-12-05,0.135,0.649,1.39,1.869,2.102
2003-12-08,0.132,0.62,1.347,1.84,2.065
2003-12-09,0.126,0.601,1.324,1.83,2.052
2003-12-10,0.117,0.567,1.3,1.794,2.012
2003-12-11,0.117,0.581,1.315,1.807,2.018
2003-12-12,0.115,0.552,1.288,1.784,1.989
2003-12-15,0.117,0.601,1.375,1.886,2.098
2003-12-16,0.112,0.555,1.32,1.844,2.071
2003-12-17,0.113,0.546,1.316,1.839,2.069
2003-12-18,0.114,0.56,1.343,1.861,2.098
2003-12-19,0.114,0.561,1.311,1.829,2.062
2003-12-22,0.116,0.558,1.292,1.812,2.048
2003-12-24,0.127,0.565,1.298,1.813,2.048
2003-12-25,0.108,0.545,1.278,1.783,2.011
2003-12-26,0.102,0.57,1.316,1.813,2.039
2003-12-29,0.108,0.598,1.355,1.849,2.072
2003-12-30,0.11,0.6,1.363,1.862,2.088
2004-01-05,0.115,0.624,1.403,1.902,2.134
2004-01-06,0.113,0.589,1.37,1.867,2.106
2004-01-07,0.113,0.598,1.375,1.871,2.107
2004-01-08,0.109,0.609,1.375,1.867,2.095
2004-01-09,0.101,0.595,1.357,1.85,2.065
2004-01-13,0.089,0.546,1.304,1.807,2.019
2004-01-14,0.089,0.559,1.3,1.812,2.027
2004-01-15,0.083,0.543,1.286,1.814,2.027
2004-01-16,0.083,0.526,1.285,1.815,2.027
2004-01-19,0.085,0.54,1.296,1.821,2.034
2004-01-20,0.09,0.57,1.346,1.861,2.072
2004-01-21,0.08,0.558,1.344,1.871,2.086
2004-01-22,0.076,0.546,1.321,1.846,2.065
2004-01-23,0.076,0.546,1.339,1.874,2.088
2004-01-26,0.077,0.523,1.322,1.874,2.092
2004-01-27,0.077,0.523,1.312,1.861,2.08
2004-01-28,0.077,0.528,1.324,1.885,2.106
2004-01-29,0.071,0.545,1.337,1.883,2.107
2004-01-30,0.068,0.521,1.322,1.871,2.097
2004-02-02,0.067,0.521,1.325,1.882,2.114
2004-02-03,0.064,0.525,1.306,1.864,2.099
2004-02-04,0.062,0.5,1.281,1.829,2.055
2004-02-05,0.057,0.488,1.266,1.828,2.055
2004-02-06,0.057,0.496,1.274,1.851,2.079
2004-02-09,0.056,0.502,1.279,1.867,2.095
2004-02-10,0.053,0.501,1.265,1.85,2.081
2004-02-12,0.048,0.493,1.242,1.833,2.067
2004-02-13,0.048,0.506,1.253,1.841,2.068
2004-02-16,0.049,0.509,1.263,1.846,2.074
2004-02-17,0.049,0.521,1.281,1.853,2.085
2004-02-18,0.049,0.498,1.237,1.817,2.048
2004-02-19,0.05,0.499,1.225,1.803,2.03
2004-02-20,0.055,0.475,1.204,1.784,2.003
2004-02-23,0.056,0.488,1.233,1.819,2.037
2004-02-24,0.056,0.477,1.239,1.835,2.084
2004-02-25,0.056,0.453,1.215,1.817,2.095
2004-02-26,0.056,0.456,1.223,1.832,2.111
2004-02-27,0.056,0.467,1.243,1.846,2.124
2004-03-01,0.055,0.495,1.271,1.86,2.138
2004-03-02,0.072,0.558,1.348,1.924,2.202
2004-03-03,0.111,0.607,1.397,1.97,2.249
2004-03-04,0.109,0.597,1.382,1.933,2.214
2004-03-05,0.115,0.627,1.397,1.936,2.218
2004-03-08,0.111,0.598,1.347,1.897,2.176
2004-03-09,0.098,0.567,1.337,1.912,2.19
2004-03-10,0.083,0.538,1.31,1.899,2.178
2004-03-11,0.083,0.518,1.277,1.874,2.152
2004-03-12,0.082,0.502,1.246,1.848,2.126
2004-03-15,0.093,0.525,1.277,1.866,2.138
2004-03-16,0.094,0.514,1.275,1.875,2.151
2004-03-17,0.104,0.526,1.297,1.892,2.169
2004-03-18,0.114,0.545,1.314,1.9,2.175
2004-03-19,0.125,0.592,1.365,1.917,2.192
2004-03-22,0.131,0.583,1.367,1.926,2.191
2004-03-23,0.121,0.557,1.331,1.905,2.172
2004-03-24,0.117,0.533,1.31,1.888,2.162
2004-03-25,0.106,0.531,1.306,1.871,2.15
2004-03-26,0.112,0.603,1.399,1.944,2.223
2004-03-29,0.123,0.676,1.479,2.005,2.277
2004-03-30,0.123,0.646,1.443,1.979,2.261
2004-03-31,0.118,0.628,1.434,1.957,2.245
2004-04-01,0.119,0.606,1.414,1.931,2.222
2004-04-02,0.119,0.612,1.424,1.951,2.242
2004-04-05,0.13,0.678,1.486,2.007,2.298
2004-04-06,0.138,0.693,1.518,2.05,2.338
2004-04-07,0.131,0.669,1.487,2.038,2.333
2004-04-08,0.131,0.669,1.487,2.05,2.35
2004-04-09,0.128,0.651,1.481,2.056,2.372
2004-04-12,0.132,0.693,1.522,2.114,2.444
2004-04-13,0.129,0.669,1.483,2.071,2.42
2004-04-14,0.137,0.707,1.541,2.127,2.49
2004-04-15,0.128,0.67,1.503,2.11,2.455
2004-04-16,0.129,0.655,1.493,2.099,2.424
2004-04-19,0.125,0.643,1.488,2.108,2.429
2004-04-20,0.13,0.671,1.534,2.143,2.467
2004-04-21,0.136,0.706,1.57,2.163,2.475
2004-04-22,0.131,0.67,1.534,2.129,2.431
2004-04-23,0.127,0.648,1.505,2.089,2.39
2004-04-26,0.123,0.653,1.52,2.09,2.382
2004-04-27,0.124,0.656,1.521,2.099,2.387
2004-04-28,0.134,0.685,1.53,2.108,2.396
2004-04-30,0.135,0.686,1.535,2.122,2.411
2004-05-06,0.135,0.648,1.493,2.088,2.384
2004-05-07,0.131,0.616,1.475,2.089,2.385
2004-05-10,0.132,0.633,1.51,2.12,2.414
2004-05-11,0.132,0.671,1.538,2.139,2.433
2004-05-12,0.129,0.666,1.53,2.132,2.43
2004-05-13,0.118,0.64,1.508,2.127,2.429
2004-05-14,0.118,0.644,1.51,2.129,2.442
2004-05-17,0.114,0.607,1.464,2.1,2.422
2004-05-18,0.129,0.645,1.497,2.113,2.423
2004-05-19,0.13,0.649,1.498,2.1,2.399
2004-05-20,0.13,0.626,1.479,2.097,2.388
2004-05-21,0.13,0.624,1.475,2.105,2.397
2004-05-24,0.132,0.635,1.495,2.132,2.419
2004-05-25,0.132,0.624,1.474,2.086,2.377
2004-05-26,0.138,0.627,1.472,2.062,2.353
2004-05-27,0.133,0.631,1.476,2.069,2.35
2004-05-28,0.134,0.669,1.519,2.103,2.378
2004-05-31,0.135,0.676,1.535,2.112,2.385
2004-06-01,0.136,0.698,1.552,2.126,2.396
2004-06-02,0.134,0.695,1.551,2.13,2.404
2004-06-03,0.124,0.694,1.571,2.154,2.426
2004-06-04,0.122,0.714,1.583,2.183,2.46
2004-06-07,0.125,0.786,1.656,2.239,2.522
2004-06-08,0.141,0.828,1.684,2.255,2.537
2004-06-09,0.195,0.885,1.727,2.277,2.562
2004-06-10,0.229,0.917,1.744,2.279,2.565
2004-06-11,0.216,0.903,1.759,2.306,2.595
2004-06-14,0.251,0.975,1.837,2.401,2.688
2004-06-15,0.224,0.912,1.794,2.371,2.66
2004-06-16,0.228,0.951,1.861,2.434,2.72
2004-06-17,0.219,0.981,1.888,2.433,2.724
2004-06-18,0.209,0.946,1.847,2.375,2.669
2004-06-21,0.196,0.92,1.828,2.36,2.655
2004-06-22,0.196,0.932,1.837,2.345,2.634
2004-06-23,0.197,0.943,1.862,2.385,2.67
2004-06-24,0.197,0.946,1.881,2.425,2.712
2004-06-25,0.182,0.873,1.82,2.38,2.675
2004-06-28,0.194,0.899,1.825,2.376,2.668
2004-06-29,0.18,0.879,1.816,2.373,2.668
2004-06-30,0.161,0.83,1.766,2.323,2.626
2004-07-01,0.176,0.87,1.841,2.396,2.712
2004-07-02,0.157,0.803,1.785,2.363,2.692
2004-07-05,0.158,0.815,1.771,2.352,2.682
2004-07-06,0.154,0.797,1.767,2.364,2.694
2004-07-07,0.154,0.81,1.777,2.38,2.708
2004-07-08,0.155,0.806,1.747,2.36,2.685
2004-07-09,0.152,0.844,1.791,2.398,2.726
2004-07-12,0.148,0.827,1.768,2.381,2.71
2004-07-13,0.148,0.821,1.744,2.35,2.679
2004-07-14,0.153,0.857,1.763,2.361,2.683
2004-07-15,0.164,0.881,1.794,2.393,2.714
2004-07-16,0.164,0.842,1.765,2.381,2.701
2004-07-20,0.165,0.819,1.75,2.378,2.698
2004-07-21,0.175,0.85,1.775,2.387,2.707
2004-07-22,0.176,0.848,1.775,2.384,2.707
2004-07-23,0.192,0.884,1.801,2.391,2.718
2004-07-26,0.193,0.886,1.81,2.398,2.727
2004-07-27,0.204,0.91,1.84,2.417,2.749
2004-07-28,0.22,0.915,1.854,2.435,2.774
2004-07-29,0.199,0.882,1.826,2.415,2.768
2004-07-30,0.205,0.908,1.854,2.445,2.803
2004-08-02,0.208,0.939,1.884,2.475,2.831
2004-08-03,0.209,0.936,1.855,2.445,2.803
2004-08-04,0.195,0.88,1.792,2.377,2.737
2004-08-05,0.193,0.844,1.736,2.304,2.659
2004-08-06,0.188,0.805,1.7,2.294,2.643
2004-08-09,0.18,0.78,1.642,2.236,2.583
2004-08-10,0.177,0.786,1.645,2.249,2.596
2004-08-11,0.186,0.809,1.687,2.285,2.633
2004-08-12,0.177,0.787,1.669,2.277,2.626
2004-08-13,0.162,0.74,1.592,2.202,2.541
2004-08-16,0.153,0.722,1.581,2.199,2.536
2004-08-17,0.159,0.751,1.629,2.243,2.57
2004-08-18,0.149,0.728,1.597,2.204,2.539
2004-08-19,0.15,0.747,1.615,2.214,2.549
2004-08-20,0.15,0.732,1.598,2.192,2.527
2004-08-23,0.156,0.762,1.628,2.228,2.559
2004-08-24,0.162,0.759,1.618,2.226,2.559
2004-08-25,0.173,0.789,1.642,2.233,2.572
2004-08-26,0.162,0.773,1.631,2.215,2.559
2004-08-27,0.157,0.739,1.602,2.184,2.532
2004-08-30,0.158,0.739,1.601,2.184,2.53
2004-08-31,0.15,0.699,1.568,2.166,2.507
2004-09-01,0.144,0.683,1.545,2.141,2.479
2004-09-02,0.144,0.681,1.525,2.111,2.443
2004-09-03,0.144,0.698,1.538,2.12,2.446
2004-09-06,0.153,0.741,1.587,2.176,2.499
2004-09-07,0.155,0.764,1.618,2.206,2.526
2004-09-08,0.156,0.751,1.605,2.199,2.519
2004-09-09,0.141,0.697,1.532,2.133,2.461
2004-09-10,0.136,0.679,1.501,2.094,2.427
2004-09-13,0.141,0.685,1.494,2.1,2.431
2004-09-14,0.142,0.691,1.515,2.118,2.449
2004-09-15,0.134,0.669,1.49,2.091,2.424
2004-09-16,0.138,0.686,1.511,2.104,2.436
2004-09-17,0.134,0.662,1.495,2.095,2.432
2004-09-21,0.135,0.644,1.484,2.07,2.397
2004-09-22,0.135,0.634,1.478,2.074,2.402
2004-09-24,0.135,0.616,1.426,2.026,2.357
2004-09-27,0.136,0.617,1.418,2.016,2.349
2004-09-28,0.127,0.601,1.417,2.019,2.35
2004-09-29,0.127,0.61,1.427,2.036,2.372
2004-09-30,0.127,0.625,1.451,2.067,2.409
2004-10-01,0.127,0.643,1.48,2.086,2.432
2004-10-04,0.133,0.685,1.541,2.139,2.489
2004-10-05,0.136,0.715,1.584,2.187,2.539
2004-10-06,0.131,0.691,1.578,2.183,2.539
2004-10-07,0.129,0.687,1.572,2.187,2.548
2004-10-08,0.127,0.681,1.563,2.169,2.543
2004-10-12,0.118,0.627,1.469,2.072,2.453
2004-10-13,0.123,0.644,1.487,2.091,2.469
2004-10-14,0.123,0.621,1.46,2.065,2.441
2004-10-15,0.123,0.622,1.452,2.067,2.44
2004-10-18,0.129,0.638,1.481,2.102,2.476
2004-10-19,0.129,0.648,1.496,2.126,2.502
2004-10-20,0.125,0.623,1.461,2.089,2.47
2004-10-21,0.121,0.609,1.437,2.059,2.436
2004-10-22,0.126,0.645,1.494,2.112,2.485
2004-10-25,0.117,0.6,1.439,2.067,2.441
2004-10-26,0.118,0.607,1.434,2.057,2.429
2004-10-27,0.118,0.613,1.443,2.062,2.436
2004-10-28,0.118,0.642,1.496,2.109,2.485
2004-10-29,0.118,0.638,1.499,2.116,2.495
2004-11-01,0.119,0.639,1.511,2.125,2.503
2004-11-02,0.124,0.677,1.54,2.156,2.534
2004-11-04,0.122,0.656,1.511,2.12,2.499
2004-11-05,0.12,0.668,1.517,2.123,2.495
2004-11-08,0.121,0.687,1.539,2.148,2.51
2004-11-09,0.119,0.663,1.512,2.128,2.484
2004-11-10,0.115,0.644,1.489,2.116,2.468
2004-11-11,0.107,0.627,1.465,2.097,2.451
2004-11-12,0.107,0.645,1.485,2.115,2.468
2004-11-15,0.112,0.651,1.5,2.126,2.482
2004-11-16,0.108,0.642,1.481,2.114,2.461
2004-11-17,0.109,0.637,1.48,2.111,2.457
2004-11-18,0.104,0.607,1.448,2.072,2.416
2004-11-19,0.105,0.604,1.447,2.068,2.415
2004-11-22,0.101,0.583,1.422,2.046,2.397
2004-11-24,0.102,0.584,1.421,2.046,2.398
2004-11-25,0.1,0.595,1.429,2.057,2.409
2004-11-26,0.101,0.611,1.449,2.088,2.449
2004-11-29,0.103,0.628,1.469,2.105,2.466
2004-11-30,0.103,0.614,1.463,2.096,2.46
2004-12-01,0.103,0.61,1.46,2.087,2.448
2004-12-02,0.104,0.592,1.426,2.053,2.409
2004-12-03,0.104,0.593,1.42,2.049,2.405
2004-12-06,0.105,0.597,1.42,2.048,2.403
2004-12-07,0.105,0.597,1.414,2.044,2.399
2004-12-08,0.101,0.591,1.411,2.05,2.404
2004-12-09,0.093,0.561,1.389,2.04,2.397
2004-12-10,0.091,0.557,1.376,2.036,2.383
2004-12-13,0.089,0.548,1.352,2.011,2.352
2004-12-14,0.089,0.559,1.352,1.991,2.337
2004-12-15,0.089,0.569,1.357,1.991,2.343
2004-12-16,0.089,0.57,1.357,1.991,2.344
2004-12-17,0.084,0.588,1.385,2.016,2.368
2004-12-20,0.085,0.572,1.387,2.007,2.359
2004-12-21,0.085,0.548,1.363,1.996,2.358
2004-12-22,0.086,0.548,1.35,1.983,2.346
2004-12-24,0.091,0.557,1.359,1.989,2.351
2004-12-27,0.097,0.589,1.403,2.027,2.387
2004-12-28,0.102,0.609,1.43,2.045,2.404
2004-12-29,0.103,0.6,1.426,2.045,2.406
2004-12-30,0.103,0.604,1.437,2.055,2.421
2005-01-04,0.097,0.578,1.404,2.026,2.394
2005-01-05,0.097,0.582,1.405,2.027,2.392
2005-01-06,0.097,0.587,1.405,2.033,2.389
2005-01-07,0.095,0.583,1.404,2.039,2.395
2005-01-11,0.093,0.57,1.392,2.03,2.387
2005-01-12,0.088,0.551,1.363,2.01,2.372
2005-01-13,0.089,0.565,1.373,2.011,2.377
2005-01-14,0.089,0.574,1.383,2.027,2.392
2005-01-17,0.094,0.585,1.393,2.036,2.406
2005-01-18,0.089,0.565,1.364,2.009,2.386
2005-01-19,0.095,0.558,1.354,2.003,2.377
2005-01-20,0.095,0.554,1.355,2.003,2.375
2005-01-21,0.095,0.544,1.351,2.004,2.374
2005-01-24,0.097,0.545,1.357,2.012,2.386
2005-01-25,0.097,0.536,1.342,2.005,2.386
2005-01-26,0.097,0.541,1.345,2.005,2.394
2005-01-27,0.091,0.539,1.341,1.996,2.383
2005-01-28,0.086,0.528,1.32,1.975,2.353
2005-01-31,0.087,0.542,1.333,1.986,2.363
2005-02-01,0.084,0.526,1.309,1.965,2.341
2005-02-02,0.084,0.52,1.284,1.919,2.296
2005-02-03,0.087,0.538,1.318,1.947,2.316
2005-02-04,0.087,0.549,1.321,1.925,2.28
2005-02-07,0.088,0.551,1.318,1.908,2.25
2005-02-08,0.091,0.556,1.324,1.927,2.267
2005-02-09,0.106,0.596,1.368,1.969,2.308
2005-02-10,0.112,0.615,1.403,2.01,2.354
2005-02-14,0.118,0.639,1.44,2.06,2.414
2005-02-15,0.118,0.639,1.455,2.095,2.478
2005-02-16,0.113,0.619,1.422,2.06,2.437
2005-02-17,0.114,0.604,1.408,2.042,2.409
2005-02-18,0.109,0.61,1.421,2.06,2.421
2005-02-21,0.111,0.633,1.449,2.09,2.452
2005-02-22,0.111,0.623,1.435,2.064,2.43
2005-02-23,0.106,0.597,1.406,2.038,2.406
2005-02-24,0.106,0.593,1.406,2.042,2.41
2005-02-25,0.112,0.617,1.431,2.068,2.434
2005-02-28,0.123,0.65,1.469,2.09,2.449
2005-03-01,0.13,0.664,1.493,2.107,2.462
2005-03-02,0.13,0.669,1.498,2.116,2.469
2005-03-03,0.131,0.684,1.509,2.126,2.477
2005-03-04,0.129,0.673,1.498,2.121,2.475
2005-03-07,0.125,0.659,1.48,2.105,2.457
2005-03-08,0.123,0.66,1.475,2.087,2.441
2005-03-09,0.121,0.659,1.475,2.091,2.438
2005-03-10,0.121,0.653,1.456,2.074,2.42
2005-03-11,0.125,0.662,1.465,2.084,2.428
2005-03-14,0.127,0.673,1.485,2.111,2.453
2005-03-15,0.118,0.649,1.451,2.086,2.422
2005-03-16,0.119,0.65,1.451,2.09,2.422
2005-03-17,0.109,0.614,1.402,2.035,2.371
2005-03-18,0.109,0.622,1.408,2.036,2.371
2005-03-22,0.111,0.623,1.425,2.035,2.375
2005-03-23,0.111,0.612,1.411,2.026,2.366
2005-03-24,0.107,0.592,1.39,2.007,2.348
2005-03-25,0.107,0.574,1.374,1.992,2.334
2005-03-28,0.109,0.575,1.375,1.996,2.335
2005-03-29,0.104,0.554,1.356,1.985,2.324
2005-03-30,0.105,0.559,1.359,1.988,2.325
2005-03-31,0.097,0.541,1.333,1.953,2.287
2005-04-01,0.092,0.537,1.341,1.962,2.292
2005-04-04,0.087,0.532,1.34,1.972,2.304
2005-04-05,0.087,0.549,1.367,2.011,2.345
2005-04-06,0.088,0.566,1.377,2.01,2.352
2005-04-07,0.086,0.549,1.358,1.998,2.347
2005-04-08,0.086,0.555,1.358,1.998,2.36
2005-04-11,0.087,0.556,1.358,2.004,2.368
2005-04-12,0.087,0.545,1.34,1.981,2.348
2005-04-13,0.088,0.541,1.345,1.985,2.347
2005-04-14,0.084,0.531,1.342,1.983,2.347
2005-04-15,0.074,0.511,1.308,1.944,2.307
2005-04-18,0.07,0.487,1.275,1.909,2.273
2005-04-19,0.08,0.493,1.284,1.927,2.29
2005-04-20,0.075,0.473,1.26,1.9,2.265
2005-04-21,0.075,0.488,1.276,1.916,2.27
2005-04-22,0.081,0.499,1.296,1.934,2.284
2005-04-25,0.081,0.481,1.274,1.916,2.265
2005-04-26,0.076,0.471,1.264,1.905,2.256
2005-04-27,0.076,0.471,1.267,1.908,2.263
2005-04-28,0.076,0.458,1.247,1.896,2.254
2005-05-02,0.072,0.448,1.244,1.896,2.254
2005-05-06,0.068,0.441,1.231,1.897,2.265
2005-05-09,0.076,0.485,1.294,1.946,2.307
2005-05-10,0.078,0.49,1.297,1.949,2.313
2005-05-11,0.077,0.482,1.285,1.942,2.307
2005-05-12,0.074,0.483,1.293,1.963,2.331
2005-05-13,0.075,0.482,1.291,1.963,2.338
2005-05-16,0.084,0.509,1.314,1.986,2.368
2005-05-17,0.095,0.513,1.31,1.978,2.362
2005-05-18,0.095,0.499,1.287,1.952,2.337
2005-05-19,0.095,0.489,1.278,1.936,2.317
2005-05-20,0.09,0.485,1.283,1.945,2.309
2005-05-23,0.096,0.502,1.308,1.969,2.326
2005-05-24,0.081,0.473,1.275,1.948,2.302
2005-05-25,0.076,0.447,1.242,1.912,2.264
2005-05-26,0.076,0.451,1.257,1.921,2.272
2005-05-27,0.076,0.462,1.267,1.934,2.286
2005-05-30,0.077,0.462,1.257,1.927,2.279
2005-05-31,0.077,0.463,1.262,1.938,2.295
2005-06-01,0.074,0.442,1.239,1.918,2.283
2005-06-02,0.077,0.452,1.241,1.917,2.287
2005-06-03,0.079,0.456,1.226,1.89,2.268
2005-06-06,0.083,0.463,1.231,1.895,2.272
2005-06-07,0.078,0.445,1.223,1.89,2.271
2005-06-08,0.078,0.452,1.222,1.895,2.279
2005-06-09,0.078,0.442,1.21,1.887,2.272
2005-06-10,0.078,0.442,1.209,1.89,2.275
2005-06-13,0.079,0.453,1.23,1.912,2.299
2005-06-14,0.079,0.454,1.229,1.915,2.301
2005-06-15,0.078,0.454,1.234,1.924,2.308
2005-06-16,0.079,0.489,1.281,1.952,2.335
2005-06-17,0.084,0.503,1.291,1.961,2.343
2005-06-20,0.085,0.49,1.284,1.955,2.334
2005-06-21,0.085,0.496,1.291,1.961,2.336
2005-06-22,0.08,0.483,1.268,1.94,2.31
2005-06-23,0.075,0.448,1.227,1.91,2.275
2005-06-24,0.076,0.433,1.211,1.892,2.262
2005-06-27,0.076,0.423,1.187,1.871,2.241
2005-06-28,0.075,0.434,1.207,1.879,2.246
2005-06-29,0.07,0.416,1.181,1.848,2.209
2005-06-30,0.07,0.406,1.174,1.858,2.218
2005-07-01,0.07,0.415,1.178,1.859,2.222
2005-07-04,0.075,0.45,1.223,1.902,2.267
2005-07-05,0.075,0.457,1.232,1.919,2.29
2005-07-06,0.078,0.473,1.243,1.932,2.311
2005-07-07,0.075,0.457,1.224,1.916,2.295
2005-07-08,0.073,0.439,1.205,1.902,2.286
2005-07-11,0.075,0.465,1.23,1.929,2.315
2005-07-12,0.075,0.465,1.234,1.935,2.323
2005-07-13,0.079,0.48,1.258,1.957,2.341
2005-07-14,0.075,0.476,1.254,1.95,2.339
2005-07-15,0.071,0.493,1.272,1.958,2.35
2005-07-19,0.075,0.497,1.274,1.959,2.349
2005-07-20,0.075,0.497,1.269,1.964,2.349
2005-07-21,0.075,0.487,1.26,1.964,2.355
2005-07-22,0.075,0.467,1.235,1.95,2.343
2005-07-25,0.076,0.485,1.256,1.967,2.356
2005-07-26,0.082,0.493,1.266,1.978,2.367
2005-07-27,0.097,0.525,1.303,2.0,2.389
2005-07-28,0.104,0.526,1.304,2.001,2.392
2005-07-29,0.104,0.536,1.307,2.01,2.393
2005-08-01,0.111,0.567,1.347,2.041,2.421
2005-08-02,0.126,0.589,1.367,2.058,2.437
2005-08-03,0.122,0.579,1.366,2.046,2.422
2005-08-04,0.125,0.595,1.386,2.059,2.429
2005-08-05,0.12,0.585,1.382,2.045,2.406
2005-08-08,0.124,0.609,1.402,2.059,2.411
2005-08-09,0.125,0.615,1.41,2.073,2.426
2005-08-10,0.142,0.658,1.436,2.089,2.44
2005-08-11,0.176,0.711,1.483,2.116,2.465
2005-08-12,0.153,0.658,1.438,2.087,2.437
2005-08-15,0.158,0.663,1.456,2.113,2.463
2005-08-16,0.158,0.683,1.472,2.135,2.488
2005-08-17,0.139,0.645,1.43,2.114,2.472
2005-08-18,0.135,0.642,1.425,2.102,2.457
2005-08-19,0.13,0.634,1.417,2.098,2.449
2005-08-22,0.146,0.685,1.473,2.145,2.499
2005-08-23,0.146,0.682,1.456,2.12,2.481
2005-08-24,0.142,0.647,1.422,2.088,2.457
2005-08-25,0.152,0.662,1.431,2.091,2.465
2005-08-26,0.158,0.653,1.41,2.061,2.439
2005-08-29,0.153,0.611,1.363,2.016,2.398
2005-08-30,0.149,0.622,1.378,2.03,2.41
2005-08-31,0.129,0.583,1.347,2.012,2.387
2005-09-01,0.123,0.57,1.331,2.013,2.386
2005-09-02,0.105,0.535,1.299,1.987,2.365
2005-09-05,0.131,0.566,1.314,1.989,2.372
2005-09-06,0.131,0.559,1.3,1.977,2.36
2005-09-07,0.131,0.565,1.306,1.982,2.362
2005-09-08,0.132,0.57,1.316,1.999,2.382
2005-09-09,0.142,0.589,1.328,2.014,2.395
2005-09-12,0.163,0.617,1.351,2.028,2.411
2005-09-13,0.163,0.613,1.357,2.033,2.415
2005-09-14,0.173,0.628,1.353,2.029,2.413
2005-09-15,0.169,0.628,1.334,1.999,2.384
2005-09-16,0.164,0.624,1.346,2.013,2.393
2005-09-20,0.165,0.649,1.367,2.012,2.389
2005-09-21,0.175,0.672,1.382,2.026,2.392
2005-09-22,0.166,0.652,1.368,2.014,2.377
2005-09-26,0.187,0.693,1.396,2.028,2.386
2005-09-27,0.191,0.701,1.402,2.032,2.391
2005-09-28,0.22,0.772,1.44,2.054,2.407
2005-09-29,0.22,0.783,1.478,2.083,2.435
2005-09-30,0.221,0.773,1.472,2.056,2.408
2005-10-03,0.223,0.777,1.497,2.076,2.426
2005-10-04,0.23,0.838,1.552,2.11,2.458
2005-10-05,0.221,0.795,1.503,2.051,2.398
2005-10-06,0.216,0.773,1.483,2.034,2.385
2005-10-07,0.217,0.792,1.512,2.077,2.423
2005-10-11,0.228,0.828,1.534,2.107,2.459
2005-10-12,0.229,0.832,1.534,2.121,2.482
2005-10-13,0.24,0.851,1.564,2.159,2.521
2005-10-14,0.26,0.863,1.564,2.155,2.519
2005-10-17,0.291,0.889,1.563,2.143,2.505
2005-10-18,0.282,0.874,1.559,2.143,2.509
2005-10-19,0.252,0.82,1.508,2.097,2.461
2005-10-20,0.267,0.833,1.519,2.097,2.446
2005-10-21,0.264,0.84,1.513,2.075,2.406
2005-10-24,0.261,0.827,1.505,2.074,2.392
2005-10-25,0.261,0.827,1.52,2.09,2.408
2005-10-26,0.273,0.844,1.554,2.133,2.484
2005-10-27,0.267,0.828,1.521,2.082,2.432
2005-10-28,0.262,0.818,1.519,2.072,2.42
2005-10-31,0.273,0.859,1.549,2.085,2.42
2005-11-01,0.284,0.9,1.577,2.09,2.408
2005-11-02,0.284,0.905,1.568,2.065,2.369
2005-11-04,0.323,0.985,1.605,2.077,2.368
2005-11-07,0.325,0.982,1.62,2.11,2.409
2005-11-08,0.321,0.952,1.596,2.101,2.415
2005-11-09,0.301,0.923,1.564,2.059,2.378
2005-11-10,0.298,0.931,1.572,2.059,2.385
2005-11-11,0.288,0.91,1.57,2.075,2.41
2005-11-14,0.269,0.856,1.521,2.055,2.404
2005-11-15,0.255,0.82,1.474,2.013,2.356
2005-11-16,0.265,0.846,1.508,2.047,2.39
2005-11-17,0.256,0.817,1.475,2.017,2.36
2005-11-18,0.246,0.793,1.469,2.039,2.388
2005-11-21,0.248,0.807,1.487,2.065,2.428
2005-11-22,0.238,0.799,1.484,2.054,2.417
2005-11-24,0.229,0.762,1.449,2.012,2.379
2005-11-25,0.229,0.779,1.453,2.009,2.375
2005-11-28,0.239,0.788,1.469,2.03,2.399
2005-11-29,0.241,0.791,1.465,2.03,2.4
2005-11-30,0.229,0.771,1.445,2.01,2.388
2005-12-01,0.232,0.783,1.463,2.027,2.403
2005-12-02,0.242,0.825,1.491,2.037,2.406
2005-12-05,0.259,0.889,1.547,2.064,2.414
2005-12-06,0.255,0.874,1.541,2.07,2.411
2005-12-07,0.251,0.862,1.519,2.05,2.379
2005-12-08,0.247,0.835,1.509,2.055,2.384
2005-12-09,0.251,0.858,1.538,2.09,2.42
2005-12-12,0.264,0.904,1.576,2.121,2.451
2005-12-13,0.264,0.896,1.557,2.087,2.427
2005-12-14,0.249,0.854,1.523,2.057,2.406
2005-12-15,0.24,0.828,1.496,2.033,2.39
2005-12-16,0.251,0.857,1.514,2.044,2.396
2005-12-19,0.253,0.873,1.522,2.047,2.398
2005-12-20,0.258,0.874,1.518,2.032,2.383
2005-12-21,0.27,0.899,1.541,2.043,2.39
2005-12-22,0.275,0.906,1.546,2.044,2.388
2005-12-26,0.281,0.901,1.523,2.027,2.365
2005-12-27,0.277,0.869,1.49,2.001,2.334
2005-12-28,0.282,0.886,1.52,2.028,2.358
2005-12-29,0.283,0.884,1.504,2.014,2.338
2005-12-30,0.281,0.854,1.473,1.989,2.306
2006-01-04,0.275,0.827,1.446,1.967,2.283
2006-01-05,0.269,0.803,1.431,1.967,2.285
2006-01-06,0.27,0.809,1.445,1.992,2.315
2006-01-10,0.262,0.799,1.429,1.967,2.297
2006-01-11,0.267,0.834,1.453,1.985,2.32
2006-01-12,0.262,0.826,1.436,1.945,2.286
2006-01-13,0.258,0.831,1.441,1.958,2.302
2006-01-16,0.26,0.836,1.451,1.975,2.32
2006-01-17,0.251,0.803,1.423,1.959,2.308
2006-01-18,0.241,0.8,1.431,1.971,2.322
2006-01-19,0.252,0.83,1.474,2.006,2.34
2006-01-20,0.252,0.826,1.471,2.014,2.348
2006-01-23,0.243,0.8,1.438,1.985,2.324
2006-01-24,0.244,0.805,1.439,1.981,2.317
2006-01-25,0.249,0.827,1.456,1.989,2.321
2006-01-26,0.271,0.871,1.502,2.017,2.349
2006-01-27,0.296,0.897,1.536,2.043,2.371
2006-01-30,0.307,0.913,1.55,2.053,2.381
2006-01-31,0.302,0.923,1.555,2.052,2.381
2006-02-01,0.293,0.914,1.539,2.031,2.353
2006-02-02,0.303,0.934,1.549,2.035,2.35
2006-02-03,0.309,0.964,1.582,2.065,2.374
2006-02-06,0.296,0.948,1.559,2.027,2.326
2006-02-07,0.306,0.963,1.573,2.036,2.318
2006-02-08,0.32,0.982,1.57,2.048,2.325
2006-02-09,0.321,0.973,1.56,2.049,2.332
2006-02-10,0.361,1.041,1.597,2.061,2.341
2006-02-13,0.383,1.033,1.56,2.01,2.285
2006-02-14,0.394,1.054,1.594,2.031,2.301
2006-02-15,0.406,1.063,1.576,1.995,2.251
2006-02-16,0.401,1.038,1.559,1.981,2.232
2006-02-17,0.422,1.042,1.53,1.946,2.171
2006-02-20,0.414,1.031,1.521,1.958,2.18
2006-02-21,0.41,1.004,1.531,1.982,2.207
2006-02-22,0.395,1.003,1.53,1.978,2.223
2006-02-23,0.406,1.032,1.563,2.003,2.248
2006-02-24,0.479,1.122,1.6,2.009,2.248
2006-02-27,0.482,1.109,1.601,2.017,2.253
2006-02-28,0.479,1.104,1.586,1.997,2.237
2006-03-01,0.485,1.119,1.602,2.007,2.254
2006-03-02,0.483,1.11,1.633,2.043,2.29
2006-03-03,0.492,1.098,1.603,2.009,2.264
2006-03-06,0.518,1.118,1.616,2.011,2.267
2006-03-07,0.509,1.115,1.629,2.01,2.263
2006-03-08,0.476,1.072,1.596,1.985,2.221
2006-03-09,0.471,1.07,1.595,1.989,2.221
2006-03-10,0.471,1.106,1.644,2.035,2.275
2006-03-13,0.515,1.176,1.678,2.065,2.301
2006-03-14,0.535,1.178,1.664,2.057,2.293
2006-03-15,0.56,1.216,1.707,2.088,2.325
2006-03-16,0.551,1.192,1.708,2.096,2.324
2006-03-17,0.547,1.184,1.702,2.087,2.311
2006-03-20,0.554,1.207,1.721,2.087,2.306
2006-03-22,0.581,1.229,1.718,2.074,2.284
2006-03-23,0.586,1.219,1.705,2.052,2.263
2006-03-24,0.588,1.23,1.718,2.04,2.253
2006-03-27,0.569,1.197,1.681,2.005,2.218
2006-03-28,0.576,1.208,1.693,2.018,2.227
2006-03-29,0.627,1.294,1.765,2.067,2.263
2006-03-30,0.666,1.307,1.764,2.058,2.254
2006-03-31,0.667,1.303,1.754,2.048,2.247
2006-04-03,0.688,1.363,1.826,2.118,2.313
2006-04-04,0.646,1.324,1.834,2.144,2.343
2006-04-05,0.625,1.302,1.834,2.178,2.389
2006-04-06,0.646,1.351,1.857,2.204,2.425
2006-04-07,0.667,1.385,1.867,2.201,2.425
2006-04-10,0.671,1.378,1.872,2.213,2.45
2006-04-11,0.667,1.368,1.877,2.232,2.486
2006-04-12,0.658,1.365,1.877,2.238,2.496
2006-04-13,0.664,1.389,1.916,2.286,2.544
2006-04-14,0.67,1.409,1.952,2.318,2.571
2006-04-17,0.642,1.388,1.947,2.336,2.577
2006-04-18,0.643,1.405,1.951,2.315,2.548
2006-04-19,0.628,1.363,1.877,2.23,2.441
2006-04-20,0.624,1.372,1.895,2.238,2.449
2006-04-21,0.625,1.364,1.9,2.26,2.468
2006-04-24,0.627,1.347,1.882,2.249,2.457
2006-04-25,0.618,1.348,1.901,2.251,2.466
2006-04-26,0.65,1.393,1.928,2.26,2.478
2006-04-27,0.675,1.424,1.959,2.269,2.482
2006-04-28,0.649,1.375,1.913,2.237,2.452
2006-05-01,0.627,1.326,1.872,2.209,2.429
2006-05-02,0.641,1.354,1.912,2.238,2.457
2006-05-08,0.667,1.397,1.961,2.274,2.481
2006-05-09,0.705,1.432,1.958,2.264,2.463
2006-05-10,0.791,1.504,1.995,2.281,2.469
2006-05-11,0.793,1.501,1.966,2.255,2.43
2006-05-12,0.794,1.504,1.988,2.29,2.461
2006-05-15,0.801,1.499,1.996,2.306,2.478
2006-05-16,0.792,1.474,1.963,2.28,2.454
2006-05-17,0.767,1.43,1.922,2.246,2.421
2006-05-18,0.773,1.451,1.95,2.263,2.44
2006-05-19,0.759,1.414,1.918,2.237,2.426
2006-05-22,0.741,1.359,1.848,2.174,2.37
2006-05-23,0.701,1.309,1.81,2.156,2.349
2006-05-24,0.737,1.335,1.84,2.177,2.373
2006-05-25,0.799,1.377,1.869,2.187,2.388
2006-05-26,0.845,1.385,1.867,2.176,2.389
2006-05-29,0.847,1.387,1.878,2.199,2.414
2006-05-30,0.822,1.372,1.853,2.177,2.391
2006-05-31,0.813,1.345,1.831,2.169,2.381
2006-06-01,0.862,1.436,1.938,2.263,2.47
2006-06-02,0.848,1.416,1.902,2.234,2.44
2006-06-05,0.81,1.371,1.861,2.209,2.415
2006-06-06,0.837,1.434,1.917,2.264,2.464
2006-06-07,0.812,1.381,1.87,2.223,2.43
2006-06-08,0.744,1.333,1.847,2.225,2.439
2006-06-09,0.73,1.3,1.837,2.228,2.451
2006-06-12,0.737,1.306,1.829,2.216,2.442
2006-06-13,0.728,1.267,1.783,2.17,2.398
2006-06-14,0.708,1.243,1.778,2.199,2.433
2006-06-15,0.723,1.239,1.779,2.223,2.469
2006-06-16,0.754,1.285,1.812,2.24,2.484
2006-06-19,0.76,1.298,1.822,2.24,2.483
2006-06-20,0.806,1.342,1.855,2.261,2.499
2006-06-21,0.822,1.353,1.845,2.24,2.477
2006-06-22,0.812,1.353,1.855,2.249,2.481
2006-06-23,0.797,1.358,1.873,2.261,2.493
2006-06-26,0.813,1.377,1.892,2.271,2.504
2006-06-27,0.821,1.388,1.901,2.279,2.512
2006-06-28,0.817,1.393,1.906,2.284,2.513
2006-06-29,0.829,1.414,1.915,2.288,2.516
2006-06-30,0.825,1.411,1.914,2.291,2.52
2006-07-03,0.861,1.475,1.962,2.322,2.553
2006-07-04,0.859,1.478,1.971,2.346,2.585
2006-07-05,0.886,1.508,1.98,2.344,2.593
2006-07-06,0.893,1.517,1.98,2.336,2.588
2006-07-07,0.894,1.494,1.958,2.315,2.568
2006-07-10,0.898,1.502,1.975,2.32,2.571
2006-07-11,0.879,1.487,1.968,2.322,2.572
2006-07-12,0.844,1.443,1.939,2.315,2.562
2006-07-13,0.835,1.428,1.917,2.297,2.525
2006-07-14,0.78,1.353,1.851,2.251,2.487
2006-07-18,0.744,1.323,1.837,2.25,2.491
2006-07-19,0.754,1.353,1.855,2.263,2.508
2006-07-20,0.744,1.334,1.823,2.24,2.487
2006-07-21,0.75,1.328,1.829,2.255,2.498
2006-07-24,0.787,1.361,1.865,2.282,2.527
2006-07-25,0.814,1.381,1.884,2.288,2.535
2006-07-26,0.803,1.368,1.873,2.277,2.514
2006-07-27,0.793,1.37,1.886,2.29,2.521
2006-07-28,0.807,1.405,1.932,2.333,2.56
2006-07-31,0.817,1.412,1.932,2.336,2.565
2006-08-01,0.825,1.416,1.93,2.33,2.56
2006-08-02,0.813,1.39,1.895,2.289,2.52
2006-08-03,0.802,1.375,1.877,2.266,2.495
2006-08-04,0.804,1.384,1.882,2.266,2.492
2006-08-07,0.781,1.342,1.844,2.224,2.451
2006-08-08,0.796,1.371,1.843,2.225,2.448
2006-08-09,0.796,1.382,1.846,2.227,2.443
2006-08-10,0.817,1.43,1.904,2.286,2.5
2006-08-11,0.789,1.374,1.851,2.249,2.465
2006-08-14,0.806,1.408,1.891,2.283,2.495
2006-08-15,0.805,1.399,1.866,2.258,2.473
2006-08-16,0.79,1.369,1.839,2.236,2.451
2006-08-17,0.786,1.355,1.829,2.232,2.446
2006-08-18,0.796,1.379,1.857,2.262,2.474
2006-08-21,0.772,1.335,1.82,2.232,2.447
2006-08-22,0.752,1.312,1.808,2.221,2.443
2006-08-23,0.758,1.323,1.807,2.214,2.441
2006-08-24,0.768,1.319,1.805,2.205,2.434
2006-08-25,0.656,1.198,1.717,2.134,2.377
2006-08-28,0.641,1.16,1.695,2.136,2.382
2006-08-29,0.676,1.192,1.717,2.153,2.398
2006-08-30,0.659,1.153,1.677,2.145,2.392
2006-08-31,0.625,1.108,1.644,2.132,2.402
2006-09-01,0.628,1.122,1.663,2.142,2.407
2006-09-04,0.662,1.165,1.693,2.16,2.417
2006-09-05,0.683,1.187,1.715,2.152,2.406
2006-09-06,0.678,1.179,1.696,2.132,2.387
2006-09-07,0.669,1.174,1.694,2.139,2.389
2006-09-08,0.689,1.209,1.716,2.156,2.401
2006-09-11,0.622,1.14,1.663,2.132,2.377
2006-09-12,0.642,1.167,1.685,2.154,2.396
2006-09-13,0.622,1.141,1.665,2.139,2.385
2006-09-14,0.633,1.147,1.67,2.143,2.388
2006-09-15,0.64,1.135,1.658,2.14,2.382
2006-09-19,0.666,1.174,1.695,2.173,2.416
2006-09-20,0.641,1.136,1.675,2.165,2.411
2006-09-21,0.653,1.149,1.691,2.192,2.439
2006-09-22,0.617,1.094,1.628,2.128,2.381
2006-09-25,0.607,1.093,1.632,2.14,2.399
2006-09-26,0.587,1.06,1.615,2.141,2.41
2006-09-27,0.622,1.101,1.651,2.167,2.435
2006-09-28,0.634,1.112,1.652,2.163,2.426
2006-09-29,0.635,1.133,1.671,2.172,2.445
2006-10-02,0.673,1.19,1.727,2.21,2.488
2006-10-03,0.64,1.153,1.69,2.194,2.471
2006-10-04,0.638,1.151,1.715,2.219,2.496
2006-10-05,0.643,1.173,1.719,2.22,2.497
2006-10-06,0.658,1.158,1.701,2.215,2.495
2006-10-10,0.671,1.174,1.72,2.221,2.504
2006-10-11,0.692,1.208,1.739,2.224,2.504
2006-10-12,0.688,1.205,1.746,2.233,2.508
2006-10-13,0.703,1.235,1.763,2.238,2.508
2006-10-16,0.746,1.284,1.792,2.25,2.511
2006-10-17,0.746,1.276,1.793,2.263,2.518
2006-10-18,0.772,1.296,1.798,2.263,2.514
2006-10-19,0.803,1.314,1.799,2.258,2.505
2006-10-20,0.783,1.3,1.798,2.254,2.5
2006-10-23,0.8,1.33,1.831,2.28,2.525
2006-10-24,0.774,1.297,1.816,2.272,2.517
2006-10-25,0.769,1.274,1.793,2.251,2.5
2006-10-26,0.751,1.234,1.747,2.212,2.467
2006-10-27,0.742,1.234,1.74,2.194,2.454
2006-10-30,0.724,1.214,1.729,2.182,2.442
2006-10-31,0.717,1.195,1.722,2.18,2.444
2006-11-01,0.731,1.206,1.72,2.173,2.432
2006-11-02,0.731,1.206,1.716,2.166,2.422
2006-11-06,0.777,1.256,1.764,2.208,2.455
2006-11-07,0.783,1.261,1.766,2.21,2.455
2006-11-08,0.774,1.239,1.739,2.191,2.442
2006-11-09,0.759,1.215,1.72,2.175,2.431
2006-11-10,0.755,1.205,1.702,2.161,2.419
2006-11-13,0.731,1.174,1.679,2.151,2.407
2006-11-14,0.803,1.253,1.74,2.197,2.446
2006-11-15,0.805,1.251,1.712,2.176,2.422
2006-11-16,0.815,1.258,1.717,2.176,2.421
2006-11-17,0.806,1.259,1.73,2.188,2.43
2006-11-20,0.766,1.211,1.699,2.176,2.417
2006-11-21,0.782,1.215,1.699,2.176,2.41
2006-11-22,0.803,1.219,1.686,2.154,2.384
2006-11-24,0.803,1.219,1.68,2.137,2.369
2006-11-27,0.804,1.23,1.684,2.138,2.365
2006-11-28,0.795,1.209,1.671,2.135,2.367
2006-11-29,0.814,1.25,1.703,2.152,2.381
2006-11-30,0.802,1.212,1.67,2.119,2.349
2006-12-01,0.79,1.18,1.627,2.06,2.29
2006-12-04,0.797,1.195,1.64,2.063,2.286
2006-12-05,0.796,1.195,1.641,2.062,2.276
2006-12-06,0.817,1.224,1.641,2.042,2.249
2006-12-07,0.838,1.264,1.67,2.063,2.264
2006-12-08,0.839,1.273,1.689,2.085,2.284
2006-12-11,0.812,1.231,1.651,2.068,2.267
2006-12-12,0.797,1.214,1.638,2.068,2.272
2006-12-13,0.783,1.189,1.61,2.036,2.249
2006-12-14,0.779,1.198,1.625,2.044,2.262
2006-12-15,0.815,1.244,1.662,2.08,2.297
2006-12-18,0.822,1.267,1.681,2.089,2.308
2006-12-19,0.802,1.23,1.648,2.048,2.269
2006-12-20,0.782,1.198,1.619,2.013,2.235
2006-12-21,0.769,1.188,1.609,2.017,2.242
2006-12-22,0.75,1.172,1.598,2.014,2.24
2006-12-25,0.747,1.168,1.593,2.014,2.241
2006-12-26,0.732,1.158,1.576,1.998,2.227
2006-12-27,0.784,1.233,1.642,2.036,2.261
2006-12-28,0.779,1.238,1.664,2.066,2.289
2006-12-29,0.78,1.242,1.678,2.067,2.299
2007-01-04,0.818,1.288,1.716,2.101,2.332
2007-01-05,0.816,1.284,1.712,2.092,2.324
2007-01-09,0.829,1.3,1.732,2.123,2.35
2007-01-10,0.83,1.307,1.752,2.149,2.374
2007-01-11,0.811,1.291,1.733,2.135,2.361
2007-01-12,0.812,1.3,1.738,2.149,2.374
2007-01-15,0.825,1.301,1.74,2.15,2.376
2007-01-16,0.831,1.294,1.739,2.153,2.375
2007-01-17,0.776,1.223,1.689,2.123,2.349
2007-01-18,0.791,1.246,1.717,2.149,2.371
2007-01-19,0.757,1.195,1.666,2.117,2.342
2007-01-22,0.732,1.173,1.658,2.123,2.353
2007-01-23,0.728,1.177,1.662,2.128,2.364
2007-01-24,0.738,1.185,1.666,2.13,2.369
2007-01-25,0.743,1.192,1.67,2.12,2.363
2007-01-26,0.723,1.182,1.691,2.139,2.379
2007-01-29,0.738,1.208,1.726,2.18,2.418
2007-01-30,0.726,1.202,1.715,2.168,2.409
2007-01-31,0.708,1.194,1.704,2.15,2.391
2007-02-01,0.719,1.209,1.714,2.145,2.379
2007-02-02,0.74,1.238,1.728,2.146,2.374
2007-02-05,0.745,1.233,1.724,2.146,2.372
2007-02-06,0.757,1.253,1.743,2.168,2.394
2007-02-07,0.769,1.263,1.744,2.169,2.391
2007-02-08,0.76,1.245,1.739,2.169,2.391
2007-02-09,0.735,1.207,1.702,2.138,2.363
2007-02-13,0.762,1.257,1.744,2.168,2.39
2007-02-14,0.763,1.251,1.736,2.16,2.382
2007-02-15,0.79,1.277,1.752,2.176,2.398
2007-02-16,0.775,1.241,1.714,2.151,2.376
2007-02-19,0.781,1.246,1.723,2.155,2.382
2007-02-20,0.777,1.232,1.714,2.151,2.383
2007-02-21,0.803,1.231,1.704,2.14,2.368
2007-02-22,0.818,1.222,1.671,2.095,2.328
2007-02-23,0.839,1.245,1.684,2.086,2.316
2007-02-26,0.835,1.237,1.672,2.073,2.3
2007-02-27,0.814,1.209,1.652,2.065,2.29
2007-02-28,0.818,1.203,1.644,2.06,2.284
2007-03-01,0.831,1.226,1.665,2.083,2.304
2007-03-02,0.814,1.216,1.665,2.087,2.309
2007-03-05,0.786,1.173,1.622,2.035,2.257
2007-03-06,0.791,1.186,1.629,2.04,2.268
2007-03-07,0.792,1.175,1.623,2.044,2.276
2007-03-08,0.792,1.178,1.619,2.035,2.269
2007-03-09,0.788,1.169,1.61,2.035,2.269
2007-03-12,0.795,1.176,1.616,2.046,2.281
2007-03-13,0.786,1.166,1.611,2.049,2.283
2007-03-14,0.771,1.127,1.574,2.022,2.258
2007-03-15,0.78,1.14,1.592,2.053,2.291
2007-03-16,0.775,1.132,1.584,2.049,2.294
2007-03-19,0.785,1.143,1.583,2.043,2.286
2007-03-20,0.791,1.138,1.569,2.022,2.271
2007-03-22,0.791,1.128,1.555,2.004,2.252
2007-03-23,0.804,1.172,1.611,2.047,2.281
2007-03-26,0.82,1.198,1.65,2.091,2.329
2007-03-27,0.806,1.179,1.642,2.093,2.345
2007-03-28,0.816,1.207,1.674,2.117,2.36
2007-03-29,0.807,1.186,1.65,2.091,2.338
2007-03-30,0.807,1.189,1.655,2.088,2.338
2007-04-02,0.798,1.181,1.651,2.092,2.341
2007-04-03,0.798,1.186,1.656,2.101,2.347
2007-04-04,0.815,1.23,1.69,2.123,2.366
2007-04-05,0.804,1.216,1.677,2.11,2.356
2007-04-06,0.799,1.212,1.671,2.105,2.354
2007-04-09,0.804,1.226,1.685,2.113,2.36
2007-04-10,0.814,1.232,1.685,2.11,2.351
2007-04-11,0.8,1.195,1.648,2.084,2.331
2007-04-12,0.81,1.207,1.672,2.114,2.359
2007-04-13,0.81,1.204,1.667,2.117,2.363
2007-04-16,0.826,1.242,1.7,2.144,2.385
2007-04-17,0.831,1.245,1.694,2.123,2.352
2007-04-18,0.852,1.264,1.711,2.132,2.36
2007-04-19,0.837,1.236,1.682,2.11,2.335
2007-04-20,0.852,1.259,1.692,2.118,2.343
2007-04-23,0.853,1.26,1.688,2.11,2.335
2007-04-24,0.843,1.237,1.678,2.112,2.339
2007-04-25,0.843,1.227,1.655,2.09,2.323
2007-04-26,0.857,1.238,1.66,2.09,2.323
2007-04-27,0.847,1.215,1.631,2.064,2.298
2007-05-01,0.837,1.19,1.618,2.056,2.29
2007-05-02,0.842,1.2,1.637,2.069,2.302
2007-05-07,0.849,1.214,1.656,2.086,2.319
2007-05-08,0.853,1.229,1.658,2.091,2.323
2007-05-09,0.864,1.251,1.675,2.104,2.339
2007-05-10,0.874,1.26,1.678,2.109,2.341
2007-05-11,0.865,1.242,1.654,2.091,2.324
2007-05-14,0.881,1.258,1.672,2.101,2.332
2007-05-15,0.885,1.265,1.686,2.109,2.335
2007-05-16,0.87,1.244,1.673,2.1,2.327
2007-05-17,0.86,1.218,1.635,2.07,2.294
2007-05-18,0.875,1.234,1.649,2.079,2.302
2007-05-21,0.881,1.246,1.659,2.092,2.311
2007-05-22,0.876,1.235,1.65,2.079,2.298
2007-05-23,0.897,1.276,1.691,2.113,2.332
2007-05-24,0.903,1.289,1.71,2.127,2.346
2007-05-25,0.918,1.317,1.728,2.136,2.356
2007-05-28,0.936,1.323,1.734,2.14,2.36
2007-05-29,0.96,1.351,1.757,2.155,2.372
2007-05-30,0.961,1.352,1.743,2.123,2.339
2007-05-31,0.972,1.359,1.751,2.135,2.348
2007-06-01,0.977,1.387,1.78,2.152,2.356
2007-06-04,0.984,1.408,1.799,2.173,2.376
2007-06-05,0.99,1.448,1.835,2.195,2.397
2007-06-06,0.997,1.452,1.831,2.183,2.385
2007-06-07,1.017,1.477,1.854,2.203,2.402
2007-06-08,1.037,1.515,1.883,2.213,2.41
2007-06-11,1.044,1.528,1.897,2.236,2.431
2007-06-12,1.065,1.541,1.916,2.253,2.45
2007-06-13,1.08,1.571,1.953,2.287,2.485
2007-06-14,1.061,1.548,1.943,2.304,2.501
2007-06-15,1.03,1.515,1.927,2.317,2.516
2007-06-18,1.012,1.487,1.883,2.275,2.479
2007-06-19,1.033,1.521,1.916,2.291,2.496
2007-06-20,1.018,1.496,1.885,2.266,2.481
2007-06-21,1.022,1.515,1.912,2.296,2.511
2007-06-22,1.013,1.496,1.888,2.278,2.495
2007-06-25,1.009,1.497,1.884,2.266,2.486
2007-06-26,1.01,1.489,1.875,2.266,2.486
2007-06-27,1.0,1.477,1.861,2.253,2.475
2007-06-28,1.022,1.515,1.908,2.288,2.503
2007-06-29,1.01,1.474,1.866,2.245,2.463
2007-07-02,1.02,1.492,1.879,2.254,2.467
2007-07-03,1.026,1.492,1.883,2.262,2.474
2007-07-04,1.032,1.494,1.896,2.283,2.498
2007-07-05,1.052,1.52,1.92,2.3,2.51
2007-07-06,1.058,1.539,1.929,2.305,2.514
2007-07-09,1.071,1.555,1.943,2.323,2.533
2007-07-10,1.067,1.561,1.957,2.335,2.546
2007-07-11,1.028,1.48,1.879,2.271,2.486
2007-07-12,1.029,1.493,1.902,2.301,2.514
2007-07-13,1.051,1.533,1.931,2.328,2.541
2007-07-17,1.041,1.524,1.921,2.332,2.543
2007-07-18,1.027,1.501,1.903,2.314,2.529
2007-07-19,1.037,1.51,1.902,2.306,2.522
2007-07-20,1.033,1.491,1.883,2.293,2.507
2007-07-23,1.013,1.458,1.856,2.276,2.491
2007-07-24,1.013,1.465,1.866,2.293,2.509
2007-07-25,1.013,1.455,1.861,2.28,2.497
2007-07-26,1.019,1.455,1.861,2.268,2.49
2007-07-27,0.978,1.383,1.791,2.194,2.421
2007-07-30,0.989,1.402,1.814,2.225,2.454
2007-07-31,0.996,1.388,1.801,2.216,2.445
2007-08-01,0.969,1.355,1.767,2.186,2.414
2007-08-02,0.98,1.379,1.81,2.229,2.454
2007-08-03,0.978,1.359,1.78,2.203,2.43
2007-08-06,0.955,1.322,1.748,2.177,2.405
2007-08-07,0.966,1.326,1.735,2.155,2.386
2007-08-08,1.003,1.375,1.763,2.175,2.405
2007-08-09,1.023,1.406,1.782,2.194,2.421
2007-08-10,0.944,1.302,1.722,2.159,2.39
2007-08-13,0.93,1.281,1.718,2.191,2.425
2007-08-14,0.951,1.295,1.712,2.174,2.421
2007-08-15,0.904,1.222,1.649,2.118,2.378
2007-08-16,0.869,1.207,1.664,2.131,2.398
2007-08-17,0.818,1.112,1.589,2.088,2.369
2007-08-20,0.834,1.151,1.599,2.078,2.356
2007-08-21,0.844,1.125,1.576,2.073,2.349
2007-08-22,0.874,1.145,1.587,2.096,2.361
2007-08-23,0.904,1.205,1.61,2.099,2.348
2007-08-24,0.884,1.181,1.603,2.095,2.342
2007-08-27,0.884,1.191,1.623,2.112,2.36
2007-08-28,0.879,1.186,1.626,2.135,2.379
2007-08-29,0.874,1.166,1.593,2.112,2.359
2007-08-30,0.847,1.144,1.58,2.104,2.355
2007-08-31,0.87,1.183,1.616,2.121,2.361
2007-09-03,0.869,1.195,1.645,2.148,2.39
2007-09-04,0.854,1.191,1.646,2.126,2.376
2007-09-05,0.833,1.163,1.622,2.112,2.366
2007-09-06,0.827,1.158,1.613,2.109,2.365
2007-09-07,0.817,1.146,1.59,2.092,2.346
2007-09-10,0.777,1.076,1.52,2.064,2.322
2007-09-11,0.787,1.083,1.539,2.093,2.351
2007-09-12,0.787,1.065,1.516,2.094,2.353
2007-09-13,0.787,1.079,1.534,2.099,2.362
2007-09-14,0.793,1.102,1.549,2.094,2.359
2007-09-18,0.778,1.08,1.536,2.09,2.355
2007-09-19,0.798,1.124,1.592,2.133,2.393
2007-09-20,0.803,1.15,1.63,2.166,2.418
2007-09-21,0.843,1.208,1.679,2.203,2.454
2007-09-25,0.864,1.23,1.689,2.201,2.454
2007-09-26,0.863,1.216,1.671,2.175,2.431
2007-09-27,0.881,1.249,1.721,2.214,2.464
2007-09-28,0.856,1.195,1.679,2.18,2.433
2007-10-01,0.836,1.182,1.665,2.176,2.429
2007-10-02,0.847,1.207,1.684,2.2,2.445
2007-10-03,0.855,1.211,1.69,2.197,2.441
2007-10-04,0.875,1.251,1.713,2.21,2.453
2007-10-05,0.861,1.237,1.697,2.197,2.441
2007-10-09,0.882,1.261,1.712,2.207,2.448
2007-10-10,0.897,1.28,1.728,2.219,2.461
2007-10-11,0.898,1.281,1.736,2.236,2.477
2007-10-12,0.873,1.238,1.704,2.218,2.462
2007-10-15,0.89,1.264,1.733,2.245,2.491
2007-10-16,0.88,1.239,1.701,2.206,2.457
2007-10-17,0.855,1.177,1.655,2.189,2.443
2007-10-18,0.839,1.167,1.645,2.189,2.444
2007-10-19,0.799,1.134,1.614,2.172,2.43
2007-10-22,0.788,1.114,1.59,2.15,2.412
2007-10-23,0.793,1.12,1.595,2.15,2.415
2007-10-24,0.782,1.099,1.581,2.137,2.404
2007-10-25,0.767,1.087,1.596,2.162,2.436
2007-10-26,0.783,1.121,1.627,2.188,2.457
2007-10-29,0.772,1.102,1.62,2.186,2.457
2007-10-30,0.77,1.094,1.625,2.199,2.473
2007-10-31,0.775,1.102,1.615,2.181,2.449
2007-11-01,0.815,1.176,1.672,2.211,2.47
2007-11-02,0.772,1.102,1.597,2.146,2.403
2007-11-05,0.781,1.12,1.593,2.133,2.379
2007-11-06,0.771,1.102,1.583,2.133,2.378
2007-11-07,0.771,1.091,1.58,2.133,2.383
2007-11-08,0.766,1.075,1.556,2.12,2.374
2007-11-09,0.766,1.071,1.547,2.112,2.368
2007-11-12,0.767,1.068,1.534,2.094,2.352
2007-11-13,0.753,1.049,1.505,2.068,2.322
2007-11-14,0.763,1.088,1.538,2.09,2.339
2007-11-15,0.75,1.058,1.519,2.08,2.33
2007-11-16,0.739,1.044,1.491,2.059,2.312
2007-11-19,0.735,1.049,1.487,2.05,2.305
2007-11-20,0.74,1.054,1.492,2.05,2.301
2007-11-21,0.73,1.024,1.46,2.029,2.277
2007-11-22,0.73,1.017,1.445,2.012,2.258
2007-11-26,0.752,1.062,1.507,2.061,2.307
2007-11-27,0.767,1.053,1.518,2.087,2.344
2007-11-28,0.767,1.034,1.509,2.088,2.366
2007-11-29,0.767,1.049,1.513,2.084,2.357
2007-11-30,0.757,1.038,1.499,2.062,2.332
2007-12-03,0.737,1.01,1.477,2.049,2.318
2007-12-04,0.707,0.979,1.44,2.028,2.302
2007-12-05,0.711,1.017,1.486,2.067,2.336
2007-12-06,0.741,1.083,1.549,2.121,2.388
2007-12-07,0.738,1.091,1.559,2.134,2.4
2007-12-10,0.733,1.083,1.555,2.137,2.4
2007-12-11,0.738,1.098,1.574,2.152,2.413
2007-12-12,0.714,1.044,1.508,2.103,2.362
2007-12-13,0.739,1.045,1.507,2.115,2.371
2007-12-14,0.734,1.059,1.541,2.146,2.4
2007-12-17,0.72,1.056,1.545,2.147,2.401
2007-12-18,0.714,1.031,1.532,2.135,2.401
2007-12-19,0.714,1.003,1.491,2.097,2.363
2007-12-20,0.715,1.018,1.515,2.109,2.374
2007-12-21,0.715,1.047,1.548,2.131,2.396
2007-12-25,0.736,1.079,1.577,2.157,2.421
2007-12-26,0.735,1.058,1.553,2.139,2.403
2007-12-27,0.73,1.054,1.549,2.139,2.401
2007-12-28,0.705,1.009,1.502,2.093,2.36
2008-01-04,0.685,0.973,1.47,2.066,2.339
2008-01-07,0.678,0.968,1.467,2.075,2.346
2008-01-08,0.673,0.964,1.467,2.087,2.355
2008-01-09,0.663,0.955,1.471,2.101,2.37
2008-01-10,0.638,0.924,1.444,2.088,2.371
2008-01-11,0.607,0.895,1.43,2.084,2.379
2008-01-15,0.609,0.898,1.43,2.077,2.371
2008-01-16,0.589,0.869,1.393,2.046,2.343
2008-01-17,0.584,0.869,1.411,2.06,2.355
2008-01-18,0.579,0.863,1.404,2.056,2.347
2008-01-21,0.569,0.83,1.378,2.05,2.339
2008-01-22,0.527,0.79,1.333,2.023,2.311
2008-01-23,0.497,0.792,1.353,2.049,2.339
2008-01-24,0.507,0.825,1.401,2.086,2.383
2008-01-25,0.564,0.919,1.487,2.142,2.426
2008-01-28,0.524,0.853,1.421,2.086,2.373
2008-01-29,0.55,0.91,1.476,2.119,2.401
2008-01-30,0.549,0.891,1.438,2.081,2.359
2008-01-31,0.549,0.892,1.443,2.095,2.375
2008-02-01,0.55,0.89,1.436,2.078,2.356
2008-02-04,0.584,0.941,1.475,2.093,2.37
2008-02-05,0.611,0.962,1.481,2.096,2.366
2008-02-06,0.573,0.882,1.415,2.057,2.335
2008-02-07,0.574,0.904,1.433,2.073,2.353
2008-02-08,0.549,0.894,1.431,2.086,2.373
2008-02-12,0.549,0.885,1.412,2.069,2.358
2008-02-13,0.559,0.901,1.434,2.085,2.37
2008-02-14,0.585,0.943,1.472,2.103,2.379
2008-02-15,0.581,0.939,1.462,2.095,2.368
2008-02-18,0.581,0.942,1.462,2.09,2.365
2008-02-19,0.586,0.955,1.476,2.105,2.378
2008-02-20,0.571,0.92,1.44,2.077,2.348
2008-02-21,0.597,0.98,1.497,2.113,2.377
2008-02-22,0.582,0.944,1.464,2.096,2.363
2008-02-25,0.608,0.976,1.497,2.124,2.389
2008-02-26,0.623,0.971,1.487,2.109,2.375
2008-02-27,0.623,0.968,1.483,2.098,2.359
2008-02-28,0.594,0.92,1.44,2.066,2.335
2008-02-29,0.553,0.847,1.373,2.018,2.291
2008-03-03,0.523,0.822,1.358,2.014,2.292
2008-03-04,0.549,0.848,1.393,2.035,2.316
2008-03-05,0.534,0.816,1.369,2.042,2.326
2008-03-06,0.524,0.79,1.356,2.043,2.342
2008-03-07,0.509,0.761,1.351,2.065,2.375
2008-03-10,0.519,0.739,1.333,2.061,2.389
2008-03-11,0.55,0.766,1.327,2.047,2.376
2008-03-12,0.579,0.78,1.333,2.061,2.392
2008-03-13,0.56,0.739,1.296,2.058,2.396
2008-03-14,0.565,0.741,1.271,2.088,2.437
2008-03-17,0.56,0.727,1.272,2.182,2.539
2008-03-18,0.575,0.776,1.314,2.144,2.475
2008-03-19,0.565,0.755,1.276,2.096,2.423
2008-03-21,0.57,0.776,1.277,2.052,2.367
2008-03-24,0.571,0.772,1.264,2.023,2.332
2008-03-25,0.566,0.753,1.26,2.02,2.313
2008-03-26,0.571,0.757,1.284,2.044,2.342
2008-03-27,0.575,0.747,1.278,2.057,2.359
2008-03-28,0.572,0.747,1.278,2.071,2.376
2008-03-31,0.564,0.743,1.285,2.088,2.399
2008-04-01,0.579,0.805,1.358,2.142,2.455
2008-04-02,0.585,0.826,1.375,2.136,2.448
2008-04-03,0.574,0.824,1.361,2.109,2.423
2008-04-04,0.559,0.806,1.334,2.081,2.395
2008-04-07,0.564,0.82,1.344,2.076,2.387
2008-04-08,0.569,0.802,1.33,2.071,2.389
2008-04-09,0.589,0.819,1.344,2.086,2.406
2008-04-10,0.599,0.809,1.336,2.094,2.419
2008-04-11,0.605,0.853,1.378,2.124,2.443
2008-04-14,0.6,0.824,1.342,2.116,2.438
2008-04-15,0.6,0.844,1.35,2.115,2.427
2008-04-16,0.62,0.865,1.355,2.128,2.427
2008-04-17,0.646,0.909,1.381,2.151,2.443
2008-04-18,0.646,0.923,1.4,2.163,2.439
2008-04-21,0.662,0.968,1.447,2.181,2.455
2008-04-22,0.683,0.996,1.47,2.177,2.441
2008-04-23,0.689,0.977,1.454,2.155,2.425
2008-04-24,0.72,1.052,1.483,2.175,2.441
2008-04-25,0.818,1.215,1.585,2.245,2.491
2008-04-28,0.824,1.227,1.603,2.224,2.47
2008-04-30,0.775,1.149,1.564,2.198,2.462
2008-05-01,0.735,1.111,1.566,2.203,2.471
2008-05-02,0.753,1.161,1.624,2.233,2.495
2008-05-07,0.753,1.195,1.648,2.242,2.497
2008-05-08,0.738,1.179,1.654,2.243,2.493
2008-05-09,0.724,1.124,1.575,2.191,2.444
2008-05-12,0.74,1.153,1.603,2.203,2.452
2008-05-13,0.756,1.186,1.598,2.186,2.426
2008-05-14,0.811,1.283,1.682,2.223,2.46
2008-05-15,0.841,1.276,1.68,2.231,2.468
2008-05-16,0.837,1.297,1.703,2.257,2.492
2008-05-19,0.829,1.263,1.681,2.247,2.486
2008-05-20,0.814,1.225,1.655,2.241,2.48
2008-05-21,0.784,1.185,1.623,2.233,2.477
2008-05-22,0.795,1.223,1.671,2.28,2.52
2008-05-23,0.837,1.316,1.746,2.338,2.546
2008-05-26,0.839,1.319,1.752,2.338,2.548
2008-05-27,0.861,1.351,1.771,2.326,2.534
2008-05-28,0.856,1.312,1.748,2.297,2.501
2008-05-29,0.899,1.37,1.793,2.317,2.508
2008-05-30,0.9,1.34,1.758,2.291,2.488
2008-06-02,0.919,1.385,1.784,2.326,2.52
2008-06-03,0.857,1.271,1.738,2.29,2.496
2008-06-04,0.863,1.337,1.766,2.327,2.533
2008-06-05,0.828,1.296,1.725,2.322,2.524
2008-06-06,0.874,1.379,1.782,2.344,2.533
2008-06-09,0.846,1.322,1.718,2.292,2.479
2008-06-10,0.942,1.445,1.797,2.338,2.5
2008-06-11,0.993,1.501,1.835,2.355,2.519
2008-06-12,0.983,1.469,1.793,2.334,2.506
2008-06-13,1.009,1.531,1.858,2.381,2.547
2008-06-16,0.961,1.495,1.869,2.403,2.576
2008-06-17,0.916,1.426,1.831,2.404,2.579
2008-06-18,0.875,1.35,1.776,2.361,2.547
2008-06-19,0.901,1.398,1.791,2.361,2.547
2008-06-20,0.881,1.357,1.759,2.323,2.514
2008-06-23,0.852,1.301,1.721,2.289,2.486
2008-06-24,0.858,1.297,1.703,2.246,2.45
2008-06-25,0.832,1.263,1.683,2.24,2.444
2008-06-26,0.803,1.222,1.657,2.232,2.441
2008-06-27,0.781,1.191,1.624,2.206,2.417
2008-06-30,0.781,1.181,1.606,2.197,2.406
2008-07-01,0.808,1.263,1.681,2.254,2.46
2008-07-02,0.809,1.261,1.667,2.232,2.426
2008-07-03,0.825,1.262,1.675,2.245,2.438
2008-07-04,0.823,1.241,1.647,2.227,2.422
2008-07-07,0.853,1.295,1.698,2.259,2.445
2008-07-08,0.825,1.212,1.624,2.201,2.391
2008-07-09,0.806,1.194,1.62,2.188,2.38
2008-07-10,0.772,1.149,1.586,2.179,2.383
2008-07-11,0.773,1.151,1.606,2.215,2.42
2008-07-14,0.769,1.131,1.593,2.211,2.418
2008-07-15,0.759,1.111,1.56,2.193,2.401
2008-07-16,0.749,1.126,1.579,2.213,2.422
2008-07-17,0.759,1.141,1.6,2.249,2.458
2008-07-18,0.759,1.118,1.581,2.232,2.446
2008-07-22,0.784,1.176,1.624,2.259,2.471
2008-07-23,0.795,1.197,1.651,2.276,2.487
2008-07-24,0.806,1.231,1.663,2.272,2.475
2008-07-25,0.78,1.153,1.588,2.224,2.44
2008-07-28,0.796,1.16,1.58,2.219,2.438
2008-07-29,0.785,1.13,1.556,2.202,2.421
2008-07-30,0.773,1.115,1.542,2.199,2.421
2008-07-31,0.771,1.12,1.545,2.203,2.428
2008-08-01,0.751,1.091,1.528,2.19,2.421
2008-08-04,0.733,1.062,1.513,2.164,2.393
2008-08-05,0.747,1.101,1.549,2.177,2.393
2008-08-06,0.733,1.069,1.526,2.15,2.365
2008-08-07,0.718,1.071,1.521,2.154,2.364
2008-08-08,0.696,1.026,1.48,2.124,2.339
2008-08-11,0.703,1.036,1.467,2.097,2.31
2008-08-12,0.703,1.022,1.46,2.086,2.293
2008-08-13,0.699,1.018,1.457,2.09,2.293
2008-08-14,0.694,1.011,1.443,2.077,2.276
2008-08-15,0.689,1.037,1.468,2.112,2.31
2008-08-18,0.675,1.02,1.455,2.115,2.317
2008-08-19,0.675,1.021,1.446,2.111,2.322
2008-08-20,0.69,1.031,1.456,2.116,2.342
2008-08-21,0.68,1.001,1.428,2.1,2.326
2008-08-22,0.691,1.029,1.457,2.139,2.367
2008-08-25,0.691,1.009,1.445,2.14,2.367
2008-08-26,0.695,0.989,1.436,2.137,2.367
2008-08-27,0.716,1.019,1.459,2.148,2.377
2008-08-28,0.716,1.005,1.443,2.122,2.352
2008-08-29,0.709,0.986,1.421,2.088,2.321
2008-09-01,0.731,1.046,1.484,2.129,2.351
2008-09-02,0.721,1.026,1.488,2.113,2.335
2008-09-03,0.717,1.015,1.455,2.087,2.31
2008-09-04,0.739,1.094,1.507,2.117,2.33
2008-09-05,0.72,1.044,1.46,2.082,2.297
2008-09-08,0.746,1.124,1.522,2.116,2.322
2008-09-09,0.736,1.093,1.498,2.097,2.294
2008-09-10,0.732,1.091,1.504,2.1,2.299
2008-09-11,0.732,1.089,1.499,2.096,2.299
2008-09-12,0.738,1.102,1.522,2.128,2.33
2008-09-16,0.706,1.039,1.466,2.095,2.299
2008-09-17,0.737,1.07,1.485,2.095,2.3
2008-09-18,0.798,1.119,1.485,2.142,2.323
2008-09-19,0.789,1.114,1.482,2.138,2.318
2008-09-22,0.786,1.082,1.486,2.135,2.321
2008-09-24,0.801,1.078,1.482,2.106,2.291
2008-09-25,0.803,1.078,1.478,2.105,2.286
2008-09-26,0.807,1.094,1.464,2.092,2.272
2008-09-29,0.811,1.101,1.487,2.127,2.307
2008-09-30,0.748,1.047,1.465,2.127,2.318
2008-10-01,0.764,1.069,1.502,2.135,2.338
2008-10-02,0.764,1.05,1.511,2.135,2.351
2008-10-03,0.726,0.986,1.45,2.087,2.326
2008-10-06,0.682,0.908,1.382,2.011,2.252
2008-10-07,0.707,0.957,1.44,2.071,2.296
2008-10-08,0.746,0.971,1.387,2.005,2.211
2008-10-09,0.797,1.026,1.461,2.065,2.236
2008-10-10,0.843,1.104,1.518,2.004,2.158
2008-10-14,0.84,1.175,1.573,2.138,2.287
2008-10-15,0.8,1.176,1.576,2.084,2.268
2008-10-16,0.795,1.155,1.581,2.111,2.297
2008-10-17,0.786,1.151,1.576,2.14,2.335
2008-10-20,0.777,1.141,1.569,2.154,2.362
2008-10-21,0.762,1.151,1.582,2.187,2.367
2008-10-22,0.732,1.099,1.54,2.176,2.351
2008-10-23,0.717,1.056,1.505,2.171,2.296
2008-10-24,0.717,1.042,1.496,2.168,2.269
2008-10-27,0.696,0.999,1.484,2.17,2.303
2008-10-28,0.706,1.044,1.525,2.173,2.304
2008-10-29,0.609,0.936,1.502,2.161,2.299
2008-10-30,0.584,0.903,1.493,2.144,2.283
2008-10-31,0.539,0.879,1.473,2.12,2.251
2008-11-04,0.538,0.893,1.512,2.159,2.286
2008-11-05,0.545,0.944,1.532,2.177,2.3
2008-11-06,0.544,0.907,1.5,2.165,2.291
2008-11-07,0.568,0.939,1.515,2.159,2.275
2008-11-10,0.597,0.975,1.532,2.162,2.265
2008-11-11,0.593,0.936,1.497,2.145,2.245
2008-11-12,0.593,0.933,1.512,2.161,2.253
2008-11-13,0.573,0.919,1.504,2.133,2.226
2008-11-14,0.549,0.899,1.5,2.141,2.229
2008-11-17,0.525,0.887,1.492,2.157,2.261
2008-11-18,0.535,0.907,1.496,2.173,2.302
2008-11-19,0.546,0.901,1.482,2.15,2.285
2008-11-20,0.536,0.876,1.454,2.118,2.269
2008-11-21,0.556,0.875,1.411,2.09,2.243
2008-11-25,0.587,0.896,1.427,2.097,2.239
2008-11-26,0.603,0.887,1.404,2.069,2.21
2008-11-27,0.599,0.893,1.398,2.066,2.188
2008-11-28,0.586,0.88,1.419,2.092,2.212
2008-12-01,0.579,0.871,1.428,2.101,2.222
2008-12-02,0.544,0.842,1.369,2.056,2.165
2008-12-03,0.544,0.874,1.379,2.064,2.206
2008-12-04,0.549,0.879,1.37,2.069,2.21
2008-12-05,0.564,0.89,1.367,2.056,2.196
2008-12-08,0.578,0.906,1.391,2.088,2.227
2008-12-09,0.583,0.895,1.393,2.111,2.25
2008-12-10,0.584,0.909,1.41,2.12,2.258
2008-12-11,0.579,0.899,1.414,2.129,2.269
2008-12-12,0.534,0.846,1.386,2.111,2.256
2008-12-15,0.535,0.856,1.376,2.098,2.252
2008-12-16,0.51,0.832,1.368,2.07,2.242
2008-12-17,0.46,0.787,1.297,2.008,2.191
2008-12-18,0.454,0.783,1.267,1.972,2.145
2008-12-19,0.414,0.757,1.235,1.939,2.092
2008-12-22,0.394,0.739,1.223,1.888,2.011
2008-12-24,0.393,0.725,1.216,1.862,1.956
2008-12-25,0.399,0.739,1.222,1.853,1.946
2008-12-26,0.403,0.738,1.213,1.795,1.886
2008-12-29,0.388,0.72,1.212,1.763,1.847
2008-12-30,0.37,0.685,1.177,1.74,1.825
2009-01-05,0.358,0.678,1.212,1.797,1.886
2009-01-06,0.374,0.727,1.264,1.857,1.95
2009-01-07,0.364,0.725,1.263,1.864,1.978
2009-01-08,0.369,0.758,1.306,1.915,2.025
2009-01-09,0.369,0.744,1.293,1.883,1.995
2009-01-13,0.368,0.709,1.252,1.829,1.95
2009-01-14,0.374,0.705,1.271,1.862,1.989
2009-01-15,0.374,0.683,1.221,1.835,1.967
2009-01-16,0.364,0.698,1.232,1.836,1.969
2009-01-19,0.355,0.713,1.259,1.866,1.989
2009-01-20,0.35,0.697,1.23,1.838,1.938
2009-01-21,0.365,0.706,1.239,1.847,1.953
2009-01-22,0.36,0.688,1.246,1.874,1.976
2009-01-23,0.364,0.671,1.247,1.896,1.995
2009-01-26,0.385,0.683,1.24,1.892,1.994
2009-01-27,0.402,0.721,1.281,1.912,2.017
2009-01-28,0.411,0.731,1.271,1.899,2.005
2009-01-29,0.403,0.729,1.281,1.899,2.005
2009-01-30,0.403,0.746,1.303,1.899,2.005
2009-02-02,0.396,0.743,1.304,1.883,1.989
2009-02-03,0.409,0.761,1.309,1.872,1.975
2009-02-04,0.425,0.797,1.359,1.919,2.023
2009-02-05,0.423,0.792,1.345,1.905,2.009
2009-02-06,0.41,0.783,1.345,1.924,2.035
2009-02-09,0.393,0.756,1.322,1.923,2.037
2009-02-10,0.409,0.77,1.319,1.905,2.013
2009-02-12,0.399,0.731,1.274,1.861,1.965
2009-02-13,0.389,0.727,1.276,1.865,1.967
2009-02-16,0.395,0.753,1.31,1.89,1.985
2009-02-17,0.385,0.738,1.303,1.894,1.987
2009-02-18,0.37,0.723,1.277,1.882,1.97
2009-02-19,0.38,0.716,1.285,1.898,1.979
2009-02-20,0.381,0.723,1.301,1.909,1.995
2009-02-23,0.385,0.73,1.296,1.895,1.988
2009-02-24,0.405,0.733,1.291,1.896,1.995
2009-02-25,0.41,0.753,1.324,1.921,2.017
2009-02-26,0.392,0.714,1.3,1.914,2.034
2009-02-27,0.392,0.711,1.295,1.903,2.026
2009-03-02,0.393,0.733,1.32,1.92,2.044
2009-03-03,0.393,0.741,1.293,1.92,2.044
2009-03-04,0.393,0.747,1.293,1.905,2.029
2009-03-05,0.399,0.76,1.306,1.905,2.029
2009-03-06,0.399,0.752,1.289,1.889,2.024
2009-03-09,0.399,0.747,1.294,1.909,2.048
2009-03-10,0.41,0.764,1.299,1.899,2.039
2009-03-11,0.41,0.77,1.308,1.9,2.04
2009-03-12,0.41,0.751,1.308,1.902,2.036
2009-03-13,0.41,0.761,1.312,1.901,2.036
2009-03-16,0.405,0.751,1.295,1.901,2.037
2009-03-17,0.406,0.772,1.3,1.923,2.065
2009-03-18,0.406,0.758,1.3,1.932,2.088
2009-03-19,0.396,0.713,1.263,1.91,2.074
2009-03-23,0.403,0.713,1.263,1.909,2.072
2009-03-24,0.403,0.721,1.264,1.897,2.06
2009-03-25,0.403,0.744,1.286,1.906,2.073
2009-03-26,0.409,0.769,1.315,1.935,2.103
2009-03-27,0.409,0.781,1.323,1.923,2.081
2009-03-30,0.407,0.778,1.329,1.923,2.077
2009-03-31,0.408,0.782,1.342,1.94,2.085
2009-04-01,0.398,0.771,1.34,1.948,2.085
2009-04-02,0.398,0.796,1.367,1.98,2.097
2009-04-03,0.396,0.821,1.411,2.013,2.128
2009-04-06,0.416,0.855,1.448,2.069,2.184
2009-04-07,0.421,0.856,1.426,2.04,2.154
2009-04-08,0.432,0.874,1.448,2.06,2.175
2009-04-09,0.458,0.902,1.467,2.077,2.195
2009-04-10,0.454,0.873,1.446,2.082,2.216
2009-04-13,0.45,0.86,1.447,2.093,2.24
2009-04-14,0.445,0.871,1.456,2.1,2.244
2009-04-15,0.42,0.836,1.429,2.08,2.224
2009-04-16,0.416,0.852,1.448,2.096,2.242
2009-04-17,0.401,0.846,1.442,2.092,2.238
2009-04-20,0.402,0.862,1.463,2.111,2.257
2009-04-21,0.408,0.841,1.451,2.098,2.254
2009-04-22,0.403,0.822,1.43,2.068,2.224
2009-04-23,0.403,0.826,1.426,2.066,2.24
2009-04-24,0.406,0.842,1.426,2.068,2.241
2009-04-27,0.406,0.864,1.451,2.071,2.23
2009-04-28,0.39,0.819,1.41,2.027,2.181
2009-04-30,0.375,0.825,1.422,2.022,2.17
2009-05-01,0.371,0.807,1.398,2.005,2.151
2009-05-07,0.393,0.829,1.414,2.03,2.179
2009-05-08,0.394,0.855,1.446,2.045,2.191
2009-05-11,0.399,0.857,1.456,2.061,2.209
2009-05-12,0.39,0.858,1.45,2.076,2.224
2009-05-13,0.38,0.861,1.465,2.093,2.238
2009-05-14,0.371,0.838,1.444,2.074,2.209
2009-05-15,0.37,0.822,1.443,2.086,2.209
2009-05-18,0.37,0.809,1.421,2.055,2.178
2009-05-19,0.381,0.819,1.437,2.086,2.205
2009-05-20,0.371,0.812,1.441,2.096,2.217
2009-05-21,0.361,0.811,1.445,2.105,2.229
2009-05-22,0.352,0.808,1.448,2.108,2.23
2009-05-25,0.362,0.824,1.463,2.122,2.234
2009-05-26,0.363,0.824,1.459,2.105,2.218
2009-05-27,0.363,0.849,1.484,2.114,2.221
2009-05-28,0.344,0.837,1.492,2.122,2.23
2009-05-29,0.344,0.838,1.496,2.14,2.253
2009-06-01,0.345,0.837,1.499,2.152,2.269
2009-06-02,0.354,0.855,1.529,2.178,2.297
2009-06-03,0.356,0.844,1.538,2.173,2.301
2009-06-04,0.346,0.807,1.496,2.151,2.281
2009-06-05,0.337,0.813,1.487,2.138,2.266
2009-06-08,0.368,0.859,1.508,2.146,2.273
2009-06-09,0.378,0.869,1.521,2.154,2.277
2009-06-10,0.373,0.873,1.531,2.161,2.285
2009-06-11,0.374,0.878,1.549,2.181,2.301
2009-06-12,0.374,0.858,1.509,2.161,2.285
2009-06-15,0.375,0.849,1.504,2.167,2.301
2009-06-16,0.37,0.821,1.462,2.139,2.273
2009-06-17,0.371,0.822,1.463,2.127,2.26
2009-06-18,0.366,0.808,1.454,2.109,2.248
2009-06-19,0.356,0.783,1.445,2.109,2.244
2009-06-22,0.357,0.778,1.459,2.138,2.277
2009-06-23,0.347,0.754,1.413,2.105,2.25
2009-06-24,0.333,0.73,1.386,2.078,2.223
2009-06-25,0.314,0.726,1.39,2.096,2.238
2009-06-26,0.303,0.726,1.403,2.088,2.238
2009-06-29,0.294,0.713,1.394,2.071,2.223
2009-06-30,0.307,0.723,1.362,2.047,2.197
2009-07-01,0.287,0.707,1.352,2.03,2.176
2009-07-02,0.27,0.698,1.362,2.052,2.204
2009-07-03,0.255,0.679,1.329,2.027,2.188
2009-07-06,0.254,0.676,1.311,2.01,2.176
2009-07-07,0.259,0.692,1.315,1.992,2.155
2009-07-08,0.254,0.678,1.296,1.985,2.143
2009-07-09,0.24,0.674,1.302,2.003,2.155
2009-07-10,0.24,0.672,1.307,2.019,2.172
2009-07-13,0.245,0.675,1.311,2.013,2.171
2009-07-14,0.25,0.692,1.346,2.045,2.197
2009-07-15,0.26,0.684,1.342,2.049,2.202
2009-07-16,0.265,0.687,1.347,2.069,2.218
2009-07-17,0.265,0.677,1.329,2.053,2.197
2009-07-21,0.276,0.703,1.373,2.093,2.238
2009-07-22,0.281,0.718,1.391,2.107,2.255
2009-07-23,0.276,0.704,1.392,2.131,2.287
2009-07-24,0.271,0.69,1.383,2.141,2.307
2009-07-27,0.267,0.685,1.398,2.137,2.307
2009-07-28,0.266,0.686,1.397,2.121,2.296
2009-07-29,0.271,0.692,1.382,2.1,2.276
2009-07-30,0.272,0.698,1.398,2.12,2.299
2009-07-31,0.275,0.72,1.421,2.137,2.32
2009-08-03,0.275,0.736,1.444,2.139,2.32
2009-08-04,0.27,0.735,1.46,2.159,2.338
2009-08-05,0.265,0.725,1.441,2.141,2.32
2009-08-06,0.265,0.736,1.447,2.139,2.311
2009-08-07,0.265,0.737,1.442,2.143,2.316
2009-08-10,0.275,0.76,1.466,2.175,2.35
2009-08-11,0.27,0.763,1.457,2.174,2.353
2009-08-12,0.27,0.742,1.43,2.154,2.332
2009-08-13,0.265,0.739,1.419,2.133,2.307
2009-08-14,0.265,0.715,1.392,2.116,2.285
2009-08-17,0.26,0.693,1.364,2.096,2.261
2009-08-18,0.26,0.679,1.362,2.108,2.268
2009-08-19,0.255,0.671,1.364,2.121,2.283
2009-08-20,0.246,0.676,1.365,2.126,2.295
2009-08-21,0.245,0.651,1.331,2.093,2.268
2009-08-24,0.246,0.661,1.344,2.107,2.283
2009-08-25,0.241,0.651,1.345,2.095,2.272
2009-08-26,0.241,0.649,1.331,2.077,2.251
2009-08-27,0.241,0.641,1.322,2.067,2.235
2009-08-28,0.242,0.638,1.332,2.078,2.235
2009-08-31,0.24,0.631,1.33,2.089,2.238
2009-09-01,0.24,0.628,1.323,2.08,2.236
2009-09-02,0.235,0.61,1.303,2.066,2.226
2009-09-03,0.23,0.618,1.3,2.044,2.201
2009-09-04,0.231,0.632,1.319,2.053,2.203
2009-09-07,0.237,0.66,1.353,2.089,2.239
2009-09-08,0.233,0.626,1.326,2.076,2.227
2009-09-09,0.223,0.604,1.323,2.076,2.226
2009-09-10,0.209,0.593,1.321,2.081,2.231
2009-09-11,0.204,0.573,1.302,2.059,2.209
2009-09-14,0.209,0.56,1.294,2.044,2.198
2009-09-15,0.21,0.58,1.313,2.056,2.213
2009-09-16,0.21,0.58,1.323,2.069,2.227
2009-09-17,0.215,0.605,1.343,2.074,2.232
2009-09-18,0.225,0.621,1.341,2.057,2.218
2009-09-24,0.221,0.6,1.324,2.04,2.199
2009-09-25,0.211,0.584,1.316,2.035,2.19
2009-09-28,0.227,0.58,1.289,2.014,2.168
2009-09-29,0.228,0.581,1.289,2.032,2.19
2009-09-30,0.239,0.597,1.3,2.054,2.214
2009-10-01,0.234,0.59,1.3,2.061,2.222
2009-10-02,0.23,0.561,1.263,2.028,2.196
2009-10-05,0.231,0.572,1.273,2.028,2.198
2009-10-06,0.231,0.564,1.254,2.014,2.183
2009-10-07,0.236,0.583,1.268,2.019,2.189
2009-10-08,0.247,0.593,1.268,2.015,2.162
2009-10-09,0.252,0.614,1.288,2.028,2.171
2009-10-13,0.249,0.615,1.303,2.049,2.184
2009-10-14,0.24,0.605,1.303,2.057,2.191
2009-10-15,0.245,0.625,1.318,2.076,2.212
2009-10-16,0.24,0.625,1.333,2.101,2.242
2009-10-19,0.246,0.631,1.344,2.094,2.232
2009-10-20,0.252,0.642,1.358,2.117,2.261
2009-10-21,0.252,0.632,1.354,2.124,2.27
2009-10-22,0.263,0.652,1.368,2.137,2.282
2009-10-23,0.273,0.667,1.368,2.111,2.252
2009-10-26,0.285,0.704,1.401,2.141,2.277
2009-10-27,0.28,0.708,1.406,2.133,2.269
2009-10-28,0.268,0.713,1.425,2.138,2.273
2009-10-29,0.253,0.684,1.411,2.133,2.269
2009-10-30,0.25,0.684,1.411,2.128,2.257
2009-11-02,0.246,0.66,1.384,2.093,2.215
2009-11-04,0.267,0.691,1.409,2.113,2.224
2009-11-05,0.272,0.712,1.446,2.142,2.243
2009-11-06,0.267,0.718,1.45,2.14,2.246
2009-11-09,0.268,0.734,1.474,2.154,2.262
2009-11-10,0.259,0.726,1.472,2.164,2.276
2009-11-11,0.254,0.705,1.438,2.128,2.241
2009-11-12,0.254,0.667,1.388,2.119,2.238
2009-11-13,0.249,0.631,1.355,2.1,2.227
2009-11-16,0.245,0.628,1.351,2.091,2.222
2009-11-17,0.24,0.603,1.324,2.066,2.202
2009-11-18,0.235,0.599,1.319,2.066,2.207
2009-11-19,0.236,0.603,1.319,2.051,2.19
2009-11-20,0.246,0.608,1.326,2.047,2.185
2009-11-24,0.251,0.603,1.317,2.038,2.181
2009-11-25,0.24,0.601,1.322,2.051,2.194
2009-11-26,0.24,0.592,1.309,2.037,2.179
2009-11-27,0.225,0.558,1.277,2.019,2.154
2009-11-30,0.225,0.559,1.29,2.031,2.163
2009-12-01,0.165,0.479,1.223,1.974,2.116
2009-12-02,0.175,0.498,1.242,1.978,2.114
2009-12-03,0.169,0.5,1.258,2.017,2.145
2009-12-04,0.169,0.511,1.281,2.058,2.187
2009-12-07,0.174,0.521,1.279,2.063,2.195
2009-12-08,0.18,0.515,1.264,2.06,2.205
2009-12-09,0.179,0.495,1.236,2.039,2.191
2009-12-10,0.179,0.494,1.242,2.031,2.191
2009-12-11,0.169,0.502,1.278,2.067,2.231
2009-12-14,0.17,0.504,1.298,2.077,2.236
2009-12-15,0.165,0.495,1.28,2.104,2.249
2009-12-16,0.165,0.477,1.257,2.115,2.271
2009-12-17,0.165,0.491,1.248,2.099,2.253
2009-12-18,0.159,0.453,1.23,2.069,2.228
2009-12-21,0.155,0.431,1.219,2.052,2.215
2009-12-22,0.155,0.454,1.252,2.079,2.252
2009-12-24,0.155,0.463,1.264,2.088,2.259
2009-12-25,0.155,0.471,1.274,2.092,2.259
2009-12-28,0.155,0.488,1.303,2.114,2.28
2009-12-29,0.146,0.478,1.299,2.106,2.271
2009-12-30,0.136,0.469,1.289,2.096,2.255
2010-01-04,0.147,0.495,1.322,2.11,2.266
2010-01-05,0.148,0.491,1.329,2.119,2.275
2010-01-06,0.154,0.502,1.337,2.128,2.28
2010-01-07,0.154,0.506,1.345,2.144,2.294
2010-01-08,0.164,0.521,1.359,2.147,2.297
2010-01-12,0.164,0.519,1.355,2.144,2.293
2010-01-13,0.164,0.509,1.333,2.132,2.283
2010-01-14,0.159,0.526,1.339,2.125,2.268
2010-01-15,0.155,0.524,1.329,2.12,2.265
2010-01-18,0.16,0.524,1.326,2.123,2.268
2010-01-19,0.16,0.521,1.336,2.137,2.284
2010-01-20,0.161,0.521,1.341,2.137,2.289
2010-01-21,0.161,0.532,1.349,2.133,2.289
2010-01-22,0.161,0.522,1.331,2.123,2.281
2010-01-25,0.162,0.527,1.346,2.128,2.286
2010-01-26,0.157,0.509,1.328,2.112,2.27
2010-01-27,0.156,0.498,1.319,2.108,2.267
2010-01-28,0.155,0.505,1.323,2.104,2.266
2010-01-29,0.155,0.505,1.33,2.116,2.274
2010-02-01,0.155,0.514,1.344,2.124,2.282
2010-02-02,0.155,0.536,1.36,2.142,2.298
2010-02-03,0.155,0.541,1.368,2.151,2.306
2010-02-04,0.155,0.557,1.386,2.159,2.309
2010-02-05,0.155,0.546,1.376,2.147,2.301
2010-02-08,0.155,0.537,1.368,2.142,2.298
2010-02-09,0.155,0.53,1.353,2.14,2.292
2010-02-10,0.154,0.526,1.342,2.148,2.298
2010-02-12,0.154,0.537,1.342,2.145,2.294
2010-02-15,0.16,0.532,1.339,2.154,2.306
2010-02-16,0.16,0.522,1.341,2.164,2.316
2010-02-17,0.155,0.522,1.341,2.161,2.312
2010-02-18,0.155,0.521,1.337,2.157,2.309
2010-02-19,0.155,0.53,1.351,2.166,2.318
2010-02-22,0.156,0.546,1.361,2.166,2.317
2010-02-23,0.156,0.542,1.351,2.158,2.305
2010-02-24,0.156,0.531,1.341,2.157,2.305
2010-02-25,0.155,0.517,1.318,2.141,2.292
2010-02-26,0.155,0.522,1.318,2.137,2.28
2010-03-01,0.155,0.526,1.328,2.141,2.285
2010-03-02,0.155,0.523,1.327,2.145,2.29
2010-03-03,0.155,0.524,1.328,2.146,2.293
2010-03-04,0.145,0.508,1.324,2.151,2.3
2010-03-05,0.14,0.495,1.305,2.143,2.297
2010-03-08,0.14,0.5,1.316,2.152,2.302
2010-03-09,0.14,0.496,1.302,2.142,2.292
2010-03-10,0.14,0.5,1.303,2.141,2.284
2010-03-11,0.14,0.498,1.317,2.146,2.288
2010-03-12,0.14,0.514,1.341,2.149,2.285
2010-03-15,0.145,0.509,1.343,2.155,2.288
2010-03-16,0.145,0.499,1.343,2.166,2.3
2010-03-17,0.145,0.506,1.348,2.167,2.305
2010-03-18,0.145,0.526,1.367,2.171,2.3
2010-03-19,0.145,0.52,1.364,2.166,2.293
2010-03-23,0.146,0.507,1.349,2.148,2.275
2010-03-24,0.146,0.501,1.34,2.135,2.263
2010-03-25,0.152,0.528,1.363,2.14,2.267
2010-03-26,0.157,0.545,1.378,2.139,2.267
2010-03-29,0.162,0.558,1.402,2.169,2.296
2010-03-30,0.162,0.549,1.395,2.18,2.304
2010-03-31,0.167,0.553,1.395,2.17,2.292
2010-04-01,0.163,0.529,1.36,2.14,2.266
2010-04-02,0.163,0.531,1.36,2.128,2.238
2010-04-05,0.163,0.545,1.387,2.127,2.238
2010-04-06,0.159,0.552,1.402,2.145,2.253
2010-04-07,0.159,0.557,1.402,2.14,2.259
2010-04-08,0.155,0.551,1.388,2.11,2.226
2010-04-09,0.155,0.549,1.389,2.119,2.23
2010-04-12,0.155,0.561,1.404,2.131,2.238
2010-04-13,0.16,0.54,1.387,2.128,2.234
2010-04-14,0.16,0.538,1.377,2.131,2.238
2010-04-15,0.165,0.537,1.373,2.131,2.238
2010-04-16,0.165,0.52,1.355,2.119,2.229
2010-04-19,0.16,0.496,1.328,2.105,2.217
2010-04-20,0.16,0.503,1.337,2.111,2.221
2010-04-21,0.16,0.508,1.347,2.119,2.225
2010-04-22,0.16,0.494,1.329,2.101,2.209
2010-04-23,0.16,0.491,1.329,2.088,2.196
2010-04-26,0.165,0.506,1.338,2.088,2.192
2010-04-27,0.162,0.5,1.324,2.07,2.175
2010-04-28,0.16,0.471,1.3,2.061,2.165
2010-04-30,0.16,0.475,1.301,2.052,2.15
2010-05-06,0.16,0.473,1.293,2.039,2.137
2010-05-07,0.16,0.473,1.298,2.058,2.157
2010-05-10,0.16,0.498,1.327,2.076,2.17
2010-05-11,0.16,0.49,1.332,2.089,2.183
2010-05-12,0.155,0.476,1.317,2.081,2.175
2010-05-13,0.16,0.484,1.325,2.089,2.183
2010-05-14,0.16,0.477,1.316,2.094,2.191
2010-05-17,0.16,0.467,1.303,2.088,2.191
2010-05-18,0.165,0.478,1.317,2.101,2.204
2010-05-19,0.165,0.467,1.308,2.101,2.208
2010-05-20,0.16,0.448,1.281,2.055,2.163
2010-05-21,0.155,0.437,1.262,2.019,2.119
2010-05-24,0.16,0.453,1.277,2.031,2.129
2010-05-25,0.16,0.437,1.244,2.014,2.11
2010-05-26,0.16,0.439,1.234,1.987,2.073
2010-05-27,0.16,0.461,1.272,2.022,2.107
2010-05-28,0.16,0.458,1.278,2.022,2.103
2010-05-31,0.16,0.456,1.284,2.036,2.116
2010-06-01,0.155,0.453,1.28,2.041,2.125
2010-06-02,0.155,0.438,1.261,2.024,2.116
2010-06-03,0.15,0.434,1.271,2.017,2.108
2010-06-04,0.145,0.411,1.262,2.025,2.12
2010-06-07,0.145,0.395,1.22,1.99,2.086
2010-06-08,0.145,0.406,1.229,2.003,2.099
2010-06-09,0.145,0.394,1.203,1.986,2.082
2010-06-10,0.145,0.394,1.202,1.982,2.078
2010-06-11,0.15,0.418,1.229,1.993,2.086
2010-06-14,0.155,0.415,1.231,1.988,2.077
2010-06-15,0.155,0.409,1.228,1.993,2.086
2010-06-16,0.155,0.409,1.238,2.0,2.093
2010-06-17,0.155,0.404,1.224,1.996,2.099
2010-06-18,0.155,0.396,1.201,1.974,2.085
2010-06-21,0.155,0.4,1.22,1.987,2.099
2010-06-22,0.151,0.386,1.192,1.961,2.068
2010-06-23,0.15,0.387,1.174,1.94,2.042
2010-06-24,0.15,0.383,1.15,1.904,1.999
2010-06-25,0.15,0.383,1.15,1.891,1.989
2010-06-28,0.15,0.378,1.16,1.9,2.001
2010-06-29,0.145,0.358,1.123,1.869,1.97
2010-06-30,0.145,0.35,1.095,1.829,1.931
2010-07-01,0.14,0.33,1.073,1.788,1.89
2010-07-02,0.14,0.334,1.106,1.789,1.89
2010-07-05,0.14,0.341,1.12,1.807,1.908
2010-07-06,0.14,0.345,1.14,1.834,1.937
2010-07-07,0.14,0.352,1.145,1.865,1.967
2010-07-08,0.14,0.362,1.144,1.878,1.989
2010-07-09,0.14,0.377,1.16,1.901,2.012
2010-07-12,0.14,0.368,1.127,1.852,1.964
2010-07-13,0.145,0.374,1.133,1.848,1.959
2010-07-14,0.145,0.381,1.146,1.861,1.969
2010-07-15,0.145,0.352,1.09,1.807,1.916
2010-07-16,0.14,0.355,1.095,1.811,1.916
2010-07-20,0.145,0.356,1.102,1.821,1.924
2010-07-21,0.145,0.35,1.098,1.83,1.933
2010-07-22,0.144,0.341,1.069,1.797,1.902
2010-07-23,0.144,0.361,1.079,1.793,1.893
2010-07-26,0.145,0.361,1.076,1.775,1.871
2010-07-27,0.145,0.357,1.064,1.753,1.849
2010-07-28,0.145,0.372,1.099,1.779,1.876
2010-07-29,0.145,0.362,1.09,1.762,1.867
2010-07-30,0.145,0.361,1.081,1.753,1.852
2010-08-02,0.145,0.357,1.062,1.721,1.817
2010-08-03,0.145,0.369,1.052,1.708,1.799
2010-08-04,0.14,0.348,1.014,1.664,1.754
2010-08-05,0.14,0.354,1.048,1.693,1.784
2010-08-06,0.14,0.358,1.072,1.721,1.813
2010-08-09,0.14,0.348,1.034,1.668,1.758
2010-08-10,0.136,0.364,1.049,1.682,1.772
2010-08-11,0.136,0.339,1.03,1.647,1.735
2010-08-12,0.136,0.311,1.02,1.628,1.717
2010-08-13,0.131,0.298,1.003,1.634,1.725
2010-08-16,0.135,0.285,0.97,1.617,1.712
2010-08-17,0.13,0.286,0.961,1.584,1.676
2010-08-18,0.12,0.274,0.944,1.58,1.676
2010-08-19,0.115,0.276,0.957,1.586,1.685
2010-08-20,0.114,0.269,0.953,1.585,1.68
2010-08-23,0.114,0.271,0.962,1.595,1.691
2010-08-24,0.119,0.27,0.948,1.561,1.666
2010-08-25,0.125,0.265,0.93,1.529,1.633
2010-08-26,0.121,0.272,0.964,1.574,1.678
2010-08-27,0.129,0.296,1.029,1.691,1.799
2010-08-30,0.129,0.3,1.05,1.722,1.832
2010-08-31,0.119,0.265,0.992,1.661,1.767
2010-09-01,0.119,0.291,1.051,1.74,1.854
2010-09-02,0.124,0.319,1.099,1.804,1.924
2010-09-03,0.129,0.331,1.123,1.841,1.976
2010-09-06,0.149,0.392,1.177,1.875,2.012
2010-09-07,0.139,0.363,1.131,1.84,1.977
2010-09-08,0.134,0.328,1.116,1.867,2.007
2010-09-09,0.134,0.327,1.113,1.875,2.015
2010-09-10,0.144,0.376,1.14,1.885,2.016
2010-09-13,0.14,0.38,1.137,1.898,2.028
2010-09-14,0.14,0.37,1.122,1.891,2.012
2010-09-15,0.13,0.306,1.038,1.767,1.889
2010-09-16,0.125,0.296,1.038,1.803,1.928
2010-09-17,0.125,0.3,1.066,1.847,1.974
2010-09-21,0.126,0.291,1.042,1.808,1.934
2010-09-22,0.126,0.285,1.024,1.777,1.906
2010-09-24,0.131,0.286,0.997,1.746,1.874
2010-09-27,0.137,0.292,0.999,1.754,1.883
2010-09-28,0.134,0.274,0.965,1.715,1.851
2010-09-29,0.135,0.268,0.926,1.674,1.813
2010-09-30,0.132,0.262,0.937,1.697,1.838
2010-10-01,0.128,0.254,0.962,1.72,1.861
2010-10-04,0.126,0.251,0.943,1.693,1.836
2010-10-05,0.113,0.224,0.919,1.7,1.849
2010-10-06,0.113,0.203,0.848,1.662,1.827
2010-10-07,0.119,0.229,0.869,1.689,1.853
2010-10-08,0.119,0.228,0.87,1.726,1.912
2010-10-12,0.12,0.231,0.857,1.713,1.9
2010-10-13,0.125,0.244,0.882,1.757,1.946
2010-10-14,0.12,0.244,0.882,1.77,1.966
2010-10-15,0.125,0.26,0.883,1.765,1.958
2010-10-18,0.125,0.26,0.878,1.761,1.954
2010-10-19,0.13,0.279,0.888,1.774,1.963
2010-10-20,0.13,0.279,0.898,1.779,1.966
2010-10-21,0.13,0.279,0.891,1.772,1.963
2010-10-22,0.136,0.29,0.894,1.763,1.951
2010-10-25,0.136,0.297,0.904,1.754,1.937
2010-10-26,0.136,0.291,0.909,1.758,1.932
2010-10-27,0.137,0.302,0.953,1.81,1.979
2010-10-28,0.132,0.281,0.915,1.799,1.963
2010-10-29,0.137,0.301,0.937,1.819,1.979
2010-11-01,0.138,0.302,0.952,1.814,1.972
2010-11-02,0.138,0.307,0.948,1.796,1.954
2010-11-04,0.135,0.298,0.931,1.797,1.958
2010-11-05,0.135,0.311,0.941,1.825,1.99
2010-11-08,0.139,0.33,0.969,1.842,2.004
2010-11-09,0.139,0.344,0.983,1.845,1.996
2010-11-10,0.139,0.36,1.002,1.849,1.996
2010-11-11,0.14,0.357,1.013,1.878,2.019
2010-11-12,0.149,0.352,1.01,1.887,2.027
2010-11-15,0.15,0.387,1.057,1.928,2.066
2010-11-16,0.145,0.357,1.038,1.893,2.039
2010-11-17,0.151,0.387,1.066,1.901,2.046
2010-11-18,0.161,0.419,1.113,1.943,2.094
2010-11-19,0.156,0.39,1.071,1.906,2.06
2010-11-22,0.161,0.43,1.132,1.94,2.088
2010-11-24,0.162,0.412,1.131,1.928,2.072
2010-11-25,0.169,0.435,1.154,1.926,2.065
2010-11-26,0.189,0.478,1.187,1.942,2.065
2010-11-29,0.196,0.477,1.18,1.951,2.065
2010-11-30,0.188,0.458,1.19,1.977,2.082
2010-12-01,0.179,0.413,1.161,1.96,2.064
2010-12-02,0.182,0.436,1.194,1.986,2.085
2010-12-03,0.184,0.45,1.2,2.017,2.118
2010-12-06,0.174,0.412,1.153,1.992,2.105
2010-12-07,0.179,0.432,1.168,2.03,2.155
2010-12-08,0.208,0.536,1.235,2.068,2.183
2010-12-09,0.224,0.562,1.254,2.094,2.206
2010-12-10,0.219,0.518,1.195,2.057,2.167
2010-12-13,0.235,0.579,1.242,2.09,2.182
2010-12-14,0.23,0.539,1.242,2.061,2.152
2010-12-15,0.225,0.531,1.251,2.049,2.14
2010-12-16,0.215,0.535,1.266,2.061,2.15
2010-12-17,0.2,0.471,1.191,1.987,2.092
2010-12-20,0.201,0.47,1.181,1.979,2.087
2010-12-21,0.206,0.492,1.177,1.961,2.087
2010-12-22,0.214,0.476,1.143,1.916,2.045
2010-12-24,0.214,0.483,1.154,1.917,2.047
2010-12-27,0.204,0.468,1.165,1.944,2.071
2010-12-28,0.197,0.443,1.137,1.917,2.04
2010-12-29,0.192,0.45,1.165,1.921,2.039
2010-12-30,0.167,0.399,1.127,1.881,1.994
2011-01-04,0.173,0.426,1.167,1.922,2.031
2011-01-05,0.168,0.421,1.162,1.939,2.051
2011-01-06,0.178,0.48,1.214,1.982,2.087
2011-01-07,0.173,0.47,1.2,1.961,2.075
2011-01-11,0.165,0.451,1.192,1.966,2.087
2011-01-12,0.17,0.457,1.179,1.988,2.107
2011-01-13,0.179,0.482,1.193,1.997,2.108
2011-01-14,0.185,0.492,1.203,2.023,2.129
2011-01-17,0.19,0.518,1.218,2.051,2.156
2011-01-18,0.195,0.504,1.228,2.046,2.156
2011-01-19,0.196,0.54,1.266,2.073,2.182
2011-01-20,0.185,0.495,1.214,2.002,2.128
2011-01-21,0.186,0.494,1.217,1.994,2.12
2011-01-24,0.197,0.506,1.237,2.007,2.128
2011-01-25,0.202,0.531,1.257,2.006,2.124
2011-01-26,0.202,0.516,1.238,1.974,2.09
2011-01-27,0.195,0.499,1.232,1.98,2.1
2011-01-28,0.195,0.489,1.224,1.981,2.108
2011-01-31,0.195,0.496,1.22,1.99,2.123
2011-02-01,0.195,0.512,1.237,1.998,2.136
2011-02-02,0.195,0.512,1.231,1.985,2.127
2011-02-03,0.2,0.537,1.244,1.968,2.111
2011-02-04,0.208,0.563,1.288,2.007,2.143
2011-02-07,0.213,0.57,1.292,2.012,2.139
2011-02-08,0.222,0.593,1.322,2.052,2.167
2011-02-09,0.238,0.62,1.334,2.051,2.159
2011-02-10,0.238,0.604,1.312,2.042,2.143
2011-02-14,0.23,0.601,1.312,2.065,2.163
2011-02-15,0.23,0.591,1.308,2.05,2.153
2011-02-16,0.245,0.627,1.352,2.073,2.174
2011-02-17,0.236,0.617,1.343,2.066,2.166
2011-02-18,0.226,0.594,1.311,2.057,2.158
2011-02-21,0.232,0.609,1.318,2.062,2.163
2011-02-22,0.222,0.573,1.288,2.056,2.171
2011-02-23,0.222,0.549,1.259,2.021,2.143
2011-02-24,0.231,0.542,1.239,1.999,2.118
2011-02-25,0.235,0.564,1.255,2.0,2.12
2011-02-28,0.237,0.566,1.266,2.008,2.124
2011-03-01,0.238,0.572,1.3,2.039,2.15
2011-03-02,0.228,0.546,1.261,2.018,2.139
2011-03-03,0.229,0.555,1.286,2.05,2.175
2011-03-04,0.229,0.57,1.291,2.049,2.171
2011-03-07,0.221,0.548,1.269,2.048,2.179
2011-03-08,0.222,0.562,1.288,2.061,2.184
2011-03-09,0.227,0.582,1.293,2.052,2.175
2011-03-10,0.228,0.593,1.298,2.055,2.178
2011-03-11,0.214,0.539,1.247,2.025,2.149
2011-03-14,0.175,0.476,1.209,2.038,2.166
2011-03-15,0.215,0.496,1.214,2.078,2.211
2011-03-16,0.225,0.512,1.223,2.07,2.207
2011-03-17,0.225,0.503,1.205,2.04,2.18
2011-03-18,0.21,0.483,1.21,2.035,2.172
2011-03-22,0.211,0.503,1.249,2.061,2.195
2011-03-23,0.216,0.487,1.221,2.038,2.171
2011-03-24,0.209,0.479,1.21,2.022,2.154
2011-03-25,0.2,0.469,1.221,2.026,2.157
2011-03-28,0.206,0.48,1.241,2.053,2.174
2011-03-29,0.207,0.48,1.232,2.057,2.182
2011-03-30,0.202,0.491,1.246,2.053,2.182
2011-03-31,0.208,0.495,1.255,2.057,2.179
2011-04-01,0.205,0.51,1.28,2.057,2.179
2011-04-04,0.206,0.509,1.296,2.079,2.2
2011-04-05,0.207,0.513,1.277,2.084,2.208
2011-04-06,0.206,0.528,1.296,2.088,2.216
2011-04-07,0.202,0.547,1.311,2.106,2.239
2011-04-08,0.199,0.554,1.321,2.106,2.249
2011-04-11,0.199,0.55,1.326,2.106,2.25
2011-04-12,0.195,0.558,1.333,2.114,2.245
2011-04-13,0.199,0.555,1.32,2.096,2.229
2011-04-14,0.2,0.535,1.297,2.083,2.22
2011-04-15,0.205,0.535,1.289,2.071,2.212
2011-04-18,0.2,0.526,1.261,2.057,2.199
2011-04-19,0.201,0.505,1.247,2.036,2.179
2011-04-20,0.201,0.505,1.238,2.027,2.167
2011-04-21,0.201,0.506,1.238,2.019,2.15
2011-04-22,0.201,0.497,1.225,2.005,2.124
2011-04-25,0.206,0.508,1.238,2.019,2.14
2011-04-26,0.2,0.494,1.23,2.015,2.14
2011-04-27,0.197,0.489,1.226,2.023,2.144
2011-04-28,0.189,0.479,1.217,2.019,2.141
2011-05-02,0.186,0.47,1.219,2.024,2.145
2011-05-06,0.179,0.431,1.158,1.967,2.09
2011-05-09,0.184,0.443,1.164,1.958,2.078
2011-05-10,0.184,0.436,1.155,1.945,2.069
2011-05-11,0.185,0.432,1.145,1.923,2.047
2011-05-12,0.18,0.436,1.141,1.91,2.034
2011-05-13,0.18,0.434,1.132,1.905,2.033
2011-05-16,0.18,0.447,1.147,1.919,2.049
2011-05-17,0.18,0.454,1.167,1.953,2.083
2011-05-18,0.18,0.455,1.167,1.963,2.092
2011-05-19,0.18,0.464,1.167,1.953,2.078
2011-05-20,0.18,0.443,1.144,1.931,2.057
2011-05-23,0.18,0.441,1.145,1.947,2.074
2011-05-24,0.18,0.434,1.14,1.942,2.069
2011-05-25,0.175,0.43,1.139,1.928,2.058
2011-05-26,0.181,0.45,1.159,1.916,2.05
2011-05-27,0.18,0.426,1.135,1.894,2.024
2011-05-30,0.175,0.42,1.14,1.903,2.032
2011-05-31,0.175,0.443,1.169,1.942,2.071
2011-06-01,0.17,0.457,1.177,1.948,2.08
2011-06-02,0.16,0.421,1.134,1.915,2.051
2011-06-03,0.155,0.418,1.129,1.901,2.04
2011-06-06,0.16,0.434,1.139,1.916,2.056
2011-06-07,0.17,0.45,1.154,1.931,2.073
2011-06-08,0.17,0.447,1.15,1.92,2.063
2011-06-09,0.17,0.418,1.129,1.902,2.055
2011-06-10,0.17,0.414,1.13,1.923,2.083
2011-06-13,0.17,0.417,1.137,1.93,2.094
2011-06-14,0.17,0.429,1.146,1.921,2.082
2011-06-15,0.18,0.445,1.156,1.922,2.082
2011-06-16,0.175,0.419,1.119,1.896,2.052
2011-06-17,0.17,0.414,1.119,1.909,2.069
2011-06-20,0.17,0.406,1.119,1.9,2.056
2011-06-21,0.17,0.41,1.125,1.896,2.05
2011-06-22,0.16,0.407,1.125,1.896,2.052
2011-06-23,0.155,0.401,1.112,1.892,2.046
2011-06-24,0.155,0.397,1.111,1.878,2.029
2011-06-27,0.155,0.388,1.102,1.879,2.027
2011-06-28,0.157,0.388,1.093,1.87,2.019
2011-06-29,0.162,0.409,1.121,1.883,2.032
2011-06-30,0.167,0.429,1.138,1.887,2.035
2011-07-01,0.163,0.43,1.145,1.888,2.04
2011-07-04,0.16,0.435,1.162,1.91,2.071
2011-07-05,0.16,0.439,1.172,1.928,2.097
2011-07-06,0.16,0.445,1.182,1.936,2.11
2011-07-07,0.16,0.446,1.178,1.941,2.115
2011-07-08,0.16,0.45,1.178,1.936,2.109
2011-07-11,0.155,0.426,1.145,1.915,2.087
2011-07-12,0.155,0.402,1.117,1.884,2.057
2011-07-13,0.155,0.406,1.113,1.879,2.042
2011-07-14,0.15,0.378,1.085,1.856,2.022
2011-07-15,0.15,0.38,1.099,1.878,2.038
2011-07-19,0.15,0.372,1.081,1.858,2.02
2011-07-20,0.15,0.378,1.091,1.863,2.028
2011-07-21,0.161,0.397,1.106,1.867,2.036
2011-07-22,0.161,0.398,1.111,1.866,2.032
2011-07-25,0.161,0.39,1.103,1.867,2.032
2011-07-26,0.161,0.391,1.107,1.867,2.032
2011-07-27,0.161,0.381,1.098,1.867,2.032
2011-07-28,0.155,0.376,1.088,1.867,2.032
2011-07-29,0.155,0.381,1.095,1.863,2.031
2011-08-01,0.155,0.382,1.095,1.854,2.024
2011-08-02,0.15,0.367,1.057,1.825,1.998
2011-08-03,0.147,0.358,1.028,1.775,1.954
2011-08-04,0.147,0.365,1.033,1.779,1.953
2011-08-05,0.137,0.348,1.019,1.775,1.945
2011-08-08,0.135,0.343,1.026,1.793,1.961
2011-08-09,0.135,0.362,1.061,1.834,2.019
2011-08-10,0.135,0.355,1.06,1.829,1.993
2011-08-11,0.14,0.348,1.056,1.839,2.001
2011-08-12,0.145,0.355,1.065,1.861,2.023
2011-08-15,0.15,0.356,1.062,1.861,2.023
2011-08-16,0.145,0.356,1.057,1.866,2.04
2011-08-17,0.145,0.349,1.044,1.84,2.02
2011-08-18,0.145,0.338,1.02,1.81,1.988
2011-08-19,0.14,0.32,1.01,1.804,1.979
2011-08-22,0.129,0.306,1.012,1.812,1.984
2011-08-23,0.129,0.322,1.036,1.836,2.006
2011-08-24,0.129,0.315,1.037,1.836,2.006
2011-08-25,0.135,0.34,1.062,1.855,2.026
2011-08-26,0.134,0.348,1.066,1.855,2.023
2011-08-29,0.134,0.332,1.044,1.843,2.014
2011-08-30,0.141,0.347,1.045,1.838,2.009
2011-08-31,0.136,0.353,1.056,1.839,2.02
2011-09-01,0.142,0.373,1.075,1.856,2.045
2011-09-02,0.142,0.364,1.056,1.844,2.041
2011-09-05,0.142,0.334,1.009,1.808,2.01
2011-09-06,0.137,0.322,0.981,1.781,1.978
2011-09-07,0.138,0.341,1.0,1.789,1.983
2011-09-08,0.138,0.353,1.011,1.794,1.987
2011-09-09,0.138,0.35,1.001,1.781,1.97
2011-09-12,0.139,0.34,0.997,1.781,1.97
2011-09-13,0.139,0.35,1.002,1.751,1.95
2011-09-14,0.135,0.34,0.993,1.747,1.941
2011-09-15,0.135,0.34,0.993,1.743,1.933
2011-09-16,0.135,0.351,1.008,1.752,1.933
2011-09-20,0.13,0.337,0.995,1.743,1.921
2011-09-21,0.13,0.344,0.991,1.734,1.912
2011-09-22,0.125,0.346,0.986,1.69,1.87
2011-09-26,0.12,0.348,0.983,1.698,1.877
2011-09-27,0.126,0.357,1.007,1.72,1.899
2011-09-28,0.126,0.361,1.012,1.739,1.925
2011-09-29,0.132,0.361,1.008,1.728,1.919
2011-09-30,0.137,0.374,1.032,1.731,1.925
2011-10-03,0.139,0.364,1.032,1.735,1.93
2011-10-04,0.136,0.35,0.994,1.717,1.917
2011-10-05,0.136,0.344,0.972,1.704,1.914
2011-10-06,0.137,0.344,0.976,1.718,1.925
2011-10-07,0.137,0.351,0.986,1.709,1.913
2011-10-11,0.139,0.356,0.996,1.709,1.913
2011-10-12,0.139,0.362,1.002,1.714,1.919
2011-10-13,0.139,0.377,1.022,1.74,1.946
2011-10-14,0.135,0.381,1.022,1.735,1.939
2011-10-17,0.135,0.388,1.028,1.753,1.959
2011-10-18,0.145,0.388,1.028,1.753,1.959
2011-10-19,0.145,0.388,1.028,1.762,1.972
2011-10-20,0.146,0.378,1.014,1.762,1.972
2011-10-21,0.146,0.378,1.014,1.77,1.976
2011-10-24,0.146,0.383,1.029,1.774,1.98
2011-10-25,0.146,0.379,1.025,1.764,1.968
2011-10-26,0.142,0.358,1.001,1.745,1.952
2011-10-27,0.141,0.365,1.021,1.761,1.96
2011-10-28,0.143,0.385,1.05,1.78,1.98
2011-10-31,0.143,0.392,1.056,1.789,1.985
2011-11-01,0.143,0.381,1.032,1.781,1.977
2011-11-02,0.139,0.361,1.003,1.745,1.947
2011-11-04,0.136,0.357,1.0,1.737,1.944
2011-11-07,0.134,0.353,1.001,1.746,1.956
2011-11-08,0.13,0.346,0.992,1.746,1.96
2011-11-09,0.13,0.358,0.992,1.752,1.968
2011-11-10,0.13,0.348,0.978,1.729,1.939
2011-11-11,0.125,0.354,0.979,1.719,1.919
2011-11-14,0.13,0.358,0.99,1.737,1.938
2011-11-15,0.13,0.343,0.981,1.728,1.93
2011-11-16,0.13,0.33,0.966,1.729,1.943
2011-11-17,0.125,0.33,0.972,1.729,1.952
2011-11-18,0.12,0.32,0.961,1.718,1.94
2011-11-21,0.125,0.326,0.972,1.72,1.936
2011-11-22,0.125,0.332,0.983,1.721,1.931
2011-11-24,0.129,0.34,0.999,1.727,1.928
2011-11-25,0.14,0.371,1.043,1.771,1.961
2011-11-28,0.145,0.4,1.072,1.802,1.99
2011-11-29,0.145,0.406,1.08,1.806,1.986
2011-11-30,0.14,0.397,1.082,1.807,1.986
2011-12-01,0.135,0.393,1.082,1.807,1.99
2011-12-02,0.13,0.375,1.063,1.787,1.977
2011-12-05,0.125,0.371,1.045,1.77,1.968
2011-12-06,0.125,0.371,1.04,1.764,1.961
2011-12-07,0.13,0.376,1.045,1.774,1.974
2011-12-08,0.13,0.373,1.035,1.774,1.958
2011-12-09,0.13,0.363,1.012,1.755,1.937
2011-12-12,0.13,0.37,1.017,1.755,1.946
2011-12-13,0.13,0.35,0.998,1.744,1.945
2011-12-14,0.13,0.345,0.993,1.74,1.931
2011-12-15,0.125,0.345,0.982,1.744,1.936
2011-12-16,0.13,0.345,0.984,1.744,1.939
2011-12-19,0.13,0.345,0.975,1.735,1.932
2011-12-20,0.13,0.345,0.981,1.731,1.924
2011-12-21,0.134,0.346,0.981,1.731,1.926
2011-12-22,0.13,0.346,0.982,1.739,1.937
2011-12-26,0.13,0.349,0.982,1.74,1.937
2011-12-27,0.131,0.349,0.987,1.736,1.929
2011-12-28,0.131,0.353,1.002,1.753,1.946
2011-12-29,0.131,0.353,0.998,1.754,1.942
2011-12-30,0.131,0.343,0.987,1.74,1.921
2012-01-04,0.132,0.35,0.997,1.748,1.933
2012-01-05,0.127,0.34,0.993,1.745,1.934
2012-01-06,0.127,0.34,0.989,1.748,1.937
2012-01-10,0.128,0.341,0.986,1.741,1.927
2012-01-11,0.129,0.341,0.977,1.737,1.93
2012-01-12,0.129,0.342,0.964,1.737,1.938
2012-01-13,0.129,0.342,0.955,1.729,1.938
2012-01-16,0.125,0.339,0.945,1.715,1.923
2012-01-17,0.125,0.349,0.97,1.737,1.938
2012-01-18,0.126,0.347,0.975,1.741,1.938
2012-01-19,0.126,0.338,0.976,1.746,1.943
2012-01-20,0.126,0.346,0.99,1.754,1.946
2012-01-23,0.126,0.36,1.006,1.763,1.95
2012-01-24,0.127,0.364,1.015,1.763,1.946
2012-01-25,0.127,0.363,1.016,1.768,1.948
2012-01-26,0.127,0.349,0.992,1.75,1.943
2012-01-27,0.127,0.338,0.977,1.738,1.931
2012-01-30,0.127,0.339,0.97,1.733,1.931
2012-01-31,0.127,0.343,0.974,1.733,1.922
2012-02-01,0.128,0.34,0.97,1.723,1.911
2012-02-02,0.128,0.336,0.961,1.727,1.904
2012-02-03,0.128,0.333,0.962,1.724,1.907
2012-02-06,0.128,0.346,0.982,1.731,1.911
2012-02-07,0.129,0.346,0.986,1.746,1.927
2012-02-08,0.129,0.361,1.001,1.755,1.936
2012-02-09,0.124,0.357,1.001,1.757,1.943
2012-02-10,0.124,0.354,0.992,1.75,1.943
2012-02-13,0.125,0.355,0.993,1.752,1.951
2012-02-14,0.115,0.338,0.982,1.751,1.952
2012-02-15,0.105,0.331,0.98,1.751,1.952
2012-02-16,0.105,0.309,0.96,1.742,1.936
2012-02-17,0.105,0.309,0.966,1.733,1.923
2012-02-20,0.105,0.31,0.967,1.731,1.915
2012-02-21,0.105,0.319,0.981,1.746,1.928
2012-02-22,0.105,0.327,0.995,1.759,1.941
2012-02-23,0.105,0.326,0.997,1.763,1.949
2012-02-24,0.104,0.323,0.992,1.764,1.952
2012-02-27,0.104,0.316,0.992,1.769,1.952
2012-02-28,0.11,0.317,0.983,1.76,1.949
2012-02-29,0.109,0.312,0.977,1.751,1.948
2012-03-01,0.11,0.313,0.972,1.751,1.948
2012-03-02,0.11,0.318,0.986,1.764,1.955
2012-03-05,0.111,0.314,0.984,1.769,1.961
2012-03-06,0.112,0.314,0.983,1.769,1.966
2012-03-07,0.112,0.305,0.974,1.765,1.958
2012-03-08,0.113,0.299,0.983,1.77,1.954
2012-03-09,0.113,0.299,0.984,1.774,1.961
2012-03-12,0.11,0.295,0.97,1.77,1.958
2012-03-13,0.11,0.295,0.97,1.762,1.945
2012-03-14,0.105,0.315,1.004,1.783,1.958
2012-03-15,0.11,0.373,1.056,1.822,1.986
2012-03-16,0.11,0.364,1.046,1.805,1.975
2012-03-19,0.11,0.35,1.033,1.787,1.958
2012-03-21,0.111,0.345,1.019,1.774,1.946
2012-03-22,0.111,0.347,1.025,1.779,1.954
2012-03-23,0.111,0.341,1.025,1.775,1.954
2012-03-26,0.111,0.332,1.014,1.77,1.95
2012-03-27,0.11,0.332,1.015,1.774,1.954
2012-03-28,0.11,0.322,1.002,1.77,1.954
2012-03-29,0.114,0.323,0.993,1.764,1.95
2012-03-30,0.115,0.323,0.988,1.752,1.938
2012-04-02,0.116,0.344,1.014,1.774,1.959
2012-04-03,0.116,0.349,1.028,1.801,1.984
2012-04-04,0.116,0.349,1.028,1.801,1.984
2012-04-05,0.117,0.335,1.007,1.778,1.963
2012-04-06,0.113,0.318,0.992,1.771,1.963
2012-04-09,0.114,0.305,0.973,1.753,1.946
2012-04-10,0.114,0.301,0.959,1.736,1.93
2012-04-11,0.114,0.301,0.955,1.732,1.93
2012-04-12,0.114,0.302,0.955,1.727,1.921
2012-04-13,0.115,0.298,0.95,1.731,1.913
2012-04-16,0.11,0.293,0.942,1.731,1.913
2012-04-17,0.11,0.293,0.937,1.723,1.909
2012-04-18,0.11,0.3,0.946,1.728,1.909
2012-04-19,0.105,0.294,0.948,1.727,1.913
2012-04-20,0.105,0.29,0.945,1.735,1.922
2012-04-23,0.106,0.275,0.93,1.724,1.913
2012-04-24,0.106,0.28,0.943,1.726,1.918
2012-04-25,0.106,0.282,0.935,1.717,1.909
2012-04-26,0.108,0.285,0.925,1.713,1.905
2012-04-27,0.109,0.266,0.902,1.7,1.901
2012-05-01,0.108,0.267,0.893,1.679,1.88
2012-05-02,0.108,0.272,0.903,1.683,1.884
2012-05-07,0.109,0.258,0.876,1.653,1.85
2012-05-08,0.109,0.268,0.883,1.662,1.854
2012-05-09,0.109,0.258,0.869,1.653,1.845
2012-05-10,0.109,0.263,0.878,1.657,1.849
2012-05-11,0.109,0.254,0.865,1.661,1.855
2012-05-14,0.105,0.254,0.866,1.657,1.85
2012-05-15,0.105,0.259,0.871,1.649,1.837
2012-05-16,0.1,0.245,0.847,1.623,1.808
2012-05-17,0.1,0.246,0.867,1.631,1.812
2012-05-18,0.1,0.236,0.847,1.601,1.778
2012-05-21,0.1,0.249,0.877,1.639,1.815
2012-05-22,0.1,0.243,0.876,1.647,1.825
2012-05-23,0.1,0.244,0.881,1.663,1.845
2012-05-24,0.1,0.25,0.885,1.655,1.838
2012-05-25,0.1,0.249,0.899,1.684,1.87
2012-05-28,0.1,0.243,0.895,1.68,1.866
2012-05-29,0.1,0.234,0.868,1.647,1.832
2012-05-30,0.1,0.235,0.863,1.643,1.827
2012-05-31,0.1,0.225,0.848,1.625,1.81
2012-06-01,0.1,0.218,0.836,1.624,1.81
2012-06-04,0.1,0.226,0.843,1.637,1.823
2012-06-05,0.1,0.24,0.878,1.675,1.862
2012-06-06,0.1,0.232,0.863,1.668,1.862
2012-06-07,0.1,0.222,0.872,1.685,1.883
2012-06-08,0.1,0.22,0.849,1.66,1.858
2012-06-11,0.1,0.229,0.867,1.668,1.867
2012-06-12,0.1,0.218,0.845,1.665,1.867
2012-06-13,0.1,0.227,0.855,1.686,1.9
2012-06-14,0.1,0.229,0.86,1.678,1.904
2012-06-15,0.1,0.229,0.85,1.668,1.891
2012-06-18,0.1,0.226,0.837,1.663,1.875
2012-06-19,0.1,0.216,0.813,1.647,1.867
2012-06-20,0.1,0.22,0.824,1.66,1.88
2012-06-21,0.1,0.216,0.824,1.669,1.896
2012-06-22,0.1,0.217,0.828,1.661,1.892
2012-06-25,0.1,0.217,0.832,1.67,1.901
2012-06-26,0.1,0.211,0.825,1.665,1.901
2012-06-27,0.1,0.208,0.811,1.652,1.893
2012-06-28,0.1,0.212,0.821,1.648,1.884
2012-06-29,0.1,0.218,0.839,1.665,1.902
2012-07-02,0.1,0.213,0.831,1.648,1.886
2012-07-03,0.1,0.209,0.819,1.644,1.879
2012-07-04,0.1,0.209,0.819,1.653,1.89
2012-07-05,0.1,0.205,0.81,1.653,1.896
2012-07-06,0.1,0.199,0.805,1.635,1.891
2012-07-09,0.1,0.196,0.796,1.631,1.884
2012-07-10,0.1,0.196,0.797,1.626,1.865
2012-07-11,0.1,0.19,0.788,1.609,1.841
2012-07-12,0.1,0.18,0.774,1.609,1.839
2012-07-13,0.1,0.186,0.774,1.596,1.823
2012-07-17,0.1,0.187,0.775,1.583,1.811
2012-07-18,0.1,0.187,0.76,1.564,1.789
2012-07-19,0.1,0.187,0.747,1.538,1.758
2012-07-20,0.1,0.187,0.752,1.561,1.781
2012-07-23,0.1,0.178,0.733,1.539,1.767
2012-07-24,0.1,0.183,0.743,1.562,1.798
2012-07-25,0.1,0.179,0.734,1.557,1.802
2012-07-26,0.1,0.184,0.743,1.553,1.798
2012-07-27,0.1,0.189,0.753,1.562,1.806
2012-07-30,0.1,0.201,0.787,1.589,1.829
2012-07-31,0.097,0.197,0.802,1.602,1.841
2012-08-01,0.095,0.185,0.788,1.593,1.833
2012-08-02,0.094,0.185,0.783,1.602,1.846
2012-08-03,0.092,0.177,0.744,1.562,1.816
2012-08-06,0.088,0.181,0.751,1.562,1.816
2012-08-07,0.088,0.197,0.79,1.593,1.842
2012-08-08,0.091,0.203,0.809,1.615,1.868
2012-08-09,0.091,0.203,0.809,1.615,1.872
2012-08-10,0.091,0.204,0.809,1.611,1.864
2012-08-13,0.09,0.205,0.801,1.606,1.855
2012-08-14,0.095,0.205,0.806,1.611,1.859
2012-08-15,0.1,0.221,0.83,1.633,1.877
2012-08-16,0.1,0.257,0.874,1.666,1.903
2012-08-17,0.1,0.246,0.845,1.641,1.878
2012-08-20,0.1,0.251,0.856,1.653,1.89
2012-08-21,0.1,0.242,0.838,1.649,1.882
2012-08-22,0.1,0.236,0.838,1.651,1.883
2012-08-23,0.1,0.232,0.843,1.671,1.912
2012-08-24,0.1,0.222,0.825,1.662,1.907
2012-08-27,0.1,0.227,0.826,1.663,1.912
2012-08-28,0.099,0.227,0.826,1.662,1.921
2012-08-29,0.099,0.227,0.817,1.649,1.909
2012-08-30,0.1,0.226,0.822,1.655,1.909
2012-08-31,0.097,0.224,0.817,1.655,1.909
2012-09-03,0.097,0.218,0.805,1.642,1.895
2012-09-04,0.097,0.217,0.801,1.65,1.9
2012-09-05,0.097,0.212,0.792,1.638,1.889
2012-09-06,0.096,0.217,0.796,1.651,1.899
2012-09-07,0.096,0.224,0.811,1.655,1.899
2012-09-10,0.096,0.208,0.793,1.647,1.882
2012-09-11,0.095,0.204,0.793,1.647,1.879
2012-09-12,0.095,0.208,0.803,1.65,1.878
2012-09-13,0.095,0.214,0.823,1.673,1.904
2012-09-14,0.1,0.205,0.794,1.66,1.9
2012-09-18,0.1,0.216,0.81,1.686,1.925
2012-09-19,0.1,0.216,0.814,1.696,1.938
2012-09-20,0.1,0.204,0.8,1.678,1.929
2012-09-21,0.1,0.206,0.8,1.67,1.917
2012-09-24,0.1,0.201,0.792,1.661,1.909
2012-09-25,0.1,0.201,0.797,1.656,1.9
2012-09-26,0.1,0.201,0.783,1.644,1.884
2012-09-27,0.1,0.201,0.783,1.648,1.888
2012-09-28,0.1,0.198,0.774,1.648,1.892
2012-10-01,0.1,0.198,0.765,1.648,1.892
2012-10-02,0.1,0.194,0.764,1.648,1.892
2012-10-03,0.1,0.194,0.771,1.657,1.905
2012-10-04,0.1,0.198,0.771,1.653,1.9
2012-10-05,0.1,0.199,0.78,1.667,1.918
2012-10-09,0.1,0.196,0.777,1.659,1.913
2012-10-10,0.1,0.196,0.773,1.663,1.922
2012-10-11,0.1,0.196,0.758,1.654,1.918
2012-10-12,0.1,0.2,0.769,1.658,1.918
2012-10-15,0.1,0.2,0.759,1.659,1.914
2012-10-16,0.1,0.196,0.765,1.668,1.914
2012-10-17,0.1,0.197,0.775,1.68,1.927
2012-10-18,0.1,0.206,0.799,1.689,1.937
2012-10-19,0.1,0.206,0.79,1.68,1.927
2012-10-22,0.1,0.207,0.786,1.681,1.923
2012-10-23,0.1,0.207,0.791,1.698,1.943
2012-10-24,0.1,0.203,0.782,1.698,1.947
2012-10-25,0.098,0.203,0.787,1.694,1.943
2012-10-26,0.098,0.193,0.772,1.676,1.926
2012-10-29,0.098,0.193,0.781,1.689,1.939
2012-10-30,0.097,0.193,0.772,1.694,1.939
2012-10-31,0.097,0.2,0.784,1.694,1.943
2012-11-01,0.097,0.204,0.789,1.684,1.934
2012-11-02,0.097,0.208,0.789,1.685,1.935
2012-11-05,0.096,0.204,0.78,1.69,1.939
2012-11-06,0.096,0.204,0.771,1.686,1.932
2012-11-07,0.096,0.204,0.776,1.695,1.944
2012-11-08,0.096,0.2,0.756,1.667,1.917
2012-11-09,0.096,0.201,0.748,1.661,1.912
2012-11-12,0.095,0.205,0.744,1.657,1.907
2012-11-13,0.095,0.201,0.748,1.656,1.903
2012-11-14,0.1,0.202,0.754,1.665,1.907
2012-11-15,0.1,0.195,0.749,1.68,1.932
2012-11-16,0.1,0.186,0.745,1.689,1.945
2012-11-19,0.1,0.188,0.75,1.684,1.941
2012-11-20,0.1,0.188,0.746,1.675,1.93
2012-11-21,0.1,0.193,0.751,1.685,1.941
2012-11-22,0.1,0.194,0.758,1.694,1.945
2012-11-26,0.1,0.189,0.753,1.681,1.933
2012-11-27,0.098,0.189,0.753,1.676,1.929
2012-11-28,0.098,0.181,0.74,1.676,1.925
2012-11-29,0.098,0.181,0.735,1.676,1.929
2012-11-30,0.097,0.18,0.73,1.681,1.937
2012-12-03,0.097,0.18,0.727,1.685,1.94
2012-12-04,0.097,0.181,0.72,1.694,1.945
2012-12-05,0.097,0.175,0.706,1.69,1.94
2012-12-06,0.096,0.165,0.682,1.656,1.896
2012-12-07,0.096,0.165,0.701,1.66,1.896
2012-12-10,0.096,0.164,0.693,1.665,1.9
2012-12-11,0.096,0.17,0.697,1.669,1.9
2012-12-12,0.095,0.172,0.698,1.669,1.9
2012-12-13,0.095,0.171,0.723,1.707,1.938
2012-12-14,0.1,0.175,0.729,1.708,1.944
2012-12-17,0.1,0.176,0.734,1.722,1.959
2012-12-18,0.1,0.186,0.754,1.731,1.971
2012-12-19,0.1,0.184,0.778,1.74,1.981
2012-12-20,0.1,0.176,0.768,1.725,1.962
2012-12-21,0.1,0.172,0.759,1.709,1.933
2012-12-25,0.099,0.173,0.765,1.714,1.937
2012-12-26,0.098,0.183,0.784,1.74,1.956
2012-12-27,0.098,0.193,0.799,1.754,1.971
2012-12-28,0.098,0.187,0.794,1.754,1.967
2013-01-04,0.097,0.203,0.835,1.777,1.984
2013-01-07,0.096,0.204,0.835,1.786,1.992
2013-01-08,0.096,0.21,0.825,1.786,1.996
2013-01-09,0.096,0.204,0.825,1.782,1.992
2013-01-10,0.096,0.196,0.825,1.782,1.987
2013-01-11,0.08,0.173,0.816,1.782,2.001
2013-01-15,0.08,0.163,0.773,1.756,1.989
2013-01-16,0.08,0.165,0.754,1.73,1.956
2013-01-17,0.08,0.161,0.742,1.735,1.964
2013-01-18,0.075,0.155,0.759,1.761,1.989
2013-01-21,0.075,0.155,0.745,1.735,1.958
2013-01-22,0.075,0.151,0.742,1.74,1.963
2013-01-23,0.085,0.162,0.741,1.73,1.953
2013-01-24,0.085,0.155,0.742,1.753,1.967
2013-01-25,0.079,0.151,0.733,1.766,1.985
2013-01-28,0.08,0.163,0.758,1.766,1.985
2013-01-29,0.08,0.164,0.777,1.771,1.985
2013-01-30,0.08,0.163,0.787,1.779,1.994
2013-01-31,0.067,0.152,0.763,1.766,1.975
2013-02-01,0.067,0.153,0.783,1.771,1.977
2013-02-04,0.067,0.169,0.817,1.789,1.994
2013-02-05,0.067,0.164,0.803,1.78,1.99
2013-02-06,0.051,0.153,0.784,1.78,1.99
2013-02-07,0.032,0.143,0.775,1.78,1.989
2013-02-08,0.032,0.143,0.769,1.771,1.982
2013-02-12,0.031,0.145,0.76,1.758,1.964
2013-02-13,0.03,0.145,0.751,1.749,1.957
2013-02-14,0.04,0.155,0.779,1.753,1.953
2013-02-15,0.045,0.151,0.761,1.74,1.936
2013-02-18,0.045,0.151,0.757,1.735,1.92
2013-02-19,0.045,0.14,0.754,1.739,1.916
2013-02-20,0.045,0.139,0.759,1.752,1.927
2013-02-21,0.045,0.139,0.754,1.757,1.94
2013-02-22,0.045,0.138,0.744,1.736,1.92
2013-02-25,0.045,0.129,0.724,1.723,1.907
2013-02-26,0.045,0.123,0.7,1.7,1.882
2013-02-27,0.045,0.124,0.686,1.676,1.867
2013-02-28,0.045,0.123,0.681,1.634,1.833
2013-03-01,0.045,0.124,0.678,1.603,1.794
2013-03-04,0.04,0.101,0.63,1.53,1.716
2013-03-05,0.04,0.117,0.656,1.577,1.762
2013-03-06,0.04,0.112,0.662,1.602,1.785
2013-03-07,0.04,0.111,0.666,1.634,1.813
2013-03-08,0.04,0.111,0.647,1.625,1.762
2013-03-11,0.04,0.115,0.652,1.656,1.783
2013-03-12,0.04,0.12,0.632,1.63,1.758
2013-03-13,0.04,0.12,0.623,1.604,1.744
2013-03-14,0.04,0.12,0.618,1.618,1.775
2013-03-15,0.045,0.12,0.615,1.606,1.771
2013-03-18,0.045,0.11,0.585,1.574,1.746
2013-03-19,0.045,0.116,0.591,1.561,1.733
2013-03-21,0.045,0.12,0.577,1.529,1.697
2013-03-22,0.045,0.12,0.562,1.497,1.651
2013-03-25,0.039,0.12,0.558,1.457,1.589
2013-03-26,0.039,0.116,0.544,1.474,1.62
2013-03-27,0.039,0.11,0.519,1.453,1.612
2013-03-28,0.046,0.117,0.514,1.426,1.594
2013-03-29,0.057,0.131,0.564,1.406,1.555
2013-04-01,0.055,0.137,0.565,1.44,1.586
2013-04-02,0.056,0.141,0.565,1.408,1.55
2013-04-03,0.056,0.137,0.555,1.413,1.559
2013-04-04,0.058,0.131,0.442,1.176,1.291
2013-04-05,0.082,0.18,0.534,1.17,1.279
2013-04-08,0.094,0.184,0.525,1.26,1.375
2013-04-09,0.108,0.198,0.531,1.326,1.438
2013-04-10,0.123,0.27,0.585,1.386,1.497
2013-04-11,0.119,0.205,0.555,1.432,1.545
2013-04-12,0.129,0.256,0.623,1.476,1.584
2013-04-15,0.13,0.271,0.648,1.528,1.64
2013-04-16,0.13,0.263,0.595,1.501,1.633
2013-04-17,0.13,0.249,0.604,1.533,1.668
2013-04-18,0.13,0.239,0.589,1.501,1.633
2013-04-19,0.125,0.224,0.584,1.442,1.581
2013-04-22,0.125,0.23,0.612,1.482,1.628
2013-04-23,0.12,0.226,0.589,1.454,1.606
2013-04-24,0.12,0.229,0.6,1.485,1.629
2013-04-25,0.123,0.237,0.585,1.486,1.637
2013-04-26,0.124,0.248,0.594,1.483,1.631
2013-04-30,0.122,0.25,0.611,1.49,1.623
2013-05-01,0.115,0.235,0.591,1.468,1.611
2013-05-02,0.111,0.217,0.563,1.458,1.611
2013-05-07,0.112,0.233,0.598,1.49,1.647
2013-05-08,0.113,0.229,0.598,1.504,1.66
2013-05-09,0.113,0.23,0.599,1.51,1.682
2013-05-10,0.113,0.287,0.7,1.563,1.725
2013-05-13,0.125,0.339,0.778,1.615,1.767
2013-05-14,0.135,0.405,0.853,1.646,1.784
2013-05-15,0.135,0.431,0.868,1.655,1.787
2013-05-16,0.13,0.404,0.843,1.655,1.792
2013-05-17,0.13,0.377,0.806,1.652,1.793
2013-05-20,0.131,0.41,0.849,1.678,1.818
2013-05-21,0.131,0.421,0.882,1.691,1.839
2013-05-22,0.125,0.412,0.886,1.704,1.868
2013-05-23,0.12,0.366,0.835,1.673,1.843
2013-05-24,0.125,0.377,0.842,1.668,1.835
2013-05-27,0.125,0.367,0.84,1.65,1.814
2013-05-28,0.131,0.414,0.905,1.681,1.832
2013-05-29,0.142,0.44,0.937,1.684,1.826
2013-05-30,0.143,0.403,0.889,1.666,1.805
2013-05-31,0.139,0.369,0.865,1.626,1.76
2013-06-03,0.129,0.314,0.809,1.586,1.728
2013-06-04,0.124,0.339,0.869,1.658,1.801
2013-06-05,0.119,0.312,0.85,1.667,1.822
2013-06-06,0.119,0.314,0.831,1.641,1.818
2013-06-07,0.12,0.305,0.846,1.632,1.801
2013-06-10,0.125,0.3,0.833,1.644,1.807
2013-06-11,0.125,0.328,0.866,1.674,1.819
2013-06-12,0.125,0.35,0.872,1.683,1.828
2013-06-13,0.13,0.358,0.858,1.67,1.819
2013-06-14,0.13,0.33,0.814,1.667,1.811
2013-06-17,0.13,0.327,0.834,1.68,1.816
2013-06-18,0.13,0.317,0.82,1.678,1.816
2013-06-19,0.13,0.317,0.81,1.692,1.841
2013-06-20,0.129,0.337,0.834,1.727,1.866
2013-06-21,0.134,0.356,0.872,1.749,1.883
2013-06-24,0.134,0.349,0.878,1.766,1.9
2013-06-25,0.134,0.339,0.864,1.727,1.859
2013-06-26,0.139,0.339,0.864,1.709,1.837
2013-06-27,0.142,0.313,0.836,1.692,1.829
2013-06-28,0.137,0.309,0.845,1.696,1.837
2013-07-01,0.138,0.334,0.879,1.732,1.876
2013-07-02,0.138,0.33,0.889,1.745,1.9
2013-07-03,0.133,0.32,0.88,1.75,1.901
2013-07-04,0.133,0.324,0.861,1.724,1.854
2013-07-05,0.133,0.32,0.855,1.728,1.863
2013-07-08,0.134,0.331,0.879,1.75,1.884
2013-07-09,0.129,0.321,0.867,1.732,1.871
2013-07-10,0.129,0.311,0.851,1.732,1.871
2013-07-11,0.125,0.296,0.818,1.71,1.851
2013-07-12,0.125,0.3,0.818,1.715,1.854
2013-07-16,0.13,0.307,0.824,1.719,1.859
2013-07-17,0.13,0.297,0.818,1.707,1.842
2013-07-18,0.13,0.291,0.805,1.711,1.842
2013-07-19,0.13,0.29,0.804,1.716,1.846
2013-07-22,0.13,0.276,0.792,1.707,1.838
2013-07-23,0.13,0.276,0.78,1.716,1.851
2013-07-24,0.13,0.275,0.777,1.716,1.859
2013-07-25,0.129,0.296,0.801,1.73,1.867
2013-07-26,0.129,0.29,0.792,1.708,1.839
2013-07-29,0.129,0.297,0.797,1.708,1.837
2013-07-30,0.119,0.291,0.797,1.703,1.826
2013-07-31,0.119,0.292,0.797,1.707,1.825
2013-08-01,0.119,0.292,0.797,1.703,1.826
2013-08-02,0.119,0.308,0.811,1.712,1.834
2013-08-05,0.114,0.288,0.778,1.699,1.826
2013-08-06,0.114,0.292,0.788,1.721,1.851
2013-08-07,0.109,0.282,0.76,1.712,1.838
2013-08-08,0.109,0.288,0.76,1.686,1.812
2013-08-09,0.109,0.288,0.759,1.681,1.808
2013-08-12,0.11,0.293,0.754,1.664,1.796
2013-08-13,0.11,0.278,0.74,1.65,1.779
2013-08-14,0.11,0.289,0.761,1.668,1.796
2013-08-15,0.11,0.279,0.752,1.682,1.817
2013-08-16,0.11,0.286,0.767,1.692,1.825
2013-08-19,0.11,0.291,0.773,1.692,1.825
2013-08-20,0.11,0.286,0.754,1.679,1.818
2013-08-21,0.11,0.285,0.744,1.683,1.817
2013-08-22,0.111,0.301,0.759,1.696,1.822
2013-08-23,0.111,0.309,0.774,1.704,1.83
2013-08-26,0.111,0.307,0.775,1.7,1.826
2013-08-27,0.111,0.295,0.756,1.687,1.813
2013-08-28,0.111,0.28,0.731,1.66,1.788
2013-08-29,0.114,0.272,0.72,1.642,1.766
2013-08-30,0.115,0.267,0.735,1.652,1.779
2013-09-02,0.116,0.274,0.756,1.666,1.792
2013-09-03,0.116,0.279,0.764,1.693,1.818
2013-09-04,0.116,0.284,0.768,1.703,1.826
2013-09-05,0.117,0.284,0.768,1.695,1.826
2013-09-06,0.117,0.299,0.784,1.713,1.843
2013-09-09,0.118,0.28,0.75,1.685,1.822
2013-09-10,0.118,0.267,0.731,1.663,1.8
2013-09-11,0.119,0.273,0.736,1.672,1.805
2013-09-12,0.119,0.261,0.724,1.663,1.796
2013-09-13,0.119,0.265,0.722,1.668,1.8
2013-09-17,0.115,0.261,0.712,1.656,1.787
2013-09-18,0.115,0.261,0.708,1.655,1.787
2013-09-19,0.11,0.243,0.674,1.606,1.749
2013-09-20,0.1,0.256,0.694,1.607,1.746
2013-09-24,0.096,0.242,0.675,1.58,1.72
2013-09-25,0.101,0.236,0.675,1.567,1.702
2013-09-26,0.101,0.242,0.695,1.59,1.72
2013-09-27,0.1,0.236,0.685,1.585,1.715
2013-09-30,0.107,0.243,0.685,1.581,1.716
2013-10-01,0.108,0.242,0.662,1.563,1.698
2013-10-02,0.1,0.232,0.647,1.531,1.66
2013-10-03,0.097,0.218,0.642,1.513,1.642
2013-10-04,0.097,0.222,0.657,1.522,1.651
2013-10-07,0.096,0.219,0.648,1.53,1.664
2013-10-08,0.096,0.223,0.657,1.541,1.68
2013-10-09,0.096,0.229,0.657,1.527,1.664
2013-10-10,0.091,0.229,0.657,1.527,1.652
2013-10-11,0.091,0.233,0.658,1.532,1.664
2013-10-15,0.095,0.24,0.668,1.551,1.686
2013-10-16,0.095,0.223,0.644,1.529,1.665
2013-10-17,0.1,0.219,0.635,1.529,1.661
2013-10-18,0.1,0.213,0.625,1.506,1.639
2013-10-21,0.1,0.209,0.63,1.515,1.648
2013-10-22,0.101,0.209,0.626,1.498,1.635
2013-10-23,0.101,0.203,0.611,1.48,1.608
2013-10-24,0.101,0.203,0.616,1.493,1.629
2013-10-25,0.102,0.209,0.621,1.507,1.651
2013-10-28,0.102,0.21,0.622,1.507,1.647
2013-10-29,0.098,0.203,0.616,1.521,1.66
2013-10-30,0.097,0.199,0.597,1.502,1.639
2013-10-31,0.097,0.199,0.603,1.511,1.651
2013-11-01,0.097,0.195,0.603,1.526,1.666
2013-11-05,0.096,0.2,0.614,1.527,1.669
2013-11-06,0.096,0.205,0.619,1.524,1.665
2013-11-07,0.091,0.201,0.599,1.505,1.652
2013-11-08,0.091,0.201,0.594,1.487,1.634
2013-11-11,0.09,0.205,0.595,1.487,1.63
2013-11-12,0.09,0.205,0.604,1.501,1.643
2013-11-13,0.09,0.21,0.609,1.51,1.647
2013-11-14,0.095,0.201,0.605,1.511,1.652
2013-11-15,0.095,0.212,0.639,1.529,1.674
2013-11-18,0.095,0.213,0.64,1.529,1.674
2013-11-19,0.095,0.205,0.627,1.529,1.678
2013-11-20,0.095,0.201,0.622,1.516,1.674
2013-11-21,0.095,0.201,0.636,1.528,1.682
2013-11-22,0.095,0.201,0.636,1.53,1.682
2013-11-25,0.095,0.206,0.646,1.545,1.7
2013-11-26,0.095,0.198,0.626,1.526,1.674
2013-11-27,0.096,0.191,0.611,1.503,1.648
2013-11-28,0.088,0.185,0.611,1.508,1.652
2013-11-29,0.083,0.185,0.611,1.509,1.661
2013-12-02,0.082,0.186,0.622,1.519,1.674
2013-12-03,0.082,0.191,0.643,1.529,1.687
2013-12-04,0.082,0.191,0.642,1.521,1.678
2013-12-05,0.082,0.192,0.643,1.516,1.674
2013-12-06,0.086,0.21,0.667,1.544,1.7
2013-12-09,0.086,0.201,0.653,1.534,1.691
2013-12-10,0.086,0.206,0.663,1.553,1.703
2013-12-11,0.091,0.203,0.653,1.566,1.716
2013-12-12,0.09,0.199,0.653,1.557,1.713
2013-12-13,0.095,0.209,0.682,1.574,1.73
2013-12-16,0.095,0.21,0.682,1.576,1.734
2013-12-17,0.095,0.2,0.66,1.56,1.721
2013-12-18,0.1,0.2,0.653,1.529,1.683
2013-12-19,0.1,0.214,0.673,1.542,1.688
2013-12-20,0.1,0.21,0.678,1.542,1.683
2013-12-24,0.1,0.207,0.674,1.543,1.684
2013-12-25,0.098,0.211,0.689,1.548,1.688
2013-12-26,0.098,0.221,0.707,1.557,1.696
2013-12-27,0.098,0.221,0.708,1.566,1.709
2013-12-30,0.098,0.238,0.736,1.584,1.726
2014-01-06,0.091,0.229,0.725,1.572,1.718
2014-01-07,0.091,0.219,0.696,1.554,1.705
2014-01-08,0.091,0.22,0.701,1.545,1.699
2014-01-09,0.091,0.22,0.696,1.541,1.697
2014-01-10,0.091,0.214,0.696,1.541,1.693
2014-01-14,0.09,0.196,0.653,1.515,1.67
2014-01-15,0.09,0.199,0.662,1.524,1.675
2014-01-16,0.09,0.21,0.673,1.537,1.688
2014-01-17,0.09,0.21,0.674,1.551,1.701
2014-01-20,0.091,0.205,0.664,1.543,1.693
2014-01-21,0.091,0.214,0.689,1.556,1.709
2014-01-22,0.091,0.215,0.679,1.552,1.701
2014-01-23,0.091,0.21,0.661,1.511,1.666
2014-01-24,0.091,0.199,0.636,1.476,1.633
2014-01-27,0.091,0.199,0.637,1.485,1.638
2014-01-28,0.091,0.195,0.631,1.498,1.654
2014-01-29,0.091,0.203,0.641,1.499,1.654
2014-01-30,0.088,0.198,0.622,1.481,1.64
2014-01-31,0.085,0.198,0.627,1.482,1.646
2014-02-03,0.082,0.194,0.622,1.468,1.634
2014-02-04,0.082,0.194,0.607,1.45,1.612
2014-02-05,0.082,0.194,0.603,1.437,1.598
2014-02-06,0.081,0.199,0.613,1.446,1.604
2014-02-07,0.076,0.2,0.622,1.478,1.633
2014-02-10,0.071,0.195,0.609,1.485,1.645
2014-02-12,0.07,0.196,0.615,1.493,1.654
2014-02-13,0.07,0.19,0.605,1.478,1.638
2014-02-14,0.075,0.185,0.595,1.464,1.621
2014-02-17,0.07,0.189,0.61,1.474,1.63
2014-02-18,0.075,0.19,0.611,1.479,1.634
2014-02-19,0.085,0.186,0.612,1.494,1.656
2014-02-20,0.08,0.183,0.598,1.48,1.638
2014-02-21,0.08,0.187,0.608,1.49,1.656
2014-02-24,0.08,0.187,0.603,1.486,1.651
2014-02-25,0.08,0.187,0.598,1.473,1.639
2014-02-26,0.08,0.185,0.598,1.474,1.642
2014-02-27,0.073,0.185,0.599,1.477,1.656
2014-02-28,0.073,0.182,0.594,1.465,1.652
2014-03-03,0.072,0.177,0.589,1.45,1.635
2014-03-04,0.072,0.182,0.593,1.449,1.631
2014-03-05,0.072,0.186,0.607,1.465,1.643
2014-03-06,0.072,0.185,0.607,1.47,1.661
2014-03-07,0.072,0.189,0.617,1.484,1.674
2014-03-10,0.071,0.19,0.618,1.482,1.675
2014-03-11,0.071,0.194,0.623,1.486,1.683
2014-03-12,0.076,0.194,0.623,1.491,1.692
2014-03-13,0.081,0.206,0.637,1.513,1.708
2014-03-14,0.08,0.195,0.619,1.504,1.7
2014-03-17,0.08,0.196,0.619,1.508,1.7
2014-03-18,0.08,0.196,0.615,1.518,1.709
2014-03-19,0.075,0.192,0.605,1.496,1.692
2014-03-20,0.075,0.186,0.595,1.469,1.675
2014-03-24,0.074,0.192,0.605,1.483,1.692
2014-03-25,0.074,0.193,0.605,1.483,1.691
2014-03-26,0.079,0.197,0.626,1.492,1.696
2014-03-27,0.08,0.197,0.626,1.497,1.7
2014-03-28,0.088,0.197,0.626,1.493,1.696
2014-03-31,0.087,0.197,0.641,1.507,1.707
2014-04-01,0.082,0.193,0.617,1.471,1.671
2014-04-02,0.082,0.193,0.627,1.485,1.679
2014-04-03,0.082,0.198,0.642,1.498,1.689
2014-04-04,0.082,0.198,0.642,1.494,1.684
2014-04-07,0.081,0.188,0.614,1.481,1.671
2014-04-08,0.081,0.188,0.619,1.499,1.691
2014-04-09,0.081,0.188,0.614,1.503,1.701
2014-04-10,0.081,0.188,0.609,1.495,1.697
2014-04-11,0.081,0.188,0.605,1.491,1.692
2014-04-14,0.09,0.194,0.605,1.487,1.688
2014-04-15,0.09,0.188,0.606,1.488,1.688
2014-04-16,0.09,0.188,0.611,1.479,1.68
2014-04-17,0.09,0.189,0.606,1.478,1.688
2014-04-18,0.09,0.189,0.602,1.47,1.683
2014-04-21,0.09,0.189,0.607,1.475,1.693
2014-04-22,0.09,0.189,0.607,1.479,1.693
2014-04-23,0.09,0.196,0.618,1.488,1.701
2014-04-24,0.089,0.196,0.618,1.484,1.693
2014-04-25,0.088,0.196,0.628,1.489,1.697
2014-04-28,0.088,0.196,0.619,1.485,1.697
2014-04-30,0.088,0.196,0.623,1.49,1.705
2014-05-01,0.085,0.196,0.624,1.485,1.703
2014-05-02,0.085,0.19,0.614,1.481,1.706
2014-05-07,0.085,0.19,0.606,1.469,1.697
2014-05-08,0.085,0.191,0.611,1.469,1.697
2014-05-09,0.081,0.191,0.611,1.479,1.703
2014-05-12,0.081,0.192,0.616,1.492,1.71
2014-05-13,0.08,0.195,0.617,1.492,1.706
2014-05-14,0.085,0.193,0.611,1.488,1.702
2014-05-15,0.085,0.188,0.602,1.48,1.693
2014-05-16,0.085,0.188,0.593,1.475,1.69
2014-05-19,0.085,0.193,0.598,1.471,1.69
2014-05-20,0.085,0.193,0.599,1.471,1.692
2014-05-21,0.085,0.193,0.603,1.463,1.69
2014-05-22,0.085,0.194,0.609,1.468,1.695
2014-05-23,0.085,0.189,0.6,1.462,1.692
2014-05-26,0.085,0.191,0.602,1.464,1.693
2014-05-27,0.085,0.19,0.606,1.464,1.693
2014-05-28,0.091,0.185,0.598,1.455,1.685
2014-05-29,0.088,0.184,0.584,1.447,1.677
2014-05-30,0.088,0.179,0.589,1.456,1.685
2014-06-02,0.087,0.185,0.598,1.465,1.699
2014-06-03,0.087,0.185,0.601,1.46,1.696
2014-06-04,0.087,0.186,0.606,1.469,1.704
2014-06-05,0.087,0.186,0.612,1.479,1.713
2014-06-06,0.086,0.178,0.592,1.465,1.7
2014-06-09,0.086,0.186,0.593,1.466,1.704
2014-06-10,0.086,0.185,0.589,1.462,1.704
2014-06-11,0.081,0.19,0.598,1.476,1.709
2014-06-12,0.081,0.185,0.594,1.463,1.693
2014-06-13,0.081,0.185,0.599,1.467,1.684
2014-06-16,0.085,0.181,0.595,1.462,1.67
2014-06-17,0.085,0.182,0.585,1.455,1.666
2014-06-18,0.085,0.182,0.59,1.455,1.666
2014-06-19,0.085,0.176,0.585,1.469,1.713
2014-06-20,0.085,0.172,0.576,1.46,1.708
2014-06-23,0.084,0.176,0.582,1.456,1.709
2014-06-24,0.084,0.172,0.577,1.452,1.713
2014-06-25,0.084,0.172,0.572,1.439,1.704
2014-06-26,0.083,0.166,0.567,1.425,1.69
2014-06-27,0.075,0.162,0.558,1.421,1.682
2014-06-30,0.073,0.163,0.564,1.43,1.688
2014-07-01,0.067,0.163,0.554,1.431,1.676
2014-07-02,0.072,0.163,0.562,1.431,1.676
2014-07-03,0.072,0.163,0.565,1.436,1.683
2014-07-04,0.072,0.163,0.565,1.436,1.697
2014-07-07,0.071,0.157,0.565,1.446,1.71
2014-07-08,0.065,0.153,0.555,1.432,1.701
2014-07-09,0.061,0.147,0.546,1.428,1.702
2014-07-10,0.061,0.147,0.547,1.432,1.714
2014-07-11,0.061,0.15,0.536,1.419,1.71
2014-07-14,0.06,0.154,0.542,1.415,1.701
2014-07-15,0.065,0.154,0.542,1.416,1.698
2014-07-16,0.065,0.158,0.548,1.421,1.698
2014-07-17,0.065,0.154,0.537,1.406,1.673
2014-07-18,0.065,0.154,0.543,1.411,1.669
2014-07-22,0.07,0.155,0.544,1.421,1.682
2014-07-23,0.07,0.149,0.54,1.408,1.677
2014-07-24,0.07,0.149,0.53,1.391,1.656
2014-07-25,0.07,0.149,0.536,1.4,1.664
2014-07-28,0.075,0.149,0.531,1.396,1.655
2014-07-29,0.068,0.149,0.531,1.401,1.664
2014-07-30,0.068,0.149,0.537,1.406,1.672
2014-07-31,0.067,0.155,0.542,1.415,1.681
2014-08-01,0.067,0.149,0.543,1.411,1.685
2014-08-04,0.067,0.15,0.538,1.407,1.691
2014-08-05,0.067,0.15,0.529,1.401,1.682
2014-08-06,0.066,0.15,0.529,1.401,1.685
2014-08-07,0.066,0.157,0.538,1.406,1.693
2014-08-08,0.066,0.15,0.519,1.385,1.68
2014-08-11,0.066,0.156,0.525,1.395,1.69
2014-08-12,0.066,0.156,0.52,1.386,1.672
2014-08-13,0.065,0.156,0.52,1.386,1.665
2014-08-14,0.065,0.15,0.516,1.386,1.668
2014-08-15,0.07,0.15,0.516,1.386,1.673
2014-08-18,0.07,0.151,0.511,1.376,1.665
2014-08-19,0.07,0.156,0.511,1.368,1.661
2014-08-20,0.075,0.161,0.526,1.377,1.665
2014-08-21,0.075,0.167,0.541,1.395,1.678
2014-08-22,0.081,0.162,0.522,1.377,1.661
2014-08-25,0.081,0.162,0.522,1.369,1.648
2014-08-26,0.081,0.161,0.512,1.36,1.64
2014-08-27,0.081,0.161,0.508,1.355,1.648
2014-08-28,0.073,0.155,0.503,1.35,1.641
2014-08-29,0.073,0.162,0.508,1.35,1.637
2014-09-01,0.072,0.163,0.509,1.355,1.641
2014-09-02,0.072,0.163,0.52,1.364,1.653
2014-09-03,0.077,0.163,0.52,1.365,1.658
2014-09-04,0.077,0.164,0.521,1.366,1.667
2014-09-05,0.076,0.167,0.531,1.371,1.671
2014-09-08,0.072,0.162,0.521,1.362,1.667
2014-09-09,0.071,0.162,0.522,1.368,1.682
2014-09-10,0.071,0.165,0.537,1.381,1.686
2014-09-11,0.075,0.181,0.561,1.408,1.699
2014-09-12,0.075,0.181,0.567,1.415,1.692
2014-09-16,0.08,0.181,0.572,1.427,1.7
2014-09-17,0.075,0.175,0.548,1.404,1.679
2014-09-18,0.075,0.182,0.563,1.413,1.692
2014-09-19,0.07,0.176,0.554,1.409,1.696
2014-09-22,0.069,0.166,0.535,1.387,1.675
2014-09-24,0.064,0.162,0.526,1.374,1.662
2014-09-25,0.064,0.166,0.521,1.361,1.65
2014-09-26,0.064,0.166,0.517,1.352,1.632
2014-09-29,0.08,0.177,0.522,1.352,1.624
2014-09-30,0.078,0.167,0.522,1.353,1.62
2014-10-01,0.07,0.159,0.527,1.366,1.637
2014-10-02,0.065,0.153,0.522,1.367,1.642
2014-10-03,0.06,0.147,0.519,1.362,1.65
2014-10-06,0.06,0.147,0.519,1.354,1.642
2014-10-07,0.059,0.147,0.514,1.354,1.646
2014-10-08,0.05,0.139,0.504,1.345,1.642
2014-10-09,0.049,0.139,0.49,1.331,1.634
2014-10-10,0.049,0.149,0.502,1.35,1.651
2014-10-14,0.045,0.149,0.496,1.351,1.651
2014-10-15,0.045,0.143,0.49,1.337,1.638
2014-10-16,0.045,0.15,0.491,1.337,1.643
2014-10-17,0.015,0.129,0.472,1.324,1.634
2014-10-20,0.025,0.133,0.492,1.343,1.652
2014-10-21,0.025,0.133,0.483,1.329,1.63
2014-10-22,0.03,0.134,0.489,1.329,1.625
2014-10-23,0.03,0.129,0.484,1.33,1.634
2014-10-24,0.019,0.115,0.473,1.321,1.625
2014-10-27,0.024,0.113,0.474,1.321,1.63
2014-10-28,0.018,0.119,0.465,1.312,1.634
2014-10-29,0.02,0.123,0.471,1.317,1.639
2014-10-30,0.02,0.119,0.475,1.331,1.658
2014-10-31,0.03,0.13,0.466,1.289,1.591
2014-11-04,0.02,0.114,0.449,1.214,1.473
2014-11-05,0.02,0.125,0.475,1.257,1.53
2014-11-06,0.03,0.125,0.476,1.266,1.547
2014-11-07,0.03,0.131,0.482,1.271,1.548
2014-11-10,0.025,0.125,0.467,1.251,1.525
2014-11-11,0.03,0.139,0.492,1.268,1.53
2014-11-12,0.045,0.166,0.531,1.318,1.565
2014-11-13,0.03,0.158,0.507,1.291,1.525
2014-11-14,0.02,0.141,0.486,1.272,1.473
2014-11-17,0.015,0.137,0.481,1.263,1.459
2014-11-18,0.015,0.148,0.512,1.305,1.499
2014-11-19,0.01,0.123,0.484,1.261,1.454
2014-11-20,0.009,0.117,0.48,1.245,1.427
2014-11-21,0.009,0.118,0.471,1.259,1.459
2014-11-25,0.009,0.12,0.461,1.247,1.449
2014-11-26,0.008,0.111,0.447,1.233,1.441
2014-11-27,0.008,0.109,0.436,1.216,1.428
2014-11-28,0.01,0.105,0.431,1.211,1.428
2014-12-01,0.007,0.102,0.436,1.202,1.415
2014-12-02,0.002,0.092,0.445,1.202,1.415
2014-12-03,-0.003,0.074,0.426,1.198,1.426
2014-12-04,-0.003,0.077,0.427,1.217,1.457
2014-12-05,-0.003,0.076,0.417,1.213,1.457
2014-12-08,-0.004,0.092,0.433,1.221,1.461
2014-12-09,-0.004,0.077,0.414,1.198,1.425
2014-12-10,0.001,0.082,0.405,1.174,1.391
2014-12-11,0.001,0.082,0.405,1.184,1.391
2014-12-12,0.005,0.081,0.395,1.19,1.404
2014-12-15,0.01,0.075,0.376,1.167,1.392
2014-12-16,0.005,0.052,0.356,1.152,1.387
2014-12-17,0.005,0.046,0.357,1.142,1.374
2014-12-18,-0.01,0.036,0.348,1.127,1.353
2014-12-19,-0.035,0.032,0.353,1.118,1.343
2014-12-22,-0.031,0.036,0.338,1.109,1.33
2014-12-24,-0.036,0.036,0.334,1.096,1.308
2014-12-25,-0.026,0.036,0.314,1.063,1.277
2014-12-26,-0.028,0.042,0.329,1.077,1.295
2014-12-29,-0.033,0.032,0.324,1.077,1.295
2014-12-30,-0.028,0.026,0.325,1.065,1.269
2015-01-05,-0.027,0.022,0.326,1.06,1.272
2015-01-06,-0.026,0.012,0.289,0.985,1.2
2015-01-07,-0.025,0.016,0.299,0.973,1.191
2015-01-08,-0.02,0.016,0.284,0.938,1.15
2015-01-09,-0.029,0.012,0.279,0.97,1.191
2015-01-13,-0.03,0.007,0.265,0.948,1.164
2015-01-14,-0.03,0.008,0.256,0.939,1.145
2015-01-15,-0.025,0.018,0.25,0.934,1.133
2015-01-16,-0.025,0.018,0.241,0.929,1.13
2015-01-19,-0.026,0.011,0.206,0.896,1.113
2015-01-20,-0.031,0.001,0.221,0.892,1.113
2015-01-21,-0.031,0.017,0.251,0.926,1.145
2015-01-22,-0.02,0.057,0.321,1.075,1.301
2015-01-23,-0.015,0.018,0.244,1.068,1.331
2015-01-26,-0.016,0.011,0.229,1.06,1.331
2015-01-27,-0.005,0.037,0.269,1.065,1.332
2015-01-28,0.003,0.058,0.293,1.056,1.309
2015-01-29,0.005,0.051,0.293,1.064,1.313
2015-01-30,0.01,0.046,0.288,1.054,1.299
2015-02-02,0.01,0.056,0.293,1.045,1.295
2015-02-03,0.02,0.096,0.363,1.102,1.362
2015-02-04,0.03,0.1,0.382,1.167,1.437
2015-02-05,0.043,0.105,0.362,1.129,1.372
2015-02-06,0.035,0.085,0.343,1.106,1.338
2015-02-09,0.045,0.1,0.362,1.158,1.385
2015-02-10,0.045,0.121,0.397,1.199,1.424
2015-02-12,0.04,0.121,0.398,1.208,1.43
2015-02-13,0.04,0.138,0.423,1.244,1.467
2015-02-16,0.045,0.144,0.454,1.303,1.536
2015-02-17,0.035,0.123,0.399,1.228,1.473
2015-02-18,0.04,0.129,0.417,1.232,1.477
2015-02-19,0.035,0.118,0.398,1.203,1.43
2015-02-20,0.034,0.112,0.393,1.217,1.456
2015-02-23,0.033,0.107,0.389,1.205,1.439
2015-02-24,0.029,0.102,0.381,1.192,1.422
2015-02-25,0.023,0.091,0.347,1.151,1.399
2015-02-26,0.025,0.091,0.348,1.17,1.439
2015-02-27,0.015,0.071,0.349,1.166,1.434
2015-03-02,0.015,0.07,0.354,1.177,1.448
2015-03-03,0.02,0.092,0.395,1.219,1.499
2015-03-04,0.015,0.092,0.4,1.225,1.506
2015-03-05,0.007,0.092,0.395,1.196,1.461
2015-03-06,0.007,0.089,0.376,1.18,1.441
2015-03-09,0.016,0.121,0.422,1.226,1.49
2015-03-10,0.03,0.147,0.462,1.271,1.53
2015-03-11,0.03,0.131,0.413,1.241,1.5
2015-03-12,0.016,0.115,0.374,1.209,1.47
2015-03-13,0.016,0.13,0.408,1.231,1.483
2015-03-16,0.015,0.126,0.414,1.226,1.47
2015-03-17,0.015,0.12,0.41,1.213,1.457
2015-03-18,0.005,0.096,0.361,1.136,1.361
2015-03-19,0.004,0.082,0.322,1.073,1.281
2015-03-20,0.01,0.076,0.322,1.104,1.321
2015-03-23,0.019,0.082,0.307,1.104,1.334
2015-03-24,0.024,0.082,0.307,1.081,1.296
2015-03-25,0.03,0.086,0.328,1.081,1.294
2015-03-26,0.03,0.092,0.328,1.073,1.285
2015-03-27,0.035,0.121,0.373,1.142,1.383
2015-03-30,0.035,0.121,0.368,1.119,1.352
2015-03-31,0.037,0.131,0.398,1.133,1.357
2015-04-01,0.025,0.107,0.378,1.124,1.365
2015-04-02,0.02,0.097,0.339,1.097,1.339
2015-04-03,0.015,0.097,0.354,1.129,1.383
2015-04-06,0.015,0.089,0.34,1.134,1.392
2015-04-07,0.015,0.093,0.36,1.139,1.4
2015-04-08,0.015,0.097,0.36,1.134,1.392
2015-04-09,0.011,0.097,0.361,1.144,1.398
2015-04-10,0.006,0.097,0.341,1.126,1.382
2015-04-13,0.005,0.093,0.342,1.135,1.397
2015-04-14,0.005,0.077,0.327,1.112,1.379
2015-04-15,0.005,0.077,0.328,1.099,1.362
2015-04-16,0.005,0.084,0.332,1.085,1.34
2015-04-17,0.005,0.073,0.307,1.062,1.309
2015-04-20,0.004,0.077,0.313,1.062,1.301
2015-04-21,0.004,0.077,0.313,1.076,1.323
2015-04-22,-0.001,0.067,0.309,1.081,1.323
2015-04-23,-0.001,0.073,0.319,1.086,1.331
2015-04-24,-0.016,0.053,0.294,1.068,1.323
2015-04-27,-0.001,0.064,0.31,1.086,1.345
2015-04-28,0.0,0.064,0.306,1.083,1.349
2015-04-30,0.0,0.079,0.336,1.106,1.362
2015-05-01,0.002,0.096,0.37,1.134,1.384
2015-05-07,0.016,0.127,0.44,1.2,1.445
2015-05-08,0.006,0.109,0.421,1.191,1.446
2015-05-11,0.001,0.098,0.402,1.177,1.441
2015-05-12,0.001,0.132,0.461,1.228,1.493
2015-05-13,0.001,0.132,0.466,1.24,1.503
2015-05-14,-0.005,0.121,0.457,1.232,1.491
2015-05-15,-0.01,0.102,0.402,1.173,1.438
2015-05-18,-0.01,0.1,0.387,1.151,1.413
2015-05-19,-0.01,0.101,0.393,1.164,1.417
2015-05-20,-0.011,0.102,0.403,1.196,1.447
2015-05-21,-0.006,0.106,0.418,1.212,1.469
2015-05-22,-0.006,0.113,0.423,1.217,1.473
2015-05-25,-0.001,0.113,0.433,1.222,1.477
2015-05-26,-0.001,0.114,0.431,1.221,1.482
2015-05-27,-0.001,0.1,0.4,1.196,1.465
2015-05-28,-0.008,0.095,0.411,1.222,1.497
2015-05-29,-0.008,0.095,0.406,1.199,1.473
2015-06-01,-0.007,0.096,0.412,1.218,1.491
2015-06-02,-0.007,0.097,0.429,1.218,1.491
2015-06-03,-0.002,0.106,0.455,1.246,1.512
2015-06-04,-0.002,0.123,0.484,1.269,1.53
2015-06-05,-0.005,0.119,0.475,1.274,1.532
2015-06-08,-0.005,0.119,0.486,1.284,1.544
2015-06-09,-0.005,0.103,0.443,1.234,1.497
2015-06-10,-0.005,0.128,0.491,1.257,1.501
2015-06-11,-0.005,0.145,0.524,1.285,1.51
2015-06-12,-0.004,0.128,0.497,1.267,1.51
2015-06-15,-0.005,0.127,0.498,1.263,1.505
2015-06-16,0.0,0.119,0.493,1.264,1.505
2015-06-17,0.0,0.116,0.473,1.25,1.497
2015-06-18,0.005,0.106,0.434,1.218,1.479
2015-06-19,0.005,0.106,0.415,1.188,1.461
2015-06-22,0.005,0.11,0.425,1.178,1.44
2015-06-23,0.005,0.127,0.465,1.214,1.471
2015-06-24,0.004,0.117,0.455,1.219,1.471
2015-06-25,0.003,0.117,0.47,1.237,1.48
2015-06-26,-0.002,0.121,0.47,1.229,1.475
2015-06-29,-0.002,0.107,0.437,1.197,1.449
2015-06-30,-0.003,0.111,0.451,1.202,1.449
2015-07-01,-0.003,0.118,0.471,1.225,1.471
2015-07-02,0.0,0.134,0.511,1.258,1.497
2015-07-03,0.01,0.118,0.482,1.239,1.484
2015-07-06,0.01,0.108,0.462,1.228,1.48
2015-07-07,0.005,0.108,0.453,1.225,1.484
2015-07-08,0.005,0.098,0.415,1.184,1.44
2015-07-09,0.009,0.104,0.448,1.207,1.458
2015-07-10,0.005,0.101,0.434,1.208,1.462
2015-07-13,0.005,0.112,0.445,1.223,1.48
2015-07-14,0.005,0.118,0.46,1.222,1.48
2015-07-15,0.01,0.123,0.454,1.218,1.467
2015-07-16,0.005,0.113,0.445,1.218,1.471
2015-07-17,0.005,0.108,0.426,1.208,1.468
2015-07-21,0.005,0.103,0.423,1.203,1.454
2015-07-22,0.004,0.099,0.416,1.177,1.423
2015-07-23,0.004,0.103,0.417,1.178,1.419
2015-07-24,0.004,0.103,0.412,1.178,1.424
2015-07-27,0.004,0.103,0.414,1.183,1.433
2015-07-28,0.005,0.099,0.408,1.178,1.428
2015-07-29,0.005,0.099,0.409,1.179,1.437
2015-07-30,0.005,0.099,0.419,1.185,1.442
2015-07-31,0.005,0.096,0.414,1.175,1.433
2015-08-03,0.005,0.096,0.42,1.186,1.442
2015-08-04,0.005,0.086,0.395,1.167,1.424
2015-08-05,0.005,0.09,0.406,1.181,1.437
2015-08-06,0.005,0.101,0.43,1.209,1.468
2015-08-07,0.005,0.097,0.425,1.2,1.458
2015-08-10,0.005,0.092,0.411,1.192,1.451
2015-08-11,0.001,0.092,0.407,1.191,1.455
2015-08-12,0.001,0.085,0.367,1.159,1.424
2015-08-13,0.001,0.087,0.388,1.178,1.442
2015-08-14,0.0,0.081,0.388,1.173,1.433
2015-08-17,0.005,0.088,0.403,1.183,1.442
2015-08-18,0.005,0.079,0.384,1.165,1.424
2015-08-19,0.004,0.077,0.384,1.169,1.424
2015-08-20,0.004,0.073,0.369,1.151,1.402
2015-08-21,0.004,0.073,0.364,1.143,1.399
2015-08-24,0.004,0.074,0.36,1.142,1.394
2015-08-25,0.004,0.078,0.385,1.161,1.412
2015-08-26,0.004,0.078,0.385,1.162,1.412
2015-08-27,0.008,0.085,0.4,1.18,1.43
2015-08-28,0.008,0.078,0.396,1.167,1.421
2015-08-31,0.007,0.075,0.392,1.168,1.426
2015-09-01,0.007,0.074,0.381,1.164,1.426
2015-09-02,0.01,0.078,0.386,1.169,1.436
2015-09-03,0.012,0.084,0.391,1.17,1.431
2015-09-04,0.012,0.072,0.362,1.147,1.408
2015-09-07,0.011,0.073,0.363,1.146,1.404
2015-09-08,0.011,0.07,0.355,1.136,1.395
2015-09-09,0.011,0.07,0.359,1.147,1.399
2015-09-10,0.011,0.059,0.349,1.142,1.404
2015-09-11,0.01,0.056,0.344,1.148,1.412
2015-09-14,0.01,0.066,0.355,1.15,1.413
2015-09-15,0.02,0.082,0.37,1.159,1.417
2015-09-16,0.02,0.082,0.365,1.164,1.421
2015-09-17,0.015,0.076,0.36,1.154,1.413
2015-09-18,0.014,0.056,0.331,1.117,1.374
2015-09-24,0.013,0.056,0.328,1.11,1.366
2015-09-25,0.009,0.052,0.323,1.105,1.362
2015-09-28,0.008,0.056,0.348,1.129,1.388
2015-09-29,0.012,0.056,0.334,1.115,1.375
2015-09-30,0.015,0.062,0.348,1.133,1.397
2015-10-01,0.007,0.052,0.329,1.115,1.379
2015-10-02,0.002,0.046,0.319,1.097,1.365
2015-10-05,0.002,0.042,0.316,1.092,1.362
2015-10-06,0.001,0.046,0.325,1.102,1.371
2015-10-07,0.001,0.056,0.33,1.107,1.371
2015-10-08,0.005,0.066,0.331,1.103,1.358
2015-10-09,0.005,0.062,0.326,1.094,1.349
2015-10-13,0.005,0.062,0.322,1.085,1.345
2015-10-14,0.005,0.052,0.313,1.081,1.345
2015-10-15,0.01,0.057,0.323,1.095,1.358
2015-10-16,0.01,0.057,0.323,1.09,1.35
2015-10-19,0.009,0.063,0.329,1.095,1.358
2015-10-20,0.009,0.056,0.319,1.091,1.358
2015-10-21,0.014,0.056,0.324,1.101,1.367
2015-10-22,0.01,0.053,0.314,1.087,1.354
2015-10-23,0.009,0.049,0.309,1.082,1.346
2015-10-26,0.013,0.053,0.32,1.097,1.359
2015-10-27,0.008,0.049,0.309,1.088,1.35
2015-10-28,0.003,0.038,0.3,1.079,1.346
2015-10-29,0.003,0.039,0.3,1.079,1.35
2015-10-30,0.002,0.039,0.306,1.08,1.35
2015-11-02,0.002,0.043,0.316,1.089,1.363
2015-11-04,0.002,0.043,0.322,1.098,1.368
2015-11-05,0.001,0.043,0.321,1.095,1.368
2015-11-06,0.0,0.043,0.327,1.1,1.377
2015-11-09,-0.004,0.05,0.343,1.116,1.398
2015-11-10,-0.004,0.035,0.323,1.097,1.385
2015-11-11,-0.005,0.043,0.328,1.106,1.394
2015-11-12,-0.005,0.039,0.319,1.1,1.389
2015-11-13,-0.005,0.039,0.314,1.095,1.394
2015-11-16,-0.005,0.043,0.314,1.092,1.385
2015-11-17,-0.01,0.035,0.309,1.093,1.394
2015-11-18,-0.015,0.035,0.309,1.093,1.398
2015-11-19,-0.021,0.035,0.309,1.089,1.385
2015-11-20,-0.026,0.039,0.325,1.099,1.399
2015-11-24,-0.001,0.046,0.33,1.106,1.399
2015-11-25,-0.006,0.039,0.314,1.09,1.39
2015-11-26,-0.006,0.039,0.31,1.081,1.381
2015-11-27,-0.008,0.04,0.316,1.081,1.381
2015-11-30,-0.008,0.04,0.317,1.086,1.382
2015-12-01,-0.012,0.04,0.315,1.086,1.382
2015-12-02,-0.015,0.036,0.315,1.092,1.396
2015-12-03,-0.02,0.036,0.311,1.082,1.391
2015-12-04,-0.025,0.045,0.323,1.092,1.404
2015-12-07,-0.025,0.046,0.323,1.088,1.404
2015-12-08,-0.03,0.039,0.309,1.074,1.391
2015-12-09,-0.035,0.036,0.303,1.059,1.374
2015-12-10,-0.035,0.035,0.303,1.054,1.365
2015-12-11,-0.03,0.046,0.308,1.063,1.365
2015-12-14,-0.03,0.043,0.295,1.059,1.365
2015-12-15,-0.03,0.036,0.29,1.049,1.361
2015-12-16,-0.025,0.042,0.295,1.044,1.357
2015-12-17,-0.03,0.042,0.295,1.037,1.348
2015-12-18,-0.05,0.036,0.265,0.995,1.291
2015-12-21,-0.035,0.036,0.271,0.996,1.282
2015-12-22,-0.042,0.036,0.271,1.0,1.282
2015-12-24,-0.04,0.036,0.276,1.006,1.282
2015-12-25,-0.039,0.042,0.277,1.01,1.282
2015-12-28,-0.036,0.036,0.267,1.001,1.282
2015-12-29,-0.035,0.032,0.267,1.002,1.286
2015-12-30,-0.033,0.032,0.267,0.997,1.282
2016-01-04,-0.028,0.026,0.264,0.986,1.282
2016-01-05,-0.03,0.026,0.259,0.971,1.264
2016-01-06,-0.029,0.022,0.253,0.967,1.26
2016-01-07,-0.028,0.016,0.245,0.958,1.238
2016-01-08,-0.031,0.016,0.23,0.939,1.22
2016-01-12,-0.028,0.017,0.221,0.93,1.207
2016-01-13,-0.036,0.011,0.21,0.921,1.202
2016-01-14,-0.031,0.018,0.231,0.963,1.252
2016-01-15,-0.03,0.017,0.221,0.956,1.252
2016-01-18,-0.025,0.012,0.206,0.928,1.221
2016-01-19,-0.02,0.018,0.216,0.936,1.23
2016-01-20,-0.011,0.017,0.216,0.932,1.221
2016-01-21,-0.011,0.021,0.227,0.927,1.212
2016-01-22,-0.021,0.017,0.237,0.932,1.208
2016-01-25,-0.026,0.011,0.228,0.933,1.208
2016-01-26,-0.026,0.011,0.224,0.927,1.194
2016-01-27,-0.027,0.006,0.218,0.918,1.177
2016-01-28,-0.026,0.011,0.229,0.934,1.199
2016-01-29,-0.083,-0.071,0.104,0.833,1.103
2016-02-01,-0.16,-0.11,0.068,0.787,1.057
2016-02-02,-0.152,-0.105,0.085,0.826,1.113
2016-02-03,-0.182,-0.139,0.067,0.803,1.108
2016-02-04,-0.178,-0.149,0.064,0.794,1.104
2016-02-05,-0.193,-0.186,0.036,0.785,1.11
2016-02-08,-0.192,-0.18,0.046,0.781,1.109
2016-02-09,-0.241,-0.255,-0.02,0.743,1.091
2016-02-10,-0.217,-0.224,0.015,0.758,1.109
2016-02-12,-0.164,-0.147,0.086,0.824,1.177
2016-02-15,-0.145,-0.122,0.098,0.843,1.191
2016-02-16,-0.16,-0.144,0.052,0.772,1.109
2016-02-17,-0.151,-0.124,0.058,0.761,1.076
2016-02-18,-0.186,-0.149,0.027,0.747,1.062
2016-02-19,-0.212,-0.169,0.016,0.738,1.062
2016-02-22,-0.213,-0.178,0.006,0.709,1.034
2016-02-23,-0.204,-0.173,0.006,0.696,1.025
2016-02-24,-0.214,-0.198,-0.046,0.633,0.964
2016-02-25,-0.212,-0.199,-0.056,0.573,0.888
2016-02-26,-0.236,-0.218,-0.055,0.58,0.907
2016-02-29,-0.245,-0.228,-0.055,0.573,0.902
2016-03-01,-0.236,-0.224,-0.049,0.518,0.838
2016-03-02,-0.226,-0.204,-0.044,0.512,0.833
2016-03-03,-0.211,-0.174,-0.023,0.497,0.815
2016-03-04,-0.203,-0.184,-0.042,0.467,0.777
2016-03-07,-0.212,-0.205,-0.052,0.451,0.742
2016-03-08,-0.23,-0.23,-0.103,0.331,0.532
2016-03-09,-0.183,-0.163,-0.022,0.502,0.718
2016-03-10,-0.173,-0.154,-0.025,0.522,0.762
2016-03-11,-0.163,-0.149,-0.016,0.557,0.791
2016-03-14,-0.169,-0.174,-0.049,0.503,0.745
2016-03-15,-0.155,-0.145,-0.025,0.486,0.702
2016-03-16,-0.175,-0.174,-0.054,0.462,0.675
2016-03-17,-0.199,-0.184,-0.054,0.429,0.61
2016-03-18,-0.22,-0.22,-0.101,0.347,0.475
2016-03-22,-0.215,-0.22,-0.1,0.342,0.435
2016-03-23,-0.224,-0.236,-0.111,0.347,0.459
2016-03-24,-0.214,-0.225,-0.094,0.397,0.533
2016-03-25,-0.224,-0.237,-0.1,0.391,0.523
2016-03-28,-0.226,-0.235,-0.094,0.404,0.528
2016-03-29,-0.224,-0.231,-0.089,0.41,0.528
2016-03-30,-0.226,-0.23,-0.094,0.406,0.518
2016-03-31,-0.206,-0.19,-0.049,0.441,0.547
2016-04-01,-0.214,-0.214,-0.065,0.373,0.43
2016-04-04,-0.225,-0.225,-0.083,0.353,0.42
2016-04-05,-0.22,-0.211,-0.068,0.358,0.44
2016-04-06,-0.232,-0.215,-0.063,0.368,0.469
2016-04-07,-0.236,-0.215,-0.058,0.353,0.44
2016-04-08,-0.241,-0.232,-0.083,0.329,0.44
2016-04-11,-0.247,-0.23,-0.088,0.32,0.42
2016-04-12,-0.252,-0.237,-0.097,0.315,0.42
2016-04-13,-0.243,-0.221,-0.088,0.325,0.425
2016-04-14,-0.258,-0.221,-0.093,0.32,0.42
2016-04-15,-0.254,-0.231,-0.113,0.311,0.41
2016-04-18,-0.254,-0.232,-0.117,0.296,0.385
2016-04-19,-0.259,-0.245,-0.129,0.281,0.349
2016-04-20,-0.264,-0.252,-0.134,0.261,0.309
2016-04-21,-0.265,-0.245,-0.123,0.261,0.288
2016-04-22,-0.28,-0.272,-0.123,0.297,0.354
2016-04-25,-0.27,-0.23,-0.071,0.356,0.425
2016-04-26,-0.265,-0.241,-0.102,0.307,0.354
2016-04-27,-0.249,-0.211,-0.067,0.34,0.394
2016-04-28,-0.244,-0.206,-0.082,0.297,0.349
2016-05-02,-0.244,-0.227,-0.112,0.248,0.304
2016-05-06,-0.247,-0.238,-0.117,0.234,0.288
2016-05-09,-0.248,-0.237,-0.107,0.244,0.299
2016-05-10,-0.248,-0.236,-0.096,0.269,0.329
2016-05-11,-0.248,-0.232,-0.1,0.26,0.323
2016-05-12,-0.253,-0.236,-0.11,0.261,0.335
2016-05-13,-0.253,-0.235,-0.11,0.276,0.365
2016-05-16,-0.254,-0.237,-0.11,0.279,0.375
2016-05-17,-0.255,-0.232,-0.109,0.27,0.37
2016-05-18,-0.246,-0.226,-0.097,0.28,0.375
2016-05-19,-0.226,-0.202,-0.072,0.294,0.363
2016-05-20,-0.236,-0.225,-0.102,0.269,0.344
2016-05-23,-0.238,-0.223,-0.097,0.267,0.349
2016-05-24,-0.239,-0.226,-0.102,0.271,0.35
2016-05-25,-0.234,-0.22,-0.094,0.274,0.36
2016-05-26,-0.239,-0.232,-0.108,0.26,0.34
2016-05-27,-0.24,-0.236,-0.113,0.249,0.326
2016-05-30,-0.231,-0.234,-0.112,0.259,0.334
2016-05-31,-0.239,-0.239,-0.112,0.249,0.31
2016-06-01,-0.242,-0.24,-0.111,0.26,0.34
2016-06-02,-0.24,-0.227,-0.103,0.255,0.33
2016-06-03,-0.24,-0.231,-0.108,0.254,0.33
2016-06-06,-0.251,-0.243,-0.127,0.236,0.315
2016-06-07,-0.25,-0.244,-0.127,0.225,0.299
2016-06-08,-0.241,-0.228,-0.117,0.235,0.305
2016-06-09,-0.246,-0.249,-0.133,0.226,0.305
2016-06-10,-0.271,-0.269,-0.158,0.195,0.271
2016-06-13,-0.277,-0.276,-0.167,0.18,0.242
2016-06-14,-0.278,-0.28,-0.172,0.17,0.232
2016-06-15,-0.284,-0.296,-0.197,0.15,0.208
2016-06-16,-0.284,-0.29,-0.208,0.103,0.148
2016-06-17,-0.255,-0.249,-0.157,0.174,0.232
2016-06-20,-0.251,-0.246,-0.151,0.201,0.266
2016-06-21,-0.247,-0.24,-0.146,0.21,0.266
2016-06-22,-0.242,-0.24,-0.15,0.205,0.252
2016-06-23,-0.238,-0.237,-0.146,0.186,0.207
2016-06-24,-0.289,-0.29,-0.201,0.112,0.133
2016-06-27,-0.284,-0.287,-0.202,0.082,0.098
2016-06-28,-0.293,-0.307,-0.233,0.041,0.052
2016-06-29,-0.298,-0.321,-0.242,0.048,0.088
2016-06-30,-0.299,-0.317,-0.237,0.067,0.128
2016-07-01,-0.329,-0.361,-0.262,0.043,0.103
2016-07-04,-0.325,-0.354,-0.257,0.043,0.077
2016-07-05,-0.32,-0.346,-0.257,0.032,0.057
2016-07-06,-0.334,-0.362,-0.278,0.022,0.042
2016-07-07,-0.343,-0.369,-0.283,0.037,0.067
2016-07-08,-0.354,-0.374,-0.293,0.043,0.088
2016-07-11,-0.351,-0.363,-0.282,0.054,0.098
2016-07-12,-0.351,-0.364,-0.287,0.069,0.133
2016-07-13,-0.357,-0.358,-0.287,0.064,0.123
2016-07-14,-0.357,-0.35,-0.266,0.089,0.142
2016-07-15,-0.333,-0.317,-0.234,0.134,0.188
2016-07-19,-0.331,-0.317,-0.233,0.139,0.193
2016-07-20,-0.327,-0.33,-0.242,0.149,0.208
2016-07-21,-0.327,-0.332,-0.234,0.179,0.262
2016-07-22,-0.333,-0.338,-0.229,0.179,0.257
2016-07-25,-0.335,-0.347,-0.242,0.18,0.267
2016-07-26,-0.336,-0.348,-0.257,0.17,0.263
2016-07-27,-0.372,-0.384,-0.297,0.161,0.268
2016-07-28,-0.345,-0.363,-0.279,0.15,0.248
2016-07-29,-0.251,-0.261,-0.178,0.184,0.263
2016-08-01,-0.237,-0.233,-0.136,0.214,0.286
2016-08-02,-0.165,-0.149,-0.06,0.253,0.32
2016-08-03,-0.177,-0.176,-0.085,0.262,0.354
2016-08-04,-0.178,-0.17,-0.075,0.3,0.401
2016-08-05,-0.193,-0.19,-0.096,0.285,0.383
2016-08-08,-0.172,-0.16,-0.049,0.321,0.411
2016-08-09,-0.187,-0.188,-0.081,0.306,0.419
2016-08-10,-0.202,-0.194,-0.106,0.263,0.378
2016-08-12,-0.197,-0.185,-0.106,0.25,0.35
2016-08-15,-0.184,-0.163,-0.084,0.254,0.34
2016-08-16,-0.19,-0.172,-0.094,0.271,0.359
2016-08-17,-0.185,-0.158,-0.079,0.279,0.353
2016-08-18,-0.196,-0.175,-0.079,0.282,0.348
2016-08-19,-0.206,-0.184,-0.084,0.269,0.323
2016-08-22,-0.202,-0.169,-0.069,0.292,0.349
2016-08-23,-0.207,-0.183,-0.089,0.258,0.309
2016-08-24,-0.193,-0.174,-0.078,0.263,0.324
2016-08-25,-0.188,-0.178,-0.084,0.259,0.324
2016-08-26,-0.178,-0.174,-0.068,0.274,0.343
2016-08-29,-0.185,-0.181,-0.061,0.3,0.371
2016-08-30,-0.197,-0.19,-0.068,0.314,0.392
2016-08-31,-0.197,-0.18,-0.058,0.334,0.41
2016-09-01,-0.187,-0.166,-0.047,0.358,0.433
2016-09-02,-0.187,-0.156,-0.027,0.396,0.494
2016-09-05,-0.193,-0.16,-0.027,0.405,0.508
2016-09-06,-0.189,-0.157,-0.027,0.409,0.49
2016-09-07,-0.199,-0.177,-0.061,0.355,0.42
2016-09-08,-0.199,-0.164,-0.041,0.387,0.448
2016-09-09,-0.204,-0.16,-0.02,0.431,0.509
2016-09-12,-0.249,-0.174,-0.02,0.455,0.532
2016-09-13,-0.244,-0.174,-0.021,0.442,0.509
2016-09-14,-0.274,-0.205,-0.021,0.477,0.569
2016-09-15,-0.274,-0.21,-0.045,0.447,0.542
2016-09-16,-0.269,-0.206,-0.04,0.452,0.551
2016-09-20,-0.266,-0.21,-0.06,0.41,0.504
2016-09-21,-0.226,-0.175,-0.03,0.419,0.51
2016-09-23,-0.222,-0.189,-0.054,0.375,0.467
2016-09-26,-0.229,-0.199,-0.063,0.38,0.486
2016-09-27,-0.268,-0.239,-0.079,0.385,0.5
2016-09-28,-0.293,-0.245,-0.094,0.351,0.458
2016-09-29,-0.275,-0.239,-0.089,0.346,0.439
2016-09-30,-0.289,-0.249,-0.084,0.361,0.457
2016-10-03,-0.281,-0.236,-0.073,0.356,0.454
2016-10-04,-0.281,-0.23,-0.073,0.356,0.459
2016-10-05,-0.285,-0.23,-0.063,0.386,0.496
2016-10-06,-0.28,-0.22,-0.063,0.387,0.496
2016-10-07,-0.28,-0.221,-0.068,0.391,0.505
2016-10-11,-0.264,-0.199,-0.051,0.402,0.525
2016-10-12,-0.263,-0.199,-0.062,0.387,0.501
2016-10-13,-0.263,-0.199,-0.062,0.377,0.482
2016-10-14,-0.273,-0.21,-0.056,0.387,0.496
2016-10-17,-0.275,-0.21,-0.055,0.393,0.501
2016-10-18,-0.275,-0.21,-0.05,0.397,0.496
2016-10-19,-0.27,-0.215,-0.055,0.397,0.501
2016-10-20,-0.266,-0.215,-0.064,0.392,0.501
2016-10-21,-0.256,-0.205,-0.056,0.387,0.496
2016-10-24,-0.248,-0.195,-0.055,0.382,0.491
2016-10-25,-0.254,-0.205,-0.064,0.373,0.487
2016-10-26,-0.254,-0.206,-0.064,0.364,0.478
2016-10-27,-0.254,-0.199,-0.054,0.384,0.497
2016-10-28,-0.248,-0.189,-0.045,0.394,0.516
2016-10-31,-0.247,-0.193,-0.049,0.384,0.505
2016-11-01,-0.249,-0.198,-0.048,0.384,0.505
2016-11-02,-0.259,-0.204,-0.058,0.369,0.487
2016-11-04,-0.264,-0.209,-0.059,0.369,0.487
2016-11-07,-0.259,-0.201,-0.048,0.38,0.497
2016-11-08,-0.263,-0.203,-0.063,0.37,0.497
2016-11-09,-0.278,-0.213,-0.073,0.36,0.479
2016-11-10,-0.263,-0.183,-0.043,0.394,0.511
2016-11-11,-0.248,-0.174,-0.027,0.405,0.526
2016-11-14,-0.219,-0.153,-0.013,0.422,0.544
2016-11-15,-0.184,-0.118,0.007,0.444,0.567
2016-11-16,-0.11,-0.057,0.023,0.453,0.572
2016-11-17,-0.155,-0.101,0.013,0.449,0.557
2016-11-18,-0.166,-0.09,0.044,0.483,0.594
2016-11-21,-0.171,-0.096,0.033,0.489,0.604
2016-11-22,-0.162,-0.091,0.032,0.493,0.619
2016-11-24,-0.162,-0.091,0.037,0.498,0.632
2016-11-25,-0.142,-0.081,0.039,0.483,0.599
2016-11-28,-0.153,-0.096,0.016,0.459,0.562
2016-11-29,-0.164,-0.1,0.016,0.45,0.559
2016-11-30,-0.167,-0.1,0.021,0.455,0.567
2016-12-01,-0.174,-0.099,0.029,0.48,0.586
2016-12-02,-0.179,-0.1,0.034,0.485,0.589
2016-12-05,-0.189,-0.107,0.024,0.476,0.58
2016-12-06,-0.189,-0.096,0.044,0.51,0.616
2016-12-07,-0.194,-0.101,0.029,0.515,0.621
2016-12-08,-0.189,-0.09,0.039,0.529,0.646
2016-12-09,-0.189,-0.086,0.05,0.567,0.691
2016-12-12,-0.189,-0.079,0.07,0.639,0.781
2016-12-13,-0.184,-0.064,0.08,0.649,0.785
2016-12-14,-0.199,-0.089,0.055,0.604,0.718
2016-12-15,-0.199,-0.079,0.075,0.614,0.705
2016-12-16,-0.18,-0.063,0.076,0.571,0.66
2016-12-19,-0.181,-0.074,0.076,0.591,0.687
2016-12-20,-0.186,-0.08,0.066,0.567,0.66
2016-12-21,-0.181,-0.084,0.056,0.558,0.651
2016-12-22,-0.181,-0.09,0.051,0.567,0.664
2016-12-26,-0.178,-0.084,0.056,0.577,0.678
2016-12-27,-0.169,-0.084,0.061,0.572,0.674
2016-12-28,-0.174,-0.09,0.057,0.592,0.705
2016-12-29,-0.182,-0.104,0.042,0.578,0.696
2016-12-30,-0.187,-0.114,0.043,0.573,0.701
2017-01-04,-0.193,-0.109,0.064,0.598,0.729
2017-01-05,-0.203,-0.118,0.058,0.611,0.747
2017-01-06,-0.213,-0.125,0.053,0.592,0.724
2017-01-10,-0.243,-0.129,0.058,0.602,0.733
2017-01-11,-0.248,-0.133,0.059,0.616,0.747
2017-01-12,-0.223,-0.129,0.043,0.597,0.724
2017-01-13,-0.224,-0.132,0.049,0.593,0.719
2017-01-16,-0.224,-0.129,0.054,0.596,0.724
2017-01-17,-0.23,-0.127,0.049,0.589,0.724
2017-01-18,-0.235,-0.123,0.054,0.585,0.719
2017-01-19,-0.23,-0.106,0.074,0.613,0.751
2017-01-20,-0.235,-0.126,0.065,0.633,0.778
2017-01-23,-0.241,-0.132,0.055,0.623,0.769
2017-01-24,-0.246,-0.143,0.045,0.618,0.774
2017-01-25,-0.216,-0.106,0.071,0.628,0.787
2017-01-26,-0.201,-0.09,0.09,0.657,0.818
2017-01-27,-0.2,-0.101,0.08,0.653,0.814
2017-01-30,-0.209,-0.1,0.086,0.653,0.814
2017-01-31,-0.209,-0.094,0.087,0.657,0.805
2017-02-01,-0.227,-0.1,0.096,0.667,0.813
2017-02-02,-0.226,-0.096,0.11,0.687,0.84
2017-02-03,-0.231,-0.096,0.102,0.686,0.84
2017-02-06,-0.221,-0.079,0.106,0.715,0.872
2017-02-07,-0.221,-0.084,0.102,0.715,0.872
2017-02-08,-0.21,-0.085,0.097,0.715,0.876
2017-02-09,-0.209,-0.094,0.086,0.681,0.845
2017-02-10,-0.214,-0.088,0.086,0.667,0.827
2017-02-13,-0.214,-0.08,0.092,0.676,0.837
2017-02-14,-0.224,-0.088,0.098,0.696,0.863
2017-02-15,-0.234,-0.097,0.092,0.696,0.863
2017-02-16,-0.239,-0.093,0.097,0.701,0.877
2017-02-17,-0.244,-0.097,0.093,0.705,0.886
2017-02-20,-0.239,-0.093,0.099,0.706,0.886
2017-02-21,-0.24,-0.094,0.099,0.706,0.886
2017-02-22,-0.26,-0.112,0.089,0.692,0.867
2017-02-23,-0.26,-0.113,0.081,0.658,0.828
2017-02-24,-0.265,-0.131,0.067,0.65,0.823
2017-02-27,-0.264,-0.138,0.054,0.625,0.786
2017-02-28,-0.262,-0.137,0.059,0.629,0.783
2017-03-01,-0.259,-0.128,0.069,0.653,0.815
2017-03-02,-0.276,-0.139,0.078,0.68,0.841
2017-03-03,-0.291,-0.149,0.068,0.661,0.828
2017-03-06,-0.295,-0.15,0.069,0.645,0.814
2017-03-07,-0.295,-0.151,0.064,0.656,0.835
2017-03-08,-0.29,-0.144,0.069,0.671,0.849
2017-03-09,-0.269,-0.114,0.084,0.672,0.845
2017-03-10,-0.264,-0.119,0.085,0.681,0.858
2017-03-13,-0.259,-0.115,0.085,0.677,0.863
2017-03-14,-0.259,-0.119,0.085,0.672,0.863
2017-03-15,-0.254,-0.115,0.09,0.667,0.854
2017-03-16,-0.264,-0.135,0.07,0.644,0.828
2017-03-17,-0.265,-0.135,0.071,0.653,0.832
2017-03-21,-0.263,-0.145,0.061,0.648,0.832
2017-03-22,-0.268,-0.155,0.056,0.639,0.823
2017-03-23,-0.273,-0.165,0.051,0.644,0.828
2017-03-24,-0.264,-0.155,0.061,0.644,0.832
2017-03-27,-0.265,-0.159,0.057,0.639,0.831
2017-03-28,-0.26,-0.153,0.057,0.631,0.823
2017-03-29,-0.25,-0.144,0.052,0.621,0.819
2017-03-30,-0.215,-0.134,0.062,0.63,0.828
2017-03-31,-0.204,-0.124,0.067,0.635,0.841
2017-04-03,-0.175,-0.108,0.072,0.64,0.842
2017-04-04,-0.188,-0.124,0.062,0.64,0.851
2017-04-05,-0.201,-0.138,0.062,0.648,0.86
2017-04-06,-0.211,-0.139,0.058,0.631,0.837
2017-04-07,-0.219,-0.152,0.048,0.621,0.828
2017-04-10,-0.219,-0.152,0.048,0.627,0.841
2017-04-11,-0.224,-0.157,0.038,0.617,0.833
2017-04-12,-0.229,-0.163,0.018,0.594,0.81
2017-04-13,-0.224,-0.163,0.023,0.588,0.792
2017-04-14,-0.224,-0.165,0.013,0.569,0.765
2017-04-17,-0.22,-0.169,0.003,0.555,0.741
2017-04-18,-0.215,-0.163,0.013,0.578,0.77
2017-04-19,-0.221,-0.177,0.004,0.565,0.761
2017-04-20,-0.221,-0.177,0.014,0.556,0.751
2017-04-21,-0.222,-0.173,0.014,0.555,0.761
2017-04-24,-0.212,-0.157,0.024,0.571,0.775
2017-04-25,-0.208,-0.158,0.019,0.566,0.78
2017-04-26,-0.203,-0.156,0.021,0.581,0.793
2017-04-27,-0.193,-0.148,0.021,0.58,0.797
2017-04-28,-0.207,-0.162,0.016,0.562,0.78
2017-05-01,-0.207,-0.163,0.016,0.567,0.789
2017-05-02,-0.202,-0.156,0.022,0.572,0.794
2017-05-08,-0.198,-0.146,0.032,0.588,0.808
2017-05-09,-0.188,-0.137,0.038,0.597,0.822
2017-05-10,-0.183,-0.126,0.042,0.602,0.822
2017-05-11,-0.182,-0.12,0.053,0.617,0.836
2017-05-12,-0.178,-0.12,0.046,0.612,0.836
2017-05-15,-0.174,-0.121,0.041,0.598,0.827
2017-05-16,-0.17,-0.117,0.047,0.608,0.836
2017-05-17,-0.16,-0.111,0.047,0.603,0.832
2017-05-18,-0.151,-0.107,0.048,0.58,0.808
2017-05-19,-0.161,-0.121,0.043,0.569,0.794
2017-05-22,-0.168,-0.119,0.054,0.58,0.809
2017-05-23,-0.167,-0.122,0.049,0.575,0.799
2017-05-24,-0.163,-0.115,0.054,0.581,0.804
2017-05-25,-0.168,-0.115,0.054,0.585,0.814
2017-05-26,-0.168,-0.123,0.044,0.566,0.795
2017-05-29,-0.171,-0.117,0.045,0.575,0.804
2017-05-30,-0.165,-0.12,0.045,0.57,0.8
2017-05-31,-0.162,-0.116,0.05,0.575,0.8
2017-06-01,-0.16,-0.116,0.049,0.586,0.814
2017-06-02,-0.155,-0.108,0.047,0.581,0.809
2017-06-05,-0.146,-0.105,0.044,0.576,0.803
2017-06-06,-0.142,-0.105,0.039,0.571,0.803
2017-06-07,-0.117,-0.089,0.04,0.563,0.794
2017-06-08,-0.103,-0.074,0.065,0.597,0.835
2017-06-09,-0.108,-0.08,0.05,0.576,0.818
2017-06-12,-0.114,-0.08,0.055,0.582,0.823
2017-06-13,-0.109,-0.074,0.06,0.58,0.814
2017-06-14,-0.114,-0.074,0.06,0.571,0.805
2017-06-15,-0.12,-0.08,0.05,0.557,0.791
2017-06-16,-0.12,-0.08,0.05,0.562,0.805
2017-06-19,-0.116,-0.08,0.051,0.562,0.809
2017-06-20,-0.112,-0.08,0.051,0.557,0.8
2017-06-21,-0.102,-0.074,0.055,0.558,0.791
2017-06-22,-0.102,-0.074,0.051,0.553,0.782
2017-06-23,-0.103,-0.08,0.051,0.563,0.796
2017-06-26,-0.104,-0.08,0.051,0.563,0.805
2017-06-27,-0.117,-0.094,0.046,0.559,0.8
2017-06-28,-0.12,-0.09,0.056,0.568,0.814
2017-06-29,-0.12,-0.084,0.057,0.564,0.81
2017-06-30,-0.115,-0.068,0.086,0.592,0.842
2017-07-03,-0.121,-0.074,0.082,0.597,0.846
2017-07-04,-0.126,-0.068,0.078,0.598,0.851
2017-07-05,-0.116,-0.058,0.082,0.602,0.86
2017-07-06,-0.102,-0.044,0.098,0.617,0.878
2017-07-07,-0.102,-0.042,0.088,0.616,0.878
2017-07-10,-0.099,-0.032,0.093,0.622,0.883
2017-07-11,-0.104,-0.038,0.093,0.636,0.896
2017-07-12,-0.109,-0.042,0.088,0.627,0.883
2017-07-13,-0.114,-0.049,0.078,0.599,0.852
2017-07-14,-0.109,-0.049,0.078,0.599,0.861
2017-07-18,-0.106,-0.053,0.068,0.587,0.856
2017-07-19,-0.111,-0.057,0.074,0.591,0.856
2017-07-20,-0.111,-0.057,0.074,0.591,0.856
2017-07-21,-0.116,-0.063,0.068,0.591,0.857
2017-07-24,-0.118,-0.067,0.069,0.592,0.861
2017-07-25,-0.112,-0.068,0.069,0.586,0.848
2017-07-26,-0.107,-0.058,0.08,0.596,0.857
2017-07-27,-0.115,-0.064,0.07,0.587,0.853
2017-07-28,-0.117,-0.064,0.074,0.588,0.857
2017-07-31,-0.117,-0.062,0.078,0.592,0.867
2017-08-01,-0.117,-0.062,0.075,0.593,0.871
2017-08-02,-0.118,-0.062,0.075,0.584,0.87
2017-08-03,-0.118,-0.068,0.07,0.578,0.862
2017-08-04,-0.113,-0.062,0.065,0.578,0.862
2017-08-07,-0.108,-0.058,0.07,0.583,0.871
2017-08-08,-0.109,-0.057,0.07,0.583,0.866
2017-08-09,-0.119,-0.065,0.06,0.569,0.853
2017-08-10,-0.114,-0.066,0.06,0.569,0.843
2017-08-14,-0.114,-0.072,0.056,0.565,0.839
2017-08-15,-0.115,-0.076,0.052,0.566,0.843
2017-08-16,-0.12,-0.076,0.042,0.575,0.857
2017-08-17,-0.115,-0.08,0.047,0.575,0.852
2017-08-18,-0.131,-0.096,0.043,0.571,0.848
2017-08-21,-0.131,-0.103,0.038,0.561,0.839
2017-08-22,-0.131,-0.098,0.043,0.551,0.83
2017-08-23,-0.132,-0.096,0.038,0.551,0.826
2017-08-24,-0.143,-0.117,0.028,0.546,0.821
2017-08-25,-0.157,-0.131,0.018,0.552,0.83
2017-08-28,-0.158,-0.132,0.013,0.554,0.831
2017-08-29,-0.158,-0.143,0.009,0.553,0.827
2017-08-30,-0.155,-0.138,0.009,0.553,0.827
2017-08-31,-0.162,-0.142,0.008,0.549,0.822
2017-09-01,-0.165,-0.146,0.005,0.544,0.822
2017-09-04,-0.161,-0.142,0.001,0.534,0.813
2017-09-05,-0.156,-0.135,0.009,0.532,0.805
2017-09-06,-0.152,-0.136,0.004,0.532,0.81
2017-09-07,-0.157,-0.139,0.009,0.553,0.826
2017-09-08,-0.162,-0.155,-0.012,0.535,0.804
2017-09-11,-0.158,-0.14,-0.006,0.54,0.804
2017-09-12,-0.144,-0.115,0.015,0.555,0.818
2017-09-13,-0.144,-0.119,0.02,0.56,0.827
2017-09-14,-0.139,-0.105,0.035,0.566,0.84
2017-09-15,-0.15,-0.125,0.015,0.547,0.823
2017-09-19,-0.141,-0.115,0.026,0.557,0.832
2017-09-20,-0.131,-0.109,0.026,0.552,0.828
2017-09-21,-0.126,-0.104,0.026,0.548,0.819
2017-09-22,-0.137,-0.116,0.021,0.543,0.814
2017-09-25,-0.138,-0.12,0.021,0.548,0.819
2017-09-26,-0.138,-0.114,0.026,0.553,0.823
2017-09-27,-0.129,-0.094,0.047,0.573,0.846
2017-09-28,-0.115,-0.068,0.069,0.597,0.873
2017-09-29,-0.12,-0.078,0.062,0.578,0.855
2017-10-02,-0.11,-0.068,0.073,0.593,0.864
2017-10-03,-0.115,-0.072,0.073,0.596,0.873
2017-10-04,-0.135,-0.099,0.053,0.579,0.86
2017-10-05,-0.14,-0.103,0.043,0.574,0.855
2017-10-06,-0.14,-0.099,0.053,0.593,0.873
2017-10-10,-0.145,-0.099,0.059,0.594,0.874
2017-10-11,-0.144,-0.093,0.063,0.594,0.869
2017-10-12,-0.144,-0.089,0.063,0.589,0.86
2017-10-13,-0.144,-0.089,0.063,0.594,0.865
2017-10-16,-0.145,-0.09,0.064,0.594,0.869
2017-10-17,-0.14,-0.084,0.069,0.594,0.869
2017-10-18,-0.13,-0.079,0.069,0.595,0.874
2017-10-19,-0.141,-0.087,0.064,0.6,0.879
2017-10-20,-0.136,-0.084,0.074,0.604,0.879
2017-10-23,-0.137,-0.083,0.069,0.605,0.874
2017-10-24,-0.137,-0.083,0.069,0.601,0.866
2017-10-25,-0.137,-0.083,0.07,0.596,0.862
2017-10-26,-0.147,-0.093,0.07,0.601,0.861
2017-10-27,-0.149,-0.091,0.07,0.601,0.865
2017-10-30,-0.155,-0.091,0.07,0.597,0.866
2017-10-31,-0.16,-0.097,0.071,0.597,0.861
2017-11-01,-0.16,-0.098,0.06,0.593,0.847
2017-11-02,-0.163,-0.097,0.055,0.592,0.843
2017-11-06,-0.183,-0.123,0.026,0.573,0.816
2017-11-07,-0.193,-0.131,0.032,0.568,0.816
2017-11-08,-0.207,-0.137,0.027,0.563,0.803
2017-11-09,-0.198,-0.126,0.032,0.577,0.799
2017-11-10,-0.179,-0.113,0.042,0.578,0.803
2017-11-13,-0.174,-0.1,0.052,0.588,0.821
2017-11-14,-0.184,-0.105,0.053,0.593,0.826
2017-11-15,-0.189,-0.109,0.048,0.583,0.817
2017-11-16,-0.19,-0.116,0.048,0.588,0.817
2017-11-17,-0.195,-0.121,0.038,0.58,0.823
2017-11-20,-0.196,-0.125,0.039,0.575,0.817
2017-11-21,-0.196,-0.131,0.033,0.575,0.813
2017-11-22,-0.197,-0.136,0.029,0.57,0.808
2017-11-24,-0.188,-0.132,0.035,0.576,0.826
2017-11-27,-0.179,-0.119,0.041,0.585,0.836
2017-11-28,-0.175,-0.119,0.046,0.59,0.84
2017-11-29,-0.174,-0.125,0.035,0.575,0.827
2017-11-30,-0.16,-0.115,0.04,0.575,0.823
2017-12-01,-0.16,-0.119,0.04,0.581,0.831
2017-12-04,-0.148,-0.11,0.045,0.587,0.836
2017-12-05,-0.138,-0.1,0.053,0.591,0.841
2017-12-06,-0.143,-0.106,0.049,0.587,0.836
2017-12-07,-0.143,-0.106,0.049,0.585,0.827
2017-12-08,-0.153,-0.113,0.044,0.575,0.813
2017-12-11,-0.154,-0.113,0.044,0.578,0.814
2017-12-12,-0.154,-0.115,0.04,0.573,0.809
2017-12-13,-0.159,-0.119,0.045,0.578,0.809
2017-12-14,-0.159,-0.115,0.045,0.571,0.805
2017-12-15,-0.155,-0.115,0.04,0.567,0.805
2017-12-18,-0.15,-0.119,0.036,0.567,0.805
2017-12-19,-0.151,-0.115,0.036,0.562,0.795
2017-12-20,-0.146,-0.105,0.051,0.572,0.809
2017-12-21,-0.146,-0.104,0.056,0.577,0.814
2017-12-22,-0.147,-0.108,0.046,0.568,0.814
2017-12-25,-0.147,-0.11,0.036,0.563,0.81
2017-12-26,-0.145,-0.104,0.041,0.564,0.81
2017-12-27,-0.143,-0.1,0.052,0.568,0.813
2017-12-28,-0.138,-0.1,0.052,0.573,0.814
2017-12-29,-0.14,-0.104,0.047,0.568,0.805
2018-01-04,-0.138,-0.099,0.052,0.574,0.81
2018-01-05,-0.138,-0.099,0.057,0.577,0.815
2018-01-09,-0.139,-0.093,0.067,0.589,0.828
2018-01-10,-0.129,-0.077,0.083,0.603,0.842
2018-01-11,-0.134,-0.083,0.068,0.594,0.837
2018-01-12,-0.134,-0.083,0.073,0.589,0.828
2018-01-15,-0.14,-0.079,0.074,0.594,0.828
2018-01-16,-0.14,-0.09,0.079,0.597,0.828
2018-01-17,-0.13,-0.078,0.084,0.598,0.828
2018-01-18,-0.13,-0.077,0.079,0.602,0.833
2018-01-19,-0.136,-0.083,0.079,0.594,0.824
2018-01-22,-0.136,-0.083,0.079,0.593,0.82
2018-01-23,-0.142,-0.087,0.074,0.589,0.815
2018-01-24,-0.137,-0.083,0.079,0.594,0.82
2018-01-25,-0.132,-0.078,0.084,0.595,0.82
2018-01-26,-0.132,-0.085,0.074,0.582,0.811
2018-01-29,-0.128,-0.079,0.085,0.581,0.807
2018-01-30,-0.13,-0.072,0.095,0.6,0.816
2018-01-31,-0.137,-0.082,0.085,0.59,0.811
2018-02-01,-0.128,-0.071,0.095,0.6,0.816
2018-02-02,-0.131,-0.078,0.085,0.592,0.816
2018-02-05,-0.137,-0.082,0.086,0.591,0.816
2018-02-06,-0.142,-0.086,0.075,0.587,0.812
2018-02-07,-0.144,-0.082,0.075,0.587,0.812
2018-02-08,-0.148,-0.08,0.081,0.596,0.816
2018-02-09,-0.149,-0.086,0.071,0.586,0.807
2018-02-13,-0.154,-0.086,0.071,0.577,0.798
2018-02-14,-0.154,-0.091,0.066,0.567,0.789
2018-02-15,-0.159,-0.097,0.066,0.567,0.789
2018-02-16,-0.16,-0.102,0.062,0.568,0.789
2018-02-19,-0.151,-0.097,0.061,0.568,0.789
2018-02-20,-0.151,-0.098,0.066,0.573,0.789
2018-02-21,-0.151,-0.102,0.058,0.569,0.78
2018-02-22,-0.151,-0.102,0.058,0.559,0.771
2018-02-23,-0.153,-0.107,0.053,0.554,0.758
2018-02-26,-0.154,-0.112,0.054,0.559,0.762
2018-02-27,-0.162,-0.118,0.049,0.555,0.762
2018-02-28,-0.16,-0.112,0.054,0.551,0.762
2018-03-01,-0.16,-0.112,0.048,0.551,0.758
2018-03-02,-0.155,-0.099,0.063,0.565,0.767
2018-03-05,-0.173,-0.127,0.038,0.541,0.749
2018-03-06,-0.166,-0.119,0.049,0.546,0.749
2018-03-07,-0.162,-0.117,0.044,0.542,0.745
2018-03-08,-0.157,-0.116,0.049,0.547,0.754
2018-03-09,-0.157,-0.115,0.044,0.547,0.759
2018-03-12,-0.153,-0.116,0.044,0.542,0.759
2018-03-13,-0.154,-0.109,0.045,0.547,0.759
2018-03-14,-0.149,-0.105,0.045,0.542,0.759
2018-03-15,-0.145,-0.105,0.04,0.538,0.759
2018-03-16,-0.15,-0.115,0.031,0.533,0.759
2018-03-19,-0.151,-0.115,0.036,0.529,0.755
2018-03-20,-0.156,-0.115,0.036,0.534,0.754
2018-03-22,-0.157,-0.119,0.031,0.529,0.755
2018-03-23,-0.157,-0.125,0.016,0.515,0.741
2018-03-26,-0.158,-0.124,0.022,0.515,0.741
2018-03-27,-0.153,-0.114,0.032,0.52,0.741
2018-03-28,-0.154,-0.114,0.032,0.516,0.736
2018-03-29,-0.14,-0.11,0.037,0.521,0.741
2018-03-30,-0.137,-0.108,0.043,0.525,0.741
2018-04-02,-0.135,-0.108,0.042,0.526,0.746
2018-04-03,-0.141,-0.125,0.022,0.507,0.723
2018-04-04,-0.136,-0.119,0.027,0.502,0.718
2018-04-05,-0.133,-0.115,0.037,0.517,0.737
2018-04-06,-0.143,-0.115,0.038,0.522,0.746
2018-04-09,-0.147,-0.119,0.033,0.517,0.742
2018-04-10,-0.154,-0.123,0.033,0.513,0.737
2018-04-11,-0.158,-0.123,0.028,0.504,0.728
2018-04-12,-0.158,-0.119,0.033,0.507,0.714
2018-04-13,-0.159,-0.113,0.033,0.504,0.705
2018-04-16,-0.155,-0.109,0.039,0.508,0.71
2018-04-17,-0.155,-0.113,0.039,0.509,0.714
2018-04-18,-0.15,-0.113,0.034,0.503,0.705
2018-04-19,-0.141,-0.107,0.039,0.509,0.71
2018-04-20,-0.131,-0.093,0.059,0.533,0.733
2018-04-23,-0.132,-0.093,0.06,0.533,0.742
2018-04-24,-0.136,-0.104,0.055,0.533,0.747
2018-04-25,-0.135,-0.097,0.06,0.538,0.747
2018-04-26,-0.131,-0.097,0.06,0.543,0.752
2018-04-27,-0.137,-0.102,0.055,0.533,0.747
2018-05-01,-0.142,-0.119,0.04,0.515,0.724
2018-05-02,-0.138,-0.109,0.045,0.52,0.733
2018-05-07,-0.137,-0.112,0.046,0.52,0.733
2018-05-08,-0.132,-0.108,0.05,0.529,0.743
2018-05-09,-0.133,-0.104,0.051,0.525,0.738
2018-05-10,-0.138,-0.104,0.052,0.525,0.743
2018-05-11,-0.138,-0.108,0.047,0.525,0.743
2018-05-14,-0.139,-0.104,0.052,0.53,0.748
2018-05-15,-0.135,-0.098,0.058,0.535,0.753
2018-05-16,-0.14,-0.098,0.058,0.54,0.758
2018-05-17,-0.14,-0.101,0.062,0.545,0.767
2018-05-18,-0.135,-0.101,0.062,0.545,0.766
2018-05-21,-0.136,-0.101,0.059,0.541,0.762
2018-05-22,-0.141,-0.105,0.053,0.536,0.762
2018-05-23,-0.141,-0.111,0.048,0.526,0.757
2018-05-24,-0.142,-0.111,0.048,0.526,0.752
2018-05-25,-0.143,-0.116,0.043,0.522,0.748
2018-05-28,-0.144,-0.117,0.043,0.52,0.743
2018-05-29,-0.144,-0.116,0.038,0.513,0.724
2018-05-30,-0.148,-0.119,0.033,0.503,0.711
2018-05-31,-0.144,-0.119,0.039,0.513,0.72
2018-06-01,-0.145,-0.108,0.05,0.517,0.725
2018-06-04,-0.135,-0.104,0.056,0.527,0.735
2018-06-05,-0.131,-0.098,0.056,0.522,0.73
2018-06-06,-0.131,-0.1,0.056,0.528,0.737
2018-06-07,-0.131,-0.097,0.055,0.523,0.727
2018-06-08,-0.127,-0.096,0.051,0.518,0.722
2018-06-11,-0.133,-0.098,0.051,0.523,0.731
2018-06-12,-0.133,-0.099,0.057,0.528,0.735
2018-06-13,-0.133,-0.103,0.057,0.528,0.735
2018-06-14,-0.138,-0.108,0.046,0.518,0.73
2018-06-15,-0.138,-0.108,0.041,0.509,0.721
2018-06-18,-0.14,-0.108,0.041,0.509,0.721
2018-06-19,-0.135,-0.113,0.037,0.505,0.716
2018-06-20,-0.135,-0.109,0.042,0.509,0.721
2018-06-21,-0.136,-0.108,0.043,0.508,0.721
2018-06-22,-0.136,-0.114,0.039,0.504,0.716
2018-06-25,-0.137,-0.115,0.04,0.508,0.717
2018-06-26,-0.137,-0.11,0.045,0.513,0.721
2018-06-27,-0.133,-0.11,0.046,0.514,0.723
2018-06-28,-0.128,-0.111,0.04,0.505,0.718
2018-06-29,-0.129,-0.112,0.04,0.505,0.718
2018-07-02,-0.135,-0.115,0.035,0.5,0.713
2018-07-03,-0.13,-0.115,0.037,0.5,0.713
2018-07-04,-0.131,-0.115,0.032,0.495,0.703
2018-07-05,-0.131,-0.12,0.032,0.485,0.682
2018-07-06,-0.132,-0.116,0.027,0.486,0.681
2018-07-09,-0.132,-0.115,0.028,0.481,0.678
2018-07-10,-0.127,-0.109,0.038,0.487,0.687
2018-07-11,-0.133,-0.109,0.038,0.492,0.692
2018-07-12,-0.133,-0.109,0.038,0.488,0.683
2018-07-13,-0.133,-0.109,0.038,0.488,0.683
2018-07-17,-0.135,-0.109,0.039,0.483,0.678
2018-07-18,-0.13,-0.103,0.044,0.488,0.683
2018-07-19,-0.13,-0.107,0.039,0.484,0.683
2018-07-20,-0.127,-0.107,0.034,0.479,0.683
2018-07-23,-0.107,-0.077,0.086,0.559,0.771
2018-07-24,-0.123,-0.086,0.085,0.589,0.793
2018-07-25,-0.126,-0.107,0.07,0.561,0.77
2018-07-26,-0.119,-0.097,0.091,0.581,0.793
2018-07-27,-0.118,-0.091,0.101,0.586,0.802
2018-07-30,-0.119,-0.086,0.106,0.6,0.82
2018-07-31,-0.119,-0.097,0.05,0.533,0.742
2018-08-01,-0.09,-0.046,0.129,0.596,0.797
2018-08-02,-0.105,-0.06,0.121,0.61,0.82
2018-08-03,-0.11,-0.074,0.11,0.618,0.833
2018-08-06,-0.111,-0.077,0.105,0.613,0.833
2018-08-07,-0.112,-0.075,0.11,0.614,0.838
2018-08-08,-0.107,-0.071,0.11,0.623,0.847
2018-08-09,-0.112,-0.064,0.115,0.619,0.839
2018-08-10,-0.117,-0.075,0.105,0.609,0.829
2018-08-13,-0.118,-0.082,0.103,0.598,0.816
2018-08-14,-0.118,-0.075,0.106,0.609,0.83
2018-08-15,-0.118,-0.082,0.097,0.609,0.83
2018-08-16,-0.124,-0.076,0.104,0.616,0.834
2018-08-17,-0.129,-0.085,0.099,0.615,0.834
2018-08-20,-0.127,-0.089,0.1,0.615,0.835
2018-08-21,-0.127,-0.086,0.094,0.601,0.819
2018-08-22,-0.12,-0.079,0.1,0.612,0.83
2018-08-23,-0.123,-0.079,0.1,0.612,0.83
2018-08-24,-0.116,-0.076,0.106,0.61,0.826
2018-08-27,-0.116,-0.074,0.101,0.603,0.817
2018-08-28,-0.116,-0.074,0.101,0.609,0.825
2018-08-29,-0.117,-0.074,0.107,0.609,0.826
2018-08-30,-0.114,-0.069,0.115,0.625,0.835
2018-08-31,-0.119,-0.073,0.11,0.62,0.834
2018-09-03,-0.11,-0.062,0.127,0.625,0.839
2018-09-04,-0.116,-0.062,0.125,0.626,0.843
2018-09-05,-0.116,-0.066,0.121,0.617,0.835
2018-09-06,-0.116,-0.069,0.116,0.613,0.83
2018-09-07,-0.112,-0.07,0.116,0.613,0.83
2018-09-10,-0.112,-0.064,0.121,0.619,0.835
2018-09-11,-0.112,-0.064,0.116,0.612,0.822
2018-09-12,-0.112,-0.064,0.116,0.614,0.822
2018-09-13,-0.113,-0.067,0.116,0.614,0.826
2018-09-14,-0.113,-0.064,0.117,0.615,0.826
2018-09-18,-0.114,-0.063,0.123,0.62,0.836
2018-09-19,-0.109,-0.057,0.128,0.624,0.84
2018-09-20,-0.104,-0.057,0.128,0.624,0.84
2018-09-21,-0.104,-0.053,0.14,0.646,0.871
2018-09-25,-0.105,-0.05,0.141,0.656,0.889
2018-09-26,-0.11,-0.056,0.135,0.652,0.889
2018-09-27,-0.118,-0.066,0.13,0.641,0.877
2018-09-28,-0.114,-0.065,0.134,0.656,0.89
2018-10-01,-0.115,-0.06,0.139,0.662,0.904
2018-10-02,-0.115,-0.06,0.137,0.659,0.9
2018-10-03,-0.115,-0.061,0.137,0.659,0.898
2018-10-04,-0.11,-0.05,0.157,0.69,0.93
2018-10-05,-0.121,-0.058,0.148,0.675,0.922
2018-10-09,-0.116,-0.055,0.158,0.685,0.926
2018-10-10,-0.117,-0.055,0.152,0.68,0.921
2018-10-11,-0.117,-0.058,0.144,0.668,0.901
2018-10-12,-0.117,-0.056,0.149,0.673,0.906
2018-10-15,-0.118,-0.059,0.144,0.672,0.91
2018-10-16,-0.118,-0.052,0.149,0.677,0.915
2018-10-17,-0.12,-0.053,0.147,0.674,0.911
2018-10-18,-0.12,-0.051,0.153,0.684,0.91
2018-10-19,-0.119,-0.055,0.15,0.684,0.91
2018-10-22,-0.114,-0.055,0.154,0.691,0.915
2018-10-23,-0.114,-0.056,0.149,0.685,0.911
2018-10-24,-0.115,-0.062,0.135,0.666,0.895
2018-10-25,-0.119,-0.076,0.115,0.642,0.866
2018-10-26,-0.124,-0.082,0.115,0.638,0.866
2018-10-29,-0.124,-0.086,0.11,0.634,0.861
2018-10-30,-0.125,-0.08,0.121,0.643,0.861
2018-10-31,-0.125,-0.08,0.127,0.653,0.875
2018-11-01,-0.125,-0.079,0.127,0.656,0.875
2018-11-02,-0.13,-0.077,0.132,0.662,0.879
2018-11-05,-0.131,-0.081,0.132,0.666,0.884
2018-11-06,-0.131,-0.077,0.132,0.668,0.889
2018-11-07,-0.126,-0.076,0.128,0.668,0.889
2018-11-08,-0.132,-0.082,0.129,0.672,0.894
2018-11-09,-0.137,-0.082,0.129,0.669,0.889
2018-11-12,-0.138,-0.081,0.124,0.665,0.884
2018-11-13,-0.137,-0.082,0.119,0.655,0.878
2018-11-14,-0.143,-0.087,0.114,0.646,0.871
2018-11-15,-0.138,-0.087,0.114,0.641,0.866
2018-11-16,-0.144,-0.09,0.11,0.641,0.862
2018-11-19,-0.145,-0.1,0.1,0.621,0.844
2018-11-20,-0.142,-0.096,0.11,0.631,0.853
2018-11-21,-0.142,-0.1,0.102,0.619,0.835
2018-11-22,-0.142,-0.1,0.102,0.617,0.83
2018-11-26,-0.142,-0.105,0.097,0.608,0.821
2018-11-27,-0.142,-0.101,0.098,0.607,0.817
2018-11-28,-0.132,-0.09,0.108,0.622,0.835
2018-11-29,-0.139,-0.105,0.091,0.603,0.821
2018-11-30,-0.135,-0.102,0.097,0.6,0.821
2018-12-03,-0.13,-0.106,0.093,0.598,0.821
2018-12-04,-0.13,-0.111,0.077,0.574,0.793
2018-12-05,-0.136,-0.111,0.078,0.583,0.803
2018-12-06,-0.151,-0.126,0.063,0.579,0.798
2018-12-07,-0.141,-0.124,0.068,0.594,0.817
2018-12-10,-0.147,-0.138,0.048,0.575,0.803
2018-12-11,-0.142,-0.131,0.053,0.571,0.803
2018-12-12,-0.142,-0.119,0.064,0.575,0.803
2018-12-13,-0.147,-0.117,0.064,0.579,0.808
2018-12-14,-0.153,-0.132,0.043,0.564,0.794
2018-12-17,-0.157,-0.139,0.043,0.559,0.785
2018-12-18,-0.157,-0.15,0.04,0.55,0.771
2018-12-19,-0.151,-0.146,0.046,0.555,0.771
2018-12-20,-0.146,-0.139,0.041,0.531,0.738
2018-12-21,-0.143,-0.124,0.053,0.55,0.757
2018-12-25,-0.147,-0.14,0.029,0.522,0.724
2018-12-26,-0.124,-0.126,0.036,0.526,0.729
2018-12-27,-0.124,-0.126,0.037,0.532,0.743
2018-12-28,-0.139,-0.152,0.013,0.507,0.724
2019-01-04,-0.176,-0.188,-0.023,0.463,0.677
2019-01-07,-0.166,-0.173,0.0,0.49,0.701
2019-01-08,-0.147,-0.148,0.014,0.5,0.706
2019-01-09,-0.147,-0.142,0.029,0.519,0.72
2019-01-10,-0.148,-0.149,0.024,0.505,0.71
2019-01-11,-0.153,-0.15,0.014,0.488,0.696
2019-01-15,-0.153,-0.143,0.014,0.486,0.696
2019-01-16,-0.164,-0.154,0.006,0.48,0.692
2019-01-17,-0.169,-0.161,0.007,0.48,0.695
2019-01-18,-0.17,-0.159,0.01,0.486,0.692
2019-01-21,-0.167,-0.159,0.004,0.48,0.692
2019-01-22,-0.167,-0.159,-0.001,0.475,0.683
2019-01-23,-0.168,-0.16,0.004,0.469,0.674
2019-01-24,-0.162,-0.156,0.009,0.47,0.665
2019-01-25,-0.168,-0.164,-0.001,0.46,0.66
2019-01-28,-0.164,-0.164,0.001,0.46,0.655
2019-01-29,-0.159,-0.16,0.006,0.46,0.655
2019-01-30,-0.159,-0.16,0.007,0.461,0.66
2019-01-31,-0.169,-0.164,0.006,0.453,0.651
2019-02-01,-0.179,-0.179,-0.019,0.417,0.604
2019-02-04,-0.171,-0.169,-0.009,0.423,0.614
2019-02-05,-0.166,-0.164,-0.009,0.422,0.604
2019-02-06,-0.161,-0.165,-0.014,0.422,0.604
2019-02-07,-0.156,-0.157,-0.008,0.437,0.619
2019-02-08,-0.166,-0.169,-0.024,0.413,0.589
2019-02-12,-0.163,-0.157,-0.006,0.431,0.609
2019-02-13,-0.168,-0.156,-0.001,0.443,0.624
2019-02-14,-0.168,-0.166,-0.006,0.438,0.624
2019-02-15,-0.169,-0.17,-0.016,0.42,0.6
2019-02-18,-0.176,-0.176,-0.016,0.422,0.6
2019-02-19,-0.183,-0.181,-0.026,0.418,0.595
2019-02-20,-0.182,-0.181,-0.031,0.413,0.591
2019-02-21,-0.182,-0.182,-0.037,0.408,0.576
2019-02-22,-0.178,-0.182,-0.037,0.406,0.586
2019-02-25,-0.174,-0.176,-0.03,0.413,0.591
2019-02-26,-0.169,-0.171,-0.02,0.428,0.61
2019-02-27,-0.164,-0.165,-0.018,0.429,0.615
2019-02-28,-0.154,-0.158,-0.019,0.428,0.61
2019-03-01,-0.15,-0.154,-0.004,0.439,0.628
2019-03-04,-0.146,-0.149,0.007,0.454,0.643
2019-03-05,-0.141,-0.144,0.011,0.459,0.647
2019-03-06,-0.146,-0.151,0.001,0.448,0.633
2019-03-07,-0.147,-0.151,-0.004,0.435,0.624
2019-03-08,-0.147,-0.154,-0.028,0.405,0.591
2019-03-11,-0.147,-0.158,-0.03,0.405,0.591
2019-03-12,-0.153,-0.16,-0.025,0.415,0.598
2019-03-13,-0.158,-0.17,-0.04,0.401,0.582
2019-03-14,-0.163,-0.17,-0.033,0.402,0.577
2019-03-15,-0.165,-0.171,-0.028,0.407,0.582
2019-03-18,-0.161,-0.171,-0.028,0.407,0.587
2019-03-19,-0.161,-0.171,-0.037,0.393,0.567
2019-03-20,-0.162,-0.17,-0.027,0.403,0.577
2019-03-22,-0.178,-0.188,-0.061,0.363,0.535
2019-03-25,-0.182,-0.194,-0.076,0.348,0.517
2019-03-26,-0.169,-0.177,-0.056,0.374,0.55
2019-03-27,-0.17,-0.178,-0.056,0.374,0.545
2019-03-28,-0.178,-0.199,-0.086,0.339,0.507
2019-03-29,-0.183,-0.202,-0.082,0.344,0.513
2019-04-01,-0.174,-0.193,-0.07,0.359,0.532
2019-04-02,-0.16,-0.172,-0.053,0.368,0.533
2019-04-03,-0.16,-0.172,-0.053,0.369,0.53
2019-04-04,-0.156,-0.166,-0.041,0.374,0.529
2019-04-05,-0.156,-0.158,-0.032,0.385,0.542
2019-04-08,-0.157,-0.17,-0.047,0.365,0.529
2019-04-09,-0.163,-0.17,-0.046,0.371,0.534
2019-04-10,-0.168,-0.176,-0.057,0.361,0.524
2019-04-11,-0.168,-0.176,-0.062,0.355,0.51
2019-04-12,-0.169,-0.174,-0.051,0.365,0.515
2019-04-15,-0.165,-0.162,-0.031,0.385,0.539
2019-04-16,-0.155,-0.15,-0.021,0.378,0.539
2019-04-17,-0.15,-0.138,-0.009,0.398,0.566
2019-04-18,-0.156,-0.154,-0.026,0.383,0.552
2019-04-19,-0.151,-0.155,-0.026,0.393,0.578
2019-04-22,-0.152,-0.155,-0.027,0.393,0.575
2019-04-23,-0.148,-0.155,-0.03,0.384,0.566
2019-04-24,-0.152,-0.159,-0.037,0.374,0.557
2019-04-25,-0.147,-0.16,-0.031,0.389,0.576
2019-04-26,-0.153,-0.17,-0.045,0.374,0.557
2019-05-07,-0.156,-0.169,-0.049,0.365,0.539
2019-05-08,-0.156,-0.169,-0.049,0.36,0.53
2019-05-09,-0.158,-0.164,-0.044,0.365,0.535
2019-05-10,-0.158,-0.17,-0.044,0.37,0.535
2019-05-13,-0.159,-0.164,-0.043,0.375,0.539
2019-05-14,-0.159,-0.164,-0.048,0.365,0.534
2019-05-15,-0.16,-0.165,-0.048,0.365,0.53
2019-05-16,-0.166,-0.175,-0.058,0.35,0.511
2019-05-17,-0.164,-0.169,-0.053,0.356,0.525
2019-05-20,-0.154,-0.164,-0.042,0.371,0.54
2019-05-21,-0.154,-0.165,-0.042,0.366,0.534
2019-05-22,-0.152,-0.164,-0.048,0.351,0.52
2019-05-23,-0.153,-0.171,-0.058,0.343,0.513
2019-05-24,-0.155,-0.174,-0.068,0.336,0.502
2019-05-27,-0.156,-0.174,-0.062,0.338,0.508
2019-05-28,-0.162,-0.179,-0.066,0.327,0.493
2019-05-29,-0.173,-0.196,-0.089,0.307,0.47
2019-05-30,-0.169,-0.186,-0.077,0.318,0.483
2019-05-31,-0.179,-0.201,-0.092,0.298,0.456
2019-06-03,-0.18,-0.201,-0.088,0.308,0.465
2019-06-04,-0.186,-0.211,-0.097,0.293,0.445
2019-06-05,-0.221,-0.25,-0.123,0.268,0.422
2019-06-06,-0.207,-0.24,-0.116,0.268,0.412
2019-06-07,-0.197,-0.229,-0.112,0.268,0.403
2019-06-10,-0.199,-0.234,-0.117,0.243,0.36
2019-06-11,-0.194,-0.221,-0.107,0.253,0.358
2019-06-12,-0.195,-0.226,-0.107,0.252,0.348
2019-06-13,-0.2,-0.231,-0.108,0.263,0.37
2019-06-14,-0.206,-0.235,-0.122,0.248,0.371
2019-06-17,-0.196,-0.229,-0.122,0.244,0.371
2019-06-18,-0.203,-0.23,-0.122,0.238,0.362
2019-06-19,-0.214,-0.24,-0.133,0.226,0.343
2019-06-20,-0.235,-0.266,-0.163,0.182,0.299
2019-06-21,-0.239,-0.277,-0.162,0.203,0.329
2019-06-24,-0.232,-0.268,-0.146,0.224,0.353
2019-06-25,-0.228,-0.266,-0.147,0.224,0.354
2019-06-26,-0.217,-0.261,-0.14,0.243,0.373
2019-06-27,-0.213,-0.253,-0.134,0.254,0.393
2019-06-28,-0.222,-0.262,-0.156,0.229,0.363
2019-07-01,-0.224,-0.252,-0.14,0.244,0.382
2019-07-02,-0.22,-0.244,-0.135,0.249,0.388
2019-07-03,-0.225,-0.263,-0.16,0.225,0.354
2019-07-04,-0.221,-0.26,-0.16,0.215,0.345
2019-07-05,-0.211,-0.26,-0.17,0.205,0.334
2019-07-08,-0.202,-0.242,-0.154,0.221,0.352
2019-07-09,-0.197,-0.232,-0.144,0.216,0.342
2019-07-10,-0.188,-0.216,-0.128,0.241,0.367
2019-07-11,-0.194,-0.226,-0.143,0.23,0.358
2019-07-12,-0.184,-0.21,-0.118,0.256,0.386
2019-07-16,-0.191,-0.215,-0.123,0.251,0.381
2019-07-17,-0.186,-0.215,-0.128,0.24,0.372
2019-07-18,-0.197,-0.231,-0.138,0.228,0.362
2019-07-19,-0.203,-0.236,-0.138,0.234,0.372
2019-07-22,-0.204,-0.236,-0.138,0.234,0.377
2019-07-23,-0.205,-0.241,-0.148,0.224,0.367
2019-07-24,-0.206,-0.237,-0.148,0.221,0.357
2019-07-25,-0.207,-0.241,-0.153,0.214,0.353
2019-07-26,-0.212,-0.241,-0.153,0.214,0.358
2019-07-29,-0.213,-0.235,-0.148,0.223,0.367
2019-07-30,-0.213,-0.246,-0.153,0.215,0.363
2019-07-31,-0.209,-0.247,-0.157,0.204,0.353
2019-08-01,-0.189,-0.227,-0.131,0.224,0.366
2019-08-02,-0.205,-0.258,-0.167,0.185,0.328
2019-08-05,-0.216,-0.284,-0.197,0.152,0.29
2019-08-06,-0.221,-0.279,-0.181,0.171,0.309
2019-08-07,-0.237,-0.294,-0.198,0.145,0.28
2019-08-08,-0.243,-0.289,-0.191,0.135,0.267
2019-08-09,-0.273,-0.309,-0.22,0.099,0.222
2019-08-13,-0.291,-0.326,-0.237,0.074,0.187
2019-08-14,-0.277,-0.311,-0.221,0.095,0.201
2019-08-15,-0.282,-0.326,-0.238,0.07,0.161
2019-08-16,-0.279,-0.326,-0.236,0.085,0.186
2019-08-19,-0.285,-0.33,-0.231,0.101,0.206
2019-08-20,-0.295,-0.34,-0.236,0.096,0.2
2019-08-21,-0.305,-0.346,-0.241,0.086,0.186
2019-08-22,-0.313,-0.345,-0.241,0.091,0.196
2019-08-23,-0.301,-0.335,-0.235,0.104,0.211
2019-08-26,-0.323,-0.366,-0.276,0.06,0.162
2019-08-27,-0.303,-0.35,-0.265,0.07,0.166
2019-08-28,-0.304,-0.351,-0.271,0.069,0.163
2019-08-29,-0.317,-0.368,-0.286,0.049,0.14
2019-08-30,-0.307,-0.362,-0.275,0.05,0.146
2019-09-02,-0.299,-0.36,-0.266,0.06,0.151
2019-09-03,-0.295,-0.352,-0.274,0.039,0.12
2019-09-04,-0.305,-0.361,-0.286,0.034,0.115
2019-09-05,-0.296,-0.348,-0.269,0.059,0.136
2019-09-06,-0.302,-0.347,-0.243,0.107,0.206
2019-09-09,-0.319,-0.354,-0.253,0.107,0.223
2019-09-10,-0.294,-0.324,-0.221,0.153,0.28
2019-09-11,-0.279,-0.302,-0.201,0.163,0.29
2019-09-12,-0.285,-0.312,-0.207,0.161,0.295
2019-09-13,-0.251,-0.264,-0.15,0.206,0.341
2019-09-17,-0.248,-0.265,-0.145,0.216,0.352
2019-09-18,-0.269,-0.296,-0.178,0.196,0.333
2019-09-19,-0.305,-0.342,-0.22,0.172,0.32
2019-09-20,-0.31,-0.345,-0.209,0.193,0.355
2019-09-24,-0.324,-0.365,-0.231,0.188,0.349
2019-09-25,-0.346,-0.389,-0.246,0.185,0.36
2019-09-26,-0.331,-0.377,-0.236,0.179,0.342
2019-09-27,-0.321,-0.368,-0.224,0.175,0.326
2019-09-30,-0.323,-0.363,-0.206,0.204,0.361
2019-10-01,-0.294,-0.299,-0.139,0.253,0.406
2019-10-02,-0.309,-0.333,-0.169,0.233,0.391
2019-10-03,-0.325,-0.36,-0.194,0.197,0.356
2019-10-04,-0.335,-0.376,-0.215,0.187,0.353
2019-10-07,-0.338,-0.385,-0.23,0.183,0.357
2019-10-08,-0.323,-0.364,-0.203,0.208,0.377
2019-10-09,-0.324,-0.365,-0.208,0.208,0.377
2019-10-10,-0.315,-0.354,-0.214,0.198,0.362
2019-10-11,-0.295,-0.319,-0.183,0.218,0.386
2019-10-15,-0.281,-0.304,-0.171,0.219,0.386
2019-10-16,-0.267,-0.291,-0.162,0.224,0.386
2019-10-17,-0.254,-0.281,-0.157,0.229,0.386
2019-10-18,-0.244,-0.271,-0.151,0.239,0.401
2019-10-21,-0.245,-0.272,-0.136,0.259,0.415
2019-10-23,-0.252,-0.276,-0.138,0.26,0.411
2019-10-24,-0.256,-0.283,-0.145,0.244,0.389
2019-10-25,-0.243,-0.271,-0.145,0.249,0.392
2019-10-28,-0.219,-0.258,-0.129,0.254,0.396
2019-10-29,-0.208,-0.242,-0.108,0.274,0.419
2019-10-30,-0.218,-0.247,-0.12,0.254,0.41
2019-10-31,-0.239,-0.267,-0.139,0.229,0.386
2019-11-01,-0.274,-0.313,-0.179,0.194,0.343
2019-11-05,-0.241,-0.271,-0.133,0.23,0.373
2019-11-06,-0.192,-0.217,-0.083,0.264,0.401
2019-11-07,-0.192,-0.212,-0.083,0.268,0.406
2019-11-08,-0.177,-0.185,-0.058,0.299,0.444
2019-11-11,-0.194,-0.196,-0.062,0.297,0.448
2019-11-12,-0.174,-0.165,-0.032,0.322,0.476
2019-11-13,-0.195,-0.181,-0.043,0.316,0.467
2019-11-14,-0.205,-0.196,-0.067,0.297,0.443
2019-11-15,-0.2,-0.188,-0.066,0.302,0.451
2019-11-18,-0.206,-0.2,-0.082,0.287,0.439
2019-11-19,-0.208,-0.212,-0.087,0.283,0.429
2019-11-20,-0.214,-0.222,-0.106,0.259,0.41
2019-11-21,-0.199,-0.212,-0.107,0.245,0.392
2019-11-22,-0.191,-0.192,-0.077,0.278,0.425
2019-11-25,-0.191,-0.196,-0.081,0.279,0.433
2019-11-26,-0.194,-0.201,-0.092,0.259,0.411
2019-11-27,-0.2,-0.219,-0.106,0.235,0.387
2019-11-28,-0.179,-0.193,-0.086,0.254,0.401
2019-11-29,-0.179,-0.187,-0.075,0.255,0.406
2019-12-02,-0.17,-0.159,-0.039,0.277,0.425
2019-12-03,-0.156,-0.135,-0.014,0.295,0.439
2019-12-04,-0.156,-0.151,-0.029,0.275,0.429
2019-12-05,-0.152,-0.158,-0.035,0.27,0.415
2019-12-06,-0.132,-0.121,-0.009,0.293,0.434
2019-12-09,-0.117,-0.105,0.001,0.298,0.44
2019-12-10,-0.118,-0.111,-0.016,0.283,0.421
2019-12-11,-0.108,-0.1,0.004,0.297,0.43
2019-12-12,-0.129,-0.128,-0.015,0.294,0.43
2019-12-13,-0.13,-0.131,-0.014,0.293,0.425
2019-12-16,-0.137,-0.131,-0.019,0.283,0.406
2019-12-17,-0.125,-0.11,-0.004,0.286,0.407
2019-12-18,-0.127,-0.11,-0.009,0.287,0.412
2019-12-19,-0.113,-0.097,0.0,0.293,0.412
2019-12-20,-0.103,-0.08,0.014,0.312,0.439
2019-12-23,-0.098,-0.084,0.008,0.313,0.442
2019-12-24,-0.097,-0.091,0.008,0.317,0.452
2019-12-25,-0.113,-0.111,-0.011,0.293,0.432
2019-12-26,-0.119,-0.12,-0.012,0.298,0.437
2019-12-27,-0.124,-0.12,-0.007,0.293,0.426
2019-12-30,-0.134,-0.13,-0.015,0.279,0.41
2020-01-06,-0.136,-0.14,-0.025,0.27,0.401
2020-01-07,-0.121,-0.115,-0.008,0.295,0.43
2020-01-08,-0.127,-0.117,-0.013,0.28,0.416
2020-01-09,-0.132,-0.116,-0.003,0.29,0.429
2020-01-10,-0.137,-0.109,-0.003,0.296,0.438
2020-01-14,-0.129,-0.087,0.012,0.31,0.448
2020-01-15,-0.124,-0.09,0.008,0.309,0.448
2020-01-16,-0.128,-0.094,0.008,0.315,0.453
2020-01-17,-0.135,-0.104,-0.002,0.308,0.453
2020-01-20,-0.126,-0.098,0.008,0.321,0.467
2020-01-21,-0.126,-0.109,-0.007,0.292,0.439
2020-01-22,-0.121,-0.109,-0.002,0.297,0.439
2020-01-23,-0.132,-0.125,-0.023,0.272,0.411
2020-01-24,-0.133,-0.125,-0.022,0.267,0.406
2020-01-27,-0.144,-0.144,-0.047,0.238,0.373
2020-01-28,-0.136,-0.134,-0.037,0.243,0.377
2020-01-29,-0.134,-0.134,-0.037,0.238,0.373
2020-01-30,-0.149,-0.154,-0.056,0.228,0.358
2020-01-31,-0.159,-0.167,-0.061,0.233,0.368
2020-02-03,-0.165,-0.175,-0.06,0.243,0.383
2020-02-04,-0.15,-0.159,-0.049,0.253,0.393
2020-02-05,-0.141,-0.145,-0.033,0.268,0.417
2020-02-06,-0.131,-0.125,-0.014,0.277,0.421
2020-02-07,-0.147,-0.141,-0.035,0.253,0.392
2020-02-10,-0.158,-0.156,-0.055,0.233,0.368
2020-02-12,-0.153,-0.142,-0.04,0.248,0.378
2020-02-13,-0.154,-0.136,-0.029,0.258,0.387
2020-02-14,-0.144,-0.132,-0.03,0.258,0.387
2020-02-17,-0.147,-0.137,-0.034,0.243,0.372
2020-02-18,-0.151,-0.152,-0.049,0.228,0.354
2020-02-19,-0.156,-0.152,-0.043,0.238,0.368
2020-02-20,-0.153,-0.148,-0.039,0.238,0.358
2020-02-21,-0.165,-0.167,-0.06,0.224,0.343
2020-02-25,-0.201,-0.218,-0.098,0.209,0.334
2020-02-26,-0.201,-0.204,-0.088,0.22,0.344
2020-02-27,-0.21,-0.219,-0.102,0.215,0.349
2020-02-28,-0.258,-0.268,-0.153,0.157,0.286
2020-03-02,-0.264,-0.257,-0.133,0.156,0.284
2020-03-03,-0.25,-0.239,-0.106,0.191,0.319
2020-03-04,-0.28,-0.273,-0.136,0.178,0.313
2020-03-05,-0.251,-0.239,-0.104,0.216,0.349
2020-03-06,-0.287,-0.281,-0.128,0.185,0.314
2020-03-09,-0.314,-0.315,-0.141,0.149,0.261
2020-03-10,-0.248,-0.216,-0.033,0.22,0.305
2020-03-11,-0.234,-0.227,-0.057,0.215,0.299
2020-03-12,-0.225,-0.208,-0.046,0.245,0.309
2020-03-13,-0.205,-0.134,0.007,0.29,0.325
2020-03-16,-0.195,-0.11,0.024,0.294,0.342
2020-03-17,-0.191,-0.108,0.02,0.278,0.358
2020-03-18,-0.165,-0.075,0.064,0.302,0.405
2020-03-19,-0.165,-0.049,0.104,0.332,0.437
2020-03-23,-0.21,-0.069,0.078,0.318,0.434
2020-03-24,-0.23,-0.11,0.049,0.313,0.429
2020-03-25,-0.241,-0.099,0.048,0.3,0.415
2020-03-26,-0.241,-0.111,0.019,0.298,0.419
2020-03-27,-0.177,-0.101,0.024,0.298,0.419
2020-03-30,-0.174,-0.123,0.021,0.293,0.396
2020-03-31,-0.13,-0.115,0.031,0.314,0.418
2020-04-01,-0.14,-0.125,0.018,0.294,0.41
2020-04-02,-0.135,-0.129,-0.002,0.272,0.39
2020-04-03,-0.14,-0.122,-0.011,0.278,0.391
2020-04-06,-0.131,-0.102,0.003,0.298,0.42
2020-04-07,-0.132,-0.104,0.004,0.313,0.443
2020-04-08,-0.132,-0.099,0.013,0.318,0.438
2020-04-09,-0.147,-0.104,0.012,0.333,0.447
2020-04-10,-0.177,-0.13,-0.001,0.324,0.438
2020-04-13,-0.18,-0.124,0.004,0.33,0.443
2020-04-14,-0.17,-0.111,0.013,0.343,0.452
2020-04-15,-0.16,-0.101,0.019,0.347,0.457
2020-04-16,-0.16,-0.115,0.003,0.342,0.461
2020-04-17,-0.146,-0.105,0.013,0.361,0.489
2020-04-20,-0.135,-0.1,0.014,0.356,0.476
2020-04-21,-0.133,-0.099,0.018,0.343,0.466
2020-04-22,-0.142,-0.122,-0.006,0.317,0.433
2020-04-23,-0.148,-0.129,-0.006,0.308,0.414
2020-04-24,-0.168,-0.154,-0.02,0.307,0.417
2020-04-27,-0.174,-0.164,-0.034,0.314,0.429
2020-04-28,-0.179,-0.17,-0.045,0.294,0.415
2020-04-30,-0.184,-0.16,-0.036,0.304,0.423
2020-05-01,-0.164,-0.144,-0.024,0.314,0.429
2020-05-07,-0.152,-0.124,0.002,0.334,0.448
2020-05-08,-0.172,-0.133,0.002,0.339,0.454
2020-05-11,-0.173,-0.117,0.013,0.344,0.471
2020-05-12,-0.169,-0.121,-0.003,0.329,0.452
2020-05-13,-0.169,-0.117,0.003,0.334,0.457
2020-05-14,-0.17,-0.118,-0.003,0.334,0.452
2020-05-15,-0.169,-0.118,0.001,0.347,0.471
2020-05-18,-0.176,-0.136,-0.007,0.345,0.466
2020-05-19,-0.161,-0.123,0.008,0.35,0.471
2020-05-20,-0.166,-0.123,0.009,0.335,0.456
2020-05-21,-0.176,-0.133,0.004,0.319,0.437
2020-05-22,-0.181,-0.143,-0.001,0.32,0.442
2020-05-25,-0.172,-0.131,0.01,0.345,0.47
2020-05-26,-0.162,-0.131,0.01,0.345,0.475
2020-05-27,-0.155,-0.128,0.007,0.333,0.465
2020-05-28,-0.169,-0.133,0.005,0.335,0.475
2020-05-29,-0.164,-0.128,0.009,0.354,0.495
2020-06-01,-0.169,-0.131,0.014,0.355,0.509
2020-06-02,-0.17,-0.131,0.013,0.36,0.509
2020-06-03,-0.17,-0.12,0.018,0.366,0.509
2020-06-04,-0.166,-0.104,0.034,0.386,0.532
2020-06-05,-0.151,-0.083,0.049,0.4,0.551
2020-06-08,-0.152,-0.084,0.05,0.406,0.559
2020-06-09,-0.162,-0.105,0.025,0.382,0.526
2020-06-10,-0.157,-0.097,0.031,0.377,0.526
2020-06-11,-0.162,-0.112,0.017,0.361,0.509
2020-06-12,-0.158,-0.106,0.021,0.376,0.523
2020-06-15,-0.17,-0.118,0.011,0.367,0.508
2020-06-16,-0.165,-0.105,0.028,0.392,0.531
2020-06-17,-0.165,-0.107,0.027,0.396,0.541
2020-06-18,-0.165,-0.111,0.022,0.396,0.551
2020-06-19,-0.161,-0.107,0.022,0.397,0.555
2020-06-22,-0.162,-0.11,0.02,0.392,0.555
2020-06-23,-0.157,-0.11,0.02,0.397,0.56
2020-06-24,-0.152,-0.103,0.025,0.397,0.569
2020-06-25,-0.145,-0.102,0.025,0.396,0.567
2020-06-26,-0.142,-0.106,0.02,0.398,0.574
2020-06-29,-0.148,-0.107,0.025,0.402,0.574
2020-06-30,-0.14,-0.102,0.042,0.417,0.589
2020-07-01,-0.145,-0.091,0.062,0.443,0.616
2020-07-02,-0.14,-0.088,0.042,0.448,0.628
2020-07-03,-0.145,-0.099,0.022,0.425,0.606
2020-07-06,-0.137,-0.088,0.043,0.447,0.615
2020-07-07,-0.132,-0.09,0.036,0.441,0.61
2020-07-08,-0.133,-0.095,0.018,0.403,0.568
2020-07-09,-0.138,-0.109,0.018,0.399,0.554
2020-07-10,-0.143,-0.113,0.018,0.403,0.563
2020-07-13,-0.139,-0.103,0.029,0.433,0.596
2020-07-14,-0.145,-0.11,0.024,0.428,0.591
2020-07-15,-0.144,-0.11,0.024,0.438,0.605
2020-07-16,-0.15,-0.123,0.014,0.428,0.596
2020-07-17,-0.15,-0.124,0.014,0.413,0.582
2020-07-20,-0.142,-0.118,0.025,0.425,0.596
2020-07-21,-0.143,-0.124,0.016,0.412,0.577
2020-07-22,-0.136,-0.125,0.016,0.407,0.573
2020-07-27,-0.135,-0.119,0.021,0.412,0.573
2020-07-28,-0.135,-0.113,0.027,0.407,0.564
2020-07-29,-0.133,-0.113,0.023,0.389,0.54
2020-07-30,-0.134,-0.117,0.023,0.393,0.545
2020-07-31,-0.144,-0.129,0.018,0.383,0.529
2020-08-03,-0.14,-0.112,0.029,0.398,0.554
2020-08-04,-0.136,-0.12,0.019,0.393,0.554
2020-08-05,-0.131,-0.117,0.014,0.383,0.544
2020-08-06,-0.126,-0.107,0.024,0.384,0.553
2020-08-07,-0.126,-0.106,0.014,0.384,0.549
2020-08-11,-0.118,-0.093,0.034,0.399,0.569
2020-08-12,-0.112,-0.083,0.048,0.419,0.596
2020-08-13,-0.123,-0.082,0.04,0.418,0.592
2020-08-14,-0.117,-0.071,0.054,0.437,0.615
2020-08-17,-0.119,-0.076,0.05,0.433,0.615
2020-08-18,-0.124,-0.086,0.044,0.428,0.615
2020-08-19,-0.119,-0.086,0.034,0.418,0.602
2020-08-20,-0.115,-0.087,0.034,0.428,0.606
2020-08-21,-0.115,-0.08,0.039,0.433,0.615
2020-08-24,-0.117,-0.091,0.03,0.414,0.601
2020-08-25,-0.114,-0.086,0.038,0.409,0.587
2020-08-26,-0.112,-0.079,0.05,0.419,0.602
2020-08-27,-0.115,-0.083,0.05,0.419,0.597
2020-08-28,-0.115,-0.067,0.065,0.439,0.619
2020-08-31,-0.115,-0.072,0.056,0.425,0.606
2020-09-01,-0.12,-0.076,0.051,0.425,0.611
2020-09-02,-0.12,-0.077,0.05,0.425,0.613
2020-09-03,-0.12,-0.086,0.04,0.419,0.602
2020-09-04,-0.125,-0.081,0.045,0.425,0.607
2020-09-07,-0.126,-0.078,0.051,0.433,0.619
2020-09-08,-0.131,-0.085,0.045,0.418,0.61
2020-09-09,-0.131,-0.091,0.034,0.408,0.598
2020-09-10,-0.132,-0.09,0.033,0.414,0.598
2020-09-11,-0.142,-0.094,0.029,0.398,0.578
2020-09-14,-0.143,-0.1,0.027,0.398,0.578
2020-09-15,-0.143,-0.102,0.027,0.393,0.584
2020-09-16,-0.143,-0.105,0.028,0.399,0.592
2020-09-17,-0.144,-0.109,0.022,0.394,0.588
2020-09-18,-0.144,-0.116,0.023,0.396,0.588
2020-09-23,-0.148,-0.123,0.02,0.397,0.592
2020-09-24,-0.148,-0.118,0.019,0.397,0.596
2020-09-25,-0.156,-0.118,0.02,0.398,0.606
2020-09-28,-0.145,-0.101,0.036,0.413,0.62
2020-09-29,-0.144,-0.109,0.031,0.408,0.611
2020-09-30,-0.14,-0.11,0.027,0.403,0.595
2020-10-01,-0.13,-0.109,0.022,0.408,0.611
2020-10-02,-0.14,-0.114,0.017,0.398,0.606
2020-10-05,-0.136,-0.108,0.023,0.408,0.62
2020-10-06,-0.126,-0.095,0.033,0.419,0.637
2020-10-07,-0.126,-0.094,0.038,0.414,0.634
2020-10-08,-0.132,-0.105,0.037,0.409,0.629
2020-10-09,-0.127,-0.099,0.032,0.409,0.629
2020-10-12,-0.138,-0.103,0.029,0.416,0.634
2020-10-13,-0.144,-0.109,0.028,0.415,0.638
2020-10-14,-0.139,-0.103,0.03,0.421,0.638
2020-10-15,-0.145,-0.113,0.023,0.416,0.629
2020-10-16,-0.145,-0.113,0.024,0.411,0.619
2020-10-19,-0.141,-0.113,0.025,0.409,0.62
2020-10-20,-0.141,-0.113,0.024,0.397,0.606
2020-10-21,-0.131,-0.103,0.034,0.407,0.623
2020-10-22,-0.137,-0.103,0.034,0.407,0.629
2020-10-23,-0.131,-0.097,0.04,0.412,0.639
2020-10-26,-0.133,-0.097,0.035,0.408,0.639
2020-10-27,-0.13,-0.098,0.03,0.408,0.63
2020-10-28,-0.13,-0.108,0.025,0.408,0.63
2020-10-29,-0.13,-0.108,0.031,0.407,0.626
2020-10-30,-0.125,-0.098,0.041,0.417,0.64
2020-11-02,-0.125,-0.092,0.046,0.413,0.635
2020-11-04,-0.121,-0.098,0.042,0.408,0.64
2020-11-05,-0.136,-0.113,0.023,0.384,0.612
2020-11-06,-0.146,-0.118,0.022,0.394,0.626
2020-11-09,-0.147,-0.117,0.022,0.389,0.626
2020-11-10,-0.143,-0.103,0.038,0.409,0.645
2020-11-11,-0.138,-0.092,0.043,0.409,0.649
2020-11-12,-0.143,-0.103,0.033,0.409,0.649
2020-11-13,-0.149,-0.11,0.027,0.41,0.654
2020-11-16,-0.149,-0.117,0.027,0.41,0.654
2020-11-17,-0.15,-0.111,0.027,0.405,0.644
2020-11-18,-0.15,-0.118,0.023,0.39,0.625
2020-11-19,-0.145,-0.117,0.017,0.386,0.63
2020-11-20,-0.151,-0.127,0.018,0.38,0.625
2020-11-24,-0.145,-0.113,0.028,0.391,0.639
2020-11-25,-0.148,-0.113,0.023,0.389,0.645
2020-11-26,-0.153,-0.111,0.029,0.394,0.65
2020-11-27,-0.13,-0.105,0.035,0.401,0.651
2020-11-30,-0.13,-0.101,0.034,0.401,0.646
2020-12-01,-0.13,-0.105,0.025,0.397,0.651
2020-12-02,-0.13,-0.099,0.029,0.397,0.651
2020-12-03,-0.125,-0.1,0.028,0.392,0.647
2020-12-04,-0.131,-0.105,0.029,0.398,0.651
2020-12-07,-0.137,-0.105,0.029,0.393,0.647
2020-12-08,-0.137,-0.114,0.023,0.383,0.633
2020-12-09,-0.137,-0.111,0.026,0.382,0.623
2020-12-10,-0.137,-0.116,0.022,0.382,0.614
2020-12-11,-0.142,-0.125,0.022,0.382,0.614
2020-12-14,-0.143,-0.125,0.023,0.393,0.628
2020-12-15,-0.144,-0.127,0.012,0.388,0.623
2020-12-16,-0.134,-0.114,0.017,0.393,0.628
2020-12-17,-0.134,-0.115,0.016,0.387,0.626
2020-12-18,-0.139,-0.124,0.017,0.387,0.624
2020-12-21,-0.132,-0.12,0.022,0.392,0.638
2020-12-22,-0.137,-0.119,0.016,0.386,0.628
2020-12-23,-0.138,-0.123,0.017,0.382,0.613
2020-12-24,-0.13,-0.112,0.028,0.391,0.623
2020-12-25,-0.13,-0.109,0.027,0.4,0.637
2020-12-28,-0.13,-0.109,0.028,0.4,0.642
2020-12-29,-0.124,-0.109,0.035,0.405,0.647
2020-12-30,-0.125,-0.102,0.035,0.402,0.647
2021-01-04,-0.121,-0.102,0.033,0.408,0.655
2021-01-05,-0.126,-0.113,0.021,0.398,0.64
2021-01-06,-0.121,-0.104,0.027,0.403,0.65
2021-01-07,-0.117,-0.098,0.037,0.413,0.653
2021-01-08,-0.122,-0.106,0.038,0.423,0.65
2021-01-12,-0.128,-0.111,0.033,0.424,0.65
2021-01-13,-0.13,-0.109,0.028,0.414,0.636
2021-01-14,-0.124,-0.103,0.033,0.42,0.645
2021-01-15,-0.129,-0.104,0.033,0.425,0.65
2021-01-18,-0.13,-0.098,0.049,0.448,0.66
2021-01-19,-0.125,-0.108,0.044,0.45,0.66
2021-01-20,-0.131,-0.114,0.04,0.45,0.665
2021-01-21,-0.136,-0.118,0.034,0.435,0.651
2021-01-22,-0.137,-0.114,0.04,0.45,0.655
2021-01-25,-0.138,-0.118,0.04,0.45,0.66
2021-01-26,-0.138,-0.119,0.035,0.435,0.651
2021-01-27,-0.133,-0.113,0.041,0.445,0.651
2021-01-28,-0.129,-0.113,0.041,0.445,0.649
2021-01-29,-0.129,-0.113,0.056,0.459,0.66
2021-02-01,-0.125,-0.108,0.061,0.47,0.67
2021-02-02,-0.125,-0.102,0.057,0.474,0.67
2021-02-03,-0.125,-0.106,0.062,0.465,0.67
2021-02-04,-0.131,-0.106,0.061,0.455,0.66
2021-02-05,-0.131,-0.106,0.061,0.45,0.656
2021-02-08,-0.127,-0.096,0.071,0.46,0.67
2021-02-09,-0.127,-0.095,0.072,0.465,0.675
2021-02-10,-0.123,-0.092,0.082,0.471,0.67
2021-02-12,-0.133,-0.11,0.067,0.466,0.67
2021-02-15,-0.13,-0.1,0.083,0.481,0.68
2021-02-16,-0.131,-0.097,0.083,0.48,0.679
2021-02-17,-0.119,-0.077,0.104,0.495,0.689
2021-02-18,-0.126,-0.081,0.099,0.489,0.679
2021-02-19,-0.12,-0.076,0.108,0.499,0.68
2021-02-22,-0.112,-0.064,0.124,0.522,0.697
2021-02-24,-0.113,-0.064,0.125,0.532,0.712
2021-02-25,-0.1,-0.048,0.149,0.552,0.744
2021-02-26,-0.114,-0.047,0.168,0.557,0.751
2021-03-01,-0.12,-0.057,0.16,0.533,0.725
2021-03-02,-0.125,-0.073,0.135,0.509,0.706
2021-03-03,-0.115,-0.069,0.123,0.49,0.678
2021-03-04,-0.121,-0.062,0.143,0.52,0.711
2021-03-05,-0.131,-0.088,0.095,0.476,0.673
2021-03-08,-0.122,-0.071,0.12,0.492,0.683
2021-03-09,-0.118,-0.061,0.137,0.515,0.702
2021-03-10,-0.117,-0.065,0.131,0.514,0.692
2021-03-11,-0.124,-0.076,0.11,0.486,0.655
2021-03-12,-0.128,-0.075,0.121,0.496,0.669
2021-03-15,-0.139,-0.082,0.116,0.496,0.678
2021-03-16,-0.15,-0.094,0.107,0.486,0.669
2021-03-17,-0.145,-0.09,0.102,0.486,0.664
2021-03-18,-0.14,-0.089,0.111,0.491,0.664
2021-03-19,-0.136,-0.079,0.123,0.511,0.674
2021-03-22,-0.142,-0.092,0.088,0.467,0.638
2021-03-23,-0.137,-0.086,0.088,0.453,0.629
2021-03-24,-0.141,-0.097,0.078,0.446,0.629
2021-03-25,-0.133,-0.093,0.092,0.462,0.637
2021-03-26,-0.138,-0.096,0.088,0.463,0.656
2021-03-29,-0.139,-0.097,0.079,0.454,0.638
2021-03-30,-0.126,-0.089,0.099,0.464,0.648
2021-03-31,-0.13,-0.083,0.104,0.483,0.669
2021-04-01,-0.125,-0.072,0.122,0.503,0.697
2021-04-02,-0.125,-0.072,0.117,0.498,0.697
2021-04-05,-0.12,-0.075,0.117,0.498,0.697
2021-04-06,-0.121,-0.08,0.107,0.483,0.682
2021-04-07,-0.121,-0.087,0.098,0.463,0.654
2021-04-08,-0.126,-0.099,0.099,0.472,0.673
2021-04-09,-0.126,-0.092,0.102,0.477,0.678
2021-04-12,-0.126,-0.092,0.108,0.488,0.682
2021-04-13,-0.132,-0.098,0.103,0.477,0.673
2021-04-14,-0.132,-0.102,0.089,0.462,0.65
2021-04-15,-0.133,-0.098,0.089,0.462,0.654
2021-04-16,-0.133,-0.102,0.089,0.458,0.655
2021-04-19,-0.132,-0.095,0.084,0.453,0.655
2021-04-20,-0.129,-0.095,0.084,0.444,0.646
2021-04-21,-0.134,-0.102,0.075,0.434,0.631
2021-04-22,-0.135,-0.106,0.07,0.434,0.636
2021-04-23,-0.135,-0.106,0.07,0.434,0.641
2021-04-26,-0.136,-0.102,0.075,0.439,0.651
2021-04-27,-0.136,-0.102,0.086,0.449,0.646
2021-04-28,-0.13,-0.092,0.095,0.459,0.655
2021-04-30,-0.13,-0.092,0.095,0.459,0.66
2021-05-06,-0.126,-0.091,0.091,0.454,0.655
2021-05-07,-0.131,-0.095,0.086,0.454,0.655
2021-05-10,-0.132,-0.091,0.087,0.45,0.651
2021-05-11,-0.132,-0.095,0.077,0.44,0.641
2021-05-12,-0.127,-0.089,0.082,0.44,0.641
2021-05-13,-0.127,-0.085,0.098,0.464,0.673
2021-05-14,-0.128,-0.096,0.087,0.446,0.655
2021-05-17,-0.13,-0.096,0.082,0.445,0.654
2021-05-18,-0.129,-0.096,0.082,0.446,0.66
2021-05-19,-0.129,-0.096,0.077,0.445,0.66
2021-05-20,-0.129,-0.089,0.088,0.451,0.669
2021-05-21,-0.129,-0.089,0.086,0.456,0.678
2021-05-24,-0.13,-0.094,0.083,0.452,0.675
2021-05-25,-0.13,-0.094,0.078,0.447,0.674
2021-05-26,-0.13,-0.094,0.077,0.447,0.675
2021-05-27,-0.136,-0.1,0.079,0.446,0.67
2021-05-28,-0.136,-0.089,0.089,0.457,0.675
2021-05-31,-0.125,-0.093,0.084,0.453,0.675
2021-06-01,-0.125,-0.092,0.085,0.453,0.683
2021-06-02,-0.125,-0.092,0.084,0.462,0.69
2021-06-03,-0.12,-0.092,0.09,0.463,0.687
2021-06-04,-0.12,-0.092,0.092,0.463,0.692
2021-06-07,-0.12,-0.092,0.084,0.463,0.692
2021-06-08,-0.121,-0.097,0.08,0.452,0.683
2021-06-09,-0.121,-0.098,0.075,0.439,0.67
2021-06-10,-0.126,-0.11,0.056,0.429,0.664
2021-06-11,-0.126,-0.115,0.04,0.419,0.661
2021-06-14,-0.126,-0.111,0.045,0.425,0.661
2021-06-15,-0.127,-0.108,0.056,0.44,0.675
2021-06-16,-0.128,-0.102,0.056,0.45,0.686
2021-06-17,-0.123,-0.095,0.07,0.456,0.691
2021-06-18,-0.123,-0.099,0.066,0.441,0.677
2021-06-21,-0.121,-0.104,0.053,0.435,0.678
2021-06-22,-0.115,-0.096,0.063,0.44,0.678
2021-06-23,-0.116,-0.095,0.063,0.436,0.668
2021-06-24,-0.116,-0.092,0.064,0.434,0.672
2021-06-25,-0.116,-0.1,0.059,0.438,0.682
2021-06-28,-0.115,-0.092,0.07,0.443,0.691
2021-06-29,-0.114,-0.092,0.07,0.447,0.691
2021-06-30,-0.115,-0.098,0.07,0.451,0.691
2021-07-01,-0.12,-0.107,0.052,0.437,0.682
2021-07-02,-0.12,-0.107,0.042,0.427,0.672
2021-07-05,-0.116,-0.114,0.032,0.422,0.678
2021-07-06,-0.111,-0.105,0.043,0.428,0.673
2021-07-07,-0.111,-0.109,0.033,0.422,0.674
2021-07-08,-0.117,-0.119,0.028,0.417,0.658
2021-07-09,-0.117,-0.119,0.029,0.426,0.669
2021-07-12,-0.117,-0.119,0.028,0.423,0.669
2021-07-13,-0.122,-0.12,0.023,0.407,0.669
2021-07-14,-0.128,-0.123,0.019,0.402,0.669
2021-07-15,-0.128,-0.127,0.014,0.382,0.641
2021-07-16,-0.128,-0.123,0.019,0.397,0.646
2021-07-19,-0.134,-0.128,0.018,0.397,0.651
2021-07-20,-0.134,-0.134,0.014,0.393,0.645
2021-07-21,-0.134,-0.134,0.015,0.402,0.661
2021-07-26,-0.135,-0.134,0.015,0.398,0.652
2021-07-27,-0.13,-0.128,0.02,0.403,0.656
2021-07-28,-0.13,-0.128,0.016,0.398,0.647
2021-07-29,-0.125,-0.128,0.022,0.394,0.642
2021-07-30,-0.125,-0.123,0.022,0.393,0.642
2021-08-02,-0.13,-0.123,0.022,0.393,0.642
2021-08-03,-0.125,-0.129,0.012,0.384,0.638
2021-08-04,-0.13,-0.133,0.007,0.379,0.634
2021-08-05,-0.136,-0.133,0.012,0.385,0.639
2021-08-06,-0.136,-0.128,0.017,0.394,0.643
2021-08-10,-0.131,-0.123,0.028,0.404,0.648
2021-08-11,-0.131,-0.118,0.044,0.415,0.657
2021-08-12,-0.131,-0.123,0.028,0.408,0.648
2021-08-13,-0.136,-0.124,0.029,0.409,0.653
2021-08-16,-0.136,-0.128,0.018,0.4,0.648
2021-08-17,-0.142,-0.134,0.012,0.398,0.643
2021-08-18,-0.142,-0.134,0.018,0.404,0.652
2021-08-19,-0.142,-0.128,0.018,0.405,0.652
2021-08-20,-0.142,-0.129,0.013,0.4,0.652
2021-08-23,-0.139,-0.124,0.025,0.405,0.653
2021-08-24,-0.139,-0.118,0.025,0.411,0.658
2021-08-25,-0.138,-0.119,0.026,0.411,0.653
2021-08-26,-0.133,-0.117,0.024,0.406,0.643
2021-08-27,-0.133,-0.115,0.029,0.412,0.648
2021-08-30,-0.128,-0.118,0.025,0.406,0.653
2021-08-31,-0.13,-0.118,0.03,0.406,0.654
2021-09-01,-0.13,-0.107,0.035,0.412,0.654
2021-09-02,-0.13,-0.107,0.04,0.41,0.647
2021-09-03,-0.125,-0.104,0.046,0.418,0.654
2021-09-06,-0.12,-0.097,0.051,0.425,0.664
2021-09-07,-0.125,-0.097,0.046,0.426,0.664
2021-09-08,-0.125,-0.096,0.053,0.436,0.671
2021-09-09,-0.125,-0.1,0.047,0.43,0.662
2021-09-10,-0.125,-0.101,0.051,0.431,0.657
2021-09-13,-0.126,-0.101,0.051,0.431,0.657
2021-09-14,-0.126,-0.101,0.051,0.425,0.65
2021-09-15,-0.131,-0.108,0.041,0.42,0.65
2021-09-16,-0.127,-0.1,0.052,0.426,0.652
2021-09-17,-0.127,-0.095,0.057,0.436,0.657
2021-09-21,-0.133,-0.102,0.047,0.431,0.657
2021-09-22,-0.133,-0.108,0.044,0.431,0.657
2021-09-24,-0.128,-0.091,0.063,0.446,0.676
2021-09-27,-0.129,-0.091,0.063,0.456,0.685
2021-09-28,-0.129,-0.081,0.084,0.467,0.695
2021-09-29,-0.125,-0.08,0.08,0.457,0.681
2021-09-30,-0.115,-0.079,0.081,0.452,0.677
2021-10-01,-0.125,-0.095,0.064,0.433,0.663
2021-10-04,-0.12,-0.096,0.059,0.433,0.672
2021-10-05,-0.12,-0.09,0.062,0.442,0.681
2021-10-06,-0.116,-0.079,0.083,0.456,0.688
2021-10-07,-0.121,-0.083,0.073,0.451,0.682
2021-10-08,-0.116,-0.079,0.083,0.465,0.69
2021-10-11,-0.116,-0.076,0.093,0.474,0.7
2021-10-12,-0.116,-0.073,0.093,0.476,0.696
2021-10-13,-0.117,-0.073,0.088,0.47,0.691
2021-10-14,-0.117,-0.079,0.084,0.462,0.688
2021-10-15,-0.117,-0.083,0.079,0.468,0.688
2021-10-18,-0.119,-0.072,0.094,0.478,0.697
2021-10-19,-0.12,-0.073,0.09,0.474,0.693
2021-10-20,-0.114,-0.073,0.095,0.484,0.697
2021-10-21,-0.114,-0.073,0.09,0.479,0.693
2021-10-22,-0.114,-0.067,0.095,0.488,0.702
2021-10-25,-0.108,-0.068,0.1,0.493,0.707
2021-10-26,-0.11,-0.057,0.104,0.494,0.697
2021-10-27,-0.101,-0.063,0.101,0.494,0.693
2021-10-28,-0.105,-0.074,0.091,0.474,0.684
2021-10-29,-0.105,-0.073,0.101,0.474,0.674
2021-11-01,-0.105,-0.077,0.097,0.474,0.674
2021-11-02,-0.105,-0.084,0.087,0.469,0.684
2021-11-04,-0.1,-0.084,0.081,0.459,0.683
2021-11-05,-0.11,-0.098,0.067,0.445,0.679
2021-11-08,-0.117,-0.099,0.062,0.45,0.679
2021-11-09,-0.116,-0.092,0.068,0.46,0.684
2021-11-10,-0.116,-0.092,0.062,0.455,0.67
2021-11-11,-0.116,-0.087,0.072,0.461,0.684
2021-11-12,-0.116,-0.079,0.078,0.47,0.679
2021-11-15,-0.123,-0.083,0.072,0.465,0.68
2021-11-16,-0.125,-0.079,0.078,0.47,0.68
2021-11-17,-0.128,-0.082,0.079,0.475,0.685
2021-11-18,-0.125,-0.072,0.089,0.471,0.685
2021-11-19,-0.129,-0.078,0.083,0.465,0.675
2021-11-22,-0.135,-0.087,0.079,0.466,0.685
2021-11-24,-0.13,-0.082,0.091,0.481,0.689
2021-11-25,-0.125,-0.071,0.09,0.481,0.683
2021-11-26,-0.132,-0.081,0.079,0.471,0.678
2021-11-29,-0.131,-0.081,0.081,0.477,0.688
2021-11-30,-0.12,-0.093,0.067,0.457,0.671
2021-12-01,-0.12,-0.086,0.072,0.463,0.671
2021-12-02,-0.12,-0.093,0.066,0.463,0.675
2021-12-03,-0.115,-0.099,0.063,0.458,0.67
2021-12-06,-0.116,-0.104,0.048,0.453,0.666
2021-12-07,-0.116,-0.094,0.063,0.468,0.679
2021-12-08,-0.111,-0.094,0.058,0.463,0.673
2021-12-09,-0.106,-0.087,0.058,0.458,0.676
2021-12-10,-0.107,-0.087,0.063,0.463,0.675
2021-12-13,-0.107,-0.093,0.058,0.458,0.667
2021-12-14,-0.112,-0.099,0.06,0.459,0.668
2021-12-15,-0.112,-0.1,0.059,0.459,0.668
2021-12-16,-0.113,-0.102,0.054,0.448,0.658
2021-12-17,-0.112,-0.101,0.06,0.453,0.659
2021-12-20,-0.113,-0.109,0.05,0.447,0.658
2021-12-21,-0.107,-0.1,0.067,0.457,0.664
2021-12-22,-0.103,-0.09,0.072,0.468,0.669
2021-12-23,-0.097,-0.09,0.078,0.473,0.678
2021-12-24,-0.099,-0.088,0.079,0.477,0.679
2021-12-27,-0.095,-0.084,0.078,0.472,0.675
2021-12-28,-0.095,-0.084,0.078,0.477,0.684
2021-12-29,-0.1,-0.084,0.073,0.472,0.684
2021-12-30,-0.095,-0.075,0.089,0.48,0.693
2022-01-04,-0.085,-0.067,0.104,0.492,0.693
2022-01-05,-0.086,-0.067,0.098,0.493,0.697
2022-01-06,-0.081,-0.049,0.118,0.511,0.71
2022-01-07,-0.076,-0.037,0.133,0.525,0.709
2022-01-11,-0.078,-0.023,0.153,0.535,0.714
2022-01-12,-0.083,-0.043,0.129,0.51,0.7
2022-01-13,-0.083,-0.038,0.129,0.509,0.704
2022-01-14,-0.073,-0.016,0.15,0.535,0.719
2022-01-17,-0.074,-0.022,0.145,0.53,0.71
2022-01-18,-0.075,-0.022,0.15,0.53,0.71
2022-01-19,-0.08,-0.038,0.139,0.526,0.705
2022-01-20,-0.075,-0.027,0.145,0.535,0.714
2022-01-21,-0.076,-0.032,0.135,0.525,0.709
2022-01-24,-0.071,-0.028,0.141,0.526,0.719
2022-01-25,-0.071,-0.028,0.141,0.526,0.718
2022-01-26,-0.071,-0.022,0.141,0.521,0.719
2022-01-27,-0.055,-0.012,0.161,0.544,0.736
2022-01-28,-0.055,-0.017,0.172,0.55,0.751
2022-01-31,-0.055,-0.017,0.177,0.56,0.768
2022-02-01,-0.05,0.0,0.187,0.574,0.782
2022-02-02,-0.05,-0.006,0.182,0.578,0.791
2022-02-03,-0.05,-0.006,0.182,0.574,0.778
2022-02-04,-0.045,0.008,0.203,0.597,0.792
2022-02-07,-0.045,0.008,0.202,0.613,0.814
2022-02-08,-0.04,0.019,0.213,0.636,0.841
2022-02-09,-0.04,0.019,0.212,0.622,0.818
2022-02-10,-0.031,0.035,0.233,0.65,0.854
2022-02-14,-0.029,0.039,0.223,0.663,0.867
2022-02-15,-0.024,0.044,0.219,0.677,0.877
2022-02-16,-0.019,0.055,0.223,0.693,0.906
2022-02-17,-0.008,0.061,0.227,0.725,0.959
2022-02-18,-0.008,0.054,0.223,0.689,0.911
2022-02-21,-0.015,0.044,0.213,0.661,0.872
2022-02-22,-0.026,0.025,0.197,0.64,0.845
2022-02-24,-0.026,0.025,0.193,0.646,0.859
2022-02-25,-0.025,0.035,0.214,0.678,0.898
2022-02-28,-0.035,0.012,0.191,0.649,0.867
2022-03-01,-0.035,0.01,0.186,0.655,0.876
2022-03-02,-0.045,-0.022,0.144,0.613,0.84
2022-03-03,-0.035,0.003,0.178,0.632,0.841
2022-03-04,-0.04,0.003,0.164,0.617,0.823
2022-03-07,-0.05,-0.012,0.153,0.608,0.813
2022-03-08,-0.045,-0.008,0.165,0.638,0.859
2022-03-09,-0.04,-0.001,0.174,0.633,0.85
2022-03-10,-0.03,0.02,0.198,0.656,0.859
2022-03-11,-0.03,0.019,0.193,0.656,0.859
2022-03-14,-0.03,0.03,0.204,0.66,0.849
2022-03-15,-0.025,0.04,0.219,0.689,0.885
2022-03-16,-0.025,0.034,0.213,0.675,0.876
2022-03-17,-0.025,0.033,0.213,0.666,0.875
2022-03-18,-0.018,0.04,0.218,0.671,0.873
2022-03-22,-0.018,0.049,0.229,0.691,0.895
2022-03-23,-0.023,0.05,0.234,0.703,0.913
2022-03-24,-0.023,0.055,0.243,0.708,0.912
2022-03-25,-0.023,0.056,0.248,0.728,0.938
2022-03-28,-0.018,0.067,0.263,0.774,0.982
2022-03-29,-0.021,0.076,0.255,0.801,1.029
2022-03-30,-0.031,0.05,0.224,0.757,0.969
2022-03-31,-0.03,0.036,0.218,0.697,0.906
2022-04-01,-0.04,0.026,0.226,0.701,0.918
2022-04-04,-0.04,0.022,0.223,0.706,0.928
2022-04-05,-0.04,0.027,0.212,0.716,0.94
2022-04-06,-0.035,0.047,0.238,0.761,0.991
2022-04-07,-0.04,0.041,0.232,0.758,0.99
2022-04-08,-0.08,0.024,0.227,0.738,0.969
2022-04-11,-0.086,0.036,0.236,0.764,0.996
2022-04-12,-0.08,0.028,0.241,0.773,0.996
2022-04-13,-0.065,0.034,0.236,0.757,0.982
2022-04-14,-0.061,0.028,0.237,0.741,0.947
2022-04-15,-0.061,0.029,0.242,0.731,0.938
2022-04-18,-0.056,0.029,0.242,0.746,0.961
2022-04-19,-0.046,0.03,0.244,0.754,0.97
2022-04-20,-0.046,0.037,0.253,0.78,0.984
2022-04-21,-0.049,0.021,0.249,0.78,0.988
2022-04-22,-0.057,0.021,0.25,0.798,1.015
2022-04-25,-0.052,0.017,0.25,0.776,1.002
2022-04-26,-0.057,0.016,0.251,0.767,0.988
2022-04-27,-0.056,0.017,0.25,0.762,0.979
2022-04-28,-0.06,0.005,0.22,0.748,0.974
2022-05-02,-0.05,0.017,0.231,0.758,0.989
2022-05-06,-0.045,0.024,0.247,0.777,1.012
2022-05-09,-0.046,0.023,0.253,0.791,1.03
2022-05-10,-0.046,0.023,0.253,0.781,1.029
2022-05-11,-0.046,0.023,0.253,0.777,1.021
2022-05-12,-0.051,0.018,0.251,0.767,1.007
2022-05-13,-0.057,0.012,0.247,0.753,0.998
2022-05-16,-0.056,0.019,0.247,0.758,1.002
2022-05-17,-0.056,0.019,0.247,0.772,1.016
2022-05-18,-0.056,0.022,0.246,0.777,1.021
2022-05-19,-0.056,0.022,0.246,0.768,1.007
2022-05-20,-0.056,0.018,0.243,0.744,0.989
2022-05-23,-0.062,0.019,0.244,0.734,0.989
2022-05-24,-0.067,0.008,0.239,0.73,0.97
2022-05-25,-0.075,-0.008,0.215,0.712,0.962
2022-05-26,-0.062,0.008,0.24,0.76,1.002
2022-05-27,-0.067,0.004,0.236,0.741,0.989
2022-05-30,-0.068,0.008,0.241,0.752,1.001
2022-05-31,-0.07,0.01,0.246,0.766,1.021
2022-06-01,-0.075,-0.001,0.242,0.766,1.034
2022-06-02,-0.07,0.006,0.251,0.779,1.038
2022-06-03,-0.07,-0.001,0.241,0.756,1.025
2022-06-06,-0.065,0.006,0.252,0.766,1.029
2022-06-07,-0.07,0.009,0.257,0.781,1.052
2022-06-08,-0.07,0.003,0.257,0.775,1.055
2022-06-09,-0.075,0.003,0.255,0.785,1.074
2022-06-10,-0.081,0.007,0.261,0.798,1.079
2022-06-13,-0.051,0.047,0.264,0.862,1.163
2022-06-14,-0.05,0.092,0.264,0.875,1.157
2022-06-15,-0.06,0.087,0.271,0.93,1.211
2022-06-16,-0.084,0.046,0.269,0.872,1.148
2022-06-17,-0.071,0.062,0.239,0.886,1.152
2022-06-20,-0.059,0.082,0.248,0.916,1.188
2022-06-21,-0.066,0.096,0.252,0.918,1.217
2022-06-22,-0.079,0.087,0.255,0.922,1.226
2022-06-23,-0.085,0.066,0.246,0.901,1.203
2022-06-24,-0.079,0.049,0.24,0.897,1.211
2022-06-27,-0.066,0.061,0.252,0.922,1.25
2022-06-28,-0.045,0.068,0.252,0.929,1.257
2022-06-29,-0.05,0.056,0.246,0.911,1.24
2022-06-30,-0.065,0.042,0.242,0.891,1.213
2022-07-01,-0.07,0.026,0.229,0.873,1.205
2022-07-04,-0.065,0.031,0.235,0.885,1.228
2022-07-05,-0.06,0.031,0.253,0.904,1.255
2022-07-06,-0.065,0.025,0.248,0.898,1.237
2022-07-07,-0.071,0.024,0.249,0.903,1.235
2022-07-08,-0.07,0.035,0.248,0.928,1.249
2022-07-11,-0.07,0.045,0.244,0.949,1.283
2022-07-12,-0.07,0.039,0.244,0.945,1.301
2022-07-13,-0.076,0.025,0.235,0.915,1.267
2022-07-14,-0.06,0.036,0.235,0.898,1.249
2022-07-15,-0.061,0.032,0.235,0.875,1.213
2022-07-19,-0.077,0.026,0.238,0.907,1.267
2022-07-20,-0.077,0.03,0.244,0.917,1.276
2022-07-21,-0.075,0.02,0.239,0.903,1.263
2022-07-22,-0.077,0.01,0.222,0.866,1.237
2022-07-25,-0.075,0.002,0.208,0.857,1.222
2022-07-26,-0.077,0.002,0.215,0.844,1.188
2022-07-27,-0.078,0.002,0.211,0.829,1.174
2022-07-28,-0.076,-0.008,0.209,0.863,1.218
2022-07-29,-0.09,-0.025,0.185,0.847,1.204
2022-08-01,-0.09,-0.018,0.19,0.868,1.238
2022-08-02,-0.09,-0.024,0.18,0.83,1.202
2022-08-03,-0.085,-0.013,0.195,0.854,1.22
2022-08-04,-0.095,-0.024,0.181,0.835,1.197
2022-08-05,-0.1,-0.033,0.172,0.811,1.17
2022-08-08,-0.101,-0.028,0.182,0.812,1.162
2022-08-09,-0.101,-0.033,0.172,0.797,1.135
2022-08-10,-0.09,-0.008,0.202,0.797,1.13
2022-08-12,-0.086,-0.003,0.197,0.792,1.12
2022-08-15,-0.085,0.003,0.197,0.798,1.135
2022-08-16,-0.09,-0.007,0.178,0.773,1.102
2022-08-17,-0.09,-0.003,0.192,0.768,1.088
2022-08-18,-0.086,0.008,0.208,0.789,1.121
2022-08-19,-0.086,0.005,0.208,0.779,1.098
2022-08-22,-0.081,0.022,0.235,0.827,1.149
2022-08-23,-0.086,0.016,0.231,0.84,1.172
2022-08-24,-0.086,0.028,0.236,0.842,1.168
2022-08-25,-0.087,0.035,0.241,0.861,1.172
2022-08-26,-0.087,0.023,0.23,0.847,1.168
2022-08-29,-0.079,0.041,0.254,0.885,1.213
2022-08-30,-0.09,0.019,0.234,0.881,1.213
2022-08-31,-0.085,0.019,0.235,0.862,1.204
2022-09-01,-0.08,0.03,0.25,0.89,1.236
2022-09-02,-0.085,0.038,0.25,0.914,1.273
2022-09-05,-0.085,0.026,0.245,0.901,1.254
2022-09-06,-0.081,0.037,0.253,0.915,1.263
2022-09-07,-0.081,0.043,0.263,0.948,1.307
2022-09-08,-0.081,0.046,0.263,0.948,1.303
2022-09-09,-0.081,0.063,0.265,0.957,1.316
2022-09-12,-0.076,0.067,0.265,0.934,1.289
2022-09-13,-0.076,0.047,0.26,0.882,1.236
2022-09-14,-0.076,0.059,0.27,0.863,1.199
2022-09-15,-0.076,0.063,0.272,0.934,1.262
2022-09-16,-0.071,0.069,0.273,0.958,1.293
2022-09-20,-0.07,0.069,0.274,0.968,1.317
2022-09-21,-0.055,0.085,0.287,0.972,1.321
2022-09-22,-0.066,0.064,0.27,0.957,1.312
2022-09-26,-0.056,0.092,0.287,0.995,1.379
2022-09-27,-0.045,0.114,0.294,1.033,1.427
2022-09-28,-0.04,0.1,0.284,1.047,1.462
2022-09-29,-0.05,0.095,0.283,1.006,1.396
2022-09-30,-0.05,0.088,0.277,1.01,1.391
2022-10-03,-0.055,0.072,0.267,0.975,1.33
2022-10-04,-0.06,0.056,0.249,0.957,1.325
2022-10-05,-0.065,0.056,0.249,0.957,1.344
2022-10-06,-0.07,0.056,0.249,0.965,1.358
2022-10-07,-0.065,0.066,0.25,0.976,1.369
2022-10-11,-0.054,0.082,0.256,1.035,1.435
2022-10-12,-0.054,0.08,0.257,1.063,1.468
2022-10-13,-0.05,0.09,0.252,1.071,1.465
2022-10-14,-0.05,0.086,0.253,1.066,1.456
2022-10-17,-0.05,0.097,0.259,1.104,1.495
2022-10-18,-0.05,0.097,0.259,1.118,1.499
2022-10-19,-0.034,0.112,0.259,1.123,1.495
2022-10-20,-0.021,0.132,0.261,1.155,1.507
2022-10-21,-0.003,0.142,0.261,1.191,1.558
2022-10-24,0.001,0.143,0.263,1.236,1.617
2022-10-25,-0.008,0.123,0.263,1.191,1.549
2022-10-26,-0.019,0.098,0.264,1.186,1.528
2022-10-27,-0.044,0.07,0.265,1.114,1.469
2022-10-28,-0.049,0.077,0.254,1.087,1.438
2022-10-31,-0.045,0.082,0.253,1.059,1.417
2022-11-01,-0.045,0.078,0.264,1.1,1.482
2022-11-02,-0.04,0.082,0.258,1.119,1.518
2022-11-04,-0.04,0.094,0.263,1.151,1.54
2022-11-07,-0.04,0.094,0.265,1.165,1.556
2022-11-08,-0.04,0.095,0.267,1.193,1.57
2022-11-09,-0.05,0.08,0.267,1.129,1.497
2022-11-10,-0.05,0.075,0.263,1.129,1.506
2022-11-11,-0.056,0.054,0.252,1.06,1.437
2022-11-14,-0.05,0.068,0.259,1.106,1.485
2022-11-15,-0.047,0.074,0.259,1.079,1.454
2022-11-16,-0.042,0.075,0.26,1.065,1.437
2022-11-17,-0.041,0.077,0.261,1.042,1.402
2022-11-18,-0.019,0.091,0.267,1.056,1.41
2022-11-21,-0.014,0.091,0.263,1.075,1.445
2022-11-22,-0.019,0.086,0.263,1.071,1.455
2022-11-24,-0.024,0.08,0.268,1.072,1.446
2022-11-25,-0.018,0.104,0.275,1.1,1.474
2022-11-28,-0.019,0.104,0.278,1.109,1.479
2022-11-29,-0.03,0.12,0.278,1.137,1.509
2022-11-30,-0.03,0.12,0.276,1.133,1.5
2022-12-01,-0.03,0.109,0.276,1.124,1.505
2022-12-02,-0.025,0.116,0.279,1.104,1.482
2022-12-05,-0.02,0.126,0.281,1.109,1.478
2022-12-06,-0.01,0.14,0.282,1.122,1.473
2022-12-07,-0.009,0.133,0.281,1.107,1.466
2022-12-08,-0.009,0.134,0.278,1.093,1.44
2022-12-09,-0.015,0.126,0.277,1.076,1.401
2022-12-12,-0.014,0.135,0.28,1.103,1.43
2022-12-13,-0.015,0.136,0.278,1.095,1.403
2022-12-14,-0.015,0.131,0.277,1.075,1.395
2022-12-15,-0.015,0.139,0.281,1.114,1.417
2022-12-16,-0.019,0.139,0.28,1.142,1.466
2022-12-19,-0.009,0.154,0.282,1.178,1.51
2022-12-20,0.011,0.195,0.432,1.222,1.553
2022-12-21,-0.009,0.261,0.517,1.218,1.528
2022-12-22,0.002,0.235,0.431,1.204,1.52
2022-12-23,0.014,0.217,0.424,1.216,1.495
2022-12-26,0.033,0.257,0.482,1.221,1.495
2022-12-27,0.038,0.262,0.501,1.239,1.52
2022-12-28,0.039,0.262,0.493,1.265,1.549
2022-12-29,0.039,0.262,0.489,1.308,1.586
2022-12-30,0.03,0.253,0.454,1.29,1.578
2023-01-04,0.025,0.246,0.491,1.328,1.61
2023-01-05,0.015,0.234,0.508,1.295,1.586
2023-01-06,0.011,0.23,0.508,1.282,1.573
2023-01-10,0.026,0.258,0.509,1.326,1.617
2023-01-11,0.026,0.262,0.509,1.316,1.609
2023-01-12,0.041,0.302,0.509,1.38,1.649
2023-01-13,0.032,0.328,0.508,1.365,1.61
2023-01-16,0.032,0.319,0.51,1.344,1.559
2023-01-17,0.041,0.329,0.512,1.344,1.546
2023-01-18,0.006,0.238,0.43,1.33,1.534
2023-01-19,-0.001,0.223,0.422,1.312,1.555
2023-01-20,-0.004,0.198,0.418,1.294,1.56
2023-01-23,-0.015,0.168,0.396,1.272,1.561
2023-01-24,-0.005,0.185,0.427,1.281,1.542
2023-01-25,-0.01,0.189,0.457,1.299,1.535
2023-01-26,-0.009,0.189,0.483,1.313,1.526
2023-01-27,0.001,0.2,0.497,1.377,1.574
2023-01-30,-0.004,0.187,0.497,1.386,1.596
2023-01-31,-0.01,0.198,0.511,1.387,1.6
2023-02-01,-0.02,0.192,0.5,1.35,1.57
2023-02-02,-0.02,0.192,0.515,1.314,1.531
2023-02-03,-0.03,0.167,0.503,1.296,1.531
2023-02-06,-0.025,0.179,0.511,1.324,1.539
2023-02-07,-0.029,0.19,0.511,1.329,1.561
2023-02-08,-0.029,0.2,0.511,1.319,1.544
2023-02-09,-0.035,0.214,0.511,1.324,1.544
2023-02-10,-0.045,0.215,0.514,1.346,1.562
2023-02-13,-0.055,0.202,0.524,1.314,1.509
2023-02-14,-0.056,0.208,0.524,1.301,1.505
2023-02-15,-0.051,0.208,0.525,1.292,1.482
2023-02-16,-0.047,0.226,0.526,1.309,1.486
2023-02-17,-0.047,0.227,0.528,1.324,1.503
2023-02-20,-0.043,0.235,0.53,1.333,1.507
2023-02-21,-0.029,0.255,0.531,1.328,1.504
2023-02-22,-0.029,0.261,0.531,1.315,1.473
2023-02-24,-0.029,0.238,0.53,1.293,1.464
2023-02-27,-0.028,0.245,0.532,1.279,1.455
2023-02-28,-0.026,0.229,0.524,1.209,1.393
2023-03-01,-0.035,0.219,0.525,1.205,1.389
2023-03-02,-0.035,0.216,0.527,1.232,1.416
2023-03-03,-0.04,0.213,0.527,1.25,1.443
2023-03-06,-0.039,0.229,0.53,1.251,1.439
2023-03-07,-0.039,0.219,0.528,1.261,1.448
2023-03-08,-0.04,0.224,0.529,1.272,1.475
2023-03-09,-0.019,0.247,0.53,1.286,1.475
2023-03-10,-0.03,0.212,0.428,1.229,1.423
2023-03-13,-0.025,0.192,0.342,1.142,1.335
2023-03-14,-0.04,0.135,0.314,1.023,1.206
2023-03-15,-0.051,0.145,0.36,1.11,1.323
2023-03-16,-0.07,0.121,0.325,1.076,1.312
2023-03-17,-0.075,0.116,0.317,1.095,1.33
2023-03-20,-0.077,0.071,0.281,1.024,1.277
2023-03-22,-0.056,0.114,0.378,1.101,1.34
2023-03-23,-0.063,0.092,0.339,1.092,1.347
2023-03-24,-0.067,0.077,0.321,1.089,1.357
2023-03-27,-0.067,0.084,0.33,1.108,1.376
2023-03-28,-0.059,0.094,0.337,1.061,1.292
2023-03-29,-0.07,0.091,0.335,1.009,1.243
2023-03-30,-0.061,0.101,0.362,1.028,1.258
2023-03-31,-0.061,0.104,0.389,1.044,1.274
2023-04-03,-0.04,0.138,0.422,1.104,1.335
2023-04-04,-0.025,0.17,0.478,1.14,1.38
2023-04-05,-0.03,0.178,0.473,1.143,1.377
2023-04-06,-0.045,0.168,0.472,1.125,1.348
2023-04-07,-0.06,0.168,0.462,1.092,1.318
2023-04-10,-0.045,0.174,0.468,1.096,1.334
2023-04-11,-0.046,0.155,0.459,1.096,1.335
2023-04-12,-0.045,0.159,0.469,1.105,1.331
2023-04-13,-0.05,0.159,0.465,1.081,1.305
2023-04-14,-0.04,0.156,0.465,1.096,1.313
2023-04-17,-0.035,0.17,0.489,1.13,1.343
2023-04-18,-0.04,0.17,0.48,1.122,1.343
2023-04-19,-0.04,0.17,0.48,1.11,1.326
2023-04-20,-0.04,0.17,0.48,1.127,1.353
2023-04-21,-0.035,0.162,0.47,1.121,1.344
2023-04-24,-0.038,0.163,0.476,1.132,1.361
2023-04-25,-0.035,0.168,0.486,1.117,1.348
2023-04-26,-0.04,0.153,0.466,1.086,1.325
2023-04-27,-0.04,0.153,0.466,1.09,1.342
2023-04-28,-0.045,0.109,0.403,1.003,1.247
2023-05-01,-0.045,0.113,0.413,1.027,1.279
2023-05-02,-0.035,0.13,0.428,1.041,1.292
2023-05-08,-0.035,0.124,0.424,1.037,1.279
2023-05-09,-0.03,0.135,0.435,1.051,1.287
2023-05-10,-0.04,0.125,0.425,1.037,1.278
2023-05-11,-0.045,0.115,0.399,1.0,1.233
2023-05-12,-0.055,0.11,0.396,1.02,1.262
2023-05-15,-0.049,0.127,0.421,1.033,1.277
2023-05-16,-0.054,0.116,0.406,1.02,1.256
2023-05-17,-0.066,0.1,0.375,0.977,1.224
2023-05-18,-0.061,0.106,0.395,0.991,1.246
2023-05-19,-0.061,0.112,0.415,1.005,1.256
2023-05-22,-0.066,0.103,0.397,0.982,1.238
2023-05-23,-0.061,0.107,0.41,1.004,1.252
2023-05-24,-0.066,0.112,0.421,1.02,1.269
2023-05-25,-0.066,0.13,0.441,1.043,1.292
2023-05-26,-0.066,0.115,0.432,1.025,1.265
2023-05-29,-0.061,0.112,0.453,1.044,1.278
2023-05-30,-0.055,0.112,0.448,1.03,1.264
2023-05-31,-0.06,0.097,0.448,1.03,1.273
2023-06-01,-0.065,0.093,0.434,1.03,1.277
2023-06-02,-0.075,0.088,0.43,1.036,1.286
2023-06-05,-0.065,0.107,0.45,1.05,1.287
2023-06-06,-0.065,0.098,0.44,1.03,1.273
2023-06-07,-0.06,0.092,0.434,1.024,1.269
2023-06-08,-0.06,0.102,0.455,1.039,1.287
2023-06-09,-0.065,0.098,0.451,1.03,1.278
2023-06-12,-0.07,0.094,0.446,1.035,1.282
2023-06-13,-0.075,0.086,0.438,1.022,1.26
2023-06-14,-0.071,0.097,0.447,1.026,1.259
2023-06-15,-0.064,0.103,0.447,1.02,1.256
2023-06-16,-0.065,0.093,0.422,1.008,1.252
2023-06-19,-0.066,0.093,0.413,0.994,1.239
2023-06-20,-0.066,0.092,0.406,0.985,1.225
2023-06-21,-0.069,0.087,0.393,0.99,1.226
2023-06-22,-0.071,0.085,0.395,0.995,1.24
2023-06-23,-0.074,0.073,0.39,0.986,1.235
2023-06-26,-0.077,0.066,0.378,0.963,1.208
2023-06-27,-0.074,0.075,0.398,0.977,1.213
2023-06-28,-0.064,0.089,0.414,0.986,1.226
2023-06-29,-0.07,0.085,0.409,0.982,1.231
2023-06-30,-0.075,0.08,0.426,1.014,1.262
2023-07-03,-0.065,0.084,0.432,1.015,1.262
2023-07-04,-0.07,0.078,0.4,1.001,1.255
2023-07-05,-0.07,0.072,0.384,0.988,1.227
2023-07-06,-0.06,0.089,0.409,1.002,1.227
2023-07-07,-0.039,0.123,0.439,1.043,1.266
2023-07-10,-0.029,0.157,0.468,1.098,1.309
2023-07-11,-0.039,0.122,0.454,1.075,1.292
2023-07-12,-0.034,0.143,0.48,1.11,1.322
2023-07-13,-0.034,0.132,0.47,1.093,1.331
2023-07-14,-0.038,0.133,0.48,1.12,1.365
2023-07-18,-0.033,0.139,0.485,1.139,1.395
2023-07-19,-0.037,0.118,0.466,1.108,1.361
2023-07-20,-0.037,0.114,0.465,1.093,1.339
2023-07-21,-0.026,0.128,0.481,1.107,1.34
2023-07-24,-0.036,0.108,0.461,1.061,1.304
2023-07-25,-0.038,0.109,0.466,1.071,1.323
2023-07-26,-0.038,0.1,0.451,1.053,1.301
2023-07-27,-0.04,0.1,0.443,1.05,1.292
2023-07-28,-0.015,0.162,0.551,1.127,1.356
2023-07-31,0.0,0.19,0.605,1.223,1.458
2023-08-01,0.0,0.182,0.596,1.246,1.491
2023-08-02,0.01,0.2,0.63,1.269,1.503
2023-08-03,0.02,0.225,0.654,1.298,1.532
2023-08-04,0.021,0.226,0.643,1.317,1.553
2023-08-07,0.017,0.216,0.625,1.304,1.541
2023-08-08,0.012,0.205,0.61,1.273,1.499
2023-08-09,0.006,0.184,0.572,1.219,1.458
2023-08-10,0.012,0.199,0.591,1.252,1.495
2023-08-14,0.017,0.218,0.621,1.293,1.532
2023-08-15,0.016,0.223,0.632,1.305,1.537
2023-08-16,0.017,0.223,0.631,1.288,1.52
2023-08-17,0.028,0.239,0.657,1.345,1.577
2023-08-18,0.022,0.227,0.632,1.327,1.565
2023-08-21,0.029,0.242,0.657,1.357,1.586
2023-08-22,0.025,0.252,0.673,1.376,1.598
2023-08-23,0.024,0.259,0.682,1.388,1.61
2023-08-24,0.01,0.237,0.654,1.353,1.582
2023-08-25,0.01,0.248,0.663,1.358,1.589
2023-08-28,0.011,0.248,0.669,1.363,1.593
2023-08-29,0.019,0.241,0.65,1.34,1.581
2023-08-30,0.029,0.247,0.661,1.359,1.594
2023-08-31,0.025,0.238,0.657,1.359,1.598
2023-09-01,0.02,0.222,0.636,1.325,1.569
2023-09-04,0.016,0.235,0.652,1.343,1.582
2023-09-05,0.016,0.243,0.666,1.356,1.586
2023-09-06,0.017,0.243,0.662,1.352,1.574
2023-09-07,0.012,0.239,0.667,1.368,1.581
2023-09-08,0.007,0.234,0.658,1.373,1.593
2023-09-11,0.043,0.3,0.715,1.426,1.63
2023-09-12,0.033,0.297,0.716,1.43,1.637
2023-09-13,0.028,0.297,0.715,1.408,1.605
2023-09-14,0.029,0.296,0.715,1.404,1.601
2023-09-15,0.03,0.29,0.715,1.399,1.598
2023-09-19,0.035,0.301,0.727,1.421,1.622
2023-09-20,0.026,0.301,0.731,1.421,1.618
2023-09-21,0.035,0.332,0.758,1.428,1.607
2023-09-22,0.035,0.324,0.754,1.428,1.611
2023-09-25,0.033,0.318,0.738,1.425,1.612
2023-09-26,0.034,0.317,0.752,1.429,1.619
2023-09-27,0.034,0.313,0.747,1.432,1.627
2023-09-28,0.044,0.331,0.765,1.441,1.634
2023-09-29,0.044,0.341,0.774,1.456,1.649
2023-10-02,0.055,0.359,0.779,1.481,1.672
2023-10-03,0.051,0.351,0.764,1.485,1.676
2023-10-04,0.061,0.371,0.808,1.534,1.711
2023-10-05,0.061,0.355,0.803,1.547,1.741
2023-10-06,0.061,0.358,0.802,1.547,1.75
2023-10-10,0.058,0.333,0.776,1.527,1.737
2023-10-11,0.058,0.335,0.776,1.515,1.716
2023-10-12,0.047,0.315,0.756,1.478,1.682
2023-10-13,0.044,0.322,0.765,1.492,1.699
2023-10-16,0.043,0.316,0.757,1.5,1.716
2023-10-17,0.059,0.326,0.787,1.545,1.755
2023-10-18,0.07,0.351,0.811,1.571,1.767
2023-10-19,0.081,0.372,0.845,1.607,1.8
2023-10-20,0.075,0.366,0.841,1.616,1.817
2023-10-23,0.087,0.378,0.865,1.66,1.868
2023-10-24,0.082,0.364,0.846,1.634,1.847
2023-10-25,0.077,0.364,0.856,1.621,1.826
2023-10-26,0.093,0.394,0.884,1.651,1.844
2023-10-27,0.094,0.386,0.875,1.647,1.831
2023-10-30,0.119,0.41,0.895,1.664,1.848
2023-10-31,0.149,0.475,0.952,1.699,1.864
2023-11-01,0.155,0.489,0.959,1.708,1.88
2023-11-02,0.135,0.46,0.92,1.672,1.851
2023-11-06,0.127,0.432,0.876,1.621,1.814
2023-11-07,0.127,0.441,0.882,1.616,1.81
2023-11-08,0.117,0.423,0.852,1.577,1.773
2023-11-09,0.107,0.413,0.843,1.536,1.726
2023-11-10,0.108,0.427,0.859,1.555,1.743
2023-11-13,0.103,0.44,0.879,1.577,1.773
2023-11-14,0.093,0.414,0.86,1.565,1.763
2023-11-15,0.069,0.369,0.807,1.511,1.717
2023-11-16,0.057,0.37,0.798,1.52,1.729
2023-11-17,0.046,0.33,0.765,1.484,1.694
2023-11-20,0.046,0.32,0.756,1.471,1.685
2023-11-21,0.036,0.284,0.712,1.413,1.622
2023-11-22,0.052,0.324,0.742,1.463,1.669
2023-11-24,0.068,0.367,0.786,1.498,1.699
2023-11-27,0.068,0.361,0.787,1.512,1.716
2023-11-28,0.065,0.338,0.768,1.508,1.719
2023-11-29,0.048,0.276,0.695,1.436,1.656
2023-11-30,0.049,0.271,0.691,1.445,1.683
2023-12-01,0.04,0.281,0.72,1.449,1.683
2023-12-04,0.031,0.271,0.712,1.454,1.688
2023-12-05,0.036,0.271,0.687,1.446,1.683
2023-12-06,0.036,0.26,0.667,1.397,1.626
2023-12-07,0.087,0.356,0.771,1.5,1.709
2023-12-08,0.092,0.372,0.791,1.544,1.759
2023-12-11,0.088,0.373,0.798,1.544,1.763
2023-12-12,0.067,0.33,0.758,1.509,1.738
2023-12-13,0.048,0.284,0.709,1.442,1.67
2023-12-14,0.057,0.293,0.693,1.423,1.642
2023-12-15,0.087,0.327,0.728,1.443,1.652
2023-12-18,0.079,0.297,0.689,1.421,1.635
2023-12-19,0.068,0.283,0.663,1.38,1.592
2023-12-20,0.033,0.214,0.581,1.288,1.522
2023-12-21,0.037,0.241,0.61,1.318,1.558
2023-12-22,0.046,0.268,0.651,1.384,1.619
2023-12-25,0.038,0.252,0.637,1.378,1.614
2023-12-26,0.065,0.262,0.657,1.396,1.627
2023-12-27,0.05,0.226,0.624,1.359,1.587
2023-12-28,0.037,0.208,0.616,1.373,1.628
2023-12-29,0.048,0.233,0.647,1.404,1.662
2024-01-04,0.05,0.23,0.649,1.401,1.666
2024-01-05,0.035,0.217,0.634,1.383,1.64
2024-01-09,0.025,0.207,0.614,1.365,1.626
2024-01-10,0.025,0.214,0.621,1.36,1.618
2024-01-11,0.015,0.202,0.605,1.341,1.615
2024-01-12,0.005,0.196,0.591,1.336,1.61
2024-01-15,-0.001,0.175,0.563,1.305,1.58
2024-01-16,0.02,0.203,0.596,1.329,1.597
2024-01-17,0.025,0.21,0.612,1.339,1.619
2024-01-18,0.036,0.249,0.656,1.42,1.699
2024-01-19,0.031,0.256,0.671,1.454,1.745
2024-01-22,0.025,0.245,0.657,1.439,1.741
2024-01-23,0.025,0.239,0.643,1.413,1.712
2024-01-24,0.07,0.316,0.721,1.492,1.775
2024-01-25,0.067,0.332,0.75,1.532,1.795
2024-01-26,0.052,0.3,0.721,1.506,1.782
2024-01-29,0.063,0.308,0.727,1.524,1.799
2024-01-30,0.074,0.291,0.714,1.498,1.774
2024-01-31,0.094,0.312,0.737,1.516,1.79
2024-02-01,0.085,0.286,0.699,1.476,1.757
2024-02-02,0.1,0.282,0.667,1.441,1.723
2024-02-05,0.111,0.323,0.725,1.49,1.762
2024-02-06,0.106,0.317,0.725,1.486,1.753
2024-02-07,0.101,0.317,0.714,1.468,1.74
2024-02-08,0.101,0.307,0.706,1.459,1.741
2024-02-09,0.116,0.332,0.731,1.49,1.758
2024-02-13,0.128,0.343,0.736,1.491,1.761
2024-02-14,0.143,0.369,0.764,1.508,1.774
2024-02-15,0.137,0.34,0.736,1.504,1.77
2024-02-16,0.143,0.354,0.737,1.491,1.75
2024-02-19,0.15,0.359,0.738,1.492,1.749
2024-02-20,0.151,0.366,0.742,1.474,1.725
2024-02-21,0.155,0.367,0.732,1.46,1.707
2024-02-22,0.158,0.366,0.727,1.443,1.699
2024-02-26,0.159,0.349,0.699,1.411,1.666
2024-02-27,0.173,0.355,0.704,1.421,1.675
2024-02-28,0.166,0.354,0.709,1.439,1.709
2024-02-29,0.19,0.372,0.724,1.452,1.734
2024-03-01,0.18,0.377,0.728,1.444,1.722
2024-03-04,0.176,0.371,0.725,1.458,1.743
2024-03-05,0.175,0.361,0.714,1.449,1.738
2024-03-06,0.186,0.376,0.725,1.448,1.73
2024-03-07,0.191,0.388,0.741,1.466,1.738
2024-03-08,0.202,0.388,0.746,1.483,1.759
2024-03-11,0.202,0.386,0.777,1.521,1.785
2024-03-12,0.197,0.385,0.783,1.518,1.789
2024-03-13,0.197,0.38,0.773,1.506,1.776
2024-03-14,0.198,0.384,0.792,1.533,1.801
2024-03-15,0.193,0.393,0.802,1.542,1.812
2024-03-18,0.188,0.381,0.774,1.512,1.78
2024-03-19,0.178,0.367,0.744,1.486,1.772
2024-03-21,0.205,0.401,0.762,1.492,1.781
2024-03-22,0.206,0.41,0.762,1.492,1.786
2024-03-25,0.206,0.401,0.752,1.493,1.796
2024-03-26,0.207,0.396,0.757,1.497,1.791
2024-03-27,0.204,0.384,0.738,1.472,1.763
2024-03-28,0.196,0.368,0.73,1.458,1.75
2024-03-29,0.189,0.372,0.75,1.484,1.789
2024-04-01,0.195,0.389,0.765,1.511,1.806
2024-04-02,0.2,0.395,0.77,1.53,1.821
2024-04-03,0.191,0.386,0.77,1.52,1.813
2024-04-04,0.196,0.399,0.78,1.529,1.81
2024-04-05,0.211,0.404,0.771,1.52,1.806
2024-04-08,0.228,0.41,0.792,1.538,1.823
2024-04-09,0.223,0.414,0.786,1.535,1.836
2024-04-10,0.233,0.431,0.801,1.556,1.857
2024-04-11,0.27,0.485,0.854,1.625,1.907
2024-04-12,0.281,0.496,0.864,1.635,1.894
2024-04-15,0.275,0.486,0.864,1.635,1.894
2024-04-16,0.281,0.49,0.87,1.644,1.907
2024-04-17,0.288,0.496,0.889,1.662,1.92
2024-04-18,0.278,0.476,0.871,1.626,1.894
2024-04-19,0.263,0.457,0.837,1.595,1.869
2024-04-22,0.29,0.497,0.885,1.643,1.907
2024-04-23,0.297,0.499,0.886,1.658,1.927
2024-04-24,0.298,0.499,0.891,1.654,1.927
2024-04-25,0.298,0.503,0.896,1.658,1.927
2024-04-26,0.298,0.514,0.925,1.681,1.936
2024-04-30,0.275,0.478,0.879,1.646,1.911
2024-05-01,0.29,0.493,0.898,1.668,1.94
2024-05-02,0.29,0.494,0.908,1.682,1.952
2024-05-07,0.282,0.479,0.881,1.66,1.945
2024-05-08,0.288,0.489,0.887,1.656,1.937
2024-05-09,0.313,0.523,0.916,1.678,1.944
2024-05-10,0.319,0.526,0.917,1.691,1.965
2024-05-13,0.335,0.55,0.946,1.73,1.99
2024-05-14,0.346,0.571,0.969,1.753,2.01
2024-05-15,0.341,0.56,0.962,1.744,2.01
2024-05-16,0.326,0.539,0.934,1.717,1.993
2024-05-17,0.337,0.555,0.957,1.744,2.011
2024-05-20,0.349,0.585,0.987,1.766,2.034
2024-05-21,0.349,0.585,0.992,1.776,2.039
2024-05-22,0.356,0.595,1.007,1.809,2.084
2024-05-23,0.345,0.591,1.011,1.827,2.1
2024-05-24,0.345,0.596,1.016,1.835,2.104
2024-05-27,0.357,0.606,1.031,1.836,2.108
2024-05-28,0.357,0.602,1.047,1.832,2.12
2024-05-29,0.387,0.642,1.084,1.858,2.148
2024-05-30,0.399,0.641,1.066,1.841,2.132
2024-05-31,0.399,0.647,1.08,1.85,2.155
2024-06-03,0.401,0.64,1.071,1.855,2.168
2024-06-04,0.386,0.61,1.043,1.841,2.149
2024-06-05,0.356,0.576,1.014,1.816,2.112
2024-06-06,0.336,0.548,0.972,1.747,2.039
2024-06-07,0.351,0.559,0.986,1.761,2.043
2024-06-10,0.383,0.608,1.045,1.821,2.118
2024-06-11,0.372,0.601,1.035,1.81,2.111
2024-06-12,0.343,0.568,1.0,1.784,2.084
2024-06-13,0.332,0.556,0.982,1.762,2.063
2024-06-14,0.302,0.527,0.95,1.732,2.044
2024-06-17,0.291,0.516,0.947,1.755,2.068
2024-06-18,0.288,0.523,0.963,1.777,2.089
2024-06-19,0.286,0.518,0.955,1.758,2.071
2024-06-20,0.292,0.527,0.973,1.769,2.068
2024-06-21,0.313,0.557,0.999,1.792,2.086
2024-06-24,0.309,0.558,1.01,1.811,2.108
2024-06-25,0.306,0.565,1.02,1.824,2.121
2024-06-26,0.312,0.573,1.044,1.851,2.155
2024-06-27,0.372,0.617,1.092,1.881,2.188
2024-06-28,0.353,0.602,1.062,1.848,2.153
2024-07-01,0.36,0.615,1.083,1.873,2.163
2024-07-02,0.365,0.63,1.104,1.894,2.174
2024-07-03,0.35,0.613,1.1,1.908,2.185
2024-07-04,0.34,0.599,1.086,1.908,2.188
2024-07-05,0.346,0.598,1.072,1.902,2.2
2024-07-08,0.362,0.616,1.092,1.907,2.2
2024-07-09,0.353,0.61,1.079,1.911,2.205
2024-07-10,0.343,0.605,1.093,1.924,2.22
2024-07-11,0.343,0.611,1.089,1.912,2.221
2024-07-12,0.333,0.586,1.055,1.873,2.177
2024-07-16,0.32,0.566,1.032,1.86,2.168
2024-07-17,0.33,0.577,1.042,1.861,2.173
2024-07-18,0.347,0.591,1.047,1.852,2.16
2024-07-19,0.352,0.598,1.053,1.843,2.148
2024-07-22,0.348,0.598,1.063,1.865,2.177
2024-07-23,0.362,0.607,1.073,1.865,2.181
2024-07-24,0.379,0.623,1.084,1.869,2.197
2024-07-25,0.403,0.637,1.078,1.847,2.168
2024-07-26,0.408,0.631,1.068,1.835,2.154
2024-07-29,0.394,0.607,1.041,1.814,2.13
2024-07-30,0.374,0.592,1.012,1.801,2.131
2024-07-31,0.45,0.671,1.07,1.844,2.176
2024-08-01,0.46,0.658,1.046,1.809,2.152
2024-08-02,0.41,0.583,0.974,1.746,2.098
2024-08-05,0.265,0.37,0.781,1.576,1.956
2024-08-06,0.29,0.436,0.908,1.734,2.118
2024-08-07,0.27,0.421,0.899,1.766,2.189
2024-08-08,0.269,0.411,0.855,1.704,2.107
2024-08-09,0.301,0.445,0.881,1.722,2.081
2024-08-13,0.3,0.444,0.869,1.714,2.081
2024-08-14,0.296,0.431,0.833,1.674,2.051
2024-08-15,0.321,0.451,0.861,1.684,2.051
2024-08-16,0.357,0.494,0.898,1.719,2.068
2024-08-19,0.374,0.509,0.914,1.75,2.093
2024-08-20,0.363,0.499,0.916,1.76,2.118
2024-08-21,0.352,0.481,0.896,1.733,2.102
2024-08-22,0.363,0.491,0.9,1.72,2.086
2024-08-23,0.372,0.507,0.919,1.733,2.086
2024-08-26,0.364,0.497,0.91,1.726,2.093
2024-08-27,0.367,0.504,0.906,1.716,2.077
2024-08-28,0.38,0.512,0.921,1.718,2.073
2024-08-29,0.368,0.503,0.917,1.738,2.097
2024-08-30,0.363,0.502,0.922,1.742,2.111
2024-09-02,0.37,0.518,0.936,1.755,2.124
2024-09-03,0.39,0.536,0.952,1.756,2.116
2024-09-04,0.375,0.512,0.917,1.729,2.091
2024-09-05,0.375,0.507,0.904,1.717,2.07
2024-09-06,0.38,0.499,0.88,1.694,2.045
2024-09-09,0.396,0.521,0.925,1.726,2.076
2024-09-10,0.396,0.528,0.926,1.736,2.09
2024-09-11,0.38,0.498,0.886,1.704,2.077
2024-09-12,0.391,0.513,0.896,1.708,2.074
2024-09-13,0.392,0.503,0.878,1.676,2.045
2024-09-17,0.387,0.494,0.863,1.662,2.019
2024-09-18,0.38,0.484,0.86,1.677,2.023
2024-09-19,0.389,0.498,0.889,1.722,2.082
2024-09-20,0.395,0.515,0.898,1.732,2.103
2024-09-24,0.35,0.469,0.848,1.695,2.083
2024-09-25,0.355,0.473,0.852,1.677,2.061
2024-09-26,0.349,0.474,0.872,1.709,2.101
2024-09-27,0.323,0.449,0.849,1.708,2.122
2024-09-30,0.394,0.508,0.894,1.709,2.092
2024-10-01,0.39,0.508,0.894,1.71,2.094
2024-10-02,0.365,0.489,0.859,1.687,2.087
2024-10-03,0.365,0.489,0.867,1.692,2.1
2024-10-04,0.37,0.506,0.886,1.701,2.1
2024-10-07,0.407,0.555,0.926,1.743,2.131
2024-10-08,0.402,0.554,0.926,1.746,2.126
2024-10-09,0.402,0.56,0.936,1.762,2.143
2024-10-10,0.412,0.588,0.96,1.788,2.171
2024-10-11,0.412,0.579,0.95,1.775,2.154
2024-10-15,0.423,0.595,0.976,1.789,2.155
2024-10-16,0.423,0.581,0.957,1.775,2.147
2024-10-17,0.434,0.59,0.967,1.776,2.13
2024-10-18,0.438,0.589,0.972,1.79,2.139
2024-10-21,0.433,0.581,0.963,1.79,2.156
2024-10-22,0.454,0.6,0.983,1.814,2.188
2024-10-23,0.449,0.596,0.983,1.818,2.188
2024-10-24,0.449,0.584,0.964,1.802,2.184
2024-10-25,0.449,0.58,0.955,1.789,2.159
2024-10-28,0.461,0.595,0.981,1.816,2.196
2024-10-29,0.453,0.599,0.981,1.812,2.188
2024-10-30,0.443,0.585,0.961,1.807,2.201
2024-10-31,0.434,0.571,0.947,1.786,2.189
2024-11-01,0.465,0.585,0.952,1.786,2.189
2024-11-05,0.455,0.575,0.944,1.787,2.193
2024-11-06,0.48,0.615,0.993,1.817,2.206
2024-11-07,0.501,0.644,1.016,1.839,2.226
2024-11-08,0.501,0.644,1.011,1.835,2.218
2024-11-11,0.501,0.644,1.009,1.84,2.222
2024-11-12,0.501,0.653,1.019,1.849,2.234
2024-11-13,0.527,0.689,1.053,1.871,2.246
2024-11-14,0.532,0.695,1.069,1.888,2.267
2024-11-15,0.552,0.712,1.082,1.884,2.264
2024-11-18,0.553,0.706,1.083,1.892,2.267
2024-11-19,0.554,0.71,1.078,1.889,2.254
2024-11-20,0.554,0.715,1.077,1.885,2.255
2024-11-21,0.58,0.75,1.106,1.899,2.25
2024-11-22,0.59,0.745,1.092,1.89,2.255
2024-11-25,0.59,0.74,1.084,1.881,2.255
2024-11-26,0.592,0.733,1.074,1.869,2.251
2024-11-27,0.596,0.741,1.083,1.891,2.272
2024-11-28,0.581,0.727,1.065,1.873,2.26
2024-11-29,0.599,0.728,1.064,1.855,2.252
2024-12-02,0.62,0.751,1.091,1.874,2.256
2024-12-03,0.61,0.747,1.091,1.874,2.26
2024-12-04,0.585,0.716,1.068,1.861,2.249
2024-12-05,0.6,0.736,1.082,1.875,2.257
2024-12-06,0.59,0.725,1.068,1.861,2.236
2024-12-09,0.575,0.714,1.054,1.849,2.228
2024-12-10,0.585,0.728,1.078,1.866,2.232
2024-12-11,0.591,0.736,1.083,1.866,2.231
2024-12-12,0.579,0.717,1.065,1.853,2.217
2024-12-13,0.564,0.697,1.055,1.848,2.22
2024-12-16,0.585,0.722,1.084,1.884,2.253
2024-12-17,0.595,0.736,1.094,1.889,2.264
2024-12-18,0.589,0.721,1.079,1.876,2.24
2024-12-19,0.606,0.747,1.097,1.881,2.245
2024-12-20,0.576,0.706,1.07,1.855,2.229
2024-12-23,0.588,0.725,1.081,1.871,2.236
2024-12-24,0.588,0.733,1.086,1.863,2.228
2024-12-25,0.588,0.726,1.086,1.859,2.219
2024-12-26,0.602,0.746,1.103,1.873,2.231
2024-12-27,0.602,0.76,1.119,1.898,2.259
2024-12-30,0.599,0.743,1.111,1.89,2.252
2025-01-06,0.626,0.791,1.145,1.915,2.274
2025-01-07,0.632,0.794,1.148,1.916,2.278
2025-01-08,0.648,0.821,1.182,1.951,2.294
2025-01-09,0.643,0.816,1.178,1.933,2.285
2025-01-10,0.649,0.832,1.202,1.959,2.301
2025-01-14,0.687,0.874,1.246,1.993,2.33
2025-01-15,0.707,0.894,1.255,2.002,2.347
2025-01-16,0.698,0.869,1.207,1.941,2.318
2025-01-17,0.693,0.865,1.207,1.925,2.29
2025-01-20,0.683,0.855,1.199,1.912,2.273
2025-01-21,0.677,0.851,1.194,1.913,2.265
2025-01-22,0.698,0.874,1.205,1.904,2.261
2025-01-23,0.704,0.88,1.215,1.913,2.269
2025-01-24,0.718,0.91,1.238,1.921,2.277
2025-01-27,0.705,0.888,1.225,1.918,2.269
2025-01-28,0.695,0.865,1.201,1.905,2.251
2025-01-29,0.704,0.868,1.201,1.896,2.245
2025-01-30,0.718,0.883,1.221,1.918,2.274
2025-01-31,0.729,0.909,1.25,1.953,2.29
2025-02-03,0.72,0.899,1.254,1.967,2.302
2025-02-04,0.741,0.93,1.282,1.993,2.323
2025-02-05,0.756,0.945,1.289,1.998,2.323
2025-02-06,0.762,0.94,1.27,1.959,2.269
2025-02-07,0.798,0.987,1.307,1.98,2.29
2025-02-10,0.798,0.988,1.318,1.985,2.294
2025-02-12,0.799,1.005,1.346,2.002,2.302
2025-02-13,0.794,1.006,1.357,2.019,2.318
2025-02-14,0.794,1.013,1.357,2.011,2.31
2025-02-17,0.809,1.057,1.39,2.011,2.306
2025-02-18,0.827,1.093,1.432,2.063,2.335
2025-02-19,0.82,1.083,1.432,2.063,2.327
2025-02-20,0.821,1.087,1.441,2.05,2.322
2025-02-21,0.818,1.063,1.427,2.054,2.335
2025-02-25,0.803,1.038,1.387,2.037,2.319
2025-02-26,0.801,1.022,1.373,2.028,2.319
2025-02-27,0.826,1.043,1.398,2.042,2.338
2025-02-28,0.806,1.007,1.378,2.032,2.35
2025-03-03,0.825,1.05,1.412,2.051,2.353
2025-03-04,0.831,1.069,1.428,2.065,2.36
2025-03-05,0.831,1.076,1.448,2.099,2.389
2025-03-06,0.852,1.132,1.517,2.18,2.462
2025-03-07,0.848,1.127,1.523,2.217,2.496
2025-03-10,0.875,1.174,1.575,2.279,2.544
2025-03-11,0.834,1.115,1.511,2.241,2.53
2025-03-12,0.85,1.14,1.527,2.228,2.535
2025-03-13,0.861,1.16,1.549,2.245,2.547
2025-03-14,0.84,1.131,1.522,2.236,2.535
2025-03-17,0.811,1.107,1.513,2.249,2.55
2025-03-18,0.815,1.106,1.507,2.233,2.542
2025-03-19,0.842,1.124,1.52,2.24,2.543
2025-03-21,0.854,1.134,1.527,2.238,2.539
2025-03-24,0.871,1.149,1.549,2.246,2.543
2025-03-25,0.887,1.186,1.578,2.268,2.541
2025-03-26,0.892,1.197,1.583,2.26,2.543
2025-03-27,0.893,1.194,1.588,2.26,2.53
2025-03-28,0.877,1.167,1.551,2.225,2.486
2025-03-31,0.854,1.113,1.497,2.202,2.48
2025-04-01,0.855,1.122,1.511,2.21,2.498
2025-04-02,0.834,1.092,1.481,2.17,2.444
2025-04-03,0.754,0.987,1.366,2.092,2.38
2025-04-04,0.612,0.797,1.176,1.946,2.303
2025-04-07,0.586,0.761,1.129,1.93,2.282
2025-04-08,0.647,0.869,1.268,2.11,2.479
2025-04-09,0.611,0.853,1.284,2.261,2.643
2025-04-10,0.676,0.931,1.379,2.279,2.611
2025-04-11,0.611,0.844,1.357,2.325,2.661
2025-04-14,0.589,0.817,1.35,2.389,2.756
2025-04-15,0.646,0.885,1.377,2.339,2.733
2025-04-16,0.615,0.842,1.305,2.266,2.646
2025-04-17,0.65,0.867,1.32,2.257,2.607
2025-04-18,0.636,0.844,1.302,2.27,2.65
2025-04-21,0.649,0.848,1.302,2.297,2.677
2025-04-22,0.67,0.878,1.323,2.267,2.673
2025-04-23,0.684,0.906,1.34,2.232,2.626
2025-04-24,0.679,0.884,1.328,2.226,2.634
2025-04-25,0.689,0.903,1.347,2.248,2.639
2025-04-28,0.686,0.898,1.329,2.236,2.639
2025-04-30,0.676,0.888,1.33,2.228,2.645
2025-05-01,0.629,0.844,1.291,2.224,2.653
2025-05-02,0.609,0.83,1.283,2.243,2.693
2025-05-07,0.609,0.85,1.318,2.312,2.791
2025-05-08,0.619,0.871,1.343,2.322,2.779
2025-05-09,0.634,0.891,1.37,2.356,2.802
2025-05-12,0.66,0.922,1.405,2.394,2.836
2025-05-13,0.718,0.989,1.46,2.356,2.779
2025-05-14,0.706,0.977,1.466,2.376,2.811
2025-05-15,0.717,1.01,1.489,2.404,2.839
2025-05-16,0.707,0.992,1.466,2.387,2.84
2025-05-19,0.718,1.007,1.494,2.412,2.851
2025-05-20,0.728,1.018,1.53,2.539,2.969
2025-05-21,0.72,1.008,1.53,2.528,2.976
2025-05-22,0.737,1.045,1.573,2.566,2.999
2025-05-23,0.731,1.044,1.559,2.523,2.925
2025-05-26,0.728,1.023,1.522,2.498,2.9
2025-05-27,0.739,1.012,1.479,2.354,2.743
2025-05-28,0.753,1.054,1.531,2.406,2.796
2025-05-29,0.758,1.043,1.532,2.451,2.853
2025-05-30,0.75,1.029,1.518,2.419,2.846
2025-06-02,0.755,1.043,1.523,2.406,2.821
2025-06-03,0.755,1.035,1.499,2.406,2.825
2025-06-04,0.765,1.055,1.518,2.431,2.833
2025-06-05,0.755,1.02,1.481,2.371,2.787
2025-06-06,0.76,1.023,1.477,2.35,2.78
2025-06-09,0.775,1.043,1.491,2.376,2.805
2025-06-10,0.771,1.045,1.498,2.402,2.809
2025-06-11,0.756,1.029,1.48,2.394,2.808
2025-06-12,0.756,1.024,1.48,2.406,2.804
2025-06-13,0.736,0.979,1.429,2.363,2.781
2025-06-16,0.758,1.025,1.477,2.393,2.799
2025-06-17,0.769,1.047,1.498,2.411,2.823
2025-06-18,0.755,1.022,1.479,2.399,2.819
2025-06-19,0.728,0.973,1.439,2.379,2.808
2025-06-20,0.728,0.965,1.424,2.375,2.798
2025-06-23,0.738,0.981,1.437,2.361,2.808
2025-06-24,0.738,0.981,1.445,2.361,2.811
2025-06-25,0.724,0.967,1.426,2.34,2.796
2025-06-26,0.735,0.986,1.445,2.339,2.792
2025-06-27,0.74,0.994,1.459,2.353,2.8
2025-06-30,0.746,0.999,1.462,2.371,2.803
2025-07-01,0.735,0.986,1.419,2.345,2.789
2025-07-02,0.741,0.992,1.434,2.352,2.785
2025-07-03,0.746,1.009,1.448,2.383,2.844
2025-07-04,0.736,0.992,1.444,2.391,2.852
2025-07-07,0.732,0.993,1.463,2.44,2.932
2025-07-08,0.733,1.009,1.492,2.505,3.007
2025-07-09,0.754,1.029,1.507,2.511,3.003
2025-07-10,0.76,1.025,1.498,2.508,3.008
2025-07-11,0.764,1.035,1.507,2.503,2.992
2025-07-14,0.781,1.074,1.574,2.593,3.083
2025-07-15,0.792,1.085,1.588,2.61,3.087
2025-07-16,0.793,1.085,1.575,2.564,3.011
2025-07-17,0.788,1.081,1.561,2.564,3.029
2025-07-18,0.772,1.046,1.528,2.526,3.014
2025-07-22,0.76,1.027,1.51,2.531,3.022
2025-07-23,0.838,1.125,1.596,2.59,3.062
2025-07-24,0.854,1.14,1.605,2.574,3.034
2025-07-25,0.863,1.155,1.605,2.553,3.006
2025-07-28,0.849,1.122,1.571,2.515,2.975
2025-07-29,0.835,1.108,1.564,2.532,2.999
2025-07-30,0.826,1.097,1.565,2.541,3.019
2025-07-31,0.826,1.097,1.559,2.542,3.026
2025-08-01,0.814,1.089,1.56,2.55,3.037
2025-08-04,0.764,1.035,1.52,2.55,3.046
2025-08-05,0.754,1.016,1.487,2.505,3.019
2025-08-06,0.774,1.034,1.509,2.517,3.015
2025-08-07,0.77,1.034,1.5,2.521,3.006
2025-08-08,0.77,1.045,1.502,2.519,3.014
2025-08-12,0.775,1.051,1.516,2.527,3.029
2025-08-13,0.785,1.074,1.53,2.531,3.025
2025-08-14,0.822,1.114,1.563,2.552,3.024
2025-08-15,0.826,1.12,1.574,2.56,3.032
2025-08-18,0.833,1.124,1.584,2.571,3.049
2025-08-19,0.849,1.144,1.603,2.594,3.068
2025-08-20,0.858,1.155,1.617,2.624,3.095
2025-08-21,0.862,1.159,1.617,2.63,3.098
2025-08-22,0.873,1.164,1.626,2.651,3.12
2025-08-25,0.869,1.165,1.628,2.636,3.119
2025-08-26,0.874,1.166,1.631,2.627,3.11
2025-08-27,0.869,1.17,1.637,2.64,3.134
2025-08-28,0.871,1.167,1.628,2.618,3.122
2025-08-29,0.871,1.162,1.613,2.596,3.096
2025-09-01,0.88,1.178,1.633,2.622,3.102
2025-09-02,0.87,1.157,1.615,2.615,3.111
2025-09-03,0.87,1.169,1.643,2.666,3.17
2025-09-04,0.855,1.15,1.617,2.651,3.158
2025-09-05,0.841,1.119,1.59,2.63,3.128
2025-09-08,0.831,1.111,1.586,2.661,3.167
2025-09-09,0.842,1.11,1.58,2.644,3.147
2025-09-10,0.857,1.125,1.585,2.631,3.123
2025-09-11,0.862,1.134,1.594,2.639,3.115
2025-09-12,0.873,1.156,1.613,2.634,3.103
2025-09-16,0.884,1.171,1.623,2.66,3.132
2025-09-17,0.883,1.161,1.611,2.63,3.108
2025-09-18,0.888,1.17,1.615,2.622,3.093
2025-09-19,0.918,1.214,1.655,2.625,3.072
2025-09-22,0.935,1.244,1.669,2.64,3.094
2025-09-24,0.932,1.239,1.655,2.619,3.074
2025-09-25,0.936,1.25,1.659,2.599,3.054
2025-09-26,0.931,1.245,1.669,2.624,3.084
2025-09-29,0.931,1.241,1.657,2.595,3.05
2025-09-30,0.958,1.244,1.662,2.607,3.067
2025-10-01,0.954,1.248,1.663,2.614,3.074
2025-10-02,0.955,1.257,1.675,2.622,3.087
2025-10-03,0.945,1.241,1.667,2.614,3.072
2025-10-06,0.899,1.217,1.677,2.681,3.175
2025-10-07,0.909,1.23,1.682,2.677,3.177
2025-10-08,0.93,1.252,1.701,2.688,3.164
2025-10-09,0.93,1.243,1.697,2.7,3.18
2025-10-10,0.925,1.231,1.697,2.693,3.187
2025-10-14,0.895,1.195,1.67,2.703,3.218
2025-10-15,0.9,1.199,1.662,2.684,3.175
2025-10-16,0.92,1.214,1.663,2.663,3.134
2025-10-17,0.909,1.199,1.638,2.651,3.134
2025-10-20,0.95,1.248,1.676,2.655,3.129
2025-10-21,0.94,1.233,1.667,2.652,3.138
2025-10-22,0.929,1.225,1.663,2.647,3.13
2025-10-23,0.933,1.229,1.667,2.63,3.101
2025-10-24,0.932,1.229,1.667,2.618,3.081
2025-10-27,0.943,1.242,1.683,2.627,3.097
2025-10-28,0.94,1.226,1.654,2.602,3.083
2025-10-29,0.943,1.237,1.664,2.597,3.072
2025-10-30,0.929,1.222,1.66,2.594,3.063
2025-10-31,0.928,1.235,1.67,2.605,3.068
2025-11-04,0.945,1.253,1.684,2.637,3.105
2025-11-05,0.93,1.234,1.676,2.624,3.101
2025-11-06,0.941,1.253,1.694,2.633,3.105
2025-11-07,0.941,1.257,1.688,2.642,3.117
2025-11-10,0.948,1.272,1.712,2.667,3.141
2025-11-11,0.937,1.258,1.704,2.688,3.177
2025-11-12,0.942,1.258,1.7,2.702,3.189
2025-11-13,0.932,1.254,1.705,2.706,3.188
2025-11-14,0.932,1.259,1.714,2.723,3.205
2025-11-17,0.938,1.27,1.745,2.746,3.241
2025-11-18,0.928,1.265,1.759,2.782,3.285
2025-11-19,0.934,1.275,1.779,2.81,3.308
2025-11-20,0.965,1.335,1.824,2.839,3.334
2025-11-21,0.959,1.324,1.792,2.794,3.291
2025-11-25,0.975,1.344,1.811,2.814,3.302
2025-11-26,0.985,1.349,1.825,2.815,3.294
2025-11-27,0.977,1.332,1.807,2.811,3.297
2025-11-28,0.992,1.326,1.812,2.819,3.3
2025-12-01,1.02,1.397,1.881,2.874,3.343
2025-12-02,1.005,1.382,1.864,2.862,3.331
2025-12-03,1.016,1.4,1.897,2.891,3.367
2025-12-04,1.021,1.425,1.939,2.902,3.343
2025-12-05,1.052,1.45,1.951,2.894,3.315
2025-12-08,1.063,1.462,1.966,2.92,3.338
2025-12-09,1.069,1.457,1.962,2.917,3.334
2025-12-10,1.074,1.462,1.958,2.918,3.346
2025-12-11,1.054,1.439,1.933,2.89,3.334
2025-12-12,1.07,1.456,1.956,2.894,3.309
2025-12-15,1.071,1.452,1.961,2.904,3.32
2025-12-16,1.067,1.452,1.957,2.892,3.307
2025-12-17,1.077,1.462,1.98,2.9,3.311
2025-12-18,1.073,1.454,1.972,2.91,3.33
2025-12-19,1.101,1.506,2.021,2.94,3.362
2025-12-22,1.129,1.558,2.073,2.965,3.374
2025-12-23,1.111,1.515,2.039,2.951,3.371
2025-12-24,1.111,1.515,2.044,2.954,3.371
2025-12-25,1.147,1.544,2.042,2.941,3.349
2025-12-26,1.141,1.539,2.039,2.932,3.335
2025-12-29,1.15,1.549,2.052,2.963,3.371
2025-12-30,1.167,1.567,2.066,2.952,3.354
2026-01-05,1.194,1.62,2.111,3.002,3.393
2026-01-06,1.185,1.615,2.123,3.029,3.42
2026-01-07,1.17,1.605,2.124,3.041,3.428
2026-01-08,1.129,1.554,2.083,3.028,3.435
2026-01-09,1.151,1.58,2.096,3.013,3.399
2026-01-13,1.164,1.626,2.163,3.081,3.462
2026-01-14,1.186,1.647,2.182,3.099,3.486
2026-01-15,1.19,1.636,2.164,3.078,3.454
2026-01-16,1.205,1.647,2.182,3.092,3.462
2026-01-19,1.23,1.691,2.266,3.174,3.562
2026-01-20,1.22,1.703,2.33,3.325,3.765
2026-01-21,1.235,1.687,2.28,3.25,3.647
2026-01-22,1.224,1.668,2.239,3.202,3.604
2026-01-23,1.262,1.696,2.253,3.198,3.585
2026-01-26,1.277,1.692,2.236,3.178,3.568
2026-01-27,1.284,1.717,2.281,3.207,3.599
2026-01-28,1.257,1.672,2.237,3.182,3.579
2026-01-29,1.264,1.684,2.252,3.174,3.566
2026-01-30,1.251,1.666,2.247,3.186,3.577
2026-02-02,1.265,1.659,2.235,3.187,3.583
2026-02-03,1.286,1.693,2.258,3.19,3.58
2026-02-04,1.276,1.687,2.249,3.19,3.579
2026-02-05,1.276,1.693,2.231,3.154,3.525
2026-02-06,1.281,1.697,2.236,3.15,3.513
2026-02-09,1.313,1.751,2.289,3.177,3.52
2026-02-10,1.303,1.712,2.241,3.129,3.468
2026-02-12,1.305,1.713,2.238,3.091,3.413
2026-02-13,1.289,1.692,2.218,3.079,3.422
2026-02-16,1.275,1.685,2.22,3.109,3.461
2026-02-17,1.233,1.63,2.143,3.016,3.382
2026-02-18,1.242,1.634,2.152,3.016,3.371
2026-02-19,1.265,1.646,2.157,3.003,3.34
2026-02-20,1.26,1.622,2.125,2.965,3.323
2026-02-24,1.251,1.612,2.119,2.94,3.295
2026-02-25,1.224,1.601,2.154,3.007,3.38
2026-02-26,1.246,1.625,2.168,3.012,3.366
2026-02-27,1.25,1.594,2.132,2.979,3.342
2026-03-02,1.219,1.552,2.087,2.941,3.293
2026-03-03,1.25,1.611,2.148,3.004,3.337
2026-03-04,1.235,1.597,2.134,3.008,3.353
2026-03-05,1.256,1.641,2.175,3.026,3.374
2026-03-06,1.246,1.637,2.18,3.042,3.384
2026-03-09,1.242,1.644,2.205,3.09,3.44
2026-03-10,1.258,1.648,2.199,3.069,3.412
2026-03-11,1.253,1.633,2.178,3.069,3.421
2026-03-12,1.263,1.646,2.201,3.095,3.451
2026-03-13,1.289,1.7,2.255,3.133,3.479
2026-03-16,1.287,1.709,2.288,3.167,3.515
2026-03-17,1.28,1.7,2.279,3.155,3.514
2026-03-18,1.261,1.663,2.231,3.113,3.462
2026-03-19,1.277,1.691,2.273,3.146,3.491
2026-03-23,1.311,1.746,2.322,3.188,3.522
2026-03-24,1.311,1.731,2.282,3.161,3.509
2026-03-25,1.317,1.74,2.267,3.136,3.479
2026-03-26,1.348,1.761,2.286,3.148,3.489
2026-03-27,1.393,1.836,2.38,3.268,3.629
2026-03-30,1.369,1.804,2.368,3.307,3.698
2026-03-31,1.375,1.804,2.366,3.284,3.64
2026-04-01,1.349,1.755,2.315,3.213,3.564
2026-04-02,1.39,1.823,2.395,3.271,3.614
2026-04-03,1.391,1.818,2.386,3.271,3.611
2026-04-06,1.402,1.85,2.429,3.326,3.672
2026-04-07,1.387,1.831,2.411,3.326,3.667
2026-04-08,1.382,1.812,2.374,3.272,3.615
2026-04-09,1.394,1.831,2.397,3.289,3.619
2026-04-10,1.405,1.866,2.439,3.326,3.638
2026-04-13,1.401,1.876,2.467,3.377,3.698
2026-04-14,1.382,1.842,2.423,3.296,3.633
2026-04-15,1.382,1.838,2.414,3.271,3.606
2026-04-16,1.366,1.83,2.409,3.282,3.623
2026-04-17,1.372,1.843,2.428,3.292,3.622
2026-04-20,1.369,1.825,2.405,3.263,3.586
2026-04-21,1.359,1.816,2.392,3.251,3.581
2026-04-22,1.362,1.832,2.406,3.268,3.597
2026-04-23,1.365,1.845,2.429,3.297,3.63
2026-04-24,1.363,1.842,2.443,3.318,3.66
2026-04-27,1.375,1.862,2.477,3.348,3.675
